season,week,transaction_id,related_transaction_id,transaction_type,status,espn_team_id,bid_amount,item_type,player_id,player_name,from_team_id,to_team_id,date
2019,1,9a0e073c-2623-4bbc-a635-190c10a206fb,,FREEAGENT,EXECUTED,5,0,ADD,10475.0,Greg Olsen,0.0,5.0,2019-09-07
2019,1,91aaa9b2-f92d-4d93-b2b5-9e6ecbaae603,,FREEAGENT,EXECUTED,2,0,ADD,15349.0,Cole Beasley,0.0,2.0,2019-09-05
2019,1,4672ad6b-882e-4752-829c-a286295a84c5,,FREEAGENT,EXECUTED,12,0,ADD,15826.0,Giovani Bernard,0.0,12.0,2019-09-05
2019,1,4672ad6b-882e-4752-829c-a286295a84c5,,FREEAGENT,EXECUTED,12,0,DROP,3050487.0,Anthony Miller,12.0,0.0,2019-09-05
2019,1,534fd7eb-505d-44d5-af19-265204e0459f,,FREEAGENT,EXECUTED,5,0,ADD,-16002.0,Bills D/ST,0.0,5.0,2019-09-05
2019,1,534fd7eb-505d-44d5-af19-265204e0459f,,FREEAGENT,EXECUTED,5,0,DROP,5529.0,Philip Rivers,5.0,0.0,2019-09-05
2019,1,76e51d37-3c0b-46b2-aa5c-b0af19864313,,TRADE_PROPOSAL,PENDING,10,0,TRADE,13934.0,Antonio Brown,9.0,10.0,2019-09-05
2019,1,76e51d37-3c0b-46b2-aa5c-b0af19864313,,TRADE_PROPOSAL,PENDING,10,0,TRADE,3116136.0,Justin Jackson,10.0,9.0,2019-09-05
2019,1,76e51d37-3c0b-46b2-aa5c-b0af19864313,,TRADE_PROPOSAL,PENDING,10,0,TRADE,3052876.0,Will Fuller V,10.0,9.0,2019-09-05
2019,1,78f08485-1c6c-49bf-808a-641fe6af21be,670929e0-0bcb-413e-9f69-ab8ce2914991,WAIVER,EXECUTED,6,1,ADD,-16020.0,Jets D/ST,0.0,6.0,2019-09-03
2019,1,78f08485-1c6c-49bf-808a-641fe6af21be,670929e0-0bcb-413e-9f69-ab8ce2914991,WAIVER,EXECUTED,6,1,DROP,2578570.0,Jacoby Brissett,6.0,0.0,2019-09-03
2019,1,c17cc77e-f3a3-4b9b-96e9-bb902d798462,76e51d37-3c0b-46b2-aa5c-b0af19864313,TRADE_PROPOSAL,CANCELED,10,0,TRADE,13934.0,Antonio Brown,9.0,10.0,2019-09-07
2019,1,c17cc77e-f3a3-4b9b-96e9-bb902d798462,76e51d37-3c0b-46b2-aa5c-b0af19864313,TRADE_PROPOSAL,CANCELED,10,0,TRADE,3116136.0,Justin Jackson,10.0,9.0,2019-09-07
2019,1,c17cc77e-f3a3-4b9b-96e9-bb902d798462,76e51d37-3c0b-46b2-aa5c-b0af19864313,TRADE_PROPOSAL,CANCELED,10,0,TRADE,3052876.0,Will Fuller V,10.0,9.0,2019-09-07
2019,2,229d9b50-4d64-497c-8609-d509d8de2092,3a62a2db-58d1-481f-a5d9-b43aba13dcc8,WAIVER,FAILED_INVALIDPLAYERSOURCE,10,12,ADD,4036133.0,T.J. Hockenson,0.0,10.0,2019-09-11
2019,2,229d9b50-4d64-497c-8609-d509d8de2092,3a62a2db-58d1-481f-a5d9-b43aba13dcc8,WAIVER,FAILED_INVALIDPLAYERSOURCE,10,12,DROP,2576491.0,Adam Humphries,10.0,0.0,2019-09-11
2019,2,44aeb423-4ad4-4b37-8683-3101898faf2a,,FREEAGENT,EXECUTED,5,0,ADD,11122.0,Matt Prater,0.0,5.0,2019-09-11
2019,2,44aeb423-4ad4-4b37-8683-3101898faf2a,,FREEAGENT,EXECUTED,5,0,DROP,3124679.0,Jason Sanders,5.0,0.0,2019-09-11
2019,2,eb0b0677-6b73-4cc4-b7a7-e12a76293ea6,,WAIVER,PENDING,10,13,ADD,2570986.0,Malcolm Brown,0.0,10.0,2019-09-10
2019,2,eb0b0677-6b73-4cc4-b7a7-e12a76293ea6,,WAIVER,PENDING,10,13,DROP,3127306.0,Dante Pettis,10.0,0.0,2019-09-10
2019,2,a417866e-17db-44e8-916f-53db9b52d61d,78214ea2-227f-43b5-a955-cad94388f1fb,WAIVER,FAILED_INVALIDPLAYERSOURCE,12,3,ADD,3121422.0,Terry McLaurin,0.0,12.0,2019-09-11
2019,2,8ef82bbb-9c8e-4039-853e-bae2ec005e78,f92f4dae-153d-46b4-a160-d2cb0f29eede,WAIVER,EXECUTED,13,26,ADD,4036133.0,T.J. Hockenson,0.0,13.0,2019-09-11
2019,2,8ef82bbb-9c8e-4039-853e-bae2ec005e78,f92f4dae-153d-46b4-a160-d2cb0f29eede,WAIVER,EXECUTED,13,26,DROP,16732.0,Eric Ebron,13.0,0.0,2019-09-11
2019,2,21e4ab54-594c-4014-be0b-1040eb62f05a,8be945e3-2db0-4a80-8c7d-7f2dc51f0a01,WAIVER,EXECUTED,12,20,ADD,10452.0,Adrian Peterson,0.0,12.0,2019-09-11
2019,2,21e4ab54-594c-4014-be0b-1040eb62f05a,8be945e3-2db0-4a80-8c7d-7f2dc51f0a01,WAIVER,EXECUTED,12,20,DROP,2969939.0,Jameis Winston,12.0,0.0,2019-09-11
2019,2,dd0268fe-67ba-4a41-9d3b-19034b040c28,7ebd46fd-3932-441b-b540-d476faddc464,WAIVER,EXECUTED,13,11,ADD,15966.0,Chris Thompson,0.0,13.0,2019-09-11
2019,2,dd0268fe-67ba-4a41-9d3b-19034b040c28,7ebd46fd-3932-441b-b540-d476faddc464,WAIVER,EXECUTED,13,11,DROP,3119195.0,Chase Edmonds,13.0,0.0,2019-09-11
2019,2,88558555-92d6-4f14-8a72-0d87fd001e8c,,ROSTER,EXECUTED,5,0,DROP,15860.0,Jordan Reed,5.0,0.0,2019-09-11
2019,2,55caf6bd-02d9-4bba-81a0-f9d805ab92cc,b5db7647-0046-43d2-be19-201611fcc9f4,WAIVER,EXECUTED,6,7,ADD,3912550.0,Ronald Jones II,0.0,6.0,2019-09-11
2019,2,55caf6bd-02d9-4bba-81a0-f9d805ab92cc,b5db7647-0046-43d2-be19-201611fcc9f4,WAIVER,EXECUTED,6,7,DROP,8479.0,Frank Gore,6.0,0.0,2019-09-11
2019,2,152acf87-0f67-44b5-a1ba-f2ae6df79ec0,,FREEAGENT,EXECUTED,7,0,ADD,17427.0,Cairo Santos,0.0,7.0,2019-09-15
2019,2,152acf87-0f67-44b5-a1ba-f2ae6df79ec0,,FREEAGENT,EXECUTED,7,0,DROP,14198.0,Dion Lewis,7.0,0.0,2019-09-15
2019,2,b4517d61-2cf3-4660-8781-a34acd67166b,,FREEAGENT,EXECUTED,5,0,ADD,2578533.0,Chris Conley,0.0,5.0,2019-09-12
2019,2,b4517d61-2cf3-4660-8781-a34acd67166b,,FREEAGENT,EXECUTED,5,0,DROP,3128774.0,Kalen Ballage,5.0,0.0,2019-09-12
2019,2,394914d7-1636-4994-8db1-2db286070917,,FREEAGENT,EXECUTED,12,0,ADD,16757.0,Derek Carr,0.0,12.0,2019-09-12
2019,2,3a62a2db-58d1-481f-a5d9-b43aba13dcc8,,WAIVER,PENDING,10,14,ADD,4036133.0,T.J. Hockenson,0.0,10.0,2019-09-10
2019,2,3a62a2db-58d1-481f-a5d9-b43aba13dcc8,,WAIVER,PENDING,10,14,DROP,2576491.0,Adam Humphries,10.0,0.0,2019-09-10
2019,2,31d13248-fa8d-4437-86a9-954fea30c3d1,b9d17dad-6d92-4192-b43e-40b903f572d4,WAIVER,FAILED_INVALIDPLAYERSOURCE,7,8,ADD,4036133.0,T.J. Hockenson,0.0,7.0,2019-09-11
2019,2,31d13248-fa8d-4437-86a9-954fea30c3d1,b9d17dad-6d92-4192-b43e-40b903f572d4,WAIVER,FAILED_INVALIDPLAYERSOURCE,7,8,DROP,4333.0,Matt Bryant,7.0,0.0,2019-09-11
2019,2,0bb5753d-e0ac-436f-9e3c-3d4da71e6da5,ca12b384-6387-44ca-ba98-551c6bca777a,WAIVER,EXECUTED,12,1,ADD,-16034.0,Texans D/ST,0.0,12.0,2019-09-11
2019,2,0bb5753d-e0ac-436f-9e3c-3d4da71e6da5,ca12b384-6387-44ca-ba98-551c6bca777a,WAIVER,EXECUTED,12,1,DROP,-16005.0,Browns D/ST,12.0,0.0,2019-09-11
2019,2,be1950ca-edfa-423a-b98d-6237a42b4999,01e202bb-ef90-4edd-9c2d-ca95fd489218,WAIVER,FAILED_INVALIDPLAYERSOURCE,7,8,ADD,15966.0,Chris Thompson,0.0,7.0,2019-09-11
2019,2,be1950ca-edfa-423a-b98d-6237a42b4999,01e202bb-ef90-4edd-9c2d-ca95fd489218,WAIVER,FAILED_INVALIDPLAYERSOURCE,7,8,DROP,4333.0,Matt Bryant,7.0,0.0,2019-09-11
2019,2,5e77cd3e-21a3-49c8-b929-ce9cc642959e,20ff18e5-7086-42e3-a411-efd80adb690c,WAIVER,FAILED_PLAYERALREADYDROPPED,8,12,ADD,4035004.0,Mecole Hardman,0.0,8.0,2019-09-11
2019,2,5e77cd3e-21a3-49c8-b929-ce9cc642959e,20ff18e5-7086-42e3-a411-efd80adb690c,WAIVER,FAILED_PLAYERALREADYDROPPED,8,12,DROP,4361606.0,Darwin Thompson,8.0,0.0,2019-09-11
2019,2,012f34bd-43a0-4bbb-9dd1-89e3dc9f5484,0fcd179c-e8c7-497a-b137-ffb6229ee2d2,WAIVER,CANCELED,8,0,ADD,3843750.0,Derrius Guice,0.0,8.0,2019-09-12
2019,2,012f34bd-43a0-4bbb-9dd1-89e3dc9f5484,0fcd179c-e8c7-497a-b137-ffb6229ee2d2,WAIVER,CANCELED,8,0,DROP,4038441.0,Justice Hill,8.0,0.0,2019-09-12
2019,2,85149228-0520-49ef-84d6-9c529bd27da6,,WAIVER,PENDING,10,8,ADD,3121422.0,Terry McLaurin,0.0,10.0,2019-09-10
2019,2,85149228-0520-49ef-84d6-9c529bd27da6,,WAIVER,PENDING,10,8,DROP,-16007.0,Broncos D/ST,10.0,0.0,2019-09-10
2019,2,06e1b08b-81b6-4b39-824b-5b45f59d1852,,FREEAGENT,EXECUTED,1,0,ADD,3051909.0,Daniel Carlson,0.0,1.0,2019-09-13
2019,2,06e1b08b-81b6-4b39-824b-5b45f59d1852,,FREEAGENT,EXECUTED,1,0,DROP,3123052.0,Michael Badgley,1.0,0.0,2019-09-13
2019,2,57264d2d-9cb9-46fb-a85e-cb865c4388fa,,FREEAGENT,EXECUTED,7,0,ADD,2577134.0,Ty Montgomery,0.0,7.0,2019-09-12
2019,2,57264d2d-9cb9-46fb-a85e-cb865c4388fa,,FREEAGENT,EXECUTED,7,0,DROP,4333.0,Matt Bryant,7.0,0.0,2019-09-12
2019,2,4ab1bd11-7db4-4626-bb98-dd1f06bfc225,,FREEAGENT,EXECUTED,5,0,ADD,10453.0,Ted Ginn Jr.,0.0,5.0,2019-09-11
2019,2,4ab1bd11-7db4-4626-bb98-dd1f06bfc225,,FREEAGENT,EXECUTED,5,0,DROP,10475.0,Greg Olsen,5.0,0.0,2019-09-11
2019,2,9c5fde82-6a21-4a1b-be99-921eceef4074,62eddf39-9f11-4c38-8921-cd3a75d429c6,WAIVER,CANCELED,12,0,ADD,10452.0,Adrian Peterson,0.0,12.0,2019-09-10
2019,2,9c5fde82-6a21-4a1b-be99-921eceef4074,62eddf39-9f11-4c38-8921-cd3a75d429c6,WAIVER,CANCELED,12,0,DROP,16974.0,Trey Burton,12.0,0.0,2019-09-10
2019,2,10d081e8-d113-4112-83c4-b5691179e379,dd638fa2-dc16-481d-8a80-115fc3c6c242,WAIVER,FAILED_INVALIDPLAYERSOURCE,7,18,ADD,10452.0,Adrian Peterson,0.0,7.0,2019-09-11
2019,2,10d081e8-d113-4112-83c4-b5691179e379,dd638fa2-dc16-481d-8a80-115fc3c6c242,WAIVER,FAILED_INVALIDPLAYERSOURCE,7,18,DROP,14198.0,Dion Lewis,7.0,0.0,2019-09-11
2019,2,e7407631-cb03-45a8-a2fe-202064f99ac9,eb0b0677-6b73-4cc4-b7a7-e12a76293ea6,WAIVER,EXECUTED,10,13,ADD,2570986.0,Malcolm Brown,0.0,10.0,2019-09-11
2019,2,e7407631-cb03-45a8-a2fe-202064f99ac9,eb0b0677-6b73-4cc4-b7a7-e12a76293ea6,WAIVER,EXECUTED,10,13,DROP,3127306.0,Dante Pettis,10.0,0.0,2019-09-11
2019,2,e86d0cc1-1fd0-418a-952b-7e03ff76e885,3d954cc7-9772-47a3-8fd9-cfa6b568b7c5,WAIVER,FAILED_INVALIDPLAYERSOURCE,5,10,ADD,3052177.0,John Ross III,0.0,5.0,2019-09-11
2019,2,e86d0cc1-1fd0-418a-952b-7e03ff76e885,3d954cc7-9772-47a3-8fd9-cfa6b568b7c5,WAIVER,FAILED_INVALIDPLAYERSOURCE,5,10,DROP,3128774.0,Kalen Ballage,5.0,0.0,2019-09-11
2019,2,6c1aa347-68a9-49d0-9455-7a13e7226b69,,FREEAGENT,EXECUTED,12,0,ADD,3918298.0,Josh Allen,0.0,12.0,2019-09-12
2019,2,6c1aa347-68a9-49d0-9455-7a13e7226b69,,FREEAGENT,EXECUTED,12,0,DROP,16757.0,Derek Carr,12.0,0.0,2019-09-12
2019,2,50fd8577-b4ae-478a-bdbe-933b3ce88328,c95b81c6-cc4b-4df5-afb1-94d5f4e9e2a4,WAIVER,FAILED_INVALIDPLAYERSOURCE,10,3,ADD,3912550.0,Ronald Jones II,0.0,10.0,2019-09-11
2019,2,50fd8577-b4ae-478a-bdbe-933b3ce88328,c95b81c6-cc4b-4df5-afb1-94d5f4e9e2a4,WAIVER,FAILED_INVALIDPLAYERSOURCE,10,3,DROP,3050478.0,Jake Elliott,10.0,0.0,2019-09-11
2019,2,6edd132a-048a-4eb6-b1f3-d853ba329245,,FREEAGENT,EXECUTED,12,0,ADD,3115394.0,DJ Chark Jr.,0.0,12.0,2019-09-12
2019,2,6edd132a-048a-4eb6-b1f3-d853ba329245,,FREEAGENT,EXECUTED,12,0,DROP,3060022.0,Jordan Howard,12.0,0.0,2019-09-12
2019,2,ab1fc1a8-c228-46fe-babe-335a8b56108c,,FREEAGENT,EXECUTED,5,0,ADD,16793.0,Cody Latimer,0.0,5.0,2019-09-13
2019,2,384f89c5-ed82-4d64-b83d-07af40c703e8,a1b365ad-511d-47fd-9915-3a20837382eb,WAIVER,EXECUTED,5,1,ADD,3060022.0,Jordan Howard,0.0,5.0,2019-09-14
2019,2,384f89c5-ed82-4d64-b83d-07af40c703e8,a1b365ad-511d-47fd-9915-3a20837382eb,WAIVER,EXECUTED,5,1,DROP,2578533.0,Chris Conley,5.0,0.0,2019-09-14
2019,2,92585e87-0285-41b1-85f5-679d3773d56b,85149228-0520-49ef-84d6-9c529bd27da6,WAIVER,FAILED_INVALIDPLAYERSOURCE,10,8,ADD,3121422.0,Terry McLaurin,0.0,10.0,2019-09-11
2019,2,92585e87-0285-41b1-85f5-679d3773d56b,85149228-0520-49ef-84d6-9c529bd27da6,WAIVER,FAILED_INVALIDPLAYERSOURCE,10,8,DROP,-16007.0,Broncos D/ST,10.0,0.0,2019-09-11
2019,2,435a4b09-c567-4be2-be94-1cca277e5562,,FREEAGENT,EXECUTED,13,0,ADD,3043234.0,Zane Gonzalez,0.0,13.0,2019-09-11
2019,2,435a4b09-c567-4be2-be94-1cca277e5562,,FREEAGENT,EXECUTED,13,0,DROP,3843750.0,Derrius Guice,13.0,0.0,2019-09-11
2019,2,98ac4c67-15a6-4853-a8e3-b42acd27e097,be0ba7dc-19e6-4dd7-a191-a9ede191b943,WAIVER,EXECUTED,2,1,ADD,5529.0,Philip Rivers,0.0,2.0,2019-09-11
2019,2,98ac4c67-15a6-4853-a8e3-b42acd27e097,be0ba7dc-19e6-4dd7-a191-a9ede191b943,WAIVER,EXECUTED,2,1,DROP,3039707.0,Mitchell Trubisky,2.0,0.0,2019-09-11
2019,2,db1a53da-292a-4ae7-8d85-46a3544748d3,872cc09d-673d-45a5-9dc0-71f83e7c48e0,WAIVER,EXECUTED,7,15,ADD,3052177.0,John Ross III,0.0,7.0,2019-09-11
2019,2,db1a53da-292a-4ae7-8d85-46a3544748d3,872cc09d-673d-45a5-9dc0-71f83e7c48e0,WAIVER,EXECUTED,7,15,DROP,3115913.0,Geronimo Allison,7.0,0.0,2019-09-11
2019,2,f176a4e1-e7cc-404c-a3de-7fdb308109d6,bedf6c46-46b0-4319-9441-6a93a3778975,WAIVER,EXECUTED,13,6,ADD,4035004.0,Mecole Hardman,0.0,13.0,2019-09-11
2019,2,f176a4e1-e7cc-404c-a3de-7fdb308109d6,bedf6c46-46b0-4319-9441-6a93a3778975,WAIVER,EXECUTED,13,6,DROP,16486.0,Brett Maher,13.0,0.0,2019-09-11
2019,2,9802d21e-d6ab-44ff-9cd1-c9ceb68cf3fd,caf1641e-cdf8-4a67-b984-16a0bd349306,WAIVER,EXECUTED,8,23,ADD,3121422.0,Terry McLaurin,0.0,8.0,2019-09-11
2019,2,9802d21e-d6ab-44ff-9cd1-c9ceb68cf3fd,caf1641e-cdf8-4a67-b984-16a0bd349306,WAIVER,EXECUTED,8,23,DROP,4361606.0,Darwin Thompson,8.0,0.0,2019-09-11
2019,2,c481cac4-ddb1-494a-a0d7-912fe07f0f97,,FREEAGENT,EXECUTED,1,0,ADD,13232.0,Jimmy Graham,0.0,1.0,2019-09-13
2019,2,c481cac4-ddb1-494a-a0d7-912fe07f0f97,,FREEAGENT,EXECUTED,1,0,DROP,3057987.0,DaeSean Hamilton,1.0,0.0,2019-09-13
2019,2,c95b81c6-cc4b-4df5-afb1-94d5f4e9e2a4,,WAIVER,PENDING,10,3,ADD,3912550.0,Ronald Jones II,0.0,10.0,2019-09-10
2019,2,c95b81c6-cc4b-4df5-afb1-94d5f4e9e2a4,,WAIVER,PENDING,10,3,DROP,3050478.0,Jake Elliott,10.0,0.0,2019-09-10
2019,3,8e4f318c-6b55-42fe-9b45-0adcc1d52e3b,263742fc-5110-4f0d-b09c-be42ec01984d,WAIVER,FAILED_INVALIDPLAYERSOURCE,5,4,ADD,2971618.0,Nelson Agholor,0.0,5.0,2019-09-18
2019,3,8e4f318c-6b55-42fe-9b45-0adcc1d52e3b,263742fc-5110-4f0d-b09c-be42ec01984d,WAIVER,FAILED_INVALIDPLAYERSOURCE,5,4,DROP,3060022.0,Jordan Howard,5.0,0.0,2019-09-18
2019,3,d4a725b5-fabc-44b8-aa00-f1d59a0ed2c7,,FREEAGENT,EXECUTED,12,0,ADD,-16009.0,Packers D/ST,0.0,12.0,2019-09-18
2019,3,d4a725b5-fabc-44b8-aa00-f1d59a0ed2c7,,FREEAGENT,EXECUTED,12,0,DROP,-16034.0,Texans D/ST,12.0,0.0,2019-09-18
2019,3,6f86dfe9-d5a3-4233-9bbc-5fa0ee61f27f,7bd8264e-d2d0-434d-a244-54aafcd456e8,WAIVER,FAILED_INVALIDPLAYERSOURCE,12,1,ADD,3918298.0,Josh Allen,0.0,12.0,2019-09-19
2019,3,6f86dfe9-d5a3-4233-9bbc-5fa0ee61f27f,7bd8264e-d2d0-434d-a244-54aafcd456e8,WAIVER,FAILED_INVALIDPLAYERSOURCE,12,1,DROP,16974.0,Trey Burton,12.0,0.0,2019-09-19
2019,3,5a1a1294-27ab-45be-a833-19eac1511a22,a9400d55-eca8-45bc-9daa-8dabd88b22f1,WAIVER,EXECUTED,5,6,ADD,8479.0,Frank Gore,0.0,5.0,2019-09-18
2019,3,5a1a1294-27ab-45be-a833-19eac1511a22,a9400d55-eca8-45bc-9daa-8dabd88b22f1,WAIVER,EXECUTED,5,6,DROP,3060022.0,Jordan Howard,5.0,0.0,2019-09-18
2019,3,f7de5beb-6ba5-4d06-81dc-7248680c3f9f,c78bf4c0-4cc7-48ee-8c68-3d7ad252f43a,WAIVER,FAILED_INVALIDPLAYERSOURCE,2,5,ADD,10475.0,Greg Olsen,0.0,2.0,2019-09-18
2019,3,f7de5beb-6ba5-4d06-81dc-7248680c3f9f,c78bf4c0-4cc7-48ee-8c68-3d7ad252f43a,WAIVER,FAILED_INVALIDPLAYERSOURCE,2,5,DROP,3123076.0,David Njoku,2.0,0.0,2019-09-18
2019,3,0070e3cb-bb15-4ce2-b676-b7ca1f1c2ef7,,FREEAGENT,EXECUTED,12,0,ADD,14053.0,Randall Cobb,0.0,12.0,2019-09-18
2019,3,0070e3cb-bb15-4ce2-b676-b7ca1f1c2ef7,,FREEAGENT,EXECUTED,12,0,DROP,11283.0,DeSean Jackson,12.0,0.0,2019-09-18
2019,3,936480ce-7b86-48f9-8b2a-292753e6c4ff,57e495ee-0ddf-4760-8643-9a3d71298f08,TRADE_DECLINE,EXECUTED,4,0,,,,,,2019-09-18
2019,3,363f7d03-f6f2-45ee-86e4-6b9737ec3063,efa7646d-8f46-4137-a4e9-6bde57efd69b,WAIVER,FAILED_INVALIDPLAYERSOURCE,1,5,ADD,3043116.0,Demarcus Robinson,0.0,1.0,2019-09-18
2019,3,363f7d03-f6f2-45ee-86e4-6b9737ec3063,efa7646d-8f46-4137-a4e9-6bde57efd69b,WAIVER,FAILED_INVALIDPLAYERSOURCE,1,5,DROP,2576623.0,DeVante Parker,1.0,0.0,2019-09-18
2019,3,65dabacf-deed-48bc-b6d1-9918e04df25b,a058ebd5-fafc-4100-bb25-705ffd0b11b9,WAIVER,FAILED_INVALIDPLAYERSOURCE,7,6,ADD,8479.0,Frank Gore,0.0,7.0,2019-09-18
2019,3,65dabacf-deed-48bc-b6d1-9918e04df25b,a058ebd5-fafc-4100-bb25-705ffd0b11b9,WAIVER,FAILED_INVALIDPLAYERSOURCE,7,6,DROP,2577134.0,Ty Montgomery,7.0,0.0,2019-09-18
2019,3,de8ad050-5927-4f92-9b14-07345d828ab6,,FREEAGENT,EXECUTED,5,0,ADD,16486.0,Brett Maher,0.0,5.0,2019-09-18
2019,3,de8ad050-5927-4f92-9b14-07345d828ab6,,FREEAGENT,EXECUTED,5,0,DROP,11122.0,Matt Prater,5.0,0.0,2019-09-18
2019,3,311d4abf-e392-40ec-8618-80b91b414349,9d4a6d45-e2eb-43a5-bca9-6929fd53808f,WAIVER,FAILED_ROSTERLIMIT,3,1,ADD,16760.0,Jimmy Garoppolo,0.0,3.0,2019-09-18
2019,3,b3dade43-7a23-4758-b2c1-61bac6edb504,7475fc17-b101-411a-a085-8367439e7d32,WAIVER,EXECUTED,1,7,ADD,10475.0,Greg Olsen,0.0,1.0,2019-09-18
2019,3,b3dade43-7a23-4758-b2c1-61bac6edb504,7475fc17-b101-411a-a085-8367439e7d32,WAIVER,EXECUTED,1,7,DROP,13232.0,Jimmy Graham,1.0,0.0,2019-09-18
2019,3,1b9b4482-3985-4106-9db7-db42f91d2574,,ROSTER,EXECUTED,5,0,DROP,16793.0,Cody Latimer,5.0,0.0,2019-09-17
2019,3,d33aedf9-9e3b-45da-a369-22a1dcea15e3,57e495ee-0ddf-4760-8643-9a3d71298f08,TRADE_PROPOSAL,CANCELED,10,0,TRADE,2976316.0,Michael Thomas,4.0,10.0,2019-09-18
2019,3,d33aedf9-9e3b-45da-a369-22a1dcea15e3,57e495ee-0ddf-4760-8643-9a3d71298f08,TRADE_PROPOSAL,CANCELED,10,0,TRADE,2979477.0,Tevin Coleman,10.0,4.0,2019-09-18
2019,3,5f6aa23c-83ad-4b99-ae4c-670466434789,e98c7164-ada0-4204-9e05-437442c928a8,WAIVER,EXECUTED,7,15,ADD,3043116.0,Demarcus Robinson,0.0,7.0,2019-09-18
2019,3,5f6aa23c-83ad-4b99-ae4c-670466434789,e98c7164-ada0-4204-9e05-437442c928a8,WAIVER,EXECUTED,7,15,DROP,2577134.0,Ty Montgomery,7.0,0.0,2019-09-18
2019,3,42d5fd0a-a120-470b-9463-680132ff4b8a,,FREEAGENT,EXECUTED,5,0,ADD,4361606.0,Darwin Thompson,0.0,5.0,2019-09-20
2019,3,f678171f-64d3-4561-bec6-03b36777c381,,ROSTER,EXECUTED,3,0,DROP,5536.0,Ben Roethlisberger,3.0,0.0,2019-09-18
2019,3,0452bcb2-2aa3-41af-aec5-ad54d3ee4c06,,TRADE_PROPOSAL,PENDING,4,0,TRADE,3054850.0,Alvin Kamara,10.0,4.0,2019-09-18
2019,3,0452bcb2-2aa3-41af-aec5-ad54d3ee4c06,,TRADE_PROPOSAL,PENDING,4,0,TRADE,2972091.0,Jalen Richard,4.0,10.0,2019-09-18
2019,3,9d23c5f9-6838-4b82-8dd4-8bdc46a117dc,,FREEAGENT,EXECUTED,10,0,ADD,-16025.0,49ers D/ST,0.0,10.0,2019-09-18
2019,3,9d23c5f9-6838-4b82-8dd4-8bdc46a117dc,,FREEAGENT,EXECUTED,10,0,DROP,-16007.0,Broncos D/ST,10.0,0.0,2019-09-18
2019,3,cbe53647-0b3a-4f23-a05a-9d4a7764b4a7,,FREEAGENT,EXECUTED,5,0,ADD,3126486.0,Deebo Samuel,0.0,5.0,2019-09-18
2019,3,cbe53647-0b3a-4f23-a05a-9d4a7764b4a7,,FREEAGENT,EXECUTED,5,0,DROP,10453.0,Ted Ginn Jr.,5.0,0.0,2019-09-18
2019,3,0dfe32d6-8a14-4407-99cc-a5c947fc3b88,9a0528e8-6327-4815-ae61-1d7419d85ae0,WAIVER,FAILED_PLAYERALREADYDROPPED,7,1,ADD,-16010.0,Titans D/ST,0.0,7.0,2019-09-18
2019,3,0dfe32d6-8a14-4407-99cc-a5c947fc3b88,9a0528e8-6327-4815-ae61-1d7419d85ae0,WAIVER,FAILED_PLAYERALREADYDROPPED,7,1,DROP,17427.0,Cairo Santos,7.0,0.0,2019-09-18
2019,3,57e495ee-0ddf-4760-8643-9a3d71298f08,,TRADE_PROPOSAL,PENDING,10,0,TRADE,2976316.0,Michael Thomas,4.0,10.0,2019-09-18
2019,3,57e495ee-0ddf-4760-8643-9a3d71298f08,,TRADE_PROPOSAL,PENDING,10,0,TRADE,2979477.0,Tevin Coleman,10.0,4.0,2019-09-18
2019,3,ae6e1f1c-03fb-4bbb-9bcb-f490dbb3b020,5c7f67ee-5bb8-40d7-8abc-7a41585d7447,WAIVER,EXECUTED,3,1,ADD,2969939.0,Jameis Winston,0.0,3.0,2019-09-18
2019,3,1476b707-0135-4b91-a247-035f5e0cd5fc,070c5df4-65f2-4b6c-8c95-04edbff6e7c2,WAIVER,EXECUTED,7,7,ADD,-16006.0,Cowboys D/ST,0.0,7.0,2019-09-18
2019,3,1476b707-0135-4b91-a247-035f5e0cd5fc,070c5df4-65f2-4b6c-8c95-04edbff6e7c2,WAIVER,EXECUTED,7,7,DROP,17427.0,Cairo Santos,7.0,0.0,2019-09-18
2019,3,701446fe-835e-441e-b10d-488af529333d,,FREEAGENT,EXECUTED,8,0,ADD,3123969.0,Ito Smith,0.0,8.0,2019-09-18
2019,3,701446fe-835e-441e-b10d-488af529333d,,FREEAGENT,EXECUTED,8,0,DROP,4038441.0,Justice Hill,8.0,0.0,2019-09-18
2019,3,c0f44cc6-0f1a-4399-a9da-3c9d55355cec,13104233-69b8-4629-a84b-a22974b49ac2,TRADE_DECLINE,EXECUTED,12,0,,,,,,2019-09-20
2019,3,20ea6519-2338-47e1-b2a1-9db565c9bd24,,FREEAGENT,EXECUTED,9,0,ADD,16760.0,Jimmy Garoppolo,0.0,9.0,2019-09-19
2019,3,20ea6519-2338-47e1-b2a1-9db565c9bd24,,FREEAGENT,EXECUTED,9,0,DROP,13994.0,Cam Newton,9.0,0.0,2019-09-19
2019,3,0034d553-979c-4949-93ee-d6a8362555bd,c9ba79f8-2a8d-4d38-bd59-89a0a161c7b4,WAIVER,EXECUTED,12,5,ADD,2971618.0,Nelson Agholor,0.0,12.0,2019-09-18
2019,3,0034d553-979c-4949-93ee-d6a8362555bd,c9ba79f8-2a8d-4d38-bd59-89a0a161c7b4,WAIVER,EXECUTED,12,5,DROP,3918298.0,Josh Allen,12.0,0.0,2019-09-18
2019,3,3b54c58d-8fc8-465f-89cd-594738a5ddb2,,FREEAGENT,EXECUTED,7,0,ADD,10636.0,Mason Crosby,0.0,7.0,2019-09-21
2019,3,3b54c58d-8fc8-465f-89cd-594738a5ddb2,,FREEAGENT,EXECUTED,7,0,DROP,15072.0,Marvin Jones Jr.,7.0,0.0,2019-09-21
2019,3,23bc6b4a-bbd3-40df-b274-02bc6b405194,0452bcb2-2aa3-41af-aec5-ad54d3ee4c06,TRADE_DECLINE,EXECUTED,10,0,,,,,,2019-09-18
2019,3,9170176d-c6ef-4860-80d2-b6a72ff8700e,,FREEAGENT,EXECUTED,6,0,ADD,15971.0,Rex Burkhead,0.0,6.0,2019-09-22
2019,3,9170176d-c6ef-4860-80d2-b6a72ff8700e,,FREEAGENT,EXECUTED,6,0,DROP,16791.0,Donte Moncrief,6.0,0.0,2019-09-22
2019,3,56adbf79-daac-4a08-8de4-de7aa2778702,f0705eb5-4239-42ee-9085-8f16b89357e0,WAIVER,FAILED_INVALIDPLAYERSOURCE,12,1,ADD,10475.0,Greg Olsen,0.0,12.0,2019-09-18
2019,3,56adbf79-daac-4a08-8de4-de7aa2778702,f0705eb5-4239-42ee-9085-8f16b89357e0,WAIVER,FAILED_INVALIDPLAYERSOURCE,12,1,DROP,16974.0,Trey Burton,12.0,0.0,2019-09-18
2019,3,3015b26e-7f60-4fd6-a629-570a81191881,,FREEAGENT,EXECUTED,2,0,ADD,-16010.0,Titans D/ST,0.0,2.0,2019-09-18
2019,3,3015b26e-7f60-4fd6-a629-570a81191881,,FREEAGENT,EXECUTED,2,0,DROP,15349.0,Cole Beasley,2.0,0.0,2019-09-18
2019,3,6cd68cf2-f84f-4428-9625-8dde7d1cc49d,0452bcb2-2aa3-41af-aec5-ad54d3ee4c06,TRADE_PROPOSAL,CANCELED,4,0,TRADE,3054850.0,Alvin Kamara,10.0,4.0,2019-09-18
2019,3,6cd68cf2-f84f-4428-9625-8dde7d1cc49d,0452bcb2-2aa3-41af-aec5-ad54d3ee4c06,TRADE_PROPOSAL,CANCELED,4,0,TRADE,2972091.0,Jalen Richard,4.0,10.0,2019-09-18
2019,3,b3d30c0f-3445-46fb-8065-58edff54c94d,8c00a362-1661-4d90-b2d1-978591682dda,WAIVER,EXECUTED,7,2,ADD,3918298.0,Josh Allen,0.0,7.0,2019-09-19
2019,3,b3d30c0f-3445-46fb-8065-58edff54c94d,8c00a362-1661-4d90-b2d1-978591682dda,WAIVER,EXECUTED,7,2,DROP,-16033.0,Ravens D/ST,7.0,0.0,2019-09-19
2019,3,fd8a45b4-256d-4642-8077-25b2403749e6,,WAIVER,PENDING,10,8,ADD,2578533.0,Chris Conley,0.0,10.0,2019-09-17
2019,3,fd8a45b4-256d-4642-8077-25b2403749e6,,WAIVER,PENDING,10,8,DROP,2576491.0,Adam Humphries,10.0,0.0,2019-09-17
2019,3,1e7a1d46-0177-46e6-8c59-1027fa8acfbe,fd8a45b4-256d-4642-8077-25b2403749e6,WAIVER,EXECUTED,10,8,ADD,2578533.0,Chris Conley,0.0,10.0,2019-09-18
2019,3,1e7a1d46-0177-46e6-8c59-1027fa8acfbe,fd8a45b4-256d-4642-8077-25b2403749e6,WAIVER,EXECUTED,10,8,DROP,2576491.0,Adam Humphries,10.0,0.0,2019-09-18
2019,3,81aeffba-0846-49d0-84e8-403357d43f29,41de07f6-7279-48fa-810d-14616f084da6,WAIVER,FAILED_INVALIDPLAYERSOURCE,5,10,ADD,3043116.0,Demarcus Robinson,0.0,5.0,2019-09-18
2019,3,81aeffba-0846-49d0-84e8-403357d43f29,41de07f6-7279-48fa-810d-14616f084da6,WAIVER,FAILED_INVALIDPLAYERSOURCE,5,10,DROP,10453.0,Ted Ginn Jr.,5.0,0.0,2019-09-18
2019,3,14cb86f4-cc1a-44be-8292-0e2bd9889525,e2d6c6f6-3129-4625-b323-2276e3f4da9b,WAIVER,EXECUTED,12,2,ADD,2576414.0,Raheem Mostert,0.0,12.0,2019-09-18
2019,3,14cb86f4-cc1a-44be-8292-0e2bd9889525,e2d6c6f6-3129-4625-b323-2276e3f4da9b,WAIVER,EXECUTED,12,2,DROP,3122449.0,James Washington,12.0,0.0,2019-09-18
2019,3,313af714-949b-4f7f-8350-a3476b065123,,FREEAGENT,EXECUTED,2,0,ADD,4527.0,Jason Witten,0.0,2.0,2019-09-19
2019,3,313af714-949b-4f7f-8350-a3476b065123,,FREEAGENT,EXECUTED,2,0,DROP,3123076.0,David Njoku,2.0,0.0,2019-09-19
2019,3,c3e6deb8-f53b-4dd9-92c6-f5536f88de04,,FREEAGENT,EXECUTED,4,0,ADD,-16027.0,Buccaneers D/ST,0.0,4.0,2019-09-18
2019,3,c3e6deb8-f53b-4dd9-92c6-f5536f88de04,,FREEAGENT,EXECUTED,4,0,DROP,-16024.0,Chargers D/ST,4.0,0.0,2019-09-18
2019,3,2d3967e9-2340-4b18-8e5a-df86165c2cfb,,FREEAGENT,EXECUTED,4,0,ADD,3135321.0,Hunter Renfrow,0.0,4.0,2019-09-18
2019,4,2f512563-38f8-4c3b-944d-c2a644c1270e,22124aeb-6104-4450-a45c-d2d37013e326,WAIVER,EXECUTED,3,30,ADD,3045127.0,Wayne Gallman,0.0,3.0,2019-09-25
2019,4,9fd2ffef-1f75-4d0d-a90a-47b247561f96,5964f14f-1fca-4338-a7ed-a788aec081e5,TRADE_PROPOSAL,CANCELED,10,0,TRADE,3043080.0,O.J. Howard,8.0,10.0,2019-09-27
2019,4,9fd2ffef-1f75-4d0d-a90a-47b247561f96,5964f14f-1fca-4338-a7ed-a788aec081e5,TRADE_PROPOSAL,CANCELED,10,0,TRADE,2578533.0,Chris Conley,10.0,8.0,2019-09-27
2019,4,564688e6-b9b5-41ed-b0c4-476c5e336436,,FREEAGENT,EXECUTED,12,0,ADD,2579604.0,Phillip Dorsett II,0.0,12.0,2019-09-25
2019,4,564688e6-b9b5-41ed-b0c4-476c5e336436,,FREEAGENT,EXECUTED,12,0,DROP,12537.0,Jared Cook,12.0,0.0,2019-09-25
2019,4,5b92eea5-6d50-477a-b1cc-63401c42c845,946cf6d7-3d87-4cff-9fec-3cc78ac1ffc6,WAIVER,EXECUTED,8,1,ADD,3124084.0,Joey Slye,0.0,8.0,2019-09-25
2019,4,5b92eea5-6d50-477a-b1cc-63401c42c845,946cf6d7-3d87-4cff-9fec-3cc78ac1ffc6,WAIVER,EXECUTED,8,1,DROP,9354.0,Robbie Gould,8.0,0.0,2019-09-25
2019,4,e6208e01-ec54-44a0-b733-5b0cac73ded6,7074cc9c-c1d1-4724-85aa-a28e87b24f52,TRADE_PROPOSAL,CANCELED,7,0,TRADE,3139605.0,Marlon Mack,10.0,7.0,2019-09-26
2019,4,e6208e01-ec54-44a0-b733-5b0cac73ded6,7074cc9c-c1d1-4724-85aa-a28e87b24f52,TRADE_PROPOSAL,CANCELED,7,0,TRADE,16913.0,James White,7.0,10.0,2019-09-26
2019,4,e6208e01-ec54-44a0-b733-5b0cac73ded6,7074cc9c-c1d1-4724-85aa-a28e87b24f52,TRADE_PROPOSAL,CANCELED,7,0,TRADE,3043116.0,Demarcus Robinson,7.0,10.0,2019-09-26
2019,4,21054c96-a311-468f-862b-00ffd52e4085,,WAIVER,PENDING,10,11,ADD,-16033.0,Ravens D/ST,0.0,10.0,2019-09-24
2019,4,21054c96-a311-468f-862b-00ffd52e4085,,WAIVER,PENDING,10,11,DROP,-16025.0,49ers D/ST,10.0,0.0,2019-09-24
2019,4,d381f0c7-b79f-4a66-9887-4351dc58c7e6,4d230cf3-7efd-4c75-9940-adadafb6c432,WAIVER,CANCELED,8,0,ADD,2579604.0,Phillip Dorsett II,0.0,8.0,2019-09-25
2019,4,d381f0c7-b79f-4a66-9887-4351dc58c7e6,4d230cf3-7efd-4c75-9940-adadafb6c432,WAIVER,CANCELED,8,0,DROP,3123969.0,Ito Smith,8.0,0.0,2019-09-25
2019,4,5964f14f-1fca-4338-a7ed-a788aec081e5,,TRADE_PROPOSAL,PENDING,10,0,TRADE,3043080.0,O.J. Howard,8.0,10.0,2019-09-26
2019,4,5964f14f-1fca-4338-a7ed-a788aec081e5,,TRADE_PROPOSAL,PENDING,10,0,TRADE,2578533.0,Chris Conley,10.0,8.0,2019-09-26
2019,4,a0edcfe3-6974-4cb0-bf0b-0a7cd7e4092b,,FREEAGENT,EXECUTED,7,0,ADD,17372.0,Chris Boswell,0.0,7.0,2019-09-29
2019,4,a0edcfe3-6974-4cb0-bf0b-0a7cd7e4092b,,FREEAGENT,EXECUTED,7,0,DROP,3918298.0,Josh Allen,7.0,0.0,2019-09-29
2019,4,12f61c12-9eb9-4fe0-84aa-390fbd9294bf,,FREEAGENT,EXECUTED,10,0,ADD,11283.0,DeSean Jackson,0.0,10.0,2019-09-26
2019,4,12f61c12-9eb9-4fe0-84aa-390fbd9294bf,,FREEAGENT,EXECUTED,10,0,DROP,3116136.0,Justin Jackson,10.0,0.0,2019-09-26
2019,4,0fc3f34e-98ae-45c0-ab69-c9625fb4ae80,37e92ada-2ce5-43bb-81b0-64e9c22fd611,WAIVER,CANCELED,8,0,ADD,3045127.0,Wayne Gallman,0.0,8.0,2019-09-25
2019,4,0fc3f34e-98ae-45c0-ab69-c9625fb4ae80,37e92ada-2ce5-43bb-81b0-64e9c22fd611,WAIVER,CANCELED,8,0,DROP,3123969.0,Ito Smith,8.0,0.0,2019-09-25
2019,4,06bd2bbd-b9f5-4de8-a7e2-7489502a1a82,923f22fb-a967-41e0-9d54-a814eede8880,WAIVER,EXECUTED,7,6,ADD,3917792.0,Daniel Jones,0.0,7.0,2019-09-25
2019,4,06bd2bbd-b9f5-4de8-a7e2-7489502a1a82,923f22fb-a967-41e0-9d54-a814eede8880,WAIVER,EXECUTED,7,6,DROP,10636.0,Mason Crosby,7.0,0.0,2019-09-25
2019,4,5b8727fe-6f90-4c6c-b1b5-7af5db51cb4c,,FREEAGENT,EXECUTED,4,0,ADD,-16028.0,Washington D/ST,0.0,4.0,2019-09-27
2019,4,5b8727fe-6f90-4c6c-b1b5-7af5db51cb4c,,FREEAGENT,EXECUTED,4,0,DROP,-16027.0,Buccaneers D/ST,4.0,0.0,2019-09-27
2019,4,73147eeb-400a-462d-b31b-9913ab6506aa,f87f97e4-ec5b-42f3-94d0-1d6c454d3515,WAIVER,FAILED_INVALIDPLAYERSOURCE,6,7,ADD,3115375.0,Darrel Williams,0.0,6.0,2019-09-25
2019,4,6f5dc73d-0702-4c51-9267-b447a0ca0b84,2eb0f96a-4dd2-4ddf-8f35-1ac2cd340c20,WAIVER,EXECUTED,13,3,ADD,5557.0,Ben Watson,0.0,13.0,2019-09-25
2019,4,6f5dc73d-0702-4c51-9267-b447a0ca0b84,2eb0f96a-4dd2-4ddf-8f35-1ac2cd340c20,WAIVER,EXECUTED,13,3,DROP,4039359.0,Darrell Henderson Jr.,13.0,0.0,2019-09-25
2019,4,1056b2f0-55cb-48c0-a612-a8f0c82935c8,,FREEAGENT,EXECUTED,9,0,ADD,15168.0,Case Keenum,0.0,9.0,2019-09-26
2019,4,1056b2f0-55cb-48c0-a612-a8f0c82935c8,,FREEAGENT,EXECUTED,9,0,DROP,13934.0,Antonio Brown,9.0,0.0,2019-09-26
2019,4,30c627a6-bf5f-4f1d-a0a7-df30abd6368b,,FREEAGENT,EXECUTED,12,0,ADD,9592.0,Vernon Davis,0.0,12.0,2019-09-25
2019,4,30c627a6-bf5f-4f1d-a0a7-df30abd6368b,,FREEAGENT,EXECUTED,12,0,DROP,16974.0,Trey Burton,12.0,0.0,2019-09-25
2019,4,87a6abd4-2fec-4cd8-aee5-da8994d43f34,31970ec5-2dc1-4a40-b99f-b804c00a7a4c,TRADE_PROPOSAL,CANCELED,6,0,TRADE,3045144.0,Tyler Boyd,3.0,6.0,2019-09-24
2019,4,87a6abd4-2fec-4cd8-aee5-da8994d43f34,31970ec5-2dc1-4a40-b99f-b804c00a7a4c,TRADE_PROPOSAL,CANCELED,6,0,TRADE,15971.0,Rex Burkhead,6.0,3.0,2019-09-24
2019,4,7ea890a1-344a-447a-a1fb-8018457360fc,3d041386-c097-409b-8b38-fa601fad9bd8,WAIVER,EXECUTED,5,17,ADD,3115375.0,Darrel Williams,0.0,5.0,2019-09-25
2019,4,7ea890a1-344a-447a-a1fb-8018457360fc,3d041386-c097-409b-8b38-fa601fad9bd8,WAIVER,EXECUTED,5,17,DROP,4361606.0,Darwin Thompson,5.0,0.0,2019-09-25
2019,4,e2c053ec-6d35-4013-9924-f7690cdc514b,,ROSTER,EXECUTED,6,0,DROP,-16020.0,Jets D/ST,6.0,0.0,2019-09-24
2019,4,5da7a21a-0cca-439c-884c-921f18d27585,6455a6fc-2dfa-4498-9a5a-a6d95bf49758,WAIVER,EXECUTED,8,15,ADD,15072.0,Marvin Jones Jr.,0.0,8.0,2019-09-25
2019,4,5da7a21a-0cca-439c-884c-921f18d27585,6455a6fc-2dfa-4498-9a5a-a6d95bf49758,WAIVER,EXECUTED,8,15,DROP,3042778.0,Corey Davis,8.0,0.0,2019-09-25
2019,4,173e5da1-380b-4188-bf47-8a1ae69c652b,a124eb77-9cd5-48cc-a873-73da8d8067e3,TRADE_PROPOSAL,CANCELED,10,0,TRADE,3068267.0,Austin Ekeler,9.0,10.0,2019-09-28
2019,4,173e5da1-380b-4188-bf47-8a1ae69c652b,a124eb77-9cd5-48cc-a873-73da8d8067e3,TRADE_PROPOSAL,CANCELED,10,0,TRADE,2576925.0,Darren Waller,9.0,10.0,2019-09-28
2019,4,173e5da1-380b-4188-bf47-8a1ae69c652b,a124eb77-9cd5-48cc-a873-73da8d8067e3,TRADE_PROPOSAL,CANCELED,10,0,TRADE,15853.0,Vance McDonald,10.0,9.0,2019-09-28
2019,4,173e5da1-380b-4188-bf47-8a1ae69c652b,a124eb77-9cd5-48cc-a873-73da8d8067e3,TRADE_PROPOSAL,CANCELED,10,0,TRADE,3121427.0,Curtis Samuel,10.0,9.0,2019-09-28
2019,4,9c7c5443-ad7e-4d5f-ad30-764a6f1a6100,,FREEAGENT,EXECUTED,5,0,ADD,2998120.0,Josh Lambo,0.0,5.0,2019-09-27
2019,4,9c7c5443-ad7e-4d5f-ad30-764a6f1a6100,,FREEAGENT,EXECUTED,5,0,DROP,16486.0,Brett Maher,5.0,0.0,2019-09-27
2019,4,7074cc9c-c1d1-4724-85aa-a28e87b24f52,,TRADE_PROPOSAL,PENDING,7,0,TRADE,3139605.0,Marlon Mack,10.0,7.0,2019-09-24
2019,4,7074cc9c-c1d1-4724-85aa-a28e87b24f52,,TRADE_PROPOSAL,PENDING,7,0,TRADE,16913.0,James White,7.0,10.0,2019-09-24
2019,4,7074cc9c-c1d1-4724-85aa-a28e87b24f52,,TRADE_PROPOSAL,PENDING,7,0,TRADE,3043116.0,Demarcus Robinson,7.0,10.0,2019-09-24
2019,4,861f12fb-1a0c-4d3d-aae9-5e06283ae5f4,,FREEAGENT,EXECUTED,10,0,ADD,4249087.0,Matt Gay,0.0,10.0,2019-09-26
2019,4,861f12fb-1a0c-4d3d-aae9-5e06283ae5f4,,FREEAGENT,EXECUTED,10,0,DROP,3050478.0,Jake Elliott,10.0,0.0,2019-09-26
2019,4,8841eb92-5263-4c6e-9afc-9369695f6de3,b3af28d3-d291-4185-8db1-6a2fb1a4cae1,WAIVER,CANCELED,8,0,ADD,11122.0,Matt Prater,0.0,8.0,2019-09-25
2019,4,8841eb92-5263-4c6e-9afc-9369695f6de3,b3af28d3-d291-4185-8db1-6a2fb1a4cae1,WAIVER,CANCELED,8,0,DROP,3123969.0,Ito Smith,8.0,0.0,2019-09-25
2019,4,d389fd05-0a29-419f-b593-b33a3738cc12,21054c96-a311-468f-862b-00ffd52e4085,WAIVER,EXECUTED,10,11,ADD,-16033.0,Ravens D/ST,0.0,10.0,2019-09-25
2019,4,d389fd05-0a29-419f-b593-b33a3738cc12,21054c96-a311-468f-862b-00ffd52e4085,WAIVER,EXECUTED,10,11,DROP,-16025.0,49ers D/ST,10.0,0.0,2019-09-25
2019,4,9bfe4a60-9d47-4d93-9d1c-585698a7925c,,FREEAGENT,EXECUTED,10,0,ADD,15788.0,Tyler Eifert,0.0,10.0,2019-09-29
2019,4,9bfe4a60-9d47-4d93-9d1c-585698a7925c,,FREEAGENT,EXECUTED,10,0,DROP,15853.0,Vance McDonald,10.0,0.0,2019-09-29
2019,4,d3c4e22a-2a7b-457e-a495-caa0b5339f0b,29fc1709-e5e6-40e2-bd95-c0abb93d99a1,WAIVER,EXECUTED,5,1,ADD,3127292.0,Will Dissly,0.0,5.0,2019-09-25
2019,4,d3c4e22a-2a7b-457e-a495-caa0b5339f0b,29fc1709-e5e6-40e2-bd95-c0abb93d99a1,WAIVER,EXECUTED,5,1,DROP,3126486.0,Deebo Samuel,5.0,0.0,2019-09-25
2019,4,8d541330-c991-4c54-a252-06e6c0c36804,,FREEAGENT,EXECUTED,12,0,ADD,-16026.0,Seahawks D/ST,0.0,12.0,2019-09-25
2019,4,8d541330-c991-4c54-a252-06e6c0c36804,,FREEAGENT,EXECUTED,12,0,DROP,-16009.0,Packers D/ST,12.0,0.0,2019-09-25
2019,4,1d3dc4e7-57d3-4ef8-b15b-ddf9c3040e6b,,FREEAGENT,EXECUTED,6,0,ADD,2980453.0,Jamaal Williams,0.0,6.0,2019-09-25
2019,4,04d02902-df1c-47a0-95d5-5c1879595604,2c32d294-9e62-47a5-9f4c-13c896300409,WAIVER,EXECUTED,1,1,ADD,11122.0,Matt Prater,0.0,1.0,2019-09-25
2019,4,04d02902-df1c-47a0-95d5-5c1879595604,2c32d294-9e62-47a5-9f4c-13c896300409,WAIVER,EXECUTED,1,1,DROP,3051909.0,Daniel Carlson,1.0,0.0,2019-09-25
2019,4,0b2d6a8e-27a9-48a6-aa5d-0d9c9b03c8ce,6b78313e-ba49-48c9-90ab-6312b75cf140,WAIVER,EXECUTED,7,7,ADD,-16024.0,Chargers D/ST,0.0,7.0,2019-09-25
2019,4,0b2d6a8e-27a9-48a6-aa5d-0d9c9b03c8ce,6b78313e-ba49-48c9-90ab-6312b75cf140,WAIVER,EXECUTED,7,7,DROP,-16006.0,Cowboys D/ST,7.0,0.0,2019-09-25
2019,4,a124eb77-9cd5-48cc-a873-73da8d8067e3,,TRADE_PROPOSAL,PENDING,10,0,TRADE,3068267.0,Austin Ekeler,9.0,10.0,2019-09-26
2019,4,a124eb77-9cd5-48cc-a873-73da8d8067e3,,TRADE_PROPOSAL,PENDING,10,0,TRADE,2576925.0,Darren Waller,9.0,10.0,2019-09-26
2019,4,a124eb77-9cd5-48cc-a873-73da8d8067e3,,TRADE_PROPOSAL,PENDING,10,0,TRADE,15853.0,Vance McDonald,10.0,9.0,2019-09-26
2019,4,a124eb77-9cd5-48cc-a873-73da8d8067e3,,TRADE_PROPOSAL,PENDING,10,0,TRADE,3121427.0,Curtis Samuel,10.0,9.0,2019-09-26
2019,4,f9739b6d-c46b-48a3-bf12-b459c8c94d57,6cc9f241-6fd7-4eaa-b8ce-cc7902280f2b,WAIVER,EXECUTED,4,1,ADD,12537.0,Jared Cook,0.0,4.0,2019-09-27
2019,4,f9739b6d-c46b-48a3-bf12-b459c8c94d57,6cc9f241-6fd7-4eaa-b8ce-cc7902280f2b,WAIVER,EXECUTED,4,1,DROP,3135321.0,Hunter Renfrow,4.0,0.0,2019-09-27
2019,4,e392d6ae-71e3-41f6-9178-e1a4e62947df,64614238-37a1-41c3-9144-ecdc8d57884f,WAIVER,FAILED_INVALIDPLAYERSOURCE,2,10,ADD,3045127.0,Wayne Gallman,0.0,2.0,2019-09-25
2019,4,e392d6ae-71e3-41f6-9178-e1a4e62947df,64614238-37a1-41c3-9144-ecdc8d57884f,WAIVER,FAILED_INVALIDPLAYERSOURCE,2,10,DROP,-16021.0,Eagles D/ST,2.0,0.0,2019-09-25
2019,4,3e30c400-5dbd-4e7c-a373-a3b68c9ff463,5964f14f-1fca-4338-a7ed-a788aec081e5,TRADE_DECLINE,EXECUTED,8,0,,,,,,2019-09-27
2019,5,039d622b-54b3-4f69-b2ed-22da520f8d8f,1de447e3-498e-4764-92cc-a69b275f41bc,WAIVER,FAILED_INVALIDPLAYERSOURCE,12,13,ADD,3060022.0,Jordan Howard,0.0,12.0,2019-10-02
2019,5,039d622b-54b3-4f69-b2ed-22da520f8d8f,1de447e3-498e-4764-92cc-a69b275f41bc,WAIVER,FAILED_INVALIDPLAYERSOURCE,12,13,DROP,2576414.0,Raheem Mostert,12.0,0.0,2019-10-02
2019,5,21a437a5-435d-4534-9e1c-3dcfc52ccb8d,87ffd851-614e-41bd-a9b1-98dc5a7fbeb3,WAIVER,FAILED_INVALIDPLAYERSOURCE,6,12,ADD,3060022.0,Jordan Howard,0.0,6.0,2019-10-02
2019,5,21a437a5-435d-4534-9e1c-3dcfc52ccb8d,87ffd851-614e-41bd-a9b1-98dc5a7fbeb3,WAIVER,FAILED_INVALIDPLAYERSOURCE,6,12,DROP,2980453.0,Jamaal Williams,6.0,0.0,2019-10-02
2019,5,d28cb9de-97ce-48b9-a806-fa97dc844d7c,,FREEAGENT,EXECUTED,13,0,ADD,-16024.0,Chargers D/ST,0.0,13.0,2019-10-06
2019,5,d28cb9de-97ce-48b9-a806-fa97dc844d7c,,FREEAGENT,EXECUTED,13,0,DROP,-16011.0,Colts D/ST,13.0,0.0,2019-10-06
2019,5,c0d5eccb-dc1e-4d22-9c95-fa3489fc4036,086987e1-e1db-406c-8b33-06cc496c2999,TRADE_DECLINE,EXECUTED,4,0,,,,,,2019-10-03
2019,5,807514cd-23f0-41d6-a847-43a9308fbd6b,,FREEAGENT,EXECUTED,7,0,ADD,9354.0,Robbie Gould,0.0,7.0,2019-10-06
2019,5,807514cd-23f0-41d6-a847-43a9308fbd6b,,FREEAGENT,EXECUTED,7,0,DROP,17372.0,Chris Boswell,7.0,0.0,2019-10-06
2019,5,b8c4a66b-d832-4b02-b732-37918e8a62e0,25843adf-41be-4324-b411-d65d797953e9,WAIVER,EXECUTED,7,3,ADD,3921564.0,Auden Tate,0.0,7.0,2019-10-02
2019,5,b8c4a66b-d832-4b02-b732-37918e8a62e0,25843adf-41be-4324-b411-d65d797953e9,WAIVER,EXECUTED,7,3,DROP,3052177.0,John Ross III,7.0,0.0,2019-10-02
2019,5,b2da26d1-cb35-4997-bf31-48aee21fc267,,FREEAGENT,EXECUTED,13,0,ADD,3123050.0,Chris Herndon,0.0,13.0,2019-10-03
2019,5,b2da26d1-cb35-4997-bf31-48aee21fc267,,FREEAGENT,EXECUTED,13,0,DROP,4048244.0,Alexander Mattison,13.0,0.0,2019-10-03
2019,5,935fdbf6-ed32-4397-bad3-1db8bb27a633,7233b6e6-f4c3-409b-b9df-6dbfb9836bde,TRADE_PROPOSAL,CANCELED,8,0,TRADE,15825.0,Le'Veon Bell,7.0,8.0,2019-10-08
2019,5,935fdbf6-ed32-4397-bad3-1db8bb27a633,7233b6e6-f4c3-409b-b9df-6dbfb9836bde,TRADE_PROPOSAL,CANCELED,8,0,TRADE,2578570.0,Jacoby Brissett,7.0,8.0,2019-10-08
2019,5,935fdbf6-ed32-4397-bad3-1db8bb27a633,7233b6e6-f4c3-409b-b9df-6dbfb9836bde,TRADE_PROPOSAL,CANCELED,8,0,TRADE,11237.0,Matt Ryan,8.0,7.0,2019-10-08
2019,5,935fdbf6-ed32-4397-bad3-1db8bb27a633,7233b6e6-f4c3-409b-b9df-6dbfb9836bde,TRADE_PROPOSAL,CANCELED,8,0,TRADE,15072.0,Marvin Jones Jr.,8.0,7.0,2019-10-08
2019,5,038416b9-dc6c-4f0e-988a-8ea25f8b6bec,de510e47-edba-4b9c-b312-12aaa01f0978,TRADE_PROPOSAL,CANCELED,10,0,TRADE,3040151.0,George Kittle,4.0,10.0,2019-10-08
2019,5,038416b9-dc6c-4f0e-988a-8ea25f8b6bec,de510e47-edba-4b9c-b312-12aaa01f0978,TRADE_PROPOSAL,CANCELED,10,0,TRADE,4036348.0,Michael Gallup,4.0,10.0,2019-10-08
2019,5,038416b9-dc6c-4f0e-988a-8ea25f8b6bec,de510e47-edba-4b9c-b312-12aaa01f0978,TRADE_PROPOSAL,CANCELED,10,0,TRADE,3052876.0,Will Fuller V,10.0,4.0,2019-10-08
2019,5,038416b9-dc6c-4f0e-988a-8ea25f8b6bec,de510e47-edba-4b9c-b312-12aaa01f0978,TRADE_PROPOSAL,CANCELED,10,0,TRADE,2979477.0,Tevin Coleman,10.0,4.0,2019-10-08
2019,5,25dc5d09-1ca9-465f-ae80-5573ecc0382d,13a35fc8-d901-49a9-bb50-46a1cd6d1e67,WAIVER,EXECUTED,7,4,ADD,-16029.0,Panthers D/ST,0.0,7.0,2019-10-02
2019,5,25dc5d09-1ca9-465f-ae80-5573ecc0382d,13a35fc8-d901-49a9-bb50-46a1cd6d1e67,WAIVER,EXECUTED,7,4,DROP,-16024.0,Chargers D/ST,7.0,0.0,2019-10-02
2019,5,260952a7-a0f9-41e0-a936-b4a4fb302baa,,FREEAGENT,EXECUTED,6,0,ADD,4034949.0,Eddy Pineiro,0.0,6.0,2019-10-03
2019,5,260952a7-a0f9-41e0-a936-b4a4fb302baa,,FREEAGENT,EXECUTED,6,0,DROP,2582324.0,Ty Long,6.0,0.0,2019-10-03
2019,5,3db6db6f-083a-4d12-95c6-4b61850e17c8,8b9a50ad-85ff-4027-89e6-d987060ce2c7,WAIVER,FAILED_INVALIDPLAYERSOURCE,7,9,ADD,3060022.0,Jordan Howard,0.0,7.0,2019-10-02
2019,5,3db6db6f-083a-4d12-95c6-4b61850e17c8,8b9a50ad-85ff-4027-89e6-d987060ce2c7,WAIVER,FAILED_INVALIDPLAYERSOURCE,7,9,DROP,17372.0,Chris Boswell,7.0,0.0,2019-10-02
2019,5,56e4a35b-4536-4609-8654-6795992fe8e8,cfc95fd3-fb2a-46bc-b714-05a379848147,TRADE_DECLINE,EXECUTED,10,0,,,,,,2019-10-03
2019,5,9f1e4de1-8d92-42ad-8a73-ddfea7e394ef,,WAIVER,PENDING,10,13,ADD,3918639.0,Gerald Everett,0.0,10.0,2019-10-04
2019,5,9f1e4de1-8d92-42ad-8a73-ddfea7e394ef,,WAIVER,PENDING,10,13,DROP,15788.0,Tyler Eifert,10.0,0.0,2019-10-04
2019,5,2a3644f8-3c44-4294-97bc-46d1cdb14d84,,FREEAGENT,EXECUTED,9,0,ADD,3115913.0,Geronimo Allison,0.0,9.0,2019-10-06
2019,5,2a3644f8-3c44-4294-97bc-46d1cdb14d84,,FREEAGENT,EXECUTED,9,0,DROP,15168.0,Case Keenum,9.0,0.0,2019-10-06
2019,5,444ca8c9-9d3b-4ca7-a669-7dc55abcecd5,38e4a8ce-7791-4563-945d-059223b36f52,WAIVER,EXECUTED,1,2,ADD,3042778.0,Corey Davis,0.0,1.0,2019-10-02
2019,5,444ca8c9-9d3b-4ca7-a669-7dc55abcecd5,38e4a8ce-7791-4563-945d-059223b36f52,WAIVER,EXECUTED,1,2,DROP,2576623.0,DeVante Parker,1.0,0.0,2019-10-02
2019,5,d524540f-be13-48a2-b1c1-9f708da2c416,cfc95fd3-fb2a-46bc-b714-05a379848147,TRADE_PROPOSAL,CANCELED,5,0,TRADE,3054850.0,Alvin Kamara,10.0,5.0,2019-10-03
2019,5,d524540f-be13-48a2-b1c1-9f708da2c416,cfc95fd3-fb2a-46bc-b714-05a379848147,TRADE_PROPOSAL,CANCELED,5,0,TRADE,3051876.0,Evan Engram,5.0,10.0,2019-10-03
2019,5,d524540f-be13-48a2-b1c1-9f708da2c416,cfc95fd3-fb2a-46bc-b714-05a379848147,TRADE_PROPOSAL,CANCELED,5,0,TRADE,8479.0,Frank Gore,5.0,10.0,2019-10-03
2019,5,aaeac4f8-6330-43b2-94b8-d6ad2f6e7943,b732bdc7-a7d4-4d5b-8a41-7f5e27774cc3,WAIVER,EXECUTED,8,19,ADD,3060022.0,Jordan Howard,0.0,8.0,2019-10-02
2019,5,aaeac4f8-6330-43b2-94b8-d6ad2f6e7943,b732bdc7-a7d4-4d5b-8a41-7f5e27774cc3,WAIVER,EXECUTED,8,19,DROP,3123969.0,Ito Smith,8.0,0.0,2019-10-02
2019,5,217f82f1-c50b-4983-b257-562f0ae55ec3,8079fc31-32d1-4192-9a8c-383870955bb5,WAIVER,EXECUTED,1,2,ADD,16486.0,Brett Maher,0.0,1.0,2019-10-02
2019,5,217f82f1-c50b-4983-b257-562f0ae55ec3,8079fc31-32d1-4192-9a8c-383870955bb5,WAIVER,EXECUTED,1,2,DROP,11122.0,Matt Prater,1.0,0.0,2019-10-02
2019,5,5b1fbf5b-1ca4-4919-9fb5-e7c4f8b5947f,a295fc03-718c-4670-a432-97e3ccf7ba23,WAIVER,FAILED_INVALIDPLAYERSOURCE,4,5,ADD,3060022.0,Jordan Howard,0.0,4.0,2019-10-02
2019,5,5b1fbf5b-1ca4-4919-9fb5-e7c4f8b5947f,a295fc03-718c-4670-a432-97e3ccf7ba23,WAIVER,FAILED_INVALIDPLAYERSOURCE,4,5,DROP,12537.0,Jared Cook,4.0,0.0,2019-10-02
2019,5,3daf5e93-e93a-4813-af9d-f11afa23d9d2,,FREEAGENT,EXECUTED,6,0,ADD,2576980.0,Marcus Mariota,0.0,6.0,2019-10-04
2019,5,3daf5e93-e93a-4813-af9d-f11afa23d9d2,,FREEAGENT,EXECUTED,6,0,DROP,15971.0,Rex Burkhead,6.0,0.0,2019-10-04
2019,5,e8f1ba99-7ae9-463c-98cf-e0b10e73b1aa,650d4961-d8a2-418c-92c2-114fa5677b1a,WAIVER,EXECUTED,10,16,ADD,15349.0,Cole Beasley,0.0,10.0,2019-10-02
2019,5,e8f1ba99-7ae9-463c-98cf-e0b10e73b1aa,650d4961-d8a2-418c-92c2-114fa5677b1a,WAIVER,EXECUTED,10,16,DROP,2578533.0,Chris Conley,10.0,0.0,2019-10-02
2019,5,db964dbc-8ad3-4be0-b897-ba54d4f9bab6,,WAIVER,PENDING,10,5,ADD,-16025.0,49ers D/ST,0.0,10.0,2019-10-01
2019,5,db964dbc-8ad3-4be0-b897-ba54d4f9bab6,,WAIVER,PENDING,10,5,DROP,2570986.0,Malcolm Brown,10.0,0.0,2019-10-01
2019,5,de510e47-edba-4b9c-b312-12aaa01f0978,,TRADE_PROPOSAL,PENDING,10,0,TRADE,3040151.0,George Kittle,4.0,10.0,2019-10-07
2019,5,de510e47-edba-4b9c-b312-12aaa01f0978,,TRADE_PROPOSAL,PENDING,10,0,TRADE,4036348.0,Michael Gallup,4.0,10.0,2019-10-07
2019,5,de510e47-edba-4b9c-b312-12aaa01f0978,,TRADE_PROPOSAL,PENDING,10,0,TRADE,3052876.0,Will Fuller V,10.0,4.0,2019-10-07
2019,5,de510e47-edba-4b9c-b312-12aaa01f0978,,TRADE_PROPOSAL,PENDING,10,0,TRADE,2979477.0,Tevin Coleman,10.0,4.0,2019-10-07
2019,5,df21e04a-6d9a-4da8-9129-a7e27e29c16e,,ROSTER,EXECUTED,5,0,DROP,3916148.0,Tony Pollard,5.0,0.0,2019-10-02
2019,5,693a1941-0390-4f10-b902-33c56f27ad0b,30d1740f-733c-4ded-b9a5-718946549966,WAIVER,EXECUTED,12,9,ADD,13232.0,Jimmy Graham,0.0,12.0,2019-10-02
2019,5,693a1941-0390-4f10-b902-33c56f27ad0b,30d1740f-733c-4ded-b9a5-718946549966,WAIVER,EXECUTED,12,9,DROP,9592.0,Vernon Davis,12.0,0.0,2019-10-02
2019,5,9ede983d-0b55-4016-8dec-e6a4dd516437,,FREEAGENT,EXECUTED,13,0,ADD,16732.0,Eric Ebron,0.0,13.0,2019-10-06
2019,5,9ede983d-0b55-4016-8dec-e6a4dd516437,,FREEAGENT,EXECUTED,13,0,DROP,5557.0,Ben Watson,13.0,0.0,2019-10-06
2019,5,21017245-40d9-4a48-8866-9bbbcfc912c5,,FREEAGENT,EXECUTED,6,0,ADD,2582324.0,Ty Long,0.0,6.0,2019-10-03
2019,5,21017245-40d9-4a48-8866-9bbbcfc912c5,,FREEAGENT,EXECUTED,6,0,DROP,9704.0,Stephen Gostkowski,6.0,0.0,2019-10-03
2019,5,06dbcb65-0528-457b-ab9b-8151f4ba8a57,f5141273-b971-4e75-ad86-d758d2f0732a,TRADE_PROPOSAL,CANCELED,8,0,TRADE,2578570.0,Jacoby Brissett,7.0,8.0,2019-10-08
2019,5,06dbcb65-0528-457b-ab9b-8151f4ba8a57,f5141273-b971-4e75-ad86-d758d2f0732a,TRADE_PROPOSAL,CANCELED,8,0,TRADE,15825.0,Le'Veon Bell,7.0,8.0,2019-10-08
2019,5,06dbcb65-0528-457b-ab9b-8151f4ba8a57,f5141273-b971-4e75-ad86-d758d2f0732a,TRADE_PROPOSAL,CANCELED,8,0,TRADE,11237.0,Matt Ryan,8.0,7.0,2019-10-08
2019,5,06dbcb65-0528-457b-ab9b-8151f4ba8a57,f5141273-b971-4e75-ad86-d758d2f0732a,TRADE_PROPOSAL,CANCELED,8,0,TRADE,3060022.0,Jordan Howard,8.0,7.0,2019-10-08
2019,5,086987e1-e1db-406c-8b33-06cc496c2999,,TRADE_PROPOSAL,PENDING,10,0,TRADE,4036348.0,Michael Gallup,4.0,10.0,2019-10-03
2019,5,086987e1-e1db-406c-8b33-06cc496c2999,,TRADE_PROPOSAL,PENDING,10,0,TRADE,2570986.0,Malcolm Brown,10.0,4.0,2019-10-03
2019,5,59694523-cbbc-4c40-817b-a9802d937d4b,8ec6f4ea-d468-422d-98f4-41a70f0bc4f6,WAIVER,EXECUTED,7,4,ADD,2578570.0,Jacoby Brissett,0.0,7.0,2019-10-02
2019,5,59694523-cbbc-4c40-817b-a9802d937d4b,8ec6f4ea-d468-422d-98f4-41a70f0bc4f6,WAIVER,EXECUTED,7,4,DROP,3917792.0,Daniel Jones,7.0,0.0,2019-10-02
2019,5,8da26fc8-4c98-48b6-b4da-7bb3789ee564,086987e1-e1db-406c-8b33-06cc496c2999,TRADE_PROPOSAL,CANCELED,10,0,TRADE,4036348.0,Michael Gallup,4.0,10.0,2019-10-03
2019,5,8da26fc8-4c98-48b6-b4da-7bb3789ee564,086987e1-e1db-406c-8b33-06cc496c2999,TRADE_PROPOSAL,CANCELED,10,0,TRADE,2570986.0,Malcolm Brown,10.0,4.0,2019-10-03
2019,5,95786178-bae7-4e58-8603-5ce3969026fa,,TRADE_PROPOSAL,PENDING,7,0,TRADE,3916387.0,Lamar Jackson,10.0,7.0,2019-10-08
2019,5,95786178-bae7-4e58-8603-5ce3969026fa,,TRADE_PROPOSAL,PENDING,7,0,TRADE,2578570.0,Jacoby Brissett,7.0,10.0,2019-10-08
2019,5,95786178-bae7-4e58-8603-5ce3969026fa,,TRADE_PROPOSAL,PENDING,7,0,TRADE,3043275.0,Austin Hooper,7.0,10.0,2019-10-08
2019,5,22134d0d-1b9e-44d3-a949-e76028c57951,db964dbc-8ad3-4be0-b897-ba54d4f9bab6,WAIVER,FAILED_INVALIDPLAYERSOURCE,10,5,ADD,-16025.0,49ers D/ST,0.0,10.0,2019-10-02
2019,5,22134d0d-1b9e-44d3-a949-e76028c57951,db964dbc-8ad3-4be0-b897-ba54d4f9bab6,WAIVER,FAILED_INVALIDPLAYERSOURCE,10,5,DROP,2570986.0,Malcolm Brown,10.0,0.0,2019-10-02
2019,5,650d4961-d8a2-418c-92c2-114fa5677b1a,,WAIVER,PENDING,10,16,ADD,15349.0,Cole Beasley,0.0,10.0,2019-10-01
2019,5,650d4961-d8a2-418c-92c2-114fa5677b1a,,WAIVER,PENDING,10,16,DROP,2578533.0,Chris Conley,10.0,0.0,2019-10-01
2019,5,36ee3b76-58bd-435c-a5e3-b446ddb8d343,28bce41f-b6ad-43a3-874a-99b634800ffc,WAIVER,EXECUTED,5,5,ADD,-16025.0,49ers D/ST,0.0,5.0,2019-10-02
2019,5,36ee3b76-58bd-435c-a5e3-b446ddb8d343,28bce41f-b6ad-43a3-874a-99b634800ffc,WAIVER,EXECUTED,5,5,DROP,-16030.0,Jaguars D/ST,5.0,0.0,2019-10-02
2019,5,55eed26b-dcbb-4094-85bf-37471f702a38,cbfc7b76-86e2-48c3-9578-b567ca40a81f,WAIVER,EXECUTED,4,3,ADD,-16034.0,Texans D/ST,0.0,4.0,2019-10-02
2019,5,55eed26b-dcbb-4094-85bf-37471f702a38,cbfc7b76-86e2-48c3-9578-b567ca40a81f,WAIVER,EXECUTED,4,3,DROP,-16028.0,Washington D/ST,4.0,0.0,2019-10-02
2019,5,2fbd1c6a-be8d-4363-a703-4ac36ff8174e,90207008-511f-4a42-894a-0dfc022cbf1b,WAIVER,FAILED_INVALIDPLAYERSOURCE,1,5,ADD,3060022.0,Jordan Howard,0.0,1.0,2019-10-02
2019,5,2fbd1c6a-be8d-4363-a703-4ac36ff8174e,90207008-511f-4a42-894a-0dfc022cbf1b,WAIVER,FAILED_INVALIDPLAYERSOURCE,1,5,DROP,2576623.0,DeVante Parker,1.0,0.0,2019-10-02
2019,5,cfc95fd3-fb2a-46bc-b714-05a379848147,,TRADE_PROPOSAL,PENDING,5,0,TRADE,3054850.0,Alvin Kamara,10.0,5.0,2019-10-03
2019,5,cfc95fd3-fb2a-46bc-b714-05a379848147,,TRADE_PROPOSAL,PENDING,5,0,TRADE,3051876.0,Evan Engram,5.0,10.0,2019-10-03
2019,5,cfc95fd3-fb2a-46bc-b714-05a379848147,,TRADE_PROPOSAL,PENDING,5,0,TRADE,8479.0,Frank Gore,5.0,10.0,2019-10-03
2019,5,b5b7eafb-7c11-49f8-844b-115f6073d972,9e3adcc5-13d3-4d80-ae48-2ffa6b935d26,TRADE_DECLINE,EXECUTED,13,0,,,,,,2019-10-02
2019,6,78ce5bb2-f91e-4b4b-9ad4-009faad56b3d,,FREEAGENT,EXECUTED,7,0,ADD,8461.0,Mike Nugent,0.0,7.0,2019-10-10
2019,6,78ce5bb2-f91e-4b4b-9ad4-009faad56b3d,,FREEAGENT,EXECUTED,7,0,DROP,9354.0,Robbie Gould,7.0,0.0,2019-10-10
2019,6,e4c55452-5553-4fa2-8bac-d3303b56a878,edbee1d7-f844-479b-bad8-984f167696ae,TRADE_DECLINE,EXECUTED,10,0,,,,,,2019-10-09
2019,6,ca542f3f-f6af-46f7-952e-bd9a8e928519,5adad3d4-d5dc-453b-9236-212f6286ce33,WAIVER,EXECUTED,6,7,ADD,3123969.0,Ito Smith,0.0,6.0,2019-10-09
2019,6,1c1426db-4bce-4150-af2c-4ad2decd9067,9d217c0d-b2e4-4aee-b45c-452bab8af0fe,TRADE_PROPOSAL,CANCELED,10,0,TRADE,13982.0,Julio Jones,5.0,10.0,2019-10-09
2019,6,1c1426db-4bce-4150-af2c-4ad2decd9067,9d217c0d-b2e4-4aee-b45c-452bab8af0fe,TRADE_PROPOSAL,CANCELED,10,0,TRADE,3127292.0,Will Dissly,5.0,10.0,2019-10-09
2019,6,1c1426db-4bce-4150-af2c-4ad2decd9067,9d217c0d-b2e4-4aee-b45c-452bab8af0fe,TRADE_PROPOSAL,CANCELED,10,0,TRADE,16460.0,Adam Thielen,10.0,5.0,2019-10-09
2019,6,1c1426db-4bce-4150-af2c-4ad2decd9067,9d217c0d-b2e4-4aee-b45c-452bab8af0fe,TRADE_PROPOSAL,CANCELED,10,0,TRADE,2979477.0,Tevin Coleman,10.0,5.0,2019-10-09
2019,6,667787d8-6d82-476e-9728-303c844899e2,,FREEAGENT,EXECUTED,5,0,ADD,4038524.0,Gardner Minshew II,0.0,5.0,2019-10-09
2019,6,667787d8-6d82-476e-9728-303c844899e2,,FREEAGENT,EXECUTED,5,0,DROP,3916945.0,Darius Slayton,5.0,0.0,2019-10-09
2019,6,51359bd4-da2e-4e57-b805-9fcd10993f97,,FREEAGENT,EXECUTED,13,0,ADD,15003.0,Rhett Ellison,0.0,13.0,2019-10-10
2019,6,51359bd4-da2e-4e57-b805-9fcd10993f97,,FREEAGENT,EXECUTED,13,0,DROP,3119195.0,Chase Edmonds,13.0,0.0,2019-10-10
2019,6,734cf823-2e9c-4eba-88a2-1884426705b7,,FREEAGENT,EXECUTED,4,0,ADD,-16028.0,Washington D/ST,0.0,4.0,2019-10-10
2019,6,734cf823-2e9c-4eba-88a2-1884426705b7,,FREEAGENT,EXECUTED,4,0,DROP,-16034.0,Texans D/ST,4.0,0.0,2019-10-10
2019,6,0de0c266-3dcb-4952-93fc-6006f06bd630,2e9dfab2-f56f-40c2-a4c7-85bf3196a880,TRADE_PROPOSAL,CANCELED,5,0,TRADE,16460.0,Adam Thielen,10.0,5.0,2019-10-09
2019,6,0de0c266-3dcb-4952-93fc-6006f06bd630,2e9dfab2-f56f-40c2-a4c7-85bf3196a880,TRADE_PROPOSAL,CANCELED,5,0,TRADE,3054850.0,Alvin Kamara,10.0,5.0,2019-10-09
2019,6,0de0c266-3dcb-4952-93fc-6006f06bd630,2e9dfab2-f56f-40c2-a4c7-85bf3196a880,TRADE_PROPOSAL,CANCELED,5,0,TRADE,13982.0,Julio Jones,5.0,10.0,2019-10-09
2019,6,0de0c266-3dcb-4952-93fc-6006f06bd630,2e9dfab2-f56f-40c2-a4c7-85bf3196a880,TRADE_PROPOSAL,CANCELED,5,0,TRADE,3051876.0,Evan Engram,5.0,10.0,2019-10-09
2019,6,0de0c266-3dcb-4952-93fc-6006f06bd630,2e9dfab2-f56f-40c2-a4c7-85bf3196a880,TRADE_PROPOSAL,CANCELED,5,0,TRADE,8479.0,Frank Gore,5.0,10.0,2019-10-09
2019,6,5f3f081f-6021-4701-a099-1665f5e16c0e,,FREEAGENT,EXECUTED,5,0,ADD,3915399.0,Preston Williams,0.0,5.0,2019-10-09
2019,6,389e11cd-7fa8-4558-bdf5-9317e277b507,,WAIVER,PENDING,10,6,ADD,15773.0,Darren Fells,0.0,10.0,2019-10-14
2019,6,389e11cd-7fa8-4558-bdf5-9317e277b507,,WAIVER,PENDING,10,6,DROP,3918639.0,Gerald Everett,10.0,0.0,2019-10-14
2019,6,b4773191-a362-4f33-96d4-d07b1b61ece7,f95f3c57-6b33-4f12-9ca0-56da6f8afd4c,WAIVER,FAILED_INVALIDPLAYERSOURCE,7,4,ADD,-16006.0,Cowboys D/ST,0.0,7.0,2019-10-09
2019,6,b4773191-a362-4f33-96d4-d07b1b61ece7,f95f3c57-6b33-4f12-9ca0-56da6f8afd4c,WAIVER,FAILED_INVALIDPLAYERSOURCE,7,4,DROP,3052587.0,Baker Mayfield,7.0,0.0,2019-10-09
2019,6,41c74be8-388e-4aed-9dc0-bcbe9f93cfe2,,TRADE_PROPOSAL,PENDING,10,0,TRADE,3116593.0,Dalvin Cook,13.0,10.0,2019-10-09
2019,6,41c74be8-388e-4aed-9dc0-bcbe9f93cfe2,,TRADE_PROPOSAL,PENDING,10,0,TRADE,3139605.0,Marlon Mack,10.0,13.0,2019-10-09
2019,6,41c74be8-388e-4aed-9dc0-bcbe9f93cfe2,,TRADE_PROPOSAL,PENDING,10,0,TRADE,2979477.0,Tevin Coleman,10.0,13.0,2019-10-09
2019,6,15c19ffd-8c6b-438e-97ae-fc10ed4e297f,,ROSTER,EXECUTED,6,0,DROP,16781.0,Paul Richardson Jr.,6.0,0.0,2019-10-09
2019,6,16804ea1-3802-4ed4-88ce-3a6ab565525f,a6e41ff2-e042-46bb-96f7-8dc69fb136e9,TRADE_DECLINE,EXECUTED,10,0,,,,,,2019-10-09
2019,6,b3dc0b54-a657-4878-a9f2-16fee5f22027,,TRADE_PROPOSAL,PENDING,4,0,TRADE,2979477.0,Tevin Coleman,10.0,4.0,2019-10-09
2019,6,b3dc0b54-a657-4878-a9f2-16fee5f22027,,TRADE_PROPOSAL,PENDING,4,0,TRADE,16504.0,Jack Doyle,4.0,10.0,2019-10-09
2019,6,c1c69792-7801-4fc1-91b5-2cc6f296221e,b90e4519-d11d-4d7d-9535-ebd640309859,TRADE_ACCEPT,,7,0,,,,,,2019-10-08
2019,6,abb0faee-3c4e-4ed2-b5ca-3066a34abe3c,a6e41ff2-e042-46bb-96f7-8dc69fb136e9,TRADE_PROPOSAL,CANCELED,4,0,TRADE,3128720.0,Nick Chubb,10.0,4.0,2019-10-09
2019,6,abb0faee-3c4e-4ed2-b5ca-3066a34abe3c,a6e41ff2-e042-46bb-96f7-8dc69fb136e9,TRADE_PROPOSAL,CANCELED,4,0,TRADE,3040151.0,George Kittle,4.0,10.0,2019-10-09
2019,6,60976522-7fa0-4a34-b509-b0ab87df3d32,41c74be8-388e-4aed-9dc0-bcbe9f93cfe2,TRADE_PROPOSAL,CANCELED,10,0,TRADE,3116593.0,Dalvin Cook,13.0,10.0,2019-10-11
2019,6,60976522-7fa0-4a34-b509-b0ab87df3d32,41c74be8-388e-4aed-9dc0-bcbe9f93cfe2,TRADE_PROPOSAL,CANCELED,10,0,TRADE,3139605.0,Marlon Mack,10.0,13.0,2019-10-11
2019,6,60976522-7fa0-4a34-b509-b0ab87df3d32,41c74be8-388e-4aed-9dc0-bcbe9f93cfe2,TRADE_PROPOSAL,CANCELED,10,0,TRADE,2979477.0,Tevin Coleman,10.0,13.0,2019-10-11
2019,6,2e9dfab2-f56f-40c2-a4c7-85bf3196a880,,TRADE_PROPOSAL,PENDING,5,0,TRADE,16460.0,Adam Thielen,10.0,5.0,2019-10-09
2019,6,2e9dfab2-f56f-40c2-a4c7-85bf3196a880,,TRADE_PROPOSAL,PENDING,5,0,TRADE,3054850.0,Alvin Kamara,10.0,5.0,2019-10-09
2019,6,2e9dfab2-f56f-40c2-a4c7-85bf3196a880,,TRADE_PROPOSAL,PENDING,5,0,TRADE,13982.0,Julio Jones,5.0,10.0,2019-10-09
2019,6,2e9dfab2-f56f-40c2-a4c7-85bf3196a880,,TRADE_PROPOSAL,PENDING,5,0,TRADE,3051876.0,Evan Engram,5.0,10.0,2019-10-09
2019,6,2e9dfab2-f56f-40c2-a4c7-85bf3196a880,,TRADE_PROPOSAL,PENDING,5,0,TRADE,8479.0,Frank Gore,5.0,10.0,2019-10-09
2019,6,5950ea13-be9c-4278-8d4f-5ee72a655895,,ROSTER,EXECUTED,12,0,DROP,2576414.0,Raheem Mostert,12.0,0.0,2019-10-08
2019,6,5950ea13-be9c-4278-8d4f-5ee72a655895,,ROSTER,EXECUTED,12,0,LINEUP,3116406.0,Tyreek Hill,0.0,0.0,2019-10-08
2019,6,86abcc3c-8b9e-4a2c-a332-d1019df3ed79,edbee1d7-f844-479b-bad8-984f167696ae,TRADE_PROPOSAL,CANCELED,4,0,TRADE,2979477.0,Tevin Coleman,10.0,4.0,2019-10-09
2019,6,86abcc3c-8b9e-4a2c-a332-d1019df3ed79,edbee1d7-f844-479b-bad8-984f167696ae,TRADE_PROPOSAL,CANCELED,4,0,TRADE,12537.0,Jared Cook,4.0,10.0,2019-10-09
2019,6,472de553-8cdd-4677-939f-8bbf2c5191c4,7f48bca3-421c-4447-97e7-f3f76a8b6e79,WAIVER,EXECUTED,1,8,ADD,-16006.0,Cowboys D/ST,0.0,1.0,2019-10-09
2019,6,472de553-8cdd-4677-939f-8bbf2c5191c4,7f48bca3-421c-4447-97e7-f3f76a8b6e79,WAIVER,EXECUTED,1,8,DROP,14880.0,Kirk Cousins,1.0,0.0,2019-10-09
2019,6,9f418dbc-5922-4a81-8c0d-2791616856db,,ROSTER,EXECUTED,5,0,DROP,3115375.0,Darrel Williams,5.0,0.0,2019-10-08
2019,6,1c1fc5ef-3035-437b-a1c9-ce143732d5c7,,FREEAGENT,EXECUTED,13,0,ADD,3116642.0,Reggie Bonnafon,0.0,13.0,2019-10-12
2019,6,1c1fc5ef-3035-437b-a1c9-ce143732d5c7,,FREEAGENT,EXECUTED,13,0,DROP,3892889.0,Dede Westbrook,13.0,0.0,2019-10-12
2019,6,71469b8d-f175-438e-a01a-4634981df438,b3dc0b54-a657-4878-a9f2-16fee5f22027,TRADE_PROPOSAL,CANCELED,4,0,TRADE,2979477.0,Tevin Coleman,10.0,4.0,2019-10-09
2019,6,71469b8d-f175-438e-a01a-4634981df438,b3dc0b54-a657-4878-a9f2-16fee5f22027,TRADE_PROPOSAL,CANCELED,4,0,TRADE,16504.0,Jack Doyle,4.0,10.0,2019-10-09
2019,6,0d35c8fb-a9c5-4962-bf0a-e54653643e65,4047cead-ae39-40c2-8eae-fd58ca48180e,WAIVER,EXECUTED,5,1,ADD,3916945.0,Darius Slayton,0.0,5.0,2019-10-09
2019,6,a4fbea4e-738e-4b98-9b32-992c1708cf73,65f456dc-986e-425c-becd-f9ed6cf63ba6,WAIVER,FAILED_INVALIDPLAYERSOURCE,4,2,ADD,-16006.0,Cowboys D/ST,0.0,4.0,2019-10-09
2019,6,a4fbea4e-738e-4b98-9b32-992c1708cf73,65f456dc-986e-425c-becd-f9ed6cf63ba6,WAIVER,FAILED_INVALIDPLAYERSOURCE,4,2,DROP,-16034.0,Texans D/ST,4.0,0.0,2019-10-09
2019,6,aab1c4be-2aca-4bc4-98db-14d5a64806cb,e7353c99-fee4-430f-b94d-e48869365800,WAIVER,FAILED_INVALIDPLAYERSOURCE,12,5,ADD,-16006.0,Cowboys D/ST,0.0,12.0,2019-10-09
2019,6,aab1c4be-2aca-4bc4-98db-14d5a64806cb,e7353c99-fee4-430f-b94d-e48869365800,WAIVER,FAILED_INVALIDPLAYERSOURCE,12,5,DROP,-16026.0,Seahawks D/ST,12.0,0.0,2019-10-09
2019,6,501ac3c8-473b-423c-8f03-9ef058f72a35,9f1e4de1-8d92-42ad-8a73-ddfea7e394ef,WAIVER,EXECUTED,10,12,ADD,3918639.0,Gerald Everett,0.0,10.0,2019-10-09
2019,6,501ac3c8-473b-423c-8f03-9ef058f72a35,9f1e4de1-8d92-42ad-8a73-ddfea7e394ef,WAIVER,EXECUTED,10,12,DROP,15788.0,Tyler Eifert,10.0,0.0,2019-10-09
2019,6,0458a440-0974-4c1b-b5e0-19d29f1b5ae7,aa2eb2c6-4eff-4888-a6e4-f30d69759770,WAIVER,EXECUTED,4,4,ADD,3119195.0,Chase Edmonds,0.0,4.0,2019-10-12
2019,6,0458a440-0974-4c1b-b5e0-19d29f1b5ae7,aa2eb2c6-4eff-4888-a6e4-f30d69759770,WAIVER,EXECUTED,4,4,DROP,2972091.0,Jalen Richard,4.0,0.0,2019-10-12
2019,6,c66f5ba8-2d9e-4469-9732-6657a7894f5f,26c61740-3197-4239-9cce-ccb770b2b391,TRADE_PROPOSAL,CANCELED,10,0,TRADE,3042519.0,Aaron Jones,12.0,10.0,2019-10-11
2019,6,c66f5ba8-2d9e-4469-9732-6657a7894f5f,26c61740-3197-4239-9cce-ccb770b2b391,TRADE_PROPOSAL,CANCELED,10,0,TRADE,3052876.0,Will Fuller V,10.0,12.0,2019-10-11
2019,6,c66f5ba8-2d9e-4469-9732-6657a7894f5f,26c61740-3197-4239-9cce-ccb770b2b391,TRADE_PROPOSAL,CANCELED,10,0,TRADE,3139605.0,Marlon Mack,10.0,12.0,2019-10-11
2019,6,002f462b-9e1c-4f71-b6c6-210677106507,63e7acf5-b15e-4a9b-aba4-f5919fc4b409,TRADE_DECLINE,EXECUTED,8,0,,,,,,2019-10-08
2019,6,9f5bc1f3-ee6b-4081-bd37-24fc667a441d,c14f09fc-4df4-4515-95fd-9291d2a10e12,TRADE_PROPOSAL,CANCELED,8,0,TRADE,3128429.0,Courtland Sutton,7.0,8.0,2019-10-08
2019,6,9f5bc1f3-ee6b-4081-bd37-24fc667a441d,c14f09fc-4df4-4515-95fd-9291d2a10e12,TRADE_PROPOSAL,CANCELED,8,0,TRADE,3116385.0,Joe Mixon,7.0,8.0,2019-10-08
2019,6,9f5bc1f3-ee6b-4081-bd37-24fc667a441d,c14f09fc-4df4-4515-95fd-9291d2a10e12,TRADE_PROPOSAL,CANCELED,8,0,TRADE,11237.0,Matt Ryan,8.0,7.0,2019-10-08
2019,6,9f5bc1f3-ee6b-4081-bd37-24fc667a441d,c14f09fc-4df4-4515-95fd-9291d2a10e12,TRADE_PROPOSAL,CANCELED,8,0,TRADE,3060022.0,Jordan Howard,8.0,7.0,2019-10-08
2019,6,edbee1d7-f844-479b-bad8-984f167696ae,,TRADE_PROPOSAL,PENDING,4,0,TRADE,2979477.0,Tevin Coleman,10.0,4.0,2019-10-08
2019,6,edbee1d7-f844-479b-bad8-984f167696ae,,TRADE_PROPOSAL,PENDING,4,0,TRADE,12537.0,Jared Cook,4.0,10.0,2019-10-08
2019,6,0e3fc951-ddab-48fb-9fdd-b02dfe997bf5,,FREEAGENT,EXECUTED,6,0,ADD,10636.0,Mason Crosby,0.0,6.0,2019-10-09
2019,6,0e3fc951-ddab-48fb-9fdd-b02dfe997bf5,,FREEAGENT,EXECUTED,6,0,DROP,4034949.0,Eddy Pineiro,6.0,0.0,2019-10-09
2019,6,30674479-2595-47b0-a12a-e6d14148d32a,2e9dfab2-f56f-40c2-a4c7-85bf3196a880,TRADE_DECLINE,EXECUTED,10,0,,,,,,2019-10-09
2019,6,9d217c0d-b2e4-4aee-b45c-452bab8af0fe,,TRADE_PROPOSAL,PENDING,10,0,TRADE,13982.0,Julio Jones,5.0,10.0,2019-10-09
2019,6,9d217c0d-b2e4-4aee-b45c-452bab8af0fe,,TRADE_PROPOSAL,PENDING,10,0,TRADE,3127292.0,Will Dissly,5.0,10.0,2019-10-09
2019,6,9d217c0d-b2e4-4aee-b45c-452bab8af0fe,,TRADE_PROPOSAL,PENDING,10,0,TRADE,16460.0,Adam Thielen,10.0,5.0,2019-10-09
2019,6,9d217c0d-b2e4-4aee-b45c-452bab8af0fe,,TRADE_PROPOSAL,PENDING,10,0,TRADE,2979477.0,Tevin Coleman,10.0,5.0,2019-10-09
2019,6,8bd54084-79b9-4721-835e-16b19c837e40,,FREEAGENT,EXECUTED,4,0,ADD,4039359.0,Darrell Henderson Jr.,0.0,4.0,2019-10-13
2019,6,8bd54084-79b9-4721-835e-16b19c837e40,,FREEAGENT,EXECUTED,4,0,DROP,16504.0,Jack Doyle,4.0,0.0,2019-10-13
2019,6,26c61740-3197-4239-9cce-ccb770b2b391,,TRADE_PROPOSAL,PENDING,10,0,TRADE,3042519.0,Aaron Jones,12.0,10.0,2019-10-09
2019,6,26c61740-3197-4239-9cce-ccb770b2b391,,TRADE_PROPOSAL,PENDING,10,0,TRADE,3052876.0,Will Fuller V,10.0,12.0,2019-10-09
2019,6,26c61740-3197-4239-9cce-ccb770b2b391,,TRADE_PROPOSAL,PENDING,10,0,TRADE,3139605.0,Marlon Mack,10.0,12.0,2019-10-09
2019,6,3b560e0b-9cdc-465b-b4fa-53a09cf0d2f4,b3dc0b54-a657-4878-a9f2-16fee5f22027,TRADE_DECLINE,EXECUTED,10,0,,,,,,2019-10-09
2019,6,a6e41ff2-e042-46bb-96f7-8dc69fb136e9,,TRADE_PROPOSAL,PENDING,4,0,TRADE,3128720.0,Nick Chubb,10.0,4.0,2019-10-09
2019,6,a6e41ff2-e042-46bb-96f7-8dc69fb136e9,,TRADE_PROPOSAL,PENDING,4,0,TRADE,3040151.0,George Kittle,4.0,10.0,2019-10-09
2019,6,82f5c82a-0f57-4d92-8a80-86a5c058354f,516e5f01-528c-44d7-b32c-7da2e549ec24,WAIVER,FAILED_INVALIDPLAYERSOURCE,7,1,ADD,3119195.0,Chase Edmonds,0.0,7.0,2019-10-12
2019,6,82f5c82a-0f57-4d92-8a80-86a5c058354f,516e5f01-528c-44d7-b32c-7da2e549ec24,WAIVER,FAILED_INVALIDPLAYERSOURCE,7,1,DROP,3052587.0,Baker Mayfield,7.0,0.0,2019-10-12
2019,6,46445cd4-2932-46e3-b0c5-70b88ebf20b2,95786178-bae7-4e58-8603-5ce3969026fa,TRADE_PROPOSAL,CANCELED,7,0,TRADE,3916387.0,Lamar Jackson,10.0,7.0,2019-10-08
2019,6,46445cd4-2932-46e3-b0c5-70b88ebf20b2,95786178-bae7-4e58-8603-5ce3969026fa,TRADE_PROPOSAL,CANCELED,7,0,TRADE,2578570.0,Jacoby Brissett,7.0,10.0,2019-10-08
2019,6,46445cd4-2932-46e3-b0c5-70b88ebf20b2,95786178-bae7-4e58-8603-5ce3969026fa,TRADE_PROPOSAL,CANCELED,7,0,TRADE,3043275.0,Austin Hooper,7.0,10.0,2019-10-08
2019,6,20d4fe62-e158-49ab-9f73-2b174e45464e,,FREEAGENT,EXECUTED,13,0,ADD,3119195.0,Chase Edmonds,0.0,13.0,2019-10-09
2019,6,20d4fe62-e158-49ab-9f73-2b174e45464e,,FREEAGENT,EXECUTED,13,0,DROP,16732.0,Eric Ebron,13.0,0.0,2019-10-09
2019,6,cefd2856-9c8e-403a-b82e-e63978ad360f,9d217c0d-b2e4-4aee-b45c-452bab8af0fe,TRADE_DECLINE,EXECUTED,5,0,,,,,,2019-10-09
2019,6,cc865b33-5396-4061-9a8c-1158bdfceaa0,b90e4519-d11d-4d7d-9535-ebd640309859,TRADE_UPHOLD,EXECUTED,8,0,,,,,,2019-10-08
2019,7,35ff93c5-8266-41c6-9f22-f874acdd5286,,FREEAGENT,EXECUTED,10,0,ADD,-16030.0,Jaguars D/ST,0.0,10.0,2019-10-16
2019,7,35ff93c5-8266-41c6-9f22-f874acdd5286,,FREEAGENT,EXECUTED,10,0,DROP,3918639.0,Gerald Everett,10.0,0.0,2019-10-16
2019,7,e4fa73b5-db1c-438a-813a-07cb562b72f4,3b8e4238-54b1-41ed-9b57-ae6b814264c6,TRADE_DECLINE,EXECUTED,1,0,,,,,,2019-10-18
2019,7,23d7974d-d533-4b60-a6ab-b39145be8a02,3b8e4238-54b1-41ed-9b57-ae6b814264c6,TRADE_PROPOSAL,CANCELED,10,0,TRADE,2974858.0,Kenny Golladay,1.0,10.0,2019-10-18
2019,7,23d7974d-d533-4b60-a6ab-b39145be8a02,3b8e4238-54b1-41ed-9b57-ae6b814264c6,TRADE_PROPOSAL,CANCELED,10,0,TRADE,3046439.0,Hunter Henry,1.0,10.0,2019-10-18
2019,7,23d7974d-d533-4b60-a6ab-b39145be8a02,3b8e4238-54b1-41ed-9b57-ae6b814264c6,TRADE_PROPOSAL,CANCELED,10,0,TRADE,3052876.0,Will Fuller V,10.0,1.0,2019-10-18
2019,7,23d7974d-d533-4b60-a6ab-b39145be8a02,3b8e4238-54b1-41ed-9b57-ae6b814264c6,TRADE_PROPOSAL,CANCELED,10,0,TRADE,3139605.0,Marlon Mack,10.0,1.0,2019-10-18
2019,7,a27f4275-76d5-4421-863b-0a7019aedf22,,FREEAGENT,EXECUTED,10,0,ADD,16339.0,Brandon McManus,0.0,10.0,2019-10-16
2019,7,a27f4275-76d5-4421-863b-0a7019aedf22,,FREEAGENT,EXECUTED,10,0,DROP,-16033.0,Ravens D/ST,10.0,0.0,2019-10-16
2019,7,b8188f57-dc12-4845-bae9-00c56584b679,,FREEAGENT,EXECUTED,6,0,ADD,3128390.0,Allen Lazard,0.0,6.0,2019-10-18
2019,7,b8188f57-dc12-4845-bae9-00c56584b679,,FREEAGENT,EXECUTED,6,0,DROP,17258.0,Willie Snead IV,6.0,0.0,2019-10-18
2019,7,f1d51a9b-335c-4efa-b94e-e87601adbb2e,,ROSTER,EXECUTED,5,0,DROP,3127292.0,Will Dissly,5.0,0.0,2019-10-18
2019,7,9fc0cdab-aff0-4d2d-9ec1-7835e3ec04d5,,WAIVER,PENDING,10,3,ADD,4038524.0,Gardner Minshew II,0.0,10.0,2019-10-21
2019,7,9fc0cdab-aff0-4d2d-9ec1-7835e3ec04d5,,WAIVER,PENDING,10,3,DROP,16339.0,Brandon McManus,10.0,0.0,2019-10-21
2019,7,3324cfbc-0e94-4b5f-80ec-0427d9e6ae4c,,ROSTER,EXECUTED,3,0,DROP,2969939.0,Jameis Winston,3.0,0.0,2019-10-16
2019,7,3b8e4238-54b1-41ed-9b57-ae6b814264c6,,TRADE_PROPOSAL,PENDING,10,0,TRADE,2974858.0,Kenny Golladay,1.0,10.0,2019-10-17
2019,7,3b8e4238-54b1-41ed-9b57-ae6b814264c6,,TRADE_PROPOSAL,PENDING,10,0,TRADE,3046439.0,Hunter Henry,1.0,10.0,2019-10-17
2019,7,3b8e4238-54b1-41ed-9b57-ae6b814264c6,,TRADE_PROPOSAL,PENDING,10,0,TRADE,3052876.0,Will Fuller V,10.0,1.0,2019-10-17
2019,7,3b8e4238-54b1-41ed-9b57-ae6b814264c6,,TRADE_PROPOSAL,PENDING,10,0,TRADE,3139605.0,Marlon Mack,10.0,1.0,2019-10-17
2019,7,7c0d17a3-7928-4157-b39e-9713ff13a19d,,FREEAGENT,EXECUTED,4,0,ADD,-16034.0,Texans D/ST,0.0,4.0,2019-10-19
2019,7,7c0d17a3-7928-4157-b39e-9713ff13a19d,,FREEAGENT,EXECUTED,4,0,DROP,-16028.0,Washington D/ST,4.0,0.0,2019-10-19
2019,7,71eb33b4-4c84-4c90-bd95-9f4df7a83acc,,FREEAGENT,EXECUTED,7,0,ADD,3918298.0,Josh Allen,0.0,7.0,2019-10-16
2019,7,71eb33b4-4c84-4c90-bd95-9f4df7a83acc,,FREEAGENT,EXECUTED,7,0,DROP,3052587.0,Baker Mayfield,7.0,0.0,2019-10-16
2019,7,658baf71-66f3-4702-9cad-df53a7efc9dd,,FREEAGENT,EXECUTED,7,0,ADD,-16023.0,Steelers D/ST,0.0,7.0,2019-10-17
2019,7,658baf71-66f3-4702-9cad-df53a7efc9dd,,FREEAGENT,EXECUTED,7,0,DROP,-16029.0,Panthers D/ST,7.0,0.0,2019-10-17
2019,7,771d05a3-43f0-4c2d-8ee3-6760da18d806,,FREEAGENT,EXECUTED,9,0,ADD,3916945.0,Darius Slayton,0.0,9.0,2019-10-20
2019,7,771d05a3-43f0-4c2d-8ee3-6760da18d806,,FREEAGENT,EXECUTED,9,0,DROP,3116721.0,Jaylen Samuels,9.0,0.0,2019-10-20
2019,7,dc6e8fd9-5563-431e-8706-870ad90bb31b,b6cce3be-ea7f-44ac-bc34-011c2d94dbbd,TRADE_PROPOSAL,CANCELED,8,0,TRADE,8439.0,Aaron Rodgers,12.0,8.0,2019-10-15
2019,7,dc6e8fd9-5563-431e-8706-870ad90bb31b,b6cce3be-ea7f-44ac-bc34-011c2d94dbbd,TRADE_PROPOSAL,CANCELED,8,0,TRADE,16733.0,Odell Beckham Jr.,12.0,8.0,2019-10-15
2019,7,dc6e8fd9-5563-431e-8706-870ad90bb31b,b6cce3be-ea7f-44ac-bc34-011c2d94dbbd,TRADE_PROPOSAL,CANCELED,8,0,TRADE,2330.0,Tom Brady,8.0,12.0,2019-10-15
2019,7,dc6e8fd9-5563-431e-8706-870ad90bb31b,b6cce3be-ea7f-44ac-bc34-011c2d94dbbd,TRADE_PROPOSAL,CANCELED,8,0,TRADE,3128429.0,Courtland Sutton,8.0,12.0,2019-10-15
2019,7,ed2cae29-14ea-4913-8f92-8edf078ad745,f6d49f6b-74b4-44fd-8bdf-78e24957cd47,WAIVER,EXECUTED,1,3,ADD,3912547.0,Sam Darnold,0.0,1.0,2019-10-16
2019,7,ed2cae29-14ea-4913-8f92-8edf078ad745,f6d49f6b-74b4-44fd-8bdf-78e24957cd47,WAIVER,EXECUTED,1,3,DROP,-16006.0,Cowboys D/ST,1.0,0.0,2019-10-16
2019,7,e30271b1-25b7-4f44-8cf0-92702cf936f8,,FREEAGENT,EXECUTED,5,0,ADD,3918639.0,Gerald Everett,0.0,5.0,2019-10-18
2019,7,3d2dc224-495d-4e75-98c7-05b340174ed9,,FREEAGENT,EXECUTED,8,0,ADD,9354.0,Robbie Gould,0.0,8.0,2019-10-16
2019,7,3d2dc224-495d-4e75-98c7-05b340174ed9,,FREEAGENT,EXECUTED,8,0,DROP,3124084.0,Joey Slye,8.0,0.0,2019-10-16
2019,7,f475074b-72f3-4ef7-a072-724b4f9a4f36,,FREEAGENT,EXECUTED,5,0,ADD,4035072.0,Benny Snell Jr.,0.0,5.0,2019-10-16
2019,7,f475074b-72f3-4ef7-a072-724b4f9a4f36,,FREEAGENT,EXECUTED,5,0,DROP,3121023.0,Dallas Goedert,5.0,0.0,2019-10-16
2019,7,78e870a9-ce31-4d45-aef7-e37821822c68,,FREEAGENT,EXECUTED,6,0,ADD,17258.0,Willie Snead IV,0.0,6.0,2019-10-18
2019,7,101bae87-8db1-4397-9eef-24c2a744f3be,,ROSTER,EXECUTED,6,0,DROP,3916945.0,Darius Slayton,6.0,0.0,2019-10-18
2019,7,60bc40cc-54ff-420d-99f3-85270ac576c7,,FREEAGENT,EXECUTED,6,0,ADD,3916945.0,Darius Slayton,0.0,6.0,2019-10-18
2019,7,1c29fa8f-33b7-449b-a422-d1e7345ace3e,,FREEAGENT,EXECUTED,13,0,ADD,4048244.0,Alexander Mattison,0.0,13.0,2019-10-17
2019,7,1c29fa8f-33b7-449b-a422-d1e7345ace3e,,FREEAGENT,EXECUTED,13,0,DROP,15003.0,Rhett Ellison,13.0,0.0,2019-10-17
2019,7,b0989cf4-8561-4f85-aa7e-ad77578d32fe,,FREEAGENT,EXECUTED,5,0,ADD,3892889.0,Dede Westbrook,0.0,5.0,2019-10-16
2019,7,bb63974f-8c75-4317-91b8-144d13842cde,,FREEAGENT,EXECUTED,6,0,ADD,17258.0,Willie Snead IV,0.0,6.0,2019-10-17
2019,7,78e3e844-9fea-4984-94ac-24bcf631b8bf,,FREEAGENT,EXECUTED,7,0,ADD,-16009.0,Packers D/ST,0.0,7.0,2019-10-17
2019,7,78e3e844-9fea-4984-94ac-24bcf631b8bf,,FREEAGENT,EXECUTED,7,0,DROP,3043116.0,Demarcus Robinson,7.0,0.0,2019-10-17
2019,7,e2915a0a-51ed-4e25-b10c-27fd5041e83a,,ROSTER,EXECUTED,5,0,DROP,4038524.0,Gardner Minshew II,5.0,0.0,2019-10-15
2019,7,dec4e4dd-feb3-4517-b690-0eaf786bb388,,ROSTER,EXECUTED,6,0,DROP,2576980.0,Marcus Mariota,6.0,0.0,2019-10-17
2019,7,6d012520-416d-443c-8e29-1735131cc29f,7dfaa12a-02d8-4e70-b5b6-1f2e9569d274,WAIVER,CANCELED,8,0,ADD,16339.0,Brandon McManus,0.0,8.0,2019-10-15
2019,7,6d012520-416d-443c-8e29-1735131cc29f,7dfaa12a-02d8-4e70-b5b6-1f2e9569d274,WAIVER,CANCELED,8,0,DROP,3124084.0,Joey Slye,8.0,0.0,2019-10-15
2019,7,d19025f0-8fa0-4f1c-ae9f-1c463bd75a3f,,ROSTER,EXECUTED,5,0,DROP,3915399.0,Preston Williams,5.0,0.0,2019-10-15
2019,7,f77b2bd8-e10b-4b61-b576-eac51cae8b9a,d616a386-7416-4648-bb1e-4277bc95a9be,WAIVER,EXECUTED,10,4,ADD,15773.0,Darren Fells,0.0,10.0,2019-10-16
2019,7,f77b2bd8-e10b-4b61-b576-eac51cae8b9a,d616a386-7416-4648-bb1e-4277bc95a9be,WAIVER,EXECUTED,10,4,DROP,4249087.0,Matt Gay,10.0,0.0,2019-10-16
2019,7,602ee3f2-70be-4099-9c5c-dc5258b06fed,389e11cd-7fa8-4558-bdf5-9317e277b507,WAIVER,CANCELED,10,0,ADD,15773.0,Darren Fells,0.0,10.0,2019-10-15
2019,7,602ee3f2-70be-4099-9c5c-dc5258b06fed,389e11cd-7fa8-4558-bdf5-9317e277b507,WAIVER,CANCELED,10,0,DROP,3918639.0,Gerald Everett,10.0,0.0,2019-10-15
2019,7,0bef9826-e032-4dc5-a7c3-8ae7b4bca1e5,192458b9-1406-429f-8819-041144ea6f9c,WAIVER,FAILED_ROSTERLIMIT,5,3,ADD,3918639.0,Gerald Everett,0.0,5.0,2019-10-18
2019,7,d616a386-7416-4648-bb1e-4277bc95a9be,,WAIVER,PENDING,10,4,ADD,15773.0,Darren Fells,0.0,10.0,2019-10-15
2019,7,d616a386-7416-4648-bb1e-4277bc95a9be,,WAIVER,PENDING,10,4,DROP,4249087.0,Matt Gay,10.0,0.0,2019-10-15
2019,7,6f5f6535-b05f-4c2f-9f19-03ee335b30f1,120f2ee1-4898-4333-ab12-1e4631f486bc,WAIVER,EXECUTED,2,1,ADD,11122.0,Matt Prater,0.0,2.0,2019-10-16
2019,7,6f5f6535-b05f-4c2f-9f19-03ee335b30f1,120f2ee1-4898-4333-ab12-1e4631f486bc,WAIVER,EXECUTED,2,1,DROP,2985659.0,Wil Lutz,2.0,0.0,2019-10-16
2019,7,5eead838-6a54-4ca2-aaa9-92fea1861a12,,FREEAGENT,EXECUTED,5,0,ADD,3121023.0,Dallas Goedert,0.0,5.0,2019-10-16
2019,7,540bfbba-9b1e-44c5-8d23-dd717dfec570,d533e2fb-7742-423c-a854-b424dcdd4546,WAIVER,CANCELED,8,0,ADD,9354.0,Robbie Gould,0.0,8.0,2019-10-15
2019,7,540bfbba-9b1e-44c5-8d23-dd717dfec570,d533e2fb-7742-423c-a854-b424dcdd4546,WAIVER,CANCELED,8,0,DROP,3124084.0,Joey Slye,8.0,0.0,2019-10-15
2019,8,e2ebb911-291a-486e-84be-556405d765be,,FREEAGENT,EXECUTED,8,0,ADD,3121023.0,Dallas Goedert,0.0,8.0,2019-10-23
2019,8,e2ebb911-291a-486e-84be-556405d765be,,FREEAGENT,EXECUTED,8,0,DROP,3043080.0,O.J. Howard,8.0,0.0,2019-10-23
2019,8,85372cb8-b1f4-4dc0-9b68-751f3e44ce10,5f7b53b8-1bce-4a9d-a559-edcb7259ef02,TRADE_DECLINE,EXECUTED,6,0,,,,,,2019-10-23
2019,8,9ae18399-e1a7-4b92-a15f-1bd7aef176ab,93f2f080-7a73-4082-bd90-9b8b54d9d8a6,TRADE_PROPOSAL,CANCELED,6,0,TRADE,14912.0,Alshon Jeffery,2.0,6.0,2019-10-24
2019,8,9ae18399-e1a7-4b92-a15f-1bd7aef176ab,93f2f080-7a73-4082-bd90-9b8b54d9d8a6,TRADE_PROPOSAL,CANCELED,6,0,TRADE,13983.0,A.J. Green,2.0,6.0,2019-10-24
2019,8,9ae18399-e1a7-4b92-a15f-1bd7aef176ab,93f2f080-7a73-4082-bd90-9b8b54d9d8a6,TRADE_PROPOSAL,CANCELED,6,0,TRADE,12514.0,LeSean McCoy,6.0,2.0,2019-10-24
2019,8,546f12f1-d1ab-4435-9786-a8a50bfa4fdd,fb331f07-9f73-4ed6-b4d5-7802b3457c91,WAIVER,FAILED_INVALIDPLAYERSOURCE,13,6,ADD,3915411.0,Ty Johnson,0.0,13.0,2019-10-23
2019,8,546f12f1-d1ab-4435-9786-a8a50bfa4fdd,fb331f07-9f73-4ed6-b4d5-7802b3457c91,WAIVER,FAILED_INVALIDPLAYERSOURCE,13,6,DROP,3116642.0,Reggie Bonnafon,13.0,0.0,2019-10-23
2019,8,44b4691a-8020-46ee-a8a3-65ac7238efd3,,FREEAGENT,EXECUTED,10,0,ADD,4249087.0,Matt Gay,0.0,10.0,2019-10-23
2019,8,44b4691a-8020-46ee-a8a3-65ac7238efd3,,FREEAGENT,EXECUTED,10,0,DROP,16339.0,Brandon McManus,10.0,0.0,2019-10-23
2019,8,6cc16d5a-3a41-47cd-88da-8cb61aaf0b51,1926f4a8-7a91-48ed-b295-4648aa46ab06,WAIVER,CANCELED,8,0,ADD,3051738.0,Marquez Valdes-Scantling,0.0,8.0,2019-10-25
2019,8,55432be5-d389-4ef3-afa4-53b59a1fead3,dfff8158-3e6d-4e9e-bc0c-52fd22b6aaed,TRADE_PROPOSAL,CANCELED,10,0,TRADE,15818.0,Keenan Allen,8.0,10.0,2019-10-23
2019,8,55432be5-d389-4ef3-afa4-53b59a1fead3,dfff8158-3e6d-4e9e-bc0c-52fd22b6aaed,TRADE_PROPOSAL,CANCELED,10,0,TRADE,3116365.0,Mark Andrews,8.0,10.0,2019-10-23
2019,8,55432be5-d389-4ef3-afa4-53b59a1fead3,dfff8158-3e6d-4e9e-bc0c-52fd22b6aaed,TRADE_PROPOSAL,CANCELED,10,0,TRADE,3139605.0,Marlon Mack,10.0,8.0,2019-10-23
2019,8,55432be5-d389-4ef3-afa4-53b59a1fead3,dfff8158-3e6d-4e9e-bc0c-52fd22b6aaed,TRADE_PROPOSAL,CANCELED,10,0,TRADE,3121427.0,Curtis Samuel,10.0,8.0,2019-10-23
2019,8,c10a401f-bad0-4dcd-a7d3-9d57057558f1,,FREEAGENT,EXECUTED,7,0,ADD,3124084.0,Joey Slye,0.0,7.0,2019-10-26
2019,8,c10a401f-bad0-4dcd-a7d3-9d57057558f1,,FREEAGENT,EXECUTED,7,0,DROP,8461.0,Mike Nugent,7.0,0.0,2019-10-26
2019,8,2a3f8f04-7a8a-4b9e-97dc-92f5df5dcccf,6034a6e2-c380-47ef-965d-0cab69c98624,WAIVER,EXECUTED,1,3,ADD,16016.0,Kenny Stills,0.0,1.0,2019-10-23
2019,8,2a3f8f04-7a8a-4b9e-97dc-92f5df5dcccf,6034a6e2-c380-47ef-965d-0cab69c98624,WAIVER,EXECUTED,1,3,DROP,3912547.0,Sam Darnold,1.0,0.0,2019-10-23
2019,8,00d6521a-08d3-4ca0-822a-f67c4609cac9,,TRADE_PROPOSAL,PENDING,10,0,TRADE,16733.0,Odell Beckham Jr.,12.0,10.0,2019-10-24
2019,8,00d6521a-08d3-4ca0-822a-f67c4609cac9,,TRADE_PROPOSAL,PENDING,10,0,TRADE,3139605.0,Marlon Mack,10.0,12.0,2019-10-24
2019,8,d0e6219e-9caa-4195-b3dc-b69c2636f307,a767b039-2695-45c1-af8a-029507493777,WAIVER,EXECUTED,6,8,ADD,3917846.0,Mark Walton,0.0,6.0,2019-10-23
2019,8,d0e6219e-9caa-4195-b3dc-b69c2636f307,a767b039-2695-45c1-af8a-029507493777,WAIVER,EXECUTED,6,8,DROP,3912550.0,Ronald Jones II,6.0,0.0,2019-10-23
2019,8,b45708a7-666e-4134-9e11-8e4e1d09654d,f9115df0-afd8-4e33-8709-b3646cef4999,WAIVER,EXECUTED,8,8,ADD,2985659.0,Wil Lutz,0.0,8.0,2019-10-23
2019,8,b45708a7-666e-4134-9e11-8e4e1d09654d,f9115df0-afd8-4e33-8709-b3646cef4999,WAIVER,EXECUTED,8,8,DROP,9354.0,Robbie Gould,8.0,0.0,2019-10-23
2019,8,9f8503d6-7b9e-40e0-9d5c-065c2393a097,483d5676-01ea-4b2e-a113-8d2beb71a1f2,WAIVER,FAILED_INVALIDPLAYERSOURCE,1,5,ADD,3915411.0,Ty Johnson,0.0,1.0,2019-10-23
2019,8,9f8503d6-7b9e-40e0-9d5c-065c2393a097,483d5676-01ea-4b2e-a113-8d2beb71a1f2,WAIVER,FAILED_INVALIDPLAYERSOURCE,1,5,DROP,3912547.0,Sam Darnold,1.0,0.0,2019-10-23
2019,8,9a623f70-d1fc-460c-bd92-50cbc387a418,a54359fe-b33f-47f6-9d45-030feb0737cb,WAIVER,EXECUTED,2,35,ADD,14054.0,Kyle Rudolph,0.0,2.0,2019-10-23
2019,8,9a623f70-d1fc-460c-bd92-50cbc387a418,a54359fe-b33f-47f6-9d45-030feb0737cb,WAIVER,EXECUTED,2,35,DROP,4527.0,Jason Witten,2.0,0.0,2019-10-23
2019,8,af0ceffc-77d7-441c-ab7d-3f70e8183385,,FREEAGENT,EXECUTED,9,0,ADD,4038524.0,Gardner Minshew II,0.0,9.0,2019-10-27
2019,8,af0ceffc-77d7-441c-ab7d-3f70e8183385,,FREEAGENT,EXECUTED,9,0,DROP,16760.0,Jimmy Garoppolo,9.0,0.0,2019-10-27
2019,8,805e1e48-fc9f-4d73-aa1f-0399526aca29,,ROSTER,EXECUTED,6,0,DROP,17258.0,Willie Snead IV,6.0,0.0,2019-10-22
2019,8,fbd0edfd-6b07-40b4-9053-55441dde9efa,,ROSTER,EXECUTED,5,0,DROP,4035072.0,Benny Snell Jr.,5.0,0.0,2019-10-23
2019,8,2768f7f0-63a8-4145-9431-f548b466a651,2bcad8fb-a2ef-4a97-a94f-55dfe80f3832,WAIVER,FAILED_INVALIDPLAYERSOURCE,6,15,ADD,3915411.0,Ty Johnson,0.0,6.0,2019-10-23
2019,8,f4919ace-bbf3-4d17-a004-68de5cb122ec,,ROSTER,EXECUTED,6,0,DROP,15705.0,Josh Gordon,6.0,0.0,2019-10-23
2019,8,e3bbce39-8a45-47e4-8070-06e8dd8946ff,60e81998-50d2-419e-a3d6-9b0a9f91dc9e,TRADE_DECLINE,EXECUTED,1,0,,,,,,2019-10-23
2019,8,b2b9b101-c811-401f-9c10-6ce2cef86872,,FREEAGENT,EXECUTED,7,0,ADD,-16020.0,Jets D/ST,0.0,7.0,2019-10-26
2019,8,d9ccc5f9-f553-4d71-818d-d093dcdcc08e,f71e8a09-5203-434c-ba5f-73cc527d670f,WAIVER,EXECUTED,8,14,ADD,15705.0,Josh Gordon,0.0,8.0,2019-10-25
2019,8,d9ccc5f9-f553-4d71-818d-d093dcdcc08e,f71e8a09-5203-434c-ba5f-73cc527d670f,WAIVER,EXECUTED,8,14,DROP,3051738.0,Marquez Valdes-Scantling,8.0,0.0,2019-10-25
2019,8,ec48f8fc-2269-458a-a724-70577d5cca09,,FREEAGENT,EXECUTED,6,0,ADD,4047646.0,A.J. Brown,0.0,6.0,2019-10-23
2019,8,b9eca699-a775-490f-b414-00137cd2faa0,,FREEAGENT,EXECUTED,10,0,ADD,16728.0,Teddy Bridgewater,0.0,10.0,2019-10-23
2019,8,b9eca699-a775-490f-b414-00137cd2faa0,,FREEAGENT,EXECUTED,10,0,DROP,3052876.0,Will Fuller V,10.0,0.0,2019-10-23
2019,8,88c89414-04fe-453d-b184-dc0fb3e48a8f,,ROSTER,EXECUTED,6,0,DROP,3128390.0,Allen Lazard,6.0,0.0,2019-10-22
2019,8,cf51bd4e-fb80-48bd-a7a3-1a2a7a7da00b,110abaf0-dbff-4728-b70d-aa88ce9fd5a9,TRADE_PROPOSAL,CANCELED,8,0,TRADE,4047365.0,Josh Jacobs,9.0,8.0,2019-10-24
2019,8,cf51bd4e-fb80-48bd-a7a3-1a2a7a7da00b,110abaf0-dbff-4728-b70d-aa88ce9fd5a9,TRADE_PROPOSAL,CANCELED,8,0,TRADE,16800.0,Davante Adams,9.0,8.0,2019-10-24
2019,8,cf51bd4e-fb80-48bd-a7a3-1a2a7a7da00b,110abaf0-dbff-4728-b70d-aa88ce9fd5a9,TRADE_PROPOSAL,CANCELED,8,0,TRADE,15880.0,Robert Woods,8.0,9.0,2019-10-24
2019,8,cf51bd4e-fb80-48bd-a7a3-1a2a7a7da00b,110abaf0-dbff-4728-b70d-aa88ce9fd5a9,TRADE_PROPOSAL,CANCELED,8,0,TRADE,16944.0,Devonta Freeman,8.0,9.0,2019-10-24
2019,8,66baf0d5-43fc-4bc6-b342-fe465d4eba58,,FREEAGENT,EXECUTED,8,0,ADD,2576623.0,DeVante Parker,0.0,8.0,2019-10-25
2019,8,d2f1e65b-bc39-4dfa-aaf4-180de6504b9c,683fbb0e-6ac6-44cc-be7b-fc5db714bac8,TRADE_DECLINE,EXECUTED,1,0,,,,,,2019-10-24
2019,8,ae24bcc2-755e-4cdc-bd65-b22a486b41f7,,ROSTER,EXECUTED,4,1,LINEUP,2580.0,Drew Brees,0.0,0.0,2019-10-22
2019,8,ae24bcc2-755e-4cdc-bd65-b22a486b41f7,,ROSTER,EXECUTED,4,1,DROP,4039359.0,Darrell Henderson Jr.,4.0,0.0,2019-10-22
2019,8,7f44e4c0-47dd-4809-b0a8-8799f023b93a,,ROSTER,EXECUTED,6,0,DROP,3123969.0,Ito Smith,6.0,0.0,2019-10-22
2019,8,02ce8133-9270-43c3-bcf8-c1fa2b220235,9fc0cdab-aff0-4d2d-9ec1-7835e3ec04d5,WAIVER,CANCELED,10,0,ADD,4038524.0,Gardner Minshew II,0.0,10.0,2019-10-22
2019,8,02ce8133-9270-43c3-bcf8-c1fa2b220235,9fc0cdab-aff0-4d2d-9ec1-7835e3ec04d5,WAIVER,CANCELED,10,0,DROP,16339.0,Brandon McManus,10.0,0.0,2019-10-22
2019,8,72c7d119-dcd8-42f4-b8da-7e539624fe05,00d6521a-08d3-4ca0-822a-f67c4609cac9,TRADE_PROPOSAL,CANCELED,10,0,TRADE,16733.0,Odell Beckham Jr.,12.0,10.0,2019-10-26
2019,8,72c7d119-dcd8-42f4-b8da-7e539624fe05,00d6521a-08d3-4ca0-822a-f67c4609cac9,TRADE_PROPOSAL,CANCELED,10,0,TRADE,3139605.0,Marlon Mack,10.0,12.0,2019-10-26
2019,8,2d53c535-40e4-4d38-a3c3-25b2bc328a22,dfff8158-3e6d-4e9e-bc0c-52fd22b6aaed,TRADE_DECLINE,EXECUTED,8,0,,,,,,2019-10-23
2019,8,2ea99a96-c3bd-4a9d-9752-4bc138ced42d,,FREEAGENT,EXECUTED,7,0,ADD,-16029.0,Panthers D/ST,0.0,7.0,2019-10-23
2019,8,2ea99a96-c3bd-4a9d-9752-4bc138ced42d,,FREEAGENT,EXECUTED,7,0,DROP,-16009.0,Packers D/ST,7.0,0.0,2019-10-23
2019,8,29745053-5437-43e3-ba4f-b28860714608,51dd27f8-261b-472e-b668-552170673024,TRADE_PROPOSAL,CANCELED,8,0,TRADE,3116593.0,Dalvin Cook,13.0,8.0,2019-10-23
2019,8,29745053-5437-43e3-ba4f-b28860714608,51dd27f8-261b-472e-b668-552170673024,TRADE_PROPOSAL,CANCELED,8,0,TRADE,3128429.0,Courtland Sutton,8.0,13.0,2019-10-23
2019,8,29745053-5437-43e3-ba4f-b28860714608,51dd27f8-261b-472e-b668-552170673024,TRADE_PROPOSAL,CANCELED,8,0,TRADE,16944.0,Devonta Freeman,8.0,13.0,2019-10-23
2019,8,6dff08a3-a35c-4437-a1bd-25e253d4e057,a8dcdeac-a2a2-450c-a150-a5f4be52d3f5,WAIVER,FAILED_INVALIDPLAYERSOURCE,7,22,ADD,3915411.0,Ty Johnson,0.0,7.0,2019-10-23
2019,8,6dff08a3-a35c-4437-a1bd-25e253d4e057,a8dcdeac-a2a2-450c-a150-a5f4be52d3f5,WAIVER,FAILED_INVALIDPLAYERSOURCE,7,22,DROP,-16009.0,Packers D/ST,7.0,0.0,2019-10-23
2019,8,3d856813-57a4-4dac-8d6f-1d0da6c313e9,,FREEAGENT,EXECUTED,10,0,ADD,2969939.0,Jameis Winston,0.0,10.0,2019-10-27
2019,8,3d856813-57a4-4dac-8d6f-1d0da6c313e9,,FREEAGENT,EXECUTED,10,0,DROP,16728.0,Teddy Bridgewater,10.0,0.0,2019-10-27
2019,8,dfff8158-3e6d-4e9e-bc0c-52fd22b6aaed,,TRADE_PROPOSAL,PENDING,10,0,TRADE,15818.0,Keenan Allen,8.0,10.0,2019-10-23
2019,8,dfff8158-3e6d-4e9e-bc0c-52fd22b6aaed,,TRADE_PROPOSAL,PENDING,10,0,TRADE,3116365.0,Mark Andrews,8.0,10.0,2019-10-23
2019,8,dfff8158-3e6d-4e9e-bc0c-52fd22b6aaed,,TRADE_PROPOSAL,PENDING,10,0,TRADE,3139605.0,Marlon Mack,10.0,8.0,2019-10-23
2019,8,dfff8158-3e6d-4e9e-bc0c-52fd22b6aaed,,TRADE_PROPOSAL,PENDING,10,0,TRADE,3121427.0,Curtis Samuel,10.0,8.0,2019-10-23
2019,8,4956ba39-7a7d-4bdf-ae0f-cf453f3dc3d8,cf412783-d41e-4f81-a0d0-66459ad579da,TRADE_DECLINE,EXECUTED,5,0,,,,,,2019-10-23
2019,8,1603f6f6-c0a5-4f7a-b1d1-5246f7c5522e,d496b4c9-f10c-493a-9d7a-cb0073ac8434,TRADE_PROPOSAL,CANCELED,6,0,TRADE,16800.0,Davante Adams,9.0,6.0,2019-10-25
2019,8,1603f6f6-c0a5-4f7a-b1d1-5246f7c5522e,d496b4c9-f10c-493a-9d7a-cb0073ac8434,TRADE_PROPOSAL,CANCELED,6,0,TRADE,12514.0,LeSean McCoy,6.0,9.0,2019-10-25
2019,8,872fba83-d9d5-414d-8d84-b3048bce102d,87369cf4-508c-4778-9fe8-c8988ae40fef,WAIVER,EXECUTED,4,3,ADD,-16011.0,Colts D/ST,0.0,4.0,2019-10-23
2019,8,872fba83-d9d5-414d-8d84-b3048bce102d,87369cf4-508c-4778-9fe8-c8988ae40fef,WAIVER,EXECUTED,4,3,DROP,-16034.0,Texans D/ST,4.0,0.0,2019-10-23
2019,8,cd95228e-0c45-4a7e-abae-84618f0edcb9,ad1c70d2-cf8c-4277-90c6-2c17f3d28376,TRADE_DECLINE,EXECUTED,13,0,,,,,,2019-10-24
2019,8,1deda2bc-63a8-4d5b-b891-ce3bacffe80c,51daefcc-ed06-47d6-818d-840885a491df,WAIVER,FAILED_INVALIDPLAYERSOURCE,1,2,ADD,2985659.0,Wil Lutz,0.0,1.0,2019-10-23
2019,8,1deda2bc-63a8-4d5b-b891-ce3bacffe80c,51daefcc-ed06-47d6-818d-840885a491df,WAIVER,FAILED_INVALIDPLAYERSOURCE,1,2,DROP,16486.0,Brett Maher,1.0,0.0,2019-10-23
2019,8,482f88b1-0fc5-4f00-a72b-db6a95b9a57a,51f9468f-5bb1-49b2-ad89-2c6c20554b5d,TRADE_DECLINE,EXECUTED,6,0,,,,,,2019-10-23
2019,8,465c5cac-68a4-4046-ad2f-58c4b2d60f54,,FREEAGENT,EXECUTED,8,0,ADD,3912550.0,Ronald Jones II,0.0,8.0,2019-10-25
2019,8,465c5cac-68a4-4046-ad2f-58c4b2d60f54,,FREEAGENT,EXECUTED,8,0,DROP,2576623.0,DeVante Parker,8.0,0.0,2019-10-25
2019,8,3a976819-fdba-4efa-bfd7-8c57df7b5648,07e63ac3-b0ac-4b36-a309-01f705afef4d,TRADE_PROPOSAL,CANCELED,8,0,TRADE,3042519.0,Aaron Jones,12.0,8.0,2019-10-24
2019,8,3a976819-fdba-4efa-bfd7-8c57df7b5648,07e63ac3-b0ac-4b36-a309-01f705afef4d,TRADE_PROPOSAL,CANCELED,8,0,TRADE,3115394.0,DJ Chark Jr.,12.0,8.0,2019-10-24
2019,8,3a976819-fdba-4efa-bfd7-8c57df7b5648,07e63ac3-b0ac-4b36-a309-01f705afef4d,TRADE_PROPOSAL,CANCELED,8,0,TRADE,16944.0,Devonta Freeman,8.0,12.0,2019-10-24
2019,8,3a976819-fdba-4efa-bfd7-8c57df7b5648,07e63ac3-b0ac-4b36-a309-01f705afef4d,TRADE_PROPOSAL,CANCELED,8,0,TRADE,15880.0,Robert Woods,8.0,12.0,2019-10-24
2019,8,799b2e0f-2945-4ad6-aedc-6a5df3e61c25,,FREEAGENT,EXECUTED,13,0,ADD,4047839.0,N'Keal Harry,0.0,13.0,2019-10-25
2019,8,799b2e0f-2945-4ad6-aedc-6a5df3e61c25,,FREEAGENT,EXECUTED,13,0,DROP,3116642.0,Reggie Bonnafon,13.0,0.0,2019-10-25
2019,8,038cdfb7-3025-40fb-9b26-b6d1a8137668,7af6592a-78f7-4888-8017-7ed2e9ac55e5,WAIVER,EXECUTED,2,35,ADD,3915411.0,Ty Johnson,0.0,2.0,2019-10-23
2019,8,038cdfb7-3025-40fb-9b26-b6d1a8137668,7af6592a-78f7-4888-8017-7ed2e9ac55e5,WAIVER,EXECUTED,2,35,DROP,-16021.0,Eagles D/ST,2.0,0.0,2019-10-23
2019,8,8499122c-ecf3-425a-ad17-0a6c970b5011,1eccb2fd-a177-4010-8c80-d14913f4e68e,WAIVER,EXECUTED,1,1,ADD,9354.0,Robbie Gould,0.0,1.0,2019-10-24
2019,8,8499122c-ecf3-425a-ad17-0a6c970b5011,1eccb2fd-a177-4010-8c80-d14913f4e68e,WAIVER,EXECUTED,1,1,DROP,16486.0,Brett Maher,1.0,0.0,2019-10-24
2019,8,ce0691a6-353b-4a17-ae5c-42d3f4da212c,04b7eaba-20bd-4d20-98ec-7d7203b7b0dd,WAIVER,EXECUTED,6,15,ADD,14880.0,Kirk Cousins,0.0,6.0,2019-10-23
2019,8,8fa6cf65-dc6d-438e-a9db-f6e3e9d64f4b,,FREEAGENT,EXECUTED,5,0,ADD,2576623.0,DeVante Parker,0.0,5.0,2019-10-26
2019,9,0bf0405a-91a9-4aca-b89c-67728e638112,,FREEAGENT,EXECUTED,8,0,ADD,11674.0,Danny Amendola,0.0,8.0,2019-10-30
2019,9,0bf0405a-91a9-4aca-b89c-67728e638112,,FREEAGENT,EXECUTED,8,0,DROP,3912550.0,Ronald Jones II,8.0,0.0,2019-10-30
2019,9,f65be327-9ae5-44fd-bcef-5119c6104a4c,,FREEAGENT,EXECUTED,6,0,ADD,2978109.0,Zach Pascal,0.0,6.0,2019-11-01
2019,9,f65be327-9ae5-44fd-bcef-5119c6104a4c,,FREEAGENT,EXECUTED,6,0,DROP,14880.0,Kirk Cousins,6.0,0.0,2019-11-01
2019,9,5185a64b-0343-4898-b0f4-2ca46a103607,,TRADE_PROPOSAL,PENDING,4,0,TRADE,3139605.0,Marlon Mack,10.0,4.0,2019-10-30
2019,9,5185a64b-0343-4898-b0f4-2ca46a103607,,TRADE_PROPOSAL,PENDING,4,0,TRADE,2580.0,Drew Brees,4.0,10.0,2019-10-30
2019,9,a00f83fa-d8f9-43bc-ad67-d3c71bb11232,c0166ea3-8438-493f-95aa-b1a4e256a873,WAIVER,EXECUTED,3,1,ADD,17372.0,Chris Boswell,0.0,3.0,2019-10-30
2019,9,a00f83fa-d8f9-43bc-ad67-d3c71bb11232,c0166ea3-8438-493f-95aa-b1a4e256a873,WAIVER,EXECUTED,3,1,DROP,3045127.0,Wayne Gallman,3.0,0.0,2019-10-30
2019,9,48e51de5-2632-420a-936f-cbf7269db0ec,,FREEAGENT,EXECUTED,10,0,ADD,-16007.0,Broncos D/ST,0.0,10.0,2019-10-30
2019,9,48e51de5-2632-420a-936f-cbf7269db0ec,,FREEAGENT,EXECUTED,10,0,DROP,-16030.0,Jaguars D/ST,10.0,0.0,2019-10-30
2019,9,b01be651-4ab0-4195-b12b-d5de55c7e50c,,ROSTER,EXECUTED,7,0,DROP,-16029.0,Panthers D/ST,7.0,0.0,2019-10-31
2019,9,ea344377-b6a6-4d04-8ec7-02cd4051aca8,,WAIVER,PENDING,10,3,ADD,-16033.0,Ravens D/ST,0.0,10.0,2019-11-04
2019,9,ea344377-b6a6-4d04-8ec7-02cd4051aca8,,WAIVER,PENDING,10,3,DROP,16757.0,Derek Carr,10.0,0.0,2019-11-04
2019,9,8d99948a-5dd4-4704-8733-d10d2213c6c4,,FREEAGENT,EXECUTED,4,0,ADD,-16021.0,Eagles D/ST,0.0,4.0,2019-10-30
2019,9,8d99948a-5dd4-4704-8733-d10d2213c6c4,,FREEAGENT,EXECUTED,4,0,DROP,-16011.0,Colts D/ST,4.0,0.0,2019-10-30
2019,9,f0d7d167-37d2-43e8-b211-58c195817500,f0c4f7d8-43bf-4eec-b8ad-36f4a3e91663,WAIVER,EXECUTED,1,5,ADD,3116721.0,Jaylen Samuels,0.0,1.0,2019-10-30
2019,9,f0d7d167-37d2-43e8-b211-58c195817500,f0c4f7d8-43bf-4eec-b8ad-36f4a3e91663,WAIVER,EXECUTED,1,5,DROP,3139925.0,Rashaad Penny,1.0,0.0,2019-10-30
2019,9,89821b0e-1bf7-4e1b-a8e8-9d2eaded8f08,,ROSTER,EXECUTED,5,0,DROP,4035072.0,Benny Snell Jr.,5.0,0.0,2019-10-31
2019,9,0a4a3777-012f-485c-8cb3-4ebb209b9f4f,9a35f0e4-a5c9-446e-b876-d74554e4fa06,WAIVER,CANCELED,1,0,ADD,3912550.0,Ronald Jones II,0.0,1.0,2019-11-05
2019,9,0a4a3777-012f-485c-8cb3-4ebb209b9f4f,9a35f0e4-a5c9-446e-b876-d74554e4fa06,WAIVER,CANCELED,1,0,DROP,3116721.0,Jaylen Samuels,1.0,0.0,2019-11-05
2019,9,549ea7de-edba-4cc9-bd44-335f1b22472e,458dbb88-ce3c-4c34-9e69-97e15f726821,WAIVER,CANCELED,8,0,ADD,3912550.0,Ronald Jones II,0.0,8.0,2019-11-05
2019,9,549ea7de-edba-4cc9-bd44-335f1b22472e,458dbb88-ce3c-4c34-9e69-97e15f726821,WAIVER,CANCELED,8,0,DROP,3121023.0,Dallas Goedert,8.0,0.0,2019-11-05
2019,9,a9fe204a-d427-4c82-904c-896eb1cc0b68,,FREEAGENT,EXECUTED,7,0,ADD,3054212.0,Jonnu Smith,0.0,7.0,2019-11-01
2019,9,a9fe204a-d427-4c82-904c-896eb1cc0b68,,FREEAGENT,EXECUTED,7,0,DROP,3051902.0,Peyton Barber,7.0,0.0,2019-11-01
2019,9,67da7632-6230-4595-9d36-1e7bb68352cc,a116a895-4e80-4d86-bbf5-67931ee52572,WAIVER,FAILED_INVALIDPLAYERSOURCE,10,2,ADD,-16006.0,Cowboys D/ST,0.0,10.0,2019-10-30
2019,9,67da7632-6230-4595-9d36-1e7bb68352cc,a116a895-4e80-4d86-bbf5-67931ee52572,WAIVER,FAILED_INVALIDPLAYERSOURCE,10,2,DROP,-16030.0,Jaguars D/ST,10.0,0.0,2019-10-30
2019,9,bb58d23d-35dd-48c8-be51-b026d7651066,,FREEAGENT,EXECUTED,5,0,ADD,2578533.0,Chris Conley,0.0,5.0,2019-11-03
2019,9,bb58d23d-35dd-48c8-be51-b026d7651066,,FREEAGENT,EXECUTED,5,0,DROP,3892889.0,Dede Westbrook,5.0,0.0,2019-11-03
2019,9,794b86df-393e-409b-8ca8-e354cadd2077,5185a64b-0343-4898-b0f4-2ca46a103607,TRADE_PROPOSAL,CANCELED,4,0,TRADE,3139605.0,Marlon Mack,10.0,4.0,2019-10-30
2019,9,794b86df-393e-409b-8ca8-e354cadd2077,5185a64b-0343-4898-b0f4-2ca46a103607,TRADE_PROPOSAL,CANCELED,4,0,TRADE,2580.0,Drew Brees,4.0,10.0,2019-10-30
2019,9,0952da9d-afda-4107-ace5-09ba0d590a56,76d2d5bb-0cbe-433d-8ed8-3b41b3e24083,TRADE_DECLINE,EXECUTED,10,0,,2580.0,Drew Brees,0.0,0.0,2019-10-30
2019,9,8825278a-83fe-45d4-91fc-ffcf4fd7964d,93a4a453-2b43-4939-b83d-f3ff4a2c44b6,WAIVER,EXECUTED,8,1,ADD,2473037.0,Jason Myers,0.0,8.0,2019-10-30
2019,9,8825278a-83fe-45d4-91fc-ffcf4fd7964d,93a4a453-2b43-4939-b83d-f3ff4a2c44b6,WAIVER,EXECUTED,8,1,DROP,2985659.0,Wil Lutz,8.0,0.0,2019-10-30
2019,9,a116a895-4e80-4d86-bbf5-67931ee52572,,WAIVER,PENDING,10,2,ADD,-16006.0,Cowboys D/ST,0.0,10.0,2019-10-29
2019,9,a116a895-4e80-4d86-bbf5-67931ee52572,,WAIVER,PENDING,10,2,DROP,-16030.0,Jaguars D/ST,10.0,0.0,2019-10-29
2019,9,6da03b8c-9a9c-4944-8d89-fb2738cec907,,FREEAGENT,EXECUTED,3,0,ADD,-16005.0,Browns D/ST,0.0,3.0,2019-10-30
2019,9,6da03b8c-9a9c-4944-8d89-fb2738cec907,,FREEAGENT,EXECUTED,3,0,DROP,4241372.0,Marquise Brown,3.0,0.0,2019-10-30
2019,9,cae2f335-fcbf-44f3-8522-05a1e7d854be,,FREEAGENT,EXECUTED,8,0,ADD,3123052.0,Michael Badgley,0.0,8.0,2019-11-01
2019,9,cae2f335-fcbf-44f3-8522-05a1e7d854be,,FREEAGENT,EXECUTED,8,0,DROP,2473037.0,Jason Myers,8.0,0.0,2019-11-01
2019,9,e2925f01-a94a-4c2c-8bf2-34b5ba638235,4b7a4da0-eefc-4739-aedf-131c45ee996f,WAIVER,EXECUTED,5,10,ADD,4035072.0,Benny Snell Jr.,0.0,5.0,2019-10-30
2019,9,0879eb15-37cb-40de-9aa5-22beab005b30,,ROSTER,EXECUTED,5,0,DROP,3918639.0,Gerald Everett,5.0,0.0,2019-10-29
2019,9,6af0405a-0dd6-44eb-99e6-4ddc0c8f4781,346b7b08-24b4-4d6e-8638-92e06ed3fc08,WAIVER,EXECUTED,10,3,ADD,16757.0,Derek Carr,0.0,10.0,2019-10-30
2019,9,6af0405a-0dd6-44eb-99e6-4ddc0c8f4781,346b7b08-24b4-4d6e-8638-92e06ed3fc08,WAIVER,EXECUTED,10,3,DROP,2570986.0,Malcolm Brown,10.0,0.0,2019-10-30
2019,9,76d2d5bb-0cbe-433d-8ed8-3b41b3e24083,,TRADE_PROPOSAL,PENDING,4,0,TRADE,16757.0,Derek Carr,10.0,4.0,2019-10-30
2019,9,76d2d5bb-0cbe-433d-8ed8-3b41b3e24083,,TRADE_PROPOSAL,PENDING,4,0,TRADE,3128720.0,Nick Chubb,10.0,4.0,2019-10-30
2019,9,76d2d5bb-0cbe-433d-8ed8-3b41b3e24083,,TRADE_PROPOSAL,PENDING,4,0,TRADE,2580.0,Drew Brees,4.0,10.0,2019-10-30
2019,9,76d2d5bb-0cbe-433d-8ed8-3b41b3e24083,,TRADE_PROPOSAL,PENDING,4,0,TRADE,2977644.0,Todd Gurley II,4.0,10.0,2019-10-30
2019,9,a4959559-7cea-41ac-8ea3-d4630aee0e9b,,FREEAGENT,EXECUTED,2,0,ADD,4527.0,Jason Witten,0.0,2.0,2019-11-01
2019,9,a4959559-7cea-41ac-8ea3-d4630aee0e9b,,FREEAGENT,EXECUTED,2,0,DROP,14054.0,Kyle Rudolph,2.0,0.0,2019-11-01
2019,9,5b74db73-d015-4a8c-bc75-b1891bf8491e,3962c3c2-ab61-4a85-a980-fd76f8f99969,WAIVER,EXECUTED,6,5,ADD,-16006.0,Cowboys D/ST,0.0,6.0,2019-10-30
2019,9,9c019c7c-123a-4712-acf4-6cf6cff4184d,0aa4f39f-8483-4a3b-91f7-b34e30a3859b,WAIVER,FAILED_INVALIDPLAYERSOURCE,3,1,ADD,-16006.0,Cowboys D/ST,0.0,3.0,2019-10-30
2019,9,9c019c7c-123a-4712-acf4-6cf6cff4184d,0aa4f39f-8483-4a3b-91f7-b34e30a3859b,WAIVER,FAILED_INVALIDPLAYERSOURCE,3,1,DROP,4241372.0,Marquise Brown,3.0,0.0,2019-10-30
2019,9,6e0cb3a7-7f88-47f2-80ef-572dcb8fc0e3,,FREEAGENT,EXECUTED,9,0,ADD,-16029.0,Panthers D/ST,0.0,9.0,2019-11-03
2019,9,6e0cb3a7-7f88-47f2-80ef-572dcb8fc0e3,,FREEAGENT,EXECUTED,9,0,DROP,-16014.0,Rams D/ST,9.0,0.0,2019-11-03
2019,9,c9e53cdf-b8cf-477e-8dcd-0c2a11e9784d,,FREEAGENT,EXECUTED,5,0,ADD,4241372.0,Marquise Brown,0.0,5.0,2019-11-03
2019,9,346b7b08-24b4-4d6e-8638-92e06ed3fc08,,WAIVER,PENDING,10,3,ADD,16757.0,Derek Carr,0.0,10.0,2019-10-29
2019,9,346b7b08-24b4-4d6e-8638-92e06ed3fc08,,WAIVER,PENDING,10,3,DROP,2570986.0,Malcolm Brown,10.0,0.0,2019-10-29
2019,9,f94b730a-5e17-4373-98f6-e13e621096ca,,ROSTER,EXECUTED,2,0,LINEUP,13983.0,A.J. Green,0.0,0.0,2019-11-01
2019,9,f94b730a-5e17-4373-98f6-e13e621096ca,,ROSTER,EXECUTED,2,0,DROP,3915411.0,Ty Johnson,2.0,0.0,2019-11-01
2019,9,fef3e1e9-eedf-4d52-88f4-27a909211799,605d2746-840d-4eba-b705-f2dcf85143d9,WAIVER,EXECUTED,4,4,ADD,3915411.0,Ty Johnson,0.0,4.0,2019-11-02
2019,9,fef3e1e9-eedf-4d52-88f4-27a909211799,605d2746-840d-4eba-b705-f2dcf85143d9,WAIVER,EXECUTED,4,4,DROP,3915823.0,Keke Coutee,4.0,0.0,2019-11-02
2019,9,8ed32734-bfe1-4879-b73f-7cc73ce55028,76d2d5bb-0cbe-433d-8ed8-3b41b3e24083,TRADE_PROPOSAL,CANCELED,4,0,TRADE,16757.0,Derek Carr,10.0,4.0,2019-10-30
2019,9,8ed32734-bfe1-4879-b73f-7cc73ce55028,76d2d5bb-0cbe-433d-8ed8-3b41b3e24083,TRADE_PROPOSAL,CANCELED,4,0,TRADE,3128720.0,Nick Chubb,10.0,4.0,2019-10-30
2019,9,8ed32734-bfe1-4879-b73f-7cc73ce55028,76d2d5bb-0cbe-433d-8ed8-3b41b3e24083,TRADE_PROPOSAL,CANCELED,4,0,TRADE,2580.0,Drew Brees,4.0,10.0,2019-10-30
2019,9,8ed32734-bfe1-4879-b73f-7cc73ce55028,76d2d5bb-0cbe-433d-8ed8-3b41b3e24083,TRADE_PROPOSAL,CANCELED,4,0,TRADE,2977644.0,Todd Gurley II,4.0,10.0,2019-10-30
2019,10,00b13a4a-b916-48dc-b7b3-742514186da4,ae94d525-d33b-4c92-aaa2-ab9f6409f004,WAIVER,FAILED_INVALIDPLAYERSOURCE,4,5,ADD,-16033.0,Ravens D/ST,0.0,4.0,2019-11-06
2019,10,00b13a4a-b916-48dc-b7b3-742514186da4,ae94d525-d33b-4c92-aaa2-ab9f6409f004,WAIVER,FAILED_INVALIDPLAYERSOURCE,4,5,DROP,-16021.0,Eagles D/ST,4.0,0.0,2019-11-06
2019,10,6b058f3b-105f-4105-b2e0-12ee77a7e9f7,915ce48f-ce3d-4dd0-8a05-3bf698a3e202,WAIVER,EXECUTED,7,8,ADD,3128774.0,Kalen Ballage,0.0,7.0,2019-11-06
2019,10,6b058f3b-105f-4105-b2e0-12ee77a7e9f7,915ce48f-ce3d-4dd0-8a05-3bf698a3e202,WAIVER,EXECUTED,7,8,DROP,2578570.0,Jacoby Brissett,7.0,0.0,2019-11-06
2019,10,a88923de-5620-4bcf-9516-c48691ffec5a,0a8ac8a1-3394-4932-b0c9-fb0fdc5c42b2,WAIVER,FAILED_INVALIDPLAYERSOURCE,8,7,ADD,3912550.0,Ronald Jones II,0.0,8.0,2019-11-06
2019,10,a88923de-5620-4bcf-9516-c48691ffec5a,0a8ac8a1-3394-4932-b0c9-fb0fdc5c42b2,WAIVER,FAILED_INVALIDPLAYERSOURCE,8,7,DROP,11674.0,Danny Amendola,8.0,0.0,2019-11-06
2019,10,c7bdb402-0457-4934-9fba-40136b497883,,FREEAGENT,EXECUTED,8,0,ADD,3843750.0,Derrius Guice,0.0,8.0,2019-11-06
2019,10,c7bdb402-0457-4934-9fba-40136b497883,,FREEAGENT,EXECUTED,8,0,DROP,11674.0,Danny Amendola,8.0,0.0,2019-11-06
2019,10,22e24b8c-3bbe-4003-ada5-7ce84b57c651,,FREEAGENT,EXECUTED,10,0,ADD,-16019.0,Giants D/ST,0.0,10.0,2019-11-06
2019,10,22e24b8c-3bbe-4003-ada5-7ce84b57c651,,FREEAGENT,EXECUTED,10,0,DROP,-16007.0,Broncos D/ST,10.0,0.0,2019-11-06
2019,10,36cb21f1-21f0-4098-97e8-0f5676e42c76,caa7c233-5c01-48b1-bc25-9d3f7f798163,WAIVER,CANCELED,8,0,ADD,14880.0,Kirk Cousins,0.0,8.0,2019-11-05
2019,10,36cb21f1-21f0-4098-97e8-0f5676e42c76,caa7c233-5c01-48b1-bc25-9d3f7f798163,WAIVER,CANCELED,8,0,DROP,11674.0,Danny Amendola,8.0,0.0,2019-11-05
2019,10,a8f2ac63-3ecd-464c-8c59-ed3cc09b57ec,4829aa06-21d7-468e-b5e9-815e94895872,WAIVER,EXECUTED,3,20,ADD,14880.0,Kirk Cousins,0.0,3.0,2019-11-06
2019,10,a8f2ac63-3ecd-464c-8c59-ed3cc09b57ec,4829aa06-21d7-468e-b5e9-815e94895872,WAIVER,EXECUTED,3,20,DROP,-16005.0,Browns D/ST,3.0,0.0,2019-11-06
2019,10,3fe1c8a8-4f02-45a8-a31f-27228530b8f3,2abc2b60-abb8-4a0d-9e0f-63e000997f66,WAIVER,CANCELED,8,0,ADD,14877.0,Nick Foles,0.0,8.0,2019-11-05
2019,10,3fe1c8a8-4f02-45a8-a31f-27228530b8f3,2abc2b60-abb8-4a0d-9e0f-63e000997f66,WAIVER,CANCELED,8,0,DROP,11674.0,Danny Amendola,8.0,0.0,2019-11-05
2019,10,a14fe76a-09e2-4993-a5f7-e4c00e8e425a,,FREEAGENT,EXECUTED,9,0,ADD,12477.0,Brian Hoyer,0.0,9.0,2019-11-10
2019,10,a14fe76a-09e2-4993-a5f7-e4c00e8e425a,,FREEAGENT,EXECUTED,9,0,DROP,4038524.0,Gardner Minshew II,9.0,0.0,2019-11-10
2019,10,f52a2d2d-4be9-4fab-a163-0df63eab13e2,3eb16916-9994-41be-be64-a31f73c06d06,WAIVER,EXECUTED,4,1,ADD,2985659.0,Wil Lutz,0.0,4.0,2019-11-06
2019,10,6b520d3e-e3df-4ac7-9e0d-8b4d11d5bcf8,c4663f5d-2431-4ed4-905a-7a01df9ac0fb,TRADE_ACCEPT,EXECUTED,8,0,TRADE,3139605.0,Marlon Mack,10.0,8.0,2019-11-05
2019,10,6b520d3e-e3df-4ac7-9e0d-8b4d11d5bcf8,c4663f5d-2431-4ed4-905a-7a01df9ac0fb,TRADE_ACCEPT,EXECUTED,8,0,TRADE,2969939.0,Jameis Winston,10.0,8.0,2019-11-05
2019,10,6b520d3e-e3df-4ac7-9e0d-8b4d11d5bcf8,c4663f5d-2431-4ed4-905a-7a01df9ac0fb,TRADE_ACCEPT,EXECUTED,8,0,TRADE,16944.0,Devonta Freeman,8.0,10.0,2019-11-05
2019,10,6b520d3e-e3df-4ac7-9e0d-8b4d11d5bcf8,c4663f5d-2431-4ed4-905a-7a01df9ac0fb,TRADE_ACCEPT,EXECUTED,8,0,TRADE,3128429.0,Courtland Sutton,8.0,10.0,2019-11-05
2019,10,5a1a8d26-9bbc-4285-8c6d-fdf9d9d053d7,,TRADE_PROPOSAL,PENDING,10,0,TRADE,16733.0,Odell Beckham Jr.,12.0,10.0,2019-11-08
2019,10,5a1a8d26-9bbc-4285-8c6d-fdf9d9d053d7,,TRADE_PROPOSAL,PENDING,10,0,TRADE,2979477.0,Tevin Coleman,10.0,12.0,2019-11-08
2019,10,b0bd37e3-2851-4a43-a595-fcb28db99a76,,FREEAGENT,EXECUTED,6,0,ADD,-16014.0,Rams D/ST,0.0,6.0,2019-11-07
2019,10,b0bd37e3-2851-4a43-a595-fcb28db99a76,,FREEAGENT,EXECUTED,6,0,DROP,-16006.0,Cowboys D/ST,6.0,0.0,2019-11-07
2019,10,3b5762a8-35e0-44b3-bcb5-564561c8f005,,TRADE_PROPOSAL,PENDING,10,0,TRADE,2577327.0,Tyler Lockett,9.0,10.0,2019-11-08
2019,10,3b5762a8-35e0-44b3-bcb5-564561c8f005,,TRADE_PROPOSAL,PENDING,10,0,TRADE,3128429.0,Courtland Sutton,10.0,9.0,2019-11-08
2019,10,3b5762a8-35e0-44b3-bcb5-564561c8f005,,TRADE_PROPOSAL,PENDING,10,0,TRADE,16944.0,Devonta Freeman,10.0,9.0,2019-11-08
2019,10,70c55bea-63d1-442d-bd76-0080ea9d1e29,04081286-931d-4146-ad6d-f4673bccbc46,WAIVER,FAILED_INVALIDPLAYERSOURCE,7,20,ADD,3912550.0,Ronald Jones II,0.0,7.0,2019-11-06
2019,10,70c55bea-63d1-442d-bd76-0080ea9d1e29,04081286-931d-4146-ad6d-f4673bccbc46,WAIVER,FAILED_INVALIDPLAYERSOURCE,7,20,DROP,3054212.0,Jonnu Smith,7.0,0.0,2019-11-06
2019,10,6b053751-c41f-4cb9-9e42-a51f9f424765,,FREEAGENT,EXECUTED,13,0,ADD,-16010.0,Titans D/ST,0.0,13.0,2019-11-10
2019,10,6b053751-c41f-4cb9-9e42-a51f9f424765,,FREEAGENT,EXECUTED,13,0,DROP,4035004.0,Mecole Hardman,13.0,0.0,2019-11-10
2019,10,c3c55080-f7a1-4812-bad4-27269f20d0ac,,WAIVER,PENDING,10,4,ADD,3918639.0,Gerald Everett,0.0,10.0,2019-11-05
2019,10,c3c55080-f7a1-4812-bad4-27269f20d0ac,,WAIVER,PENDING,10,4,DROP,11283.0,DeSean Jackson,10.0,0.0,2019-11-05
2019,10,ad94e02d-e0d9-42ac-b056-e46115b5125c,ea344377-b6a6-4d04-8ec7-02cd4051aca8,WAIVER,CANCELED,10,0,ADD,-16033.0,Ravens D/ST,0.0,10.0,2019-11-05
2019,10,ad94e02d-e0d9-42ac-b056-e46115b5125c,ea344377-b6a6-4d04-8ec7-02cd4051aca8,WAIVER,CANCELED,10,0,DROP,16757.0,Derek Carr,10.0,0.0,2019-11-05
2019,10,27fc4bad-fe8d-411e-8f63-119ddb88c767,,FREEAGENT,EXECUTED,7,0,ADD,14129.0,Bilal Powell,0.0,7.0,2019-11-06
2019,10,27fc4bad-fe8d-411e-8f63-119ddb88c767,,FREEAGENT,EXECUTED,7,0,DROP,3054212.0,Jonnu Smith,7.0,0.0,2019-11-06
2019,10,5d68340c-6aa4-43ef-92d0-b9a4807a600a,5a1a8d26-9bbc-4285-8c6d-fdf9d9d053d7,TRADE_PROPOSAL,CANCELED,10,0,TRADE,16733.0,Odell Beckham Jr.,12.0,10.0,2019-11-10
2019,10,5d68340c-6aa4-43ef-92d0-b9a4807a600a,5a1a8d26-9bbc-4285-8c6d-fdf9d9d053d7,TRADE_PROPOSAL,CANCELED,10,0,TRADE,2979477.0,Tevin Coleman,10.0,12.0,2019-11-10
2019,10,968b1c85-3808-4e57-9070-3a5fd2a54df3,,FREEAGENT,EXECUTED,4,0,ADD,-16016.0,Vikings D/ST,0.0,4.0,2019-11-08
2019,10,968b1c85-3808-4e57-9070-3a5fd2a54df3,,FREEAGENT,EXECUTED,4,0,DROP,-16021.0,Eagles D/ST,4.0,0.0,2019-11-08
2019,10,fca44f75-78d2-4fd7-90e2-973da2698ffc,c3c55080-f7a1-4812-bad4-27269f20d0ac,WAIVER,FAILED_INVALIDPLAYERSOURCE,10,4,ADD,3918639.0,Gerald Everett,0.0,10.0,2019-11-06
2019,10,fca44f75-78d2-4fd7-90e2-973da2698ffc,c3c55080-f7a1-4812-bad4-27269f20d0ac,WAIVER,FAILED_INVALIDPLAYERSOURCE,10,4,DROP,11283.0,DeSean Jackson,10.0,0.0,2019-11-06
2019,10,f3b0e935-f4bb-4346-aa88-98f373538781,,FREEAGENT,EXECUTED,10,0,ADD,3135321.0,Hunter Renfrow,0.0,10.0,2019-11-06
2019,10,f3b0e935-f4bb-4346-aa88-98f373538781,,FREEAGENT,EXECUTED,10,0,DROP,11283.0,DeSean Jackson,10.0,0.0,2019-11-06
2019,10,6df4ba21-d90f-4aea-8cb5-823e5e2dc5ba,,FREEAGENT,EXECUTED,13,0,ADD,3066158.0,Tarik Cohen,0.0,13.0,2019-11-10
2019,10,6df4ba21-d90f-4aea-8cb5-823e5e2dc5ba,,FREEAGENT,EXECUTED,13,0,DROP,4047839.0,N'Keal Harry,13.0,0.0,2019-11-10
2019,10,58fe4464-a016-4732-bcf2-8279b6105e81,a8ae4364-a5ee-4db5-a557-1e9fb633728f,WAIVER,EXECUTED,6,25,ADD,3912550.0,Ronald Jones II,0.0,6.0,2019-11-06
2019,10,58fe4464-a016-4732-bcf2-8279b6105e81,a8ae4364-a5ee-4db5-a557-1e9fb633728f,WAIVER,EXECUTED,6,25,DROP,3917846.0,Mark Walton,6.0,0.0,2019-11-06
2019,10,bb1ce342-8363-447c-abb1-7c411a472bd1,2e373752-2f43-447f-a88b-761055669e71,WAIVER,FAILED_INVALIDPLAYERSOURCE,6,2,ADD,-16033.0,Ravens D/ST,0.0,6.0,2019-11-06
2019,10,bb1ce342-8363-447c-abb1-7c411a472bd1,2e373752-2f43-447f-a88b-761055669e71,WAIVER,FAILED_INVALIDPLAYERSOURCE,6,2,DROP,-16006.0,Cowboys D/ST,6.0,0.0,2019-11-06
2019,10,cbd5a378-fbc7-4e03-80a1-d4184a3b5e4d,376abdb6-3911-45e6-a533-c2cfec53f83a,WAIVER,EXECUTED,2,15,ADD,-16033.0,Ravens D/ST,0.0,2.0,2019-11-06
2019,10,cbd5a378-fbc7-4e03-80a1-d4184a3b5e4d,376abdb6-3911-45e6-a533-c2cfec53f83a,WAIVER,EXECUTED,2,15,DROP,-16010.0,Titans D/ST,2.0,0.0,2019-11-06
2019,10,79c6339c-8b93-4853-bf3b-cad396366b9c,8128870f-041b-496f-8e84-578205f74226,WAIVER,FAILED_INVALIDPLAYERSOURCE,5,10,ADD,3912550.0,Ronald Jones II,0.0,5.0,2019-11-06
2019,10,c98583aa-1c5c-4ad0-8010-1be38a31614f,,ROSTER,EXECUTED,4,0,DROP,2971573.0,Ka'imi Fairbairn,4.0,0.0,2019-11-08
2019,10,8b9a7e0e-0afa-40f7-ab88-d4734caf608d,fcb8cb14-83d5-43f0-957b-728fb21faeb2,WAIVER,EXECUTED,7,1,ADD,3051926.0,Gus Edwards,0.0,7.0,2019-11-06
2019,10,8b9a7e0e-0afa-40f7-ab88-d4734caf608d,fcb8cb14-83d5-43f0-957b-728fb21faeb2,WAIVER,EXECUTED,7,1,DROP,3066158.0,Tarik Cohen,7.0,0.0,2019-11-06
2019,10,bd0b3983-0dc1-49fa-830a-0ad4759cdc05,54f411cd-ccec-4c6c-9935-3b0e4c6e722c,WAIVER,FAILED_INVALIDPLAYERSOURCE,13,12,ADD,3912550.0,Ronald Jones II,0.0,13.0,2019-11-06
2019,10,bd0b3983-0dc1-49fa-830a-0ad4759cdc05,54f411cd-ccec-4c6c-9935-3b0e4c6e722c,WAIVER,FAILED_INVALIDPLAYERSOURCE,13,12,DROP,4035004.0,Mecole Hardman,13.0,0.0,2019-11-06
2019,10,2c79cf6c-9fbe-4eeb-8635-48514e4495a9,164a5939-3f94-4eae-91c8-11ecb34240d7,WAIVER,EXECUTED,5,2,ADD,3054212.0,Jonnu Smith,0.0,5.0,2019-11-08
2019,10,2c79cf6c-9fbe-4eeb-8635-48514e4495a9,164a5939-3f94-4eae-91c8-11ecb34240d7,WAIVER,EXECUTED,5,2,DROP,15853.0,Vance McDonald,5.0,0.0,2019-11-08
2019,10,40a42383-6486-48c2-8c2f-34c80d9d1356,,ROSTER,EXECUTED,8,0,LINEUP,15705.0,Josh Gordon,0.0,0.0,2019-11-05
2019,10,40a42383-6486-48c2-8c2f-34c80d9d1356,,ROSTER,EXECUTED,8,0,DROP,3121023.0,Dallas Goedert,8.0,0.0,2019-11-05
2019,10,b0a4d240-3616-4f4d-a5a1-507a240a791d,3b5762a8-35e0-44b3-bcb5-564561c8f005,TRADE_PROPOSAL,CANCELED,10,0,TRADE,2577327.0,Tyler Lockett,9.0,10.0,2019-11-10
2019,10,b0a4d240-3616-4f4d-a5a1-507a240a791d,3b5762a8-35e0-44b3-bcb5-564561c8f005,TRADE_PROPOSAL,CANCELED,10,0,TRADE,3128429.0,Courtland Sutton,10.0,9.0,2019-11-10
2019,10,b0a4d240-3616-4f4d-a5a1-507a240a791d,3b5762a8-35e0-44b3-bcb5-564561c8f005,TRADE_PROPOSAL,CANCELED,10,0,TRADE,16944.0,Devonta Freeman,10.0,9.0,2019-11-10
2019,10,217a25cb-4148-4cbb-82ca-7080e5c9edf1,4add6bac-2293-4bc5-acfa-d67d77c97902,WAIVER,FAILED_INVALIDPLAYERSOURCE,10,4,ADD,-16011.0,Colts D/ST,0.0,10.0,2019-11-06
2019,10,217a25cb-4148-4cbb-82ca-7080e5c9edf1,4add6bac-2293-4bc5-acfa-d67d77c97902,WAIVER,FAILED_INVALIDPLAYERSOURCE,10,4,DROP,-16007.0,Broncos D/ST,10.0,0.0,2019-11-06
2019,10,d8ac2aca-23d2-4cec-84a4-34a88dd814d7,,FREEAGENT,EXECUTED,5,0,ADD,15853.0,Vance McDonald,0.0,5.0,2019-11-07
2019,10,7f4b645d-4344-48fc-8942-80c46770b91b,,FREEAGENT,EXECUTED,5,0,ADD,16486.0,Brett Maher,0.0,5.0,2019-11-06
2019,10,866f2721-36e8-4592-913d-d9ad222a86d3,af8b81b9-a762-4cfb-acf5-caff9f56768f,WAIVER,EXECUTED,5,2,ADD,3917792.0,Daniel Jones,0.0,5.0,2019-11-06
2019,10,866f2721-36e8-4592-913d-d9ad222a86d3,af8b81b9-a762-4cfb-acf5-caff9f56768f,WAIVER,EXECUTED,5,2,DROP,2998120.0,Josh Lambo,5.0,0.0,2019-11-06
2019,10,a2c91aa4-718e-43bb-bc61-5525b0a6b95a,,FREEAGENT,EXECUTED,1,0,ADD,17372.0,Chris Boswell,0.0,1.0,2019-11-07
2019,10,a2c91aa4-718e-43bb-bc61-5525b0a6b95a,,FREEAGENT,EXECUTED,1,0,DROP,9354.0,Robbie Gould,1.0,0.0,2019-11-07
2019,10,d17bc340-586f-43e9-b403-42a6fe5206a7,6af54a5f-f792-437d-adcf-dee4ff4867af,WAIVER,FAILED_INVALIDPLAYERSOURCE,1,10,ADD,3912550.0,Ronald Jones II,0.0,1.0,2019-11-06
2019,10,d17bc340-586f-43e9-b403-42a6fe5206a7,6af54a5f-f792-437d-adcf-dee4ff4867af,WAIVER,FAILED_INVALIDPLAYERSOURCE,1,10,DROP,3042778.0,Corey Davis,1.0,0.0,2019-11-06
2019,10,56e01904-37e1-47ae-a642-e838ea4e25ce,a27f8e07-1796-4c84-910d-943ab3b1af82,WAIVER,EXECUTED,8,6,ADD,-16011.0,Colts D/ST,0.0,8.0,2019-11-06
2019,10,56e01904-37e1-47ae-a642-e838ea4e25ce,a27f8e07-1796-4c84-910d-943ab3b1af82,WAIVER,EXECUTED,8,6,DROP,-16016.0,Vikings D/ST,8.0,0.0,2019-11-06
2019,10,2d2b6ad0-373b-45a4-8cd1-1d4ac6e4ed38,,ROSTER,EXECUTED,5,0,DROP,2578533.0,Chris Conley,5.0,0.0,2019-11-05
2019,10,07d632cf-4d7f-456c-964d-da6a3641f299,c4663f5d-2431-4ed4-905a-7a01df9ac0fb,TRADE_UPHOLD,EXECUTED,8,0,,,,,,2019-11-05
2019,10,618578e4-2302-4196-bf2c-503e4a2120b5,b2580a40-20dc-4073-bb5e-26daa0e61280,WAIVER,CANCELED,8,0,ADD,11674.0,Danny Amendola,0.0,8.0,2019-11-07
2019,10,c2e4389f-dfd0-4b6d-b46c-535232474126,,ROSTER,EXECUTED,5,0,DROP,8479.0,Frank Gore,5.0,0.0,2019-11-05
2019,10,f9ad7623-9a8a-401d-8b86-c5cb3e9ef793,c4663f5d-2431-4ed4-905a-7a01df9ac0fb,TRADE_ACCEPT,,10,0,,,,,,2019-11-05
2019,10,a49c6fcb-d44a-408a-94cb-37ee404f6e6d,a96d5288-5e86-410b-b2ca-11e804943cd1,WAIVER,FAILED_INVALIDPLAYERSOURCE,7,8,ADD,-16033.0,Ravens D/ST,0.0,7.0,2019-11-06
2019,10,a49c6fcb-d44a-408a-94cb-37ee404f6e6d,a96d5288-5e86-410b-b2ca-11e804943cd1,WAIVER,FAILED_INVALIDPLAYERSOURCE,7,8,DROP,-16020.0,Jets D/ST,7.0,0.0,2019-11-06
2019,10,544f86e8-5a82-4927-97c8-ea919aa22b92,,WAIVER,PENDING,10,4,ADD,-16033.0,Ravens D/ST,0.0,10.0,2019-11-05
2019,10,544f86e8-5a82-4927-97c8-ea919aa22b92,,WAIVER,PENDING,10,4,DROP,-16007.0,Broncos D/ST,10.0,0.0,2019-11-05
2019,10,4bcd167b-0113-4a17-9836-b4eea71232aa,,FREEAGENT,EXECUTED,10,0,ADD,16732.0,Eric Ebron,0.0,10.0,2019-11-06
2019,10,4bcd167b-0113-4a17-9836-b4eea71232aa,,FREEAGENT,EXECUTED,10,0,DROP,16757.0,Derek Carr,10.0,0.0,2019-11-06
2019,10,0c681a2a-4009-4021-8940-72d5eb3acaa2,,FREEAGENT,EXECUTED,5,0,ADD,3115306.0,Josh Reynolds,0.0,5.0,2019-11-07
2019,10,0c681a2a-4009-4021-8940-72d5eb3acaa2,,FREEAGENT,EXECUTED,5,0,DROP,16731.0,Brandin Cooks,5.0,0.0,2019-11-07
2019,10,507dd91d-13b6-4844-8350-fbd0bb3129d8,,FREEAGENT,EXECUTED,9,0,ADD,2572861.0,J.D. McKissic,0.0,9.0,2019-11-10
2019,10,507dd91d-13b6-4844-8350-fbd0bb3129d8,,FREEAGENT,EXECUTED,9,0,DROP,9761.0,Delanie Walker,9.0,0.0,2019-11-10
2019,10,4add6bac-2293-4bc5-acfa-d67d77c97902,,WAIVER,PENDING,10,4,ADD,-16011.0,Colts D/ST,0.0,10.0,2019-11-05
2019,10,4add6bac-2293-4bc5-acfa-d67d77c97902,,WAIVER,PENDING,10,4,DROP,-16007.0,Broncos D/ST,10.0,0.0,2019-11-05
2019,10,4a7c94d8-d85b-4965-afd5-70a45a764790,544f86e8-5a82-4927-97c8-ea919aa22b92,WAIVER,FAILED_INVALIDPLAYERSOURCE,10,4,ADD,-16033.0,Ravens D/ST,0.0,10.0,2019-11-06
2019,10,4a7c94d8-d85b-4965-afd5-70a45a764790,544f86e8-5a82-4927-97c8-ea919aa22b92,WAIVER,FAILED_INVALIDPLAYERSOURCE,10,4,DROP,-16007.0,Broncos D/ST,10.0,0.0,2019-11-06
2019,10,99ded088-2c5a-4c7c-a501-b16113dde8b8,6d13f536-e4d9-405a-88b8-9274ec05be7d,WAIVER,EXECUTED,3,5,ADD,3918639.0,Gerald Everett,0.0,3.0,2019-11-06
2019,10,99ded088-2c5a-4c7c-a501-b16113dde8b8,6d13f536-e4d9-405a-88b8-9274ec05be7d,WAIVER,EXECUTED,3,5,DROP,17372.0,Chris Boswell,3.0,0.0,2019-11-06
2019,10,c4663f5d-2431-4ed4-905a-7a01df9ac0fb,,TRADE_PROPOSAL,PENDING,8,0,TRADE,3139605.0,Marlon Mack,10.0,8.0,2019-11-05
2019,10,c4663f5d-2431-4ed4-905a-7a01df9ac0fb,,TRADE_PROPOSAL,PENDING,8,0,TRADE,2969939.0,Jameis Winston,10.0,8.0,2019-11-05
2019,10,c4663f5d-2431-4ed4-905a-7a01df9ac0fb,,TRADE_PROPOSAL,PENDING,8,0,TRADE,16944.0,Devonta Freeman,8.0,10.0,2019-11-05
2019,10,c4663f5d-2431-4ed4-905a-7a01df9ac0fb,,TRADE_PROPOSAL,PENDING,8,0,TRADE,3128429.0,Courtland Sutton,8.0,10.0,2019-11-05
2019,11,6784ac9e-6bfc-49e5-b3f9-44d366a795d9,785a0863-9214-430f-8713-fe600d82d400,WAIVER,FAILED_INVALIDPLAYERSOURCE,2,1,ADD,16757.0,Derek Carr,0.0,2.0,2019-11-13
2019,11,6784ac9e-6bfc-49e5-b3f9-44d366a795d9,785a0863-9214-430f-8713-fe600d82d400,WAIVER,FAILED_INVALIDPLAYERSOURCE,2,1,DROP,5529.0,Philip Rivers,2.0,0.0,2019-11-13
2019,11,cd49fd82-9417-4fec-a502-5707007983c6,,FREEAGENT,EXECUTED,7,0,ADD,3121023.0,Dallas Goedert,0.0,7.0,2019-11-15
2019,11,11c882e2-78c9-40b6-a074-cf088099b7e4,20612270-acdf-4843-84e2-dd24d4d4e3cb,WAIVER,FAILED_INVALIDPLAYERSOURCE,5,1,ADD,2998120.0,Josh Lambo,0.0,5.0,2019-11-13
2019,11,11c882e2-78c9-40b6-a074-cf088099b7e4,20612270-acdf-4843-84e2-dd24d4d4e3cb,WAIVER,FAILED_INVALIDPLAYERSOURCE,5,1,DROP,16486.0,Brett Maher,5.0,0.0,2019-11-13
2019,11,20fc2216-ad31-4182-80e1-a57dddca1cdb,,FREEAGENT,EXECUTED,8,0,ADD,3052876.0,Will Fuller V,0.0,8.0,2019-11-13
2019,11,20fc2216-ad31-4182-80e1-a57dddca1cdb,,FREEAGENT,EXECUTED,8,0,DROP,2969939.0,Jameis Winston,8.0,0.0,2019-11-13
2019,11,5b0fbb89-fe4f-4218-afaa-103a82e448bc,,ROSTER,EXECUTED,5,0,DROP,3917792.0,Daniel Jones,5.0,0.0,2019-11-12
2019,11,a7b48331-2829-493b-b6e8-9fe0593320e4,72ed6c48-4ff1-4c95-b314-8f850ecb2fae,TRADE_PROPOSAL,CANCELED,10,0,TRADE,12537.0,Jared Cook,4.0,10.0,2019-11-14
2019,11,a7b48331-2829-493b-b6e8-9fe0593320e4,72ed6c48-4ff1-4c95-b314-8f850ecb2fae,TRADE_PROPOSAL,CANCELED,10,0,TRADE,15773.0,Darren Fells,10.0,4.0,2019-11-14
2019,11,a7b48331-2829-493b-b6e8-9fe0593320e4,72ed6c48-4ff1-4c95-b314-8f850ecb2fae,TRADE_PROPOSAL,CANCELED,10,0,TRADE,15349.0,Cole Beasley,10.0,4.0,2019-11-14
2019,11,6c2d3c72-c40f-4397-994a-e8e1066458d1,,FREEAGENT,EXECUTED,6,0,ADD,2576414.0,Raheem Mostert,0.0,6.0,2019-11-17
2019,11,6c2d3c72-c40f-4397-994a-e8e1066458d1,,FREEAGENT,EXECUTED,6,0,DROP,12514.0,LeSean McCoy,6.0,0.0,2019-11-17
2019,11,0c6322f2-da00-47b8-9bc5-10574c7283ba,,FREEAGENT,EXECUTED,9,0,ADD,3126486.0,Deebo Samuel,0.0,9.0,2019-11-14
2019,11,0c6322f2-da00-47b8-9bc5-10574c7283ba,,FREEAGENT,EXECUTED,9,0,DROP,3115913.0,Geronimo Allison,9.0,0.0,2019-11-14
2019,11,2bb1a741-11f5-449d-a24a-320f26fbdcda,e8df994e-c1af-400b-a29c-d3e333e1ef62,WAIVER,FAILED_INVALIDPLAYERSOURCE,5,14,ADD,3125403.0,Brian Hill,0.0,5.0,2019-11-13
2019,11,2bb1a741-11f5-449d-a24a-320f26fbdcda,e8df994e-c1af-400b-a29c-d3e333e1ef62,WAIVER,FAILED_INVALIDPLAYERSOURCE,5,14,DROP,3115306.0,Josh Reynolds,5.0,0.0,2019-11-13
2019,11,3d3d21c4-a295-47ea-b1e0-538580398ee2,,FREEAGENT,EXECUTED,2,0,ADD,3052587.0,Baker Mayfield,0.0,2.0,2019-11-13
2019,11,3d3d21c4-a295-47ea-b1e0-538580398ee2,,FREEAGENT,EXECUTED,2,0,DROP,5529.0,Philip Rivers,2.0,0.0,2019-11-13
2019,11,bfe954df-1e51-4889-a1d1-9627797b637a,,FREEAGENT,EXECUTED,5,0,ADD,3122976.0,Jeff Wilson Jr.,0.0,5.0,2019-11-17
2019,11,b7f1de0f-2b86-4533-88ad-e2b8b52f55b6,,FREEAGENT,EXECUTED,10,0,ADD,-16030.0,Jaguars D/ST,0.0,10.0,2019-11-14
2019,11,b7f1de0f-2b86-4533-88ad-e2b8b52f55b6,,FREEAGENT,EXECUTED,10,0,DROP,-16019.0,Giants D/ST,10.0,0.0,2019-11-14
2019,11,ea2b3791-a6c1-407b-83ad-b715bfc5169e,ec5c32b5-4454-4528-9b9d-2fb41cecf990,WAIVER,CANCELED,8,0,ADD,3125403.0,Brian Hill,0.0,8.0,2019-11-12
2019,11,ea2b3791-a6c1-407b-83ad-b715bfc5169e,ec5c32b5-4454-4528-9b9d-2fb41cecf990,WAIVER,CANCELED,8,0,DROP,2969939.0,Jameis Winston,8.0,0.0,2019-11-12
2019,11,30a08c2a-a496-45c4-a70b-696a1daa19c9,72ed6c48-4ff1-4c95-b314-8f850ecb2fae,TRADE_DECLINE,EXECUTED,4,0,,,,,,2019-11-14
2019,11,de93fedb-3cca-4421-9d58-151833517e71,,TRADE_PROPOSAL,PENDING,10,0,TRADE,3052117.0,Phillip Lindsay,12.0,10.0,2019-11-12
2019,11,de93fedb-3cca-4421-9d58-151833517e71,,TRADE_PROPOSAL,PENDING,10,0,TRADE,2979477.0,Tevin Coleman,10.0,12.0,2019-11-12
2019,11,de93fedb-3cca-4421-9d58-151833517e71,,TRADE_PROPOSAL,PENDING,10,0,TRADE,15349.0,Cole Beasley,10.0,12.0,2019-11-12
2019,11,c878e42e-99cf-4659-a91c-acdcf249666d,,FREEAGENT,EXECUTED,9,0,ADD,16760.0,Jimmy Garoppolo,0.0,9.0,2019-11-14
2019,11,c878e42e-99cf-4659-a91c-acdcf249666d,,FREEAGENT,EXECUTED,9,0,DROP,12477.0,Brian Hoyer,9.0,0.0,2019-11-14
2019,11,88a7f0bf-87ef-47ed-b21a-17e90e2cea15,,FREEAGENT,EXECUTED,4,0,ADD,3892889.0,Dede Westbrook,0.0,4.0,2019-11-16
2019,11,77e55f22-4882-405c-935e-1acbefe8356c,3f5efe00-df8b-41ee-93ca-09295ff6134b,WAIVER,EXECUTED,13,33,ADD,3125403.0,Brian Hill,0.0,13.0,2019-11-13
2019,11,77e55f22-4882-405c-935e-1acbefe8356c,3f5efe00-df8b-41ee-93ca-09295ff6134b,WAIVER,EXECUTED,13,33,DROP,3123050.0,Chris Herndon,13.0,0.0,2019-11-13
2019,11,f846970b-cb69-4797-b1b9-d6e90e546edd,b410cc27-4d2f-4bdf-92d7-db49b995eb5f,WAIVER,FAILED_INVALIDPLAYERSOURCE,1,30,ADD,3125403.0,Brian Hill,0.0,1.0,2019-11-13
2019,11,f846970b-cb69-4797-b1b9-d6e90e546edd,b410cc27-4d2f-4bdf-92d7-db49b995eb5f,WAIVER,FAILED_INVALIDPLAYERSOURCE,1,30,DROP,3116721.0,Jaylen Samuels,1.0,0.0,2019-11-13
2019,11,d85abeb3-0494-42fb-bd28-25ce0352ca1d,5ba3fc1d-ed5a-47d9-b42b-f80b204cea7e,WAIVER,FAILED_INVALIDPLAYERSOURCE,5,1,ADD,16504.0,Jack Doyle,0.0,5.0,2019-11-13
2019,11,d85abeb3-0494-42fb-bd28-25ce0352ca1d,5ba3fc1d-ed5a-47d9-b42b-f80b204cea7e,WAIVER,FAILED_INVALIDPLAYERSOURCE,5,1,DROP,3115306.0,Josh Reynolds,5.0,0.0,2019-11-13
2019,11,72ed6c48-4ff1-4c95-b314-8f850ecb2fae,,TRADE_PROPOSAL,PENDING,10,0,TRADE,12537.0,Jared Cook,4.0,10.0,2019-11-14
2019,11,72ed6c48-4ff1-4c95-b314-8f850ecb2fae,,TRADE_PROPOSAL,PENDING,10,0,TRADE,15773.0,Darren Fells,10.0,4.0,2019-11-14
2019,11,72ed6c48-4ff1-4c95-b314-8f850ecb2fae,,TRADE_PROPOSAL,PENDING,10,0,TRADE,15349.0,Cole Beasley,10.0,4.0,2019-11-14
2019,11,d15884ec-7625-4b74-bb46-bc6710d87829,383348a2-c4d4-4a7e-b81e-df58c7ce5746,WAIVER,EXECUTED,5,19,ADD,2969939.0,Jameis Winston,0.0,5.0,2019-11-15
2019,11,d15884ec-7625-4b74-bb46-bc6710d87829,383348a2-c4d4-4a7e-b81e-df58c7ce5746,WAIVER,EXECUTED,5,19,DROP,3115306.0,Josh Reynolds,5.0,0.0,2019-11-15
2019,11,62f8e559-58ad-4a6b-8a2f-4656447b24d7,5fda207a-b4f9-458f-b546-c2bbb40d8092,WAIVER,EXECUTED,1,5,ADD,16757.0,Derek Carr,0.0,1.0,2019-11-13
2019,11,62f8e559-58ad-4a6b-8a2f-4656447b24d7,5fda207a-b4f9-458f-b546-c2bbb40d8092,WAIVER,EXECUTED,1,5,DROP,3042778.0,Corey Davis,1.0,0.0,2019-11-13
2019,11,83f48598-c007-4c68-9720-39cd434216fe,,FREEAGENT,EXECUTED,8,0,ADD,-16013.0,Raiders D/ST,0.0,8.0,2019-11-13
2019,11,83f48598-c007-4c68-9720-39cd434216fe,,FREEAGENT,EXECUTED,8,0,DROP,-16011.0,Colts D/ST,8.0,0.0,2019-11-13
2019,11,c6144292-f17c-43d6-82c5-907077f80673,d87352fb-254d-43f1-98e0-930625072b64,WAIVER,EXECUTED,6,2,ADD,2998120.0,Josh Lambo,0.0,6.0,2019-11-13
2019,11,c6144292-f17c-43d6-82c5-907077f80673,d87352fb-254d-43f1-98e0-930625072b64,WAIVER,EXECUTED,6,2,DROP,10636.0,Mason Crosby,6.0,0.0,2019-11-13
2019,11,ea3d66da-7d57-46b5-ab1f-74aabb3da5a8,,ROSTER,EXECUTED,5,0,DROP,3054212.0,Jonnu Smith,5.0,0.0,2019-11-12
2019,11,7fce59cd-38ee-43b0-8a78-ad93e08b639c,,FREEAGENT,EXECUTED,3,0,ADD,5529.0,Philip Rivers,0.0,3.0,2019-11-16
2019,11,87dfecfa-56c9-49ee-81d4-5da492d8a709,846066cc-8303-4da3-a7dc-345736c62a32,WAIVER,FAILED_PLAYERALREADYDROPPED,1,5,ADD,16760.0,Jimmy Garoppolo,0.0,1.0,2019-11-13
2019,11,87dfecfa-56c9-49ee-81d4-5da492d8a709,846066cc-8303-4da3-a7dc-345736c62a32,WAIVER,FAILED_PLAYERALREADYDROPPED,1,5,DROP,3042778.0,Corey Davis,1.0,0.0,2019-11-13
2019,11,a3de1530-dadb-4fe1-941a-efe2f30fea03,,FREEAGENT,EXECUTED,5,0,ADD,4036131.0,Noah Fant,0.0,5.0,2019-11-13
2019,11,f7670256-0a32-4bf0-a3b4-4f33967c51e0,ba59c769-a781-4e9e-bff6-ecf92e936ff0,WAIVER,EXECUTED,6,7,ADD,16504.0,Jack Doyle,0.0,6.0,2019-11-13
2019,11,f7670256-0a32-4bf0-a3b4-4f33967c51e0,ba59c769-a781-4e9e-bff6-ecf92e936ff0,WAIVER,EXECUTED,6,7,DROP,4047646.0,A.J. Brown,6.0,0.0,2019-11-13
2019,11,d9263846-113b-4351-8723-8bde120cdcd3,7af7ec72-9410-4a47-957d-3194bcf4d2f8,WAIVER,FAILED_INVALIDPLAYERSOURCE,6,8,ADD,3125403.0,Brian Hill,0.0,6.0,2019-11-13
2019,11,d9263846-113b-4351-8723-8bde120cdcd3,7af7ec72-9410-4a47-957d-3194bcf4d2f8,WAIVER,FAILED_INVALIDPLAYERSOURCE,6,8,DROP,12514.0,LeSean McCoy,6.0,0.0,2019-11-13
2019,11,e655dcd1-d8c2-4aa2-af09-29ec1263e6d4,de93fedb-3cca-4421-9d58-151833517e71,TRADE_PROPOSAL,CANCELED,10,0,TRADE,3052117.0,Phillip Lindsay,12.0,10.0,2019-11-14
2019,11,e655dcd1-d8c2-4aa2-af09-29ec1263e6d4,de93fedb-3cca-4421-9d58-151833517e71,TRADE_PROPOSAL,CANCELED,10,0,TRADE,2979477.0,Tevin Coleman,10.0,12.0,2019-11-14
2019,11,e655dcd1-d8c2-4aa2-af09-29ec1263e6d4,de93fedb-3cca-4421-9d58-151833517e71,TRADE_PROPOSAL,CANCELED,10,0,TRADE,15349.0,Cole Beasley,10.0,12.0,2019-11-14
2019,12,2781fbc5-89c3-40d8-bbd3-f9d129c6f310,,FREEAGENT,EXECUTED,5,0,ADD,3126367.0,Bo Scarbrough,0.0,5.0,2019-11-20
2019,12,2781fbc5-89c3-40d8-bbd3-f9d129c6f310,,FREEAGENT,EXECUTED,5,0,DROP,4036131.0,Noah Fant,5.0,0.0,2019-11-20
2019,12,d07e5bf5-7f60-4649-8633-16b86d2e9b90,c98045f6-cec1-4980-a80c-8aceb59c3e7b,WAIVER,EXECUTED,8,2,ADD,3049899.0,Younghoe Koo,0.0,8.0,2019-11-20
2019,12,6bff1c01-5bc8-4b57-9c19-5e37903d3874,,FREEAGENT,EXECUTED,9,0,ADD,2574630.0,Jeff Driskel,0.0,9.0,2019-11-24
2019,12,6bff1c01-5bc8-4b57-9c19-5e37903d3874,,FREEAGENT,EXECUTED,9,0,DROP,16760.0,Jimmy Garoppolo,9.0,0.0,2019-11-24
2019,12,42fd6a18-1311-4625-8699-c7959f4c8218,,FREEAGENT,EXECUTED,5,0,ADD,4035072.0,Benny Snell Jr.,0.0,5.0,2019-11-23
2019,12,42fd6a18-1311-4625-8699-c7959f4c8218,,FREEAGENT,EXECUTED,5,0,DROP,3120303.0,Ross Dwelley,5.0,0.0,2019-11-23
2019,12,e64187d6-6ad4-49df-802e-217f43c5881a,,WAIVER,PENDING,10,6,ADD,-16021.0,Eagles D/ST,0.0,10.0,2019-11-25
2019,12,e64187d6-6ad4-49df-802e-217f43c5881a,,WAIVER,PENDING,10,6,DROP,-16030.0,Jaguars D/ST,10.0,0.0,2019-11-25
2019,12,e1cc0987-ae9c-4419-8a88-4d7b35aa9700,97b7dcd3-9993-4465-b204-fddec9305b1f,WAIVER,EXECUTED,8,11,ADD,16757.0,Derek Carr,0.0,8.0,2019-11-23
2019,12,e1cc0987-ae9c-4419-8a88-4d7b35aa9700,97b7dcd3-9993-4465-b204-fddec9305b1f,WAIVER,EXECUTED,8,11,DROP,3123052.0,Michael Badgley,8.0,0.0,2019-11-23
2019,12,9f78cf98-ff93-41bd-a5e8-2fe568277a58,,FREEAGENT,EXECUTED,6,0,ADD,15887.0,Ryan Griffin,0.0,6.0,2019-11-20
2019,12,9f78cf98-ff93-41bd-a5e8-2fe568277a58,,FREEAGENT,EXECUTED,6,0,DROP,16504.0,Jack Doyle,6.0,0.0,2019-11-20
2019,12,932c8d3c-af97-4089-a621-6fa25fd19312,4f2eed37-8d57-4e2a-9fc7-c0ecd4d1bebe,WAIVER,CANCELED,8,0,ADD,3049899.0,Younghoe Koo,0.0,8.0,2019-11-19
2019,12,932c8d3c-af97-4089-a621-6fa25fd19312,4f2eed37-8d57-4e2a-9fc7-c0ecd4d1bebe,WAIVER,CANCELED,8,0,DROP,3123052.0,Michael Badgley,8.0,0.0,2019-11-19
2019,12,eabd9a12-780f-40f8-a979-f89f677023e5,baf4b277-1994-4198-a2b2-c0807f15fe30,WAIVER,EXECUTED,1,1,ADD,-16016.0,Vikings D/ST,0.0,1.0,2019-11-22
2019,12,eabd9a12-780f-40f8-a979-f89f677023e5,baf4b277-1994-4198-a2b2-c0807f15fe30,WAIVER,EXECUTED,1,1,DROP,16757.0,Derek Carr,1.0,0.0,2019-11-22
2019,12,a0bec64d-54ae-45c2-89ae-69f5639b95df,,FREEAGENT,EXECUTED,7,0,ADD,3821683.0,Austin Seibert,0.0,7.0,2019-11-20
2019,12,a0bec64d-54ae-45c2-89ae-69f5639b95df,,FREEAGENT,EXECUTED,7,0,DROP,3124084.0,Joey Slye,7.0,0.0,2019-11-20
2019,12,5e4a906b-937a-4206-8c16-077ed639a6fa,,FREEAGENT,EXECUTED,13,0,ADD,15853.0,Vance McDonald,0.0,13.0,2019-11-24
2019,12,5e4a906b-937a-4206-8c16-077ed639a6fa,,FREEAGENT,EXECUTED,13,0,DROP,15966.0,Chris Thompson,13.0,0.0,2019-11-24
2019,12,96a97306-90de-49d3-9874-7c4ce5872b48,e7b0ab10-d978-456e-9abc-1f324843e37d,WAIVER,EXECUTED,7,25,ADD,16731.0,Brandin Cooks,0.0,7.0,2019-11-20
2019,12,96a97306-90de-49d3-9874-7c4ce5872b48,e7b0ab10-d978-456e-9abc-1f324843e37d,WAIVER,EXECUTED,7,25,DROP,3921564.0,Auden Tate,7.0,0.0,2019-11-20
2019,12,479dedd9-5c24-4b7e-9eaa-7cb9f84efab8,,FREEAGENT,EXECUTED,3,0,ADD,2969939.0,Jameis Winston,0.0,3.0,2019-11-23
2019,12,479dedd9-5c24-4b7e-9eaa-7cb9f84efab8,,FREEAGENT,EXECUTED,3,0,DROP,2574808.0,Robby Anderson,3.0,0.0,2019-11-23
2019,12,dd20535e-905b-4c4e-8179-c7ab294c6928,,FREEAGENT,EXECUTED,9,0,ADD,10621.0,Nick Folk,0.0,9.0,2019-11-24
2019,12,dd20535e-905b-4c4e-8179-c7ab294c6928,,FREEAGENT,EXECUTED,9,0,DROP,2572861.0,J.D. McKissic,9.0,0.0,2019-11-24
2019,12,7acaff90-4931-4ce9-81cb-867b16e05ba7,,FREEAGENT,EXECUTED,3,0,ADD,2573300.0,Jay Ajayi,0.0,3.0,2019-11-24
2019,12,7acaff90-4931-4ce9-81cb-867b16e05ba7,,FREEAGENT,EXECUTED,3,0,DROP,14922.0,Mohamed Sanu Sr.,3.0,0.0,2019-11-24
2019,12,defbf029-f04d-42d9-abab-ed51d01f2df6,7a11715f-b90f-4124-bbc4-93a5679d4067,WAIVER,EXECUTED,3,4,ADD,2578570.0,Jacoby Brissett,0.0,3.0,2019-11-20
2019,12,defbf029-f04d-42d9-abab-ed51d01f2df6,7a11715f-b90f-4124-bbc4-93a5679d4067,WAIVER,EXECUTED,3,4,DROP,5529.0,Philip Rivers,3.0,0.0,2019-11-20
2019,12,17d33795-b754-4b47-83ee-abbe9ea50c4b,,FREEAGENT,EXECUTED,4,0,ADD,-16008.0,Lions D/ST,0.0,4.0,2019-11-20
2019,12,17d33795-b754-4b47-83ee-abbe9ea50c4b,,FREEAGENT,EXECUTED,4,0,DROP,-16016.0,Vikings D/ST,4.0,0.0,2019-11-20
2019,12,144e4201-d680-4246-96e5-2f4254ade25a,,FREEAGENT,EXECUTED,5,0,ADD,3120303.0,Ross Dwelley,0.0,5.0,2019-11-22
2019,12,76c68ab8-2041-4348-b14c-aa42a3946626,,ROSTER,EXECUTED,5,0,DROP,3122976.0,Jeff Wilson Jr.,5.0,0.0,2019-11-20
2019,12,fafc4710-3dd3-4402-97bc-d35ddddc59ee,,FREEAGENT,EXECUTED,6,0,ADD,2578533.0,Chris Conley,0.0,6.0,2019-11-20
2019,12,fafc4710-3dd3-4402-97bc-d35ddddc59ee,,FREEAGENT,EXECUTED,6,0,DROP,2576414.0,Raheem Mostert,6.0,0.0,2019-11-20
2019,12,dc706d2e-171e-405b-bfcc-72a351df107b,,ROSTER,EXECUTED,4,0,LINEUP,3119195.0,Chase Edmonds,0.0,0.0,2019-11-20
2019,12,dc706d2e-171e-405b-bfcc-72a351df107b,,ROSTER,EXECUTED,4,0,DROP,3915411.0,Ty Johnson,4.0,0.0,2019-11-20
2019,12,86753cb9-e430-4072-8301-a81a9f34374a,,FREEAGENT,EXECUTED,13,0,ADD,3051891.0,Jordan Wilkins,0.0,13.0,2019-11-21
2019,12,86753cb9-e430-4072-8301-a81a9f34374a,,FREEAGENT,EXECUTED,13,0,DROP,4048244.0,Alexander Mattison,13.0,0.0,2019-11-21
2019,12,a8194f5e-1683-4a78-8540-1484ce7f086f,07370add-b775-4aa5-9138-913c08c78a77,WAIVER,FAILED_AUCTIONBUDGETEXCEEDED,5,16,ADD,3126367.0,Bo Scarbrough,0.0,5.0,2019-11-20
2019,12,a8194f5e-1683-4a78-8540-1484ce7f086f,07370add-b775-4aa5-9138-913c08c78a77,WAIVER,FAILED_AUCTIONBUDGETEXCEEDED,5,16,DROP,4241372.0,Marquise Brown,5.0,0.0,2019-11-20
2019,12,c29e49eb-3506-4c1c-b669-f3fd99a5cdcd,,FREEAGENT,EXECUTED,5,0,ADD,3125404.0,Jacob Hollister,0.0,5.0,2019-11-20
2019,12,c29e49eb-3506-4c1c-b669-f3fd99a5cdcd,,FREEAGENT,EXECUTED,5,0,DROP,17359.0,Damien Williams,5.0,0.0,2019-11-20
2019,12,2ddbdee9-3427-480b-924d-20cfdb384946,a106487d-74f8-4453-9b77-5821b00d030f,WAIVER,EXECUTED,5,29,ADD,2980077.0,Jonathan Williams,0.0,5.0,2019-11-20
2019,12,2ddbdee9-3427-480b-924d-20cfdb384946,a106487d-74f8-4453-9b77-5821b00d030f,WAIVER,EXECUTED,5,29,DROP,2969939.0,Jameis Winston,5.0,0.0,2019-11-20
2019,12,9bce43b2-5088-40b5-acc7-d7f09669f165,,FREEAGENT,EXECUTED,6,0,ADD,-16005.0,Browns D/ST,0.0,6.0,2019-11-20
2019,12,9bce43b2-5088-40b5-acc7-d7f09669f165,,FREEAGENT,EXECUTED,6,0,DROP,-16014.0,Rams D/ST,6.0,0.0,2019-11-20
2019,12,6d665f56-7b37-4907-83a5-f25a1a142310,1a0a1ffb-0d7c-4e52-856a-2ec792d76722,WAIVER,EXECUTED,1,1,ADD,2971573.0,Ka'imi Fairbairn,0.0,1.0,2019-11-20
2019,12,6d665f56-7b37-4907-83a5-f25a1a142310,1a0a1ffb-0d7c-4e52-856a-2ec792d76722,WAIVER,EXECUTED,1,1,DROP,17372.0,Chris Boswell,1.0,0.0,2019-11-20
2019,12,2b145542-4183-4101-b0b0-e5bd0dc4c95c,d76cc357-ae0f-411b-844d-68a7d7f10bf7,WAIVER,FAILED_INVALIDPLAYERSOURCE,4,10,ADD,2980077.0,Jonathan Williams,0.0,4.0,2019-11-20
2019,12,2b145542-4183-4101-b0b0-e5bd0dc4c95c,d76cc357-ae0f-411b-844d-68a7d7f10bf7,WAIVER,FAILED_INVALIDPLAYERSOURCE,4,10,DROP,3915411.0,Ty Johnson,4.0,0.0,2019-11-20
2019,12,c8c25576-a6a0-478d-b00d-6f74043f6620,1e13442e-dacc-4f8a-8a61-6de5e283a7dd,WAIVER,CANCELED,4,0,ADD,3120303.0,Ross Dwelley,0.0,4.0,2019-11-24
2019,12,c8c25576-a6a0-478d-b00d-6f74043f6620,1e13442e-dacc-4f8a-8a61-6de5e283a7dd,WAIVER,CANCELED,4,0,DROP,12537.0,Jared Cook,4.0,0.0,2019-11-24
2019,12,f04e1bff-a0f9-40a9-bafe-a597ca34be4e,,FREEAGENT,EXECUTED,7,0,ADD,3123076.0,David Njoku,0.0,7.0,2019-11-20
2019,12,f04e1bff-a0f9-40a9-bafe-a597ca34be4e,,FREEAGENT,EXECUTED,7,0,DROP,14129.0,Bilal Powell,7.0,0.0,2019-11-20
2019,12,ad0d4717-ec19-4bab-b7cf-517e2302f46c,,FREEAGENT,EXECUTED,4,0,ADD,-16001.0,Falcons D/ST,0.0,4.0,2019-11-20
2019,12,ad0d4717-ec19-4bab-b7cf-517e2302f46c,,FREEAGENT,EXECUTED,4,0,DROP,-16008.0,Lions D/ST,4.0,0.0,2019-11-20
2019,12,ea087ae0-f3b7-44eb-886f-8052faecfb08,,ROSTER,EXECUTED,7,15,LINEUP,3043275.0,Austin Hooper,0.0,0.0,2019-11-19
2019,12,ea087ae0-f3b7-44eb-886f-8052faecfb08,,ROSTER,EXECUTED,7,15,DROP,3051926.0,Gus Edwards,7.0,0.0,2019-11-19
2019,12,789334ac-a09c-454e-a51a-8ad0eff01b14,4c1ed5f5-6838-48cd-befa-5758cd71e2ad,WAIVER,CANCELED,8,0,ADD,3126367.0,Bo Scarbrough,0.0,8.0,2019-11-19
2019,13,2d857b75-7560-4996-83ea-48830342ab2e,,FREEAGENT,EXECUTED,5,0,ADD,3912547.0,Sam Darnold,0.0,5.0,2019-11-27
2019,13,2d857b75-7560-4996-83ea-48830342ab2e,,FREEAGENT,EXECUTED,5,0,DROP,3049916.0,Matt Breida,5.0,0.0,2019-11-27
2019,13,87441a8c-2104-4a8b-b131-819f811d5adf,60006591-ec88-4951-a40e-54cd247ae9d1,WAIVER,FAILED_INVALIDPLAYERSOURCE,13,21,ADD,16504.0,Jack Doyle,0.0,13.0,2019-11-27
2019,13,87441a8c-2104-4a8b-b131-819f811d5adf,60006591-ec88-4951-a40e-54cd247ae9d1,WAIVER,FAILED_INVALIDPLAYERSOURCE,13,21,DROP,15853.0,Vance McDonald,13.0,0.0,2019-11-27
2019,13,03cd6701-0041-4038-b68d-cdf54e5c7555,5d1bdfbb-481e-4ada-a777-f3c2acc92422,WAIVER,EXECUTED,3,1,ADD,17359.0,Damien Williams,0.0,3.0,2019-11-27
2019,13,03cd6701-0041-4038-b68d-cdf54e5c7555,5d1bdfbb-481e-4ada-a777-f3c2acc92422,WAIVER,EXECUTED,3,1,DROP,2578570.0,Jacoby Brissett,3.0,0.0,2019-11-27
2019,13,5dade86a-cae0-4b97-9455-a674ba02061d,,FREEAGENT,EXECUTED,5,0,ADD,14054.0,Kyle Rudolph,0.0,5.0,2019-11-29
2019,13,5dade86a-cae0-4b97-9455-a674ba02061d,,FREEAGENT,EXECUTED,5,0,DROP,12514.0,LeSean McCoy,5.0,0.0,2019-11-29
2019,13,9805b7e9-1f53-4763-8c2f-1869f3808f9b,c9d3d548-b0ca-47f7-bdd9-dba3b4d4f225,WAIVER,EXECUTED,1,50,ADD,3139925.0,Rashaad Penny,0.0,1.0,2019-11-27
2019,13,9805b7e9-1f53-4763-8c2f-1869f3808f9b,c9d3d548-b0ca-47f7-bdd9-dba3b4d4f225,WAIVER,EXECUTED,1,50,DROP,16016.0,Kenny Stills,1.0,0.0,2019-11-27
2019,13,ae7f3f29-2213-4fff-bb4b-177125a55305,,WAIVER,PENDING,10,24,ADD,16504.0,Jack Doyle,0.0,10.0,2019-11-26
2019,13,ae7f3f29-2213-4fff-bb4b-177125a55305,,WAIVER,PENDING,10,24,DROP,16732.0,Eric Ebron,10.0,0.0,2019-11-26
2019,13,19146236-5390-442d-9e4d-2494690ca551,,FREEAGENT,EXECUTED,5,0,ADD,-16014.0,Rams D/ST,0.0,5.0,2019-11-27
2019,13,19146236-5390-442d-9e4d-2494690ca551,,FREEAGENT,EXECUTED,5,0,DROP,3125404.0,Jacob Hollister,5.0,0.0,2019-11-27
2019,13,d886d09b-299c-4578-8d94-cb908bee61f0,,FREEAGENT,EXECUTED,8,0,ADD,-16009.0,Packers D/ST,0.0,8.0,2019-11-27
2019,13,d886d09b-299c-4578-8d94-cb908bee61f0,,FREEAGENT,EXECUTED,8,0,DROP,-16013.0,Raiders D/ST,8.0,0.0,2019-11-27
2019,13,e28df347-cd81-4220-b098-3c6459fcfd38,,FREEAGENT,EXECUTED,5,0,ADD,12514.0,LeSean McCoy,0.0,5.0,2019-11-29
2019,13,d48b27de-a9c7-4c2d-8019-922edd68d0ac,ae7f3f29-2213-4fff-bb4b-177125a55305,WAIVER,EXECUTED,10,24,ADD,16504.0,Jack Doyle,0.0,10.0,2019-11-27
2019,13,d48b27de-a9c7-4c2d-8019-922edd68d0ac,ae7f3f29-2213-4fff-bb4b-177125a55305,WAIVER,EXECUTED,10,24,DROP,16732.0,Eric Ebron,10.0,0.0,2019-11-27
2019,13,b2b7247e-119d-4ea2-bb49-240d855dfbf6,,FREEAGENT,EXECUTED,8,0,ADD,14922.0,Mohamed Sanu Sr.,0.0,8.0,2019-12-01
2019,13,b2b7247e-119d-4ea2-bb49-240d855dfbf6,,FREEAGENT,EXECUTED,8,0,DROP,14876.0,Ryan Tannehill,8.0,0.0,2019-12-01
2019,13,8f706e05-38f9-4a0b-ac9e-348e7582fbc1,,FREEAGENT,EXECUTED,4,0,ADD,-16030.0,Jaguars D/ST,0.0,4.0,2019-11-28
2019,13,8f706e05-38f9-4a0b-ac9e-348e7582fbc1,,FREEAGENT,EXECUTED,4,0,DROP,-16001.0,Falcons D/ST,4.0,0.0,2019-11-28
2019,13,c8dee8fa-3433-4138-b26c-cff58cefd021,,FREEAGENT,EXECUTED,13,0,ADD,2971618.0,Nelson Agholor,0.0,13.0,2019-12-01
2019,13,c8dee8fa-3433-4138-b26c-cff58cefd021,,FREEAGENT,EXECUTED,13,0,DROP,3051891.0,Jordan Wilkins,13.0,0.0,2019-12-01
2019,13,9335682d-fcb4-43aa-8998-4a8dc82d106d,,FREEAGENT,EXECUTED,12,0,ADD,12514.0,LeSean McCoy,0.0,12.0,2019-11-29
2019,13,9335682d-fcb4-43aa-8998-4a8dc82d106d,,FREEAGENT,EXECUTED,12,0,DROP,2971618.0,Nelson Agholor,12.0,0.0,2019-11-29
2019,13,0d3d6d6a-ef19-450c-baf8-0ade4874f868,,ROSTER,EXECUTED,5,0,DROP,-16002.0,Bills D/ST,5.0,0.0,2019-11-27
2019,13,d32ee983-ca8e-46f6-85bc-3eb84e2c6867,e64187d6-6ad4-49df-802e-217f43c5881a,WAIVER,EXECUTED,10,4,ADD,-16021.0,Eagles D/ST,0.0,10.0,2019-11-27
2019,13,d32ee983-ca8e-46f6-85bc-3eb84e2c6867,e64187d6-6ad4-49df-802e-217f43c5881a,WAIVER,EXECUTED,10,4,DROP,-16030.0,Jaguars D/ST,10.0,0.0,2019-11-27
2019,13,a3a22971-7d88-400b-a0bd-ad50f15864ac,,FREEAGENT,EXECUTED,10,0,ADD,3917067.0,Bisi Johnson,0.0,10.0,2019-12-01
2019,13,a3a22971-7d88-400b-a0bd-ad50f15864ac,,FREEAGENT,EXECUTED,10,0,DROP,3135321.0,Hunter Renfrow,10.0,0.0,2019-12-01
2019,13,d0bdbed5-e8b1-46ef-863a-b45397f4332f,,FREEAGENT,EXECUTED,8,0,ADD,14876.0,Ryan Tannehill,0.0,8.0,2019-11-27
2019,13,d0bdbed5-e8b1-46ef-863a-b45397f4332f,,FREEAGENT,EXECUTED,8,0,DROP,16757.0,Derek Carr,8.0,0.0,2019-11-27
2019,13,c5c1576e-4a0e-490a-bd8d-879b09ec9721,,FREEAGENT,EXECUTED,1,0,ADD,4047646.0,A.J. Brown,0.0,1.0,2019-11-29
2019,13,c5c1576e-4a0e-490a-bd8d-879b09ec9721,,FREEAGENT,EXECUTED,1,0,DROP,3116721.0,Jaylen Samuels,1.0,0.0,2019-11-29
2019,14,4c4c7d1e-59e1-4b71-aa14-890527cfdce8,,FREEAGENT,EXECUTED,3,0,ADD,3116721.0,Jaylen Samuels,0.0,3.0,2019-12-06
2019,14,5c6f9262-c452-4b4d-a37a-275ab52730f9,,FREEAGENT,EXECUTED,8,0,ADD,3122449.0,James Washington,0.0,8.0,2019-12-08
2019,14,43d515c6-05f8-43c0-8845-82ea685bacee,,ROSTER,EXECUTED,3,0,DROP,3918639.0,Gerald Everett,3.0,0.0,2019-12-07
2019,14,475d3f8e-a2c0-4a68-a6df-a14f048b517e,68ba5099-6a44-4b68-873b-fbcc08e1f20c,WAIVER,EXECUTED,3,4,ADD,3049916.0,Matt Breida,0.0,3.0,2019-12-04
2019,14,475d3f8e-a2c0-4a68-a6df-a14f048b517e,68ba5099-6a44-4b68-873b-fbcc08e1f20c,WAIVER,EXECUTED,3,4,DROP,2573300.0,Jay Ajayi,3.0,0.0,2019-12-04
2019,14,03d67af1-e220-4b5e-a4e4-e724dfa4510c,,FREEAGENT,EXECUTED,3,0,ADD,3051902.0,Peyton Barber,0.0,3.0,2019-12-07
2019,14,35601e58-b955-4e80-b71c-a36a9faf0827,,ROSTER,EXECUTED,3,3,DROP,12483.0,Matthew Stafford,3.0,0.0,2019-12-04
2019,14,54369446-19d8-4744-b1fc-05f970186a8b,,FREEAGENT,EXECUTED,1,0,ADD,2574808.0,Robby Anderson,0.0,1.0,2019-12-04
2019,14,54369446-19d8-4744-b1fc-05f970186a8b,,FREEAGENT,EXECUTED,1,0,DROP,10475.0,Greg Olsen,1.0,0.0,2019-12-04
2019,14,b3ad65d3-b6ec-4bc2-af7d-616978d985d0,,FREEAGENT,EXECUTED,8,0,ADD,14876.0,Ryan Tannehill,0.0,8.0,2019-12-04
2019,14,b3ad65d3-b6ec-4bc2-af7d-616978d985d0,,FREEAGENT,EXECUTED,8,0,DROP,15705.0,Josh Gordon,8.0,0.0,2019-12-04
2019,14,7f52e511-805a-47cd-a41d-f1e45fffd039,,ROSTER,EXECUTED,8,0,LINEUP,3139605.0,Marlon Mack,0.0,0.0,2019-12-04
2019,14,7f52e511-805a-47cd-a41d-f1e45fffd039,,ROSTER,EXECUTED,8,0,DROP,14922.0,Mohamed Sanu Sr.,8.0,0.0,2019-12-04
2019,14,3975ab6d-869a-49f6-9030-872cf510b3ea,,FREEAGENT,EXECUTED,10,0,ADD,4048244.0,Alexander Mattison,0.0,10.0,2019-12-05
2019,14,3975ab6d-869a-49f6-9030-872cf510b3ea,,FREEAGENT,EXECUTED,10,0,DROP,15773.0,Darren Fells,10.0,0.0,2019-12-05
2019,14,f4b9a97c-875b-4c86-ac3b-5b5460e19f5f,,FREEAGENT,EXECUTED,10,0,ADD,3125404.0,Jacob Hollister,0.0,10.0,2019-12-05
2019,14,f4b9a97c-875b-4c86-ac3b-5b5460e19f5f,,FREEAGENT,EXECUTED,10,0,DROP,3917067.0,Bisi Johnson,10.0,0.0,2019-12-05
2019,15,733d6b27-1510-4848-aff4-9c53401215a9,,ROSTER,EXECUTED,8,0,DROP,3843750.0,Derrius Guice,8.0,0.0,2019-12-11
2019,15,868d12b7-8c47-4569-9804-9587306b0276,22051ed6-5a9a-4551-81dd-64e2c3255f7b,WAIVER,EXECUTED,6,20,ADD,2576414.0,Raheem Mostert,0.0,6.0,2019-12-11
2019,15,868d12b7-8c47-4569-9804-9587306b0276,22051ed6-5a9a-4551-81dd-64e2c3255f7b,WAIVER,EXECUTED,6,20,DROP,15887.0,Ryan Griffin,6.0,0.0,2019-12-11
2019,15,4c3c1022-f4ca-4fad-96f5-49cfc2706ddc,,FREEAGENT,EXECUTED,8,0,ADD,9354.0,Robbie Gould,0.0,8.0,2019-12-11
2019,15,4c3c1022-f4ca-4fad-96f5-49cfc2706ddc,,FREEAGENT,EXECUTED,8,0,DROP,3049899.0,Younghoe Koo,8.0,0.0,2019-12-11
2019,15,cae08b08-663b-465f-b401-d73bddc20309,,FREEAGENT,EXECUTED,8,0,ADD,3043080.0,O.J. Howard,0.0,8.0,2019-12-11
2019,15,cae08b08-663b-465f-b401-d73bddc20309,,FREEAGENT,EXECUTED,8,0,DROP,3122449.0,James Washington,8.0,0.0,2019-12-11
2019,15,a673dd72-c5fc-4aa5-8bc3-9d310b397ebd,16dae8cd-9a61-4e07-aa00-f55a789e228b,WAIVER,EXECUTED,1,2,ADD,-16002.0,Bills D/ST,0.0,1.0,2019-12-11
2019,15,a673dd72-c5fc-4aa5-8bc3-9d310b397ebd,16dae8cd-9a61-4e07-aa00-f55a789e228b,WAIVER,EXECUTED,1,2,DROP,-16003.0,Bears D/ST,1.0,0.0,2019-12-11
2019,15,49ab3242-d9b8-4c3c-ab9b-1532d1ade9b8,,ROSTER,EXECUTED,3,0,DROP,17359.0,Damien Williams,3.0,0.0,2019-12-11
2019,15,74dbe1dd-a6fa-459f-bc00-4c2e56fd9377,,FREEAGENT,EXECUTED,3,0,ADD,2578570.0,Jacoby Brissett,0.0,3.0,2019-12-11
2019,15,74dbe1dd-a6fa-459f-bc00-4c2e56fd9377,,FREEAGENT,EXECUTED,3,0,DROP,3116721.0,Jaylen Samuels,3.0,0.0,2019-12-11
2019,15,697c3533-691f-47d8-a500-b8489ef881b6,,FREEAGENT,EXECUTED,8,0,ADD,3050487.0,Anthony Miller,0.0,8.0,2019-12-11
2019,15,697c3533-691f-47d8-a500-b8489ef881b6,,FREEAGENT,EXECUTED,8,0,DROP,15072.0,Marvin Jones Jr.,8.0,0.0,2019-12-11
2019,15,16d5e914-fdf2-4a71-b812-0cc3e3061e8a,9932e5b9-15a7-4d05-8118-6f747762beb3,WAIVER,FAILED_INVALIDPLAYERSOURCE,1,9,ADD,2576414.0,Raheem Mostert,0.0,1.0,2019-12-11
2019,15,16d5e914-fdf2-4a71-b812-0cc3e3061e8a,9932e5b9-15a7-4d05-8118-6f747762beb3,WAIVER,FAILED_INVALIDPLAYERSOURCE,1,9,DROP,3139925.0,Rashaad Penny,1.0,0.0,2019-12-11
2019,15,961a7b9b-eedb-45ea-a863-d3805acae9ea,,FREEAGENT,EXECUTED,1,0,ADD,3127211.0,Patrick Laird,0.0,1.0,2019-12-12
2019,15,961a7b9b-eedb-45ea-a863-d3805acae9ea,,FREEAGENT,EXECUTED,1,0,DROP,3139925.0,Rashaad Penny,1.0,0.0,2019-12-12
2019,15,55420b78-08b5-4063-88ce-200013416bb7,,FREEAGENT,EXECUTED,8,0,ADD,3051439.0,Boston Scott,0.0,8.0,2019-12-15
2019,15,55420b78-08b5-4063-88ce-200013416bb7,,FREEAGENT,EXECUTED,8,0,DROP,3060022.0,Jordan Howard,8.0,0.0,2019-12-15
2019,15,7940787e-41a5-49ed-8b66-3e4ebf9cdfb2,,FREEAGENT,EXECUTED,8,0,ADD,2573401.0,Tyler Higbee,0.0,8.0,2019-12-15
2019,15,7940787e-41a5-49ed-8b66-3e4ebf9cdfb2,,FREEAGENT,EXECUTED,8,0,DROP,3043080.0,O.J. Howard,8.0,0.0,2019-12-15
2019,16,b4cc4a57-72fd-4320-b211-13d0e6e7c7a6,aada4d23-f91a-43c4-b530-ee402fbffd7a,WAIVER,EXECUTED,1,7,ADD,2972460.0,Breshad Perriman,0.0,1.0,2019-12-18
2019,16,b4cc4a57-72fd-4320-b211-13d0e6e7c7a6,aada4d23-f91a-43c4-b530-ee402fbffd7a,WAIVER,EXECUTED,1,7,DROP,3122672.0,Royce Freeman,1.0,0.0,2019-12-18
2019,16,ccb53c74-3473-4153-bfc8-9b517a629dbe,,FREEAGENT,EXECUTED,6,0,ADD,2473037.0,Jason Myers,0.0,6.0,2019-12-21
2019,16,ccb53c74-3473-4153-bfc8-9b517a629dbe,,FREEAGENT,EXECUTED,6,0,DROP,2998120.0,Josh Lambo,6.0,0.0,2019-12-21
2019,16,d5eeb07e-36c7-468d-8e78-491f9703011c,63a6555c-b4a1-415a-822d-53047b4ce976,WAIVER,EXECUTED,1,2,ADD,-16007.0,Broncos D/ST,0.0,1.0,2019-12-18
2019,16,d5eeb07e-36c7-468d-8e78-491f9703011c,63a6555c-b4a1-415a-822d-53047b4ce976,WAIVER,EXECUTED,1,2,DROP,-16016.0,Vikings D/ST,1.0,0.0,2019-12-18
2019,16,d7ae2323-d984-4185-8d24-3187836ba3d9,,FREEAGENT,EXECUTED,6,0,ADD,-16002.0,Bills D/ST,0.0,6.0,2019-12-21
2019,16,d7ae2323-d984-4185-8d24-3187836ba3d9,,FREEAGENT,EXECUTED,6,0,DROP,-16005.0,Browns D/ST,6.0,0.0,2019-12-21
2019,16,6bf3ef1d-efdc-4fcf-9e31-a62bfa1bc1ce,4b909549-9e36-4756-84ff-ef2914fe57e6,WAIVER,EXECUTED,3,1,ADD,14322.0,Dan Bailey,0.0,3.0,2019-12-18
2019,16,6bf3ef1d-efdc-4fcf-9e31-a62bfa1bc1ce,4b909549-9e36-4756-84ff-ef2914fe57e6,WAIVER,EXECUTED,3,1,DROP,14993.0,Greg Zuerlein,3.0,0.0,2019-12-18
2019,16,a10ff252-2318-4080-905e-de35039b56ee,,FREEAGENT,EXECUTED,6,0,ADD,2577654.0,DeAndre Washington,0.0,6.0,2019-12-22
2019,16,a10ff252-2318-4080-905e-de35039b56ee,,FREEAGENT,EXECUTED,6,0,DROP,2980453.0,Jamaal Williams,6.0,0.0,2019-12-22
2019,16,a79dc8d8-0927-412c-8c41-26a31f5e64f2,,FREEAGENT,EXECUTED,1,0,ADD,3139033.0,Mike Boone,0.0,1.0,2019-12-19
2019,16,a79dc8d8-0927-412c-8c41-26a31f5e64f2,,FREEAGENT,EXECUTED,1,0,DROP,-16002.0,Bills D/ST,1.0,0.0,2019-12-19
