season,week,transaction_id,related_transaction_id,transaction_type,status,espn_team_id,member_id,bid_amount,item_type,player_id,player_name,from_team_id,to_team_id,date
2025,19,be2b1b68-24ef-4a39-bf85-e4cbe4bdeb12,,FREEAGENT,EXECUTED,10,{2C8A1B87-268B-45A5-A0E5-C4A3F61C9BC2},0,ADD,2972515.0,Cooper Rush,0.0,10.0,2026-01-09
2025,19,be2b1b68-24ef-4a39-bf85-e4cbe4bdeb12,,FREEAGENT,EXECUTED,10,{2C8A1B87-268B-45A5-A0E5-C4A3F61C9BC2},0,DROP,4689114.0,Jaxson Dart,10.0,0.0,2026-01-09
2025,19,142c3ac0-bec6-48b1-9b9e-b094983aaaf2,,FREEAGENT,EXECUTED,10,{2C8A1B87-268B-45A5-A0E5-C4A3F61C9BC2},0,ADD,4596334.0,Keaton Mitchell,0.0,10.0,2026-01-09
2025,19,142c3ac0-bec6-48b1-9b9e-b094983aaaf2,,FREEAGENT,EXECUTED,10,{2C8A1B87-268B-45A5-A0E5-C4A3F61C9BC2},0,DROP,3916945.0,Darius Slayton,10.0,0.0,2026-01-09
2025,19,43fcfc65-cd0a-42eb-a2bd-70bfc08bffc0,,FREEAGENT,EXECUTED,10,{2C8A1B87-268B-45A5-A0E5-C4A3F61C9BC2},0,ADD,4361050.0,Isaiah Likely,0.0,10.0,2026-01-09
2025,19,43fcfc65-cd0a-42eb-a2bd-70bfc08bffc0,,FREEAGENT,EXECUTED,10,{2C8A1B87-268B-45A5-A0E5-C4A3F61C9BC2},0,DROP,4429022.0,Kayshon Boutte,10.0,0.0,2026-01-09
2025,19,69f9e045-7fbf-4c25-97fb-7ad4b9531065,,FREEAGENT,EXECUTED,10,{2C8A1B87-268B-45A5-A0E5-C4A3F61C9BC2},0,ADD,4035671.0,Tyler Huntley,0.0,10.0,2026-01-09
2025,19,69f9e045-7fbf-4c25-97fb-7ad4b9531065,,FREEAGENT,EXECUTED,10,{2C8A1B87-268B-45A5-A0E5-C4A3F61C9BC2},0,DROP,4242557.0,Colby Parkinson,10.0,0.0,2026-01-09
2025,19,1084361b-6ac1-46b9-b085-16c81d357603,,FREEAGENT,EXECUTED,10,{2C8A1B87-268B-45A5-A0E5-C4A3F61C9BC2},0,ADD,4241424.0,Tylan Wallace,0.0,10.0,2026-01-09
2025,19,1084361b-6ac1-46b9-b085-16c81d357603,,FREEAGENT,EXECUTED,10,{2C8A1B87-268B-45A5-A0E5-C4A3F61C9BC2},0,DROP,4568490.0,RJ Harvey,10.0,0.0,2026-01-09
2025,19,18682237-1abf-4db9-a6ec-e433addb0d2a,,FREEAGENT,EXECUTED,10,{2C8A1B87-268B-45A5-A0E5-C4A3F61C9BC2},0,ADD,4430656.0,Myles Price,0.0,10.0,2026-01-09
2025,19,18682237-1abf-4db9-a6ec-e433addb0d2a,,FREEAGENT,EXECUTED,10,{2C8A1B87-268B-45A5-A0E5-C4A3F61C9BC2},0,DROP,-16023.0,Steelers D/ST,10.0,0.0,2026-01-09
2025,19,7bce02d4-f823-46f7-a206-7efcca1d1b1c,,FREEAGENT,EXECUTED,10,{2C8A1B87-268B-45A5-A0E5-C4A3F61C9BC2},0,ADD,4360939.0,Rashod Bateman,0.0,10.0,2026-01-09
2025,19,7bce02d4-f823-46f7-a206-7efcca1d1b1c,,FREEAGENT,EXECUTED,10,{2C8A1B87-268B-45A5-A0E5-C4A3F61C9BC2},0,DROP,4242355.0,Jake Ferguson,10.0,0.0,2026-01-09
2025,19,80c4f502-3fdd-437a-9386-371a39c186d5,,FREEAGENT,EXECUTED,10,{2C8A1B87-268B-45A5-A0E5-C4A3F61C9BC2},0,ADD,4426479.0,Cornelius Johnson,0.0,10.0,2026-01-09
2025,19,80c4f502-3fdd-437a-9386-371a39c186d5,,FREEAGENT,EXECUTED,10,{2C8A1B87-268B-45A5-A0E5-C4A3F61C9BC2},0,DROP,-16016.0,Vikings D/ST,10.0,0.0,2026-01-09
2025,19,29399d39-fda8-46a6-8bee-8743b466d3e6,,FREEAGENT,EXECUTED,10,{2C8A1B87-268B-45A5-A0E5-C4A3F61C9BC2},0,ADD,4696882.0,Devontez Walker,0.0,10.0,2026-01-09
2025,19,29399d39-fda8-46a6-8bee-8743b466d3e6,,FREEAGENT,EXECUTED,10,{2C8A1B87-268B-45A5-A0E5-C4A3F61C9BC2},0,DROP,4877706.0,Jayden Higgins,10.0,0.0,2026-01-09
2025,19,afbd95a4-77db-4421-9294-7be30438f2e1,,FREEAGENT,EXECUTED,10,{2C8A1B87-268B-45A5-A0E5-C4A3F61C9BC2},0,ADD,4038441.0,Justice Hill,0.0,10.0,2026-01-09
2025,19,afbd95a4-77db-4421-9294-7be30438f2e1,,FREEAGENT,EXECUTED,10,{2C8A1B87-268B-45A5-A0E5-C4A3F61C9BC2},0,DROP,4596448.0,Bucky Irving,10.0,0.0,2026-01-09
2025,19,b7651d19-a24a-40d7-80e2-2a82a92dd0ed,,FREEAGENT,EXECUTED,10,{2C8A1B87-268B-45A5-A0E5-C4A3F61C9BC2},0,ADD,2975417.0,Patrick Ricard,0.0,10.0,2026-01-09
2025,19,b7651d19-a24a-40d7-80e2-2a82a92dd0ed,,FREEAGENT,EXECUTED,10,{2C8A1B87-268B-45A5-A0E5-C4A3F61C9BC2},0,DROP,4429059.0,Woody Marks,10.0,0.0,2026-01-09
2025,19,e8e7c73c-be55-4f7d-9ff5-36ecb0d6c51c,,FREEAGENT,EXECUTED,10,{2C8A1B87-268B-45A5-A0E5-C4A3F61C9BC2},0,ADD,4690013.0,Rasheen Ali,0.0,10.0,2026-01-09
2025,19,e8e7c73c-be55-4f7d-9ff5-36ecb0d6c51c,,FREEAGENT,EXECUTED,10,{2C8A1B87-268B-45A5-A0E5-C4A3F61C9BC2},0,DROP,4241474.0,Brian Robinson Jr.,10.0,0.0,2026-01-09
2025,19,092383cd-d402-4bab-afa7-6f039ed4f17f,,FREEAGENT,EXECUTED,10,{2C8A1B87-268B-45A5-A0E5-C4A3F61C9BC2},0,ADD,15795.0,DeAndre Hopkins,0.0,10.0,2026-01-09
2025,19,092383cd-d402-4bab-afa7-6f039ed4f17f,,FREEAGENT,EXECUTED,10,{2C8A1B87-268B-45A5-A0E5-C4A3F61C9BC2},0,DROP,4430656.0,Myles Price,10.0,0.0,2026-01-09
2025,19,bf37a1e8-e285-4b9d-a6bc-bea7aacec67a,,FREEAGENT,EXECUTED,10,{2C8A1B87-268B-45A5-A0E5-C4A3F61C9BC2},0,ADD,4241263.0,Charlie Kolar,0.0,10.0,2026-01-09
2025,19,bf37a1e8-e285-4b9d-a6bc-bea7aacec67a,,FREEAGENT,EXECUTED,10,{2C8A1B87-268B-45A5-A0E5-C4A3F61C9BC2},0,DROP,3886598.0,Jauan Jennings,10.0,0.0,2026-01-09
2025,1,3c4e9dfa-f7e0-4f4a-88c4-0a635714f7da,985700eb-c715-4b3f-a28c-a70a111710ab,TRADE_PROPOSAL,CANCELED,14,{C2BAB8A3-9ED5-425C-BAB8-A39ED5B25CC2},0,TRADE,3139477.0,Patrick Mahomes,14.0,7.0,2025-09-04
2025,1,3c4e9dfa-f7e0-4f4a-88c4-0a635714f7da,985700eb-c715-4b3f-a28c-a70a111710ab,TRADE_PROPOSAL,CANCELED,14,{C2BAB8A3-9ED5-425C-BAB8-A39ED5B25CC2},0,TRADE,3042519.0,Aaron Jones Sr.,7.0,14.0,2025-09-04
2025,1,d6859020-7761-4d52-86ca-c567489df838,,FREEAGENT,EXECUTED,3,{C52D799E-6C1C-44B9-8371-9B6AF857D8E8},0,ADD,4432775.0,Dont'e Thornton Jr.,0.0,3.0,2025-09-04
2025,1,09847dd4-5ffd-47a6-b5d8-847015310e16,,ROSTER,EXECUTED,7,{430447A7-381F-4E40-AD53-6A9C1F157A25},0,DROP,4360438.0,Brandon Aiyuk,7.0,0.0,2025-09-06
2025,1,e8dae081-952f-4cb3-ba1f-4540abc166b0,a633ed66-ce24-47ad-b8e6-1b4f5026940f,TRADE_DECLINE,EXECUTED,6,{FE8F6865-8A47-4C3A-8D66-0780982B48DD},0,,,,,,2025-09-03
2025,1,a24101cb-f576-48b6-a0c0-011b84bede9f,,FREEAGENT,EXECUTED,14,{C2BAB8A3-9ED5-425C-BAB8-A39ED5B25CC2},0,ADD,4241372.0,Hollywood Brown,0.0,14.0,2025-09-04
2025,1,a24101cb-f576-48b6-a0c0-011b84bede9f,,FREEAGENT,EXECUTED,14,{C2BAB8A3-9ED5-425C-BAB8-A39ED5B25CC2},0,DROP,4036378.0,Jordan Love,14.0,0.0,2025-09-04
2025,1,ce5ae225-8c8d-4559-9bff-3243312f2bfd,,FREEAGENT,EXECUTED,3,{C52D799E-6C1C-44B9-8371-9B6AF857D8E8},0,ADD,4038441.0,Justice Hill,0.0,3.0,2025-09-05
2025,1,ce5ae225-8c8d-4559-9bff-3243312f2bfd,,FREEAGENT,EXECUTED,3,{C52D799E-6C1C-44B9-8371-9B6AF857D8E8},0,DROP,4432775.0,Dont'e Thornton Jr.,3.0,0.0,2025-09-05
2025,1,e057ea53-16d4-4461-9b3e-6888d56188ad,,FREEAGENT,EXECUTED,3,{C52D799E-6C1C-44B9-8371-9B6AF857D8E8},0,ADD,-16030.0,Jaguars D/ST,0.0,3.0,2025-09-05
2025,1,e057ea53-16d4-4461-9b3e-6888d56188ad,,FREEAGENT,EXECUTED,3,{C52D799E-6C1C-44B9-8371-9B6AF857D8E8},0,DROP,4038441.0,Justice Hill,3.0,0.0,2025-09-05
2025,1,55f24b2d-63e3-414a-b9fa-99cc36b4d063,,FREEAGENT,EXECUTED,7,{430447A7-381F-4E40-AD53-6A9C1F157A25},0,ADD,4432775.0,Dont'e Thornton Jr.,0.0,7.0,2025-09-06
2025,1,867641a4-084c-4403-a04d-ecf8d2278fe2,,FREEAGENT,EXECUTED,3,{C52D799E-6C1C-44B9-8371-9B6AF857D8E8},0,ADD,4695883.0,Jalen Coker,0.0,3.0,2025-09-04
2025,1,7fa99dc5-e574-4c97-8f88-155766997033,,FREEAGENT,EXECUTED,4,{8242D4C8-FCD1-4A28-9373-CD282687A8E7},0,ADD,3135321.0,Hunter Renfrow,0.0,4.0,2025-09-07
2025,1,93160ea0-16e0-4165-828f-0d06b45cc722,efcac521-3b44-482d-be4c-1145e7caa407,TRADE_DECLINE,EXECUTED,7,{430447A7-381F-4E40-AD53-6A9C1F157A25},0,,,,,,2025-09-04
2025,1,00b6fc85-fdb2-4c61-a95e-77c93f5a0c2f,48aeb2b7-3b77-4934-8a95-5222c73a4694,WAIVER,EXECUTED,6,NightlyLeagueUpdateTaskProcessor,1,ADD,4360248.0,Kyle Pitts Sr.,0.0,6.0,2025-09-04
2025,1,854050a1-f624-4cac-9274-61094246f4a8,2bfd4da8-4ff7-4a8f-94f9-a70300152f81,TRADE_DECLINE,EXECUTED,7,{430447A7-381F-4E40-AD53-6A9C1F157A25},0,,,,,,2025-09-03
2025,1,cd13b6ca-49bd-4d36-905f-56ea3821c4f6,7313e0fb-c3bb-4917-892b-4a64c1930edf,WAIVER,CANCELED,1,{C1E09685-96D1-4750-BA21-8BE16D3BF7CA},0,ADD,4036378.0,Jordan Love,0.0,1.0,2025-09-04
2025,1,cd13b6ca-49bd-4d36-905f-56ea3821c4f6,7313e0fb-c3bb-4917-892b-4a64c1930edf,WAIVER,CANCELED,1,{C1E09685-96D1-4750-BA21-8BE16D3BF7CA},0,DROP,4242433.0,Joshua Palmer,1.0,0.0,2025-09-04
2025,1,314e51ea-d89b-4f18-a17f-47ed53bd6e0e,,ROSTER,EXECUTED,3,{C52D799E-6C1C-44B9-8371-9B6AF857D8E8},0,DROP,2976499.0,Amari Cooper,3.0,0.0,2025-09-04
2025,1,82aeaa0b-c95d-4bea-82f5-74850ee63263,590d5c01-ce4f-40d6-9881-bb3e6ec6b30f,TRADE_PROPOSAL,CANCELED,7,{430447A7-381F-4E40-AD53-6A9C1F157A25},0,TRADE,3139477.0,Patrick Mahomes,14.0,7.0,2025-09-03
2025,1,15321dd2-e0a3-4dad-81b8-487501308337,e54f1007-6eea-442f-9926-85a9252bb3b0,WAIVER,EXECUTED,1,NightlyLeagueUpdateTaskProcessor,1,ADD,-16028.0,Commanders D/ST,0.0,1.0,2025-09-04
2025,1,15321dd2-e0a3-4dad-81b8-487501308337,e54f1007-6eea-442f-9926-85a9252bb3b0,WAIVER,EXECUTED,1,NightlyLeagueUpdateTaskProcessor,1,DROP,-16002.0,Bills D/ST,1.0,0.0,2025-09-04
2025,1,19b59cca-b85b-4115-9c50-c73fe08cdcee,357f0213-03fc-4f72-a9e3-4d307dffd5ab,TRADE_DECLINE,EXECUTED,14,{C2BAB8A3-9ED5-425C-BAB8-A39ED5B25CC2},0,,,,,,2025-09-03
2025,1,bbb95a22-642d-427b-ba51-363cab095e9a,,FREEAGENT,EXECUTED,13,{523D9B8F-8A3C-4523-BD9B-8F8A3C852321},0,ADD,16460.0,Adam Thielen,0.0,13.0,2025-09-04
2025,1,bbb95a22-642d-427b-ba51-363cab095e9a,,FREEAGENT,EXECUTED,13,{523D9B8F-8A3C-4523-BD9B-8F8A3C852321},0,DROP,4433970.0,J.J. McCarthy,13.0,0.0,2025-09-04
2025,1,e11baa5e-b3ca-4880-a05c-a9918120eced,a9072e23-9469-4582-8ad1-574e80ee6419,WAIVER,EXECUTED,7,NightlyLeagueUpdateTaskProcessor,1,ADD,4360310.0,Trevor Lawrence,0.0,7.0,2025-09-04
2025,1,275b1b5f-307e-4551-b2e6-6c9c16eeadcb,d905c0c0-eaa9-482f-8e38-70bb9a7d33a3,WAIVER,EXECUTED,7,NightlyLeagueUpdateTaskProcessor,1,ADD,4360238.0,Dameon Pierce,0.0,7.0,2025-09-04
2025,1,275b1b5f-307e-4551-b2e6-6c9c16eeadcb,d905c0c0-eaa9-482f-8e38-70bb9a7d33a3,WAIVER,EXECUTED,7,NightlyLeagueUpdateTaskProcessor,1,DROP,2577327.0,Tyler Lockett,7.0,0.0,2025-09-04
2025,2,e281c136-e4a3-493a-84dd-dc1959772603,,FREEAGENT,EXECUTED,3,{C52D799E-6C1C-44B9-8371-9B6AF857D8E8},0,ADD,4688813.0,Josh Downs,0.0,3.0,2025-09-12
2025,2,e281c136-e4a3-493a-84dd-dc1959772603,,FREEAGENT,EXECUTED,3,{C52D799E-6C1C-44B9-8371-9B6AF857D8E8},0,DROP,4371733.0,Kenneth Gainwell,3.0,0.0,2025-09-12
2025,2,0b274822-0e28-4e31-b22f-fbffaf3e8f72,,ROSTER,EXECUTED,3,{C52D799E-6C1C-44B9-8371-9B6AF857D8E8},0,DROP,-16030.0,Jaguars D/ST,3.0,0.0,2025-09-09
2025,2,1f253112-0441-4712-90af-7fc34418482b,,FREEAGENT,EXECUTED,3,{C52D799E-6C1C-44B9-8371-9B6AF857D8E8},0,ADD,-16002.0,Bills D/ST,0.0,3.0,2025-09-10
2025,2,942ff110-d5be-45f2-8e3c-1630fd6698b8,dd610d56-8c45-4cb3-abde-cf449d8b4cb4,WAIVER,FAILED_PLAYERALREADYDROPPED,7,NightlyLeagueUpdateTaskProcessor,4,ADD,8439.0,Aaron Rodgers,0.0,7.0,2025-09-10
2025,2,942ff110-d5be-45f2-8e3c-1630fd6698b8,dd610d56-8c45-4cb3-abde-cf449d8b4cb4,WAIVER,FAILED_PLAYERALREADYDROPPED,7,NightlyLeagueUpdateTaskProcessor,4,DROP,4360310.0,Trevor Lawrence,7.0,0.0,2025-09-10
2025,2,1fd89a62-9daa-4c44-9edb-6bb481fc39df,4a43c7d4-0f82-4e5b-843c-cd758514e12b,WAIVER,EXECUTED,10,NightlyLeagueUpdateTaskProcessor,16,ADD,3929645.0,Juwan Johnson,0.0,10.0,2025-09-10
2025,2,1fd89a62-9daa-4c44-9edb-6bb481fc39df,4a43c7d4-0f82-4e5b-843c-cd758514e12b,WAIVER,EXECUTED,10,NightlyLeagueUpdateTaskProcessor,16,DROP,4242355.0,Jake Ferguson,10.0,0.0,2025-09-10
2025,2,fbc1891f-e368-40c3-90dc-3dcd33e64484,,ROSTER,EXECUTED,3,{C52D799E-6C1C-44B9-8371-9B6AF857D8E8},0,DROP,4695883.0,Jalen Coker,3.0,0.0,2025-09-09
2025,2,a5d4115e-cbc9-4706-ae52-49e877285b38,,FREEAGENT,EXECUTED,14,{C2BAB8A3-9ED5-425C-BAB8-A39ED5B25CC2},0,ADD,-16011.0,Colts D/ST,0.0,14.0,2025-09-10
2025,2,a5d4115e-cbc9-4706-ae52-49e877285b38,,FREEAGENT,EXECUTED,14,{C2BAB8A3-9ED5-425C-BAB8-A39ED5B25CC2},0,DROP,-16026.0,Seahawks D/ST,14.0,0.0,2025-09-10
2025,2,24380406-caf6-4083-9d94-b32fa860ca9b,,FREEAGENT,EXECUTED,14,{C2BAB8A3-9ED5-425C-BAB8-A39ED5B25CC2},0,ADD,3059915.0,Kareem Hunt,0.0,14.0,2025-09-10
2025,2,24380406-caf6-4083-9d94-b32fa860ca9b,,FREEAGENT,EXECUTED,14,{C2BAB8A3-9ED5-425C-BAB8-A39ED5B25CC2},0,DROP,4685279.0,Jaydon Blue,14.0,0.0,2025-09-10
2025,2,95883711-56f3-42ae-9ed4-229d3709e3e6,c4c999d6-3cfd-43bb-811a-7a9fa8862a55,WAIVER,CANCELED,1,{C1E09685-96D1-4750-BA21-8BE16D3BF7CA},0,ADD,4429025.0,Quentin Johnston,0.0,1.0,2025-09-09
2025,2,95883711-56f3-42ae-9ed4-229d3709e3e6,c4c999d6-3cfd-43bb-811a-7a9fa8862a55,WAIVER,CANCELED,1,{C1E09685-96D1-4750-BA21-8BE16D3BF7CA},0,DROP,4360939.0,Rashod Bateman,1.0,0.0,2025-09-09
2025,2,d4c35143-975e-4750-ba5f-17e7e1e3d4e4,7bfd49ca-f773-4b43-ad43-65cba18da3d8,WAIVER,EXECUTED,12,NightlyLeagueUpdateTaskProcessor,16,ADD,4429025.0,Quentin Johnston,0.0,12.0,2025-09-10
2025,2,d4c35143-975e-4750-ba5f-17e7e1e3d4e4,7bfd49ca-f773-4b43-ad43-65cba18da3d8,WAIVER,EXECUTED,12,NightlyLeagueUpdateTaskProcessor,16,DROP,4429013.0,Tank Bigsby,12.0,0.0,2025-09-10
2025,2,6f76f97f-169a-4bf8-8c84-638cd1eb523f,,FREEAGENT,EXECUTED,13,{523D9B8F-8A3C-4523-BD9B-8F8A3C852321},0,ADD,2976592.0,Sterling Shepard,0.0,13.0,2025-09-13
2025,2,6f76f97f-169a-4bf8-8c84-638cd1eb523f,,FREEAGENT,EXECUTED,13,{523D9B8F-8A3C-4523-BD9B-8F8A3C852321},0,DROP,3886598.0,Jauan Jennings,13.0,0.0,2025-09-13
2025,2,c0c54221-7d1b-468b-a2a9-7c566b0fd2a1,,FREEAGENT,EXECUTED,13,{523D9B8F-8A3C-4523-BD9B-8F8A3C852321},0,ADD,3120348.0,JuJu Smith-Schuster,0.0,13.0,2025-09-11
2025,2,c0c54221-7d1b-468b-a2a9-7c566b0fd2a1,,FREEAGENT,EXECUTED,13,{523D9B8F-8A3C-4523-BD9B-8F8A3C852321},0,DROP,4427095.0,DeMario Douglas,13.0,0.0,2025-09-11
2025,2,de6978f3-598e-47f8-9777-bc55932eaafe,63bd442b-df16-4808-babe-4aaac37dbd44,WAIVER,FAILED_INVALIDPLAYERSOURCE,7,NightlyLeagueUpdateTaskProcessor,5,ADD,4429025.0,Quentin Johnston,0.0,7.0,2025-09-10
2025,2,de6978f3-598e-47f8-9777-bc55932eaafe,63bd442b-df16-4808-babe-4aaac37dbd44,WAIVER,FAILED_INVALIDPLAYERSOURCE,7,NightlyLeagueUpdateTaskProcessor,5,DROP,4432775.0,Dont'e Thornton Jr.,7.0,0.0,2025-09-10
2025,2,30954f9d-11dc-46ab-aba4-44f76d8cbf96,,FREEAGENT,EXECUTED,3,{C52D799E-6C1C-44B9-8371-9B6AF857D8E8},0,ADD,4883647.0,Elic Ayomanor,0.0,3.0,2025-09-10
2025,2,4a43c7d4-0f82-4e5b-843c-cd758514e12b,,WAIVER,PENDING,10,{2C8A1B87-268B-45A5-A0E5-C4A3F61C9BC2},16,ADD,3929645.0,Juwan Johnson,0.0,10.0,2025-09-10
2025,2,4a43c7d4-0f82-4e5b-843c-cd758514e12b,,WAIVER,PENDING,10,{2C8A1B87-268B-45A5-A0E5-C4A3F61C9BC2},16,DROP,4242355.0,Jake Ferguson,10.0,0.0,2025-09-10
2025,2,ed1d1f68-5e6c-493a-b43f-8b930a8eccbd,9a5f627f-e061-43cf-9fb6-e48cc396085e,WAIVER,FAILED_INVALIDPLAYERSOURCE,3,NightlyLeagueUpdateTaskProcessor,2,ADD,-16014.0,Rams D/ST,0.0,3.0,2025-09-10
2025,2,86203c8e-1014-4bf2-b5a3-342292079473,51bc85e1-43f8-4d51-a111-0d9b3eabb868,WAIVER,FAILED_INVALIDPLAYERSOURCE,7,NightlyLeagueUpdateTaskProcessor,3,ADD,-16014.0,Rams D/ST,0.0,7.0,2025-09-10
2025,2,86203c8e-1014-4bf2-b5a3-342292079473,51bc85e1-43f8-4d51-a111-0d9b3eabb868,WAIVER,FAILED_INVALIDPLAYERSOURCE,7,NightlyLeagueUpdateTaskProcessor,3,DROP,-16022.0,Cardinals D/ST,7.0,0.0,2025-09-10
2025,2,3714546b-4975-4fa9-99d0-acecc8a97618,a5dade51-3ee8-46ee-a7d5-bf51867a4259,WAIVER,EXECUTED,5,NightlyLeagueUpdateTaskProcessor,2,ADD,3046439.0,Hunter Henry,0.0,5.0,2025-09-10
2025,2,3714546b-4975-4fa9-99d0-acecc8a97618,a5dade51-3ee8-46ee-a7d5-bf51867a4259,WAIVER,EXECUTED,5,NightlyLeagueUpdateTaskProcessor,2,DROP,4429501.0,Ray Davis,5.0,0.0,2025-09-10
2025,2,dd2a25ce-2593-4990-b3bd-490e30f3b81f,5b74ee94-90ae-475b-a3d3-f0de4af72405,TRADE_PROPOSAL,CANCELED,10,{77F704CF-0C76-4984-9A71-8BD39511C19F},0,TRADE,4361529.0,Isiah Pacheco,10.0,5.0,2025-09-14
2025,2,dd2a25ce-2593-4990-b3bd-490e30f3b81f,5b74ee94-90ae-475b-a3d3-f0de4af72405,TRADE_PROPOSAL,CANCELED,10,{77F704CF-0C76-4984-9A71-8BD39511C19F},0,TRADE,3116406.0,Tyreek Hill,10.0,5.0,2025-09-14
2025,2,dd2a25ce-2593-4990-b3bd-490e30f3b81f,5b74ee94-90ae-475b-a3d3-f0de4af72405,TRADE_PROPOSAL,CANCELED,10,{77F704CF-0C76-4984-9A71-8BD39511C19F},0,TRADE,4596448.0,Bucky Irving,5.0,10.0,2025-09-14
2025,2,6861a418-1e3b-4b55-b303-2e4185b17c6b,b4d58869-c4d5-468b-956b-8094e8c6e157,WAIVER,EXECUTED,2,NightlyLeagueUpdateTaskProcessor,1,ADD,4243389.0,Calvin Austin III,0.0,2.0,2025-09-10
2025,2,6861a418-1e3b-4b55-b303-2e4185b17c6b,b4d58869-c4d5-468b-956b-8094e8c6e157,WAIVER,EXECUTED,2,NightlyLeagueUpdateTaskProcessor,1,DROP,4685720.0,Bryce Young,2.0,0.0,2025-09-10
2025,2,44fc51a5-1825-4e49-9a47-12b72832227e,,FREEAGENT,EXECUTED,7,{430447A7-381F-4E40-AD53-6A9C1F157A25},0,ADD,-16026.0,Seahawks D/ST,0.0,7.0,2025-09-14
2025,2,44fc51a5-1825-4e49-9a47-12b72832227e,,FREEAGENT,EXECUTED,7,{430447A7-381F-4E40-AD53-6A9C1F157A25},0,DROP,4430539.0,Brenton Strange,7.0,0.0,2025-09-14
2025,2,bc33436b-6748-49a7-af31-89c27e7b9f9b,e0b17143-dfac-4eca-843a-79bff7467bd2,WAIVER,CANCELED,12,{5FCF8F43-6BFC-4593-9364-2E23B55B301D},0,ADD,3046439.0,Hunter Henry,0.0,12.0,2025-09-10
2025,2,0664cf28-5c5c-4bce-98b4-982d40593e38,,ROSTER,EXECUTED,3,{C52D799E-6C1C-44B9-8371-9B6AF857D8E8},0,DROP,4372019.0,Jerome Ford,3.0,0.0,2025-09-09
2025,2,4aad4e70-0ea7-4511-a4aa-731778dc35ba,,TRADE_PROPOSAL,PENDING,10,{2C8A1B87-268B-45A5-A0E5-C4A3F61C9BC2},0,TRADE,3116406.0,Tyreek Hill,10.0,13.0,2025-09-14
2025,2,4aad4e70-0ea7-4511-a4aa-731778dc35ba,,TRADE_PROPOSAL,PENDING,10,{2C8A1B87-268B-45A5-A0E5-C4A3F61C9BC2},0,TRADE,4379399.0,James Cook III,13.0,10.0,2025-09-14
2025,2,eb906434-f777-40cb-a04f-bf5f706d6e2f,6e9673aa-9697-4dec-b0ac-c64acaea8c18,WAIVER,FAILED_PLAYERALREADYDROPPED,12,NightlyLeagueUpdateTaskProcessor,15,ADD,4429022.0,Kayshon Boutte,0.0,12.0,2025-09-10
2025,2,eb906434-f777-40cb-a04f-bf5f706d6e2f,6e9673aa-9697-4dec-b0ac-c64acaea8c18,WAIVER,FAILED_PLAYERALREADYDROPPED,12,NightlyLeagueUpdateTaskProcessor,15,DROP,4429013.0,Tank Bigsby,12.0,0.0,2025-09-10
2025,2,da54a79b-03d9-4a70-a8ed-2809b51ee025,70efcbb1-e819-45dc-94f2-59bad502e1e6,WAIVER,FAILED_INVALIDPLAYERSOURCE,3,NightlyLeagueUpdateTaskProcessor,2,ADD,3929645.0,Juwan Johnson,0.0,3.0,2025-09-10
2025,2,5ff6c88e-2ea2-4160-b59f-729311765579,4ffc988a-d8ac-4fd8-bb2e-0f4747927343,TRADE_DECLINE,EXECUTED,1,{C1E09685-96D1-4750-BA21-8BE16D3BF7CA},0,,,,,,2025-09-10
2025,2,b72122eb-18f1-4e15-a5fd-f371bd36626b,cfea2864-2f79-4370-bec7-e24837041dc6,WAIVER,EXECUTED,12,NightlyLeagueUpdateTaskProcessor,10,ADD,5083076.0,Harold Fannin Jr.,0.0,12.0,2025-09-10
2025,2,60a06cb6-d5bd-429f-a440-60f8fd6e0d51,,FREEAGENT,EXECUTED,1,{C1E09685-96D1-4750-BA21-8BE16D3BF7CA},0,ADD,-16008.0,Lions D/ST,0.0,1.0,2025-09-10
2025,2,60a06cb6-d5bd-429f-a440-60f8fd6e0d51,,FREEAGENT,EXECUTED,1,{C1E09685-96D1-4750-BA21-8BE16D3BF7CA},0,DROP,-16009.0,Packers D/ST,1.0,0.0,2025-09-10
2025,2,28af6e92-f158-492f-ba92-f3924c5ab22e,,FREEAGENT,EXECUTED,5,{77F704CF-0C76-4984-9A71-8BD39511C19F},0,ADD,3054212.0,Jonnu Smith,0.0,5.0,2025-09-10
2025,2,28af6e92-f158-492f-ba92-f3924c5ab22e,,FREEAGENT,EXECUTED,5,{77F704CF-0C76-4984-9A71-8BD39511C19F},0,DROP,4686612.0,Tre' Harris,5.0,0.0,2025-09-10
2025,2,9bcb6a9b-7b2b-4b83-a589-30253e1c81fa,2704fbe9-e15a-48ea-aa50-062fd3f26391,WAIVER,FAILED_INVALIDPLAYERSOURCE,12,NightlyLeagueUpdateTaskProcessor,7,ADD,3929645.0,Juwan Johnson,0.0,12.0,2025-09-10
2025,2,23ef0207-0048-46a1-9cd2-e8007efc39f6,4aad4e70-0ea7-4511-a4aa-731778dc35ba,TRADE_PROPOSAL,CANCELED,10,{2C8A1B87-268B-45A5-A0E5-C4A3F61C9BC2},0,TRADE,3116406.0,Tyreek Hill,10.0,13.0,2025-09-14
2025,2,23ef0207-0048-46a1-9cd2-e8007efc39f6,4aad4e70-0ea7-4511-a4aa-731778dc35ba,TRADE_PROPOSAL,CANCELED,10,{2C8A1B87-268B-45A5-A0E5-C4A3F61C9BC2},0,TRADE,4379399.0,James Cook III,13.0,10.0,2025-09-14
2025,2,89ad8fa5-74b1-4f2a-ba11-5385c13a220c,,FREEAGENT,EXECUTED,7,{430447A7-381F-4E40-AD53-6A9C1F157A25},0,ADD,4430539.0,Brenton Strange,0.0,7.0,2025-09-10
2025,2,89ad8fa5-74b1-4f2a-ba11-5385c13a220c,,FREEAGENT,EXECUTED,7,{430447A7-381F-4E40-AD53-6A9C1F157A25},0,DROP,4360238.0,Dameon Pierce,7.0,0.0,2025-09-10
2025,2,802861d2-734f-466d-aca6-ba43047ddb01,8b84c39b-6912-4421-aed9-0519ee8c6277,WAIVER,FAILED_INVALIDPLAYERSOURCE,14,NightlyLeagueUpdateTaskProcessor,2,ADD,-16014.0,Rams D/ST,0.0,14.0,2025-09-10
2025,2,802861d2-734f-466d-aca6-ba43047ddb01,8b84c39b-6912-4421-aed9-0519ee8c6277,WAIVER,FAILED_INVALIDPLAYERSOURCE,14,NightlyLeagueUpdateTaskProcessor,2,DROP,-16026.0,Seahawks D/ST,14.0,0.0,2025-09-10
2025,2,9cd62ac5-b7c7-42e8-b7ba-d0515922e59f,cd23739d-6eae-46c5-9f8a-9b67b00d51ed,WAIVER,FAILED_INVALIDPLAYERSOURCE,7,NightlyLeagueUpdateTaskProcessor,4,ADD,5083076.0,Harold Fannin Jr.,0.0,7.0,2025-09-10
2025,2,9cd62ac5-b7c7-42e8-b7ba-d0515922e59f,cd23739d-6eae-46c5-9f8a-9b67b00d51ed,WAIVER,FAILED_INVALIDPLAYERSOURCE,7,NightlyLeagueUpdateTaskProcessor,4,DROP,4360238.0,Dameon Pierce,7.0,0.0,2025-09-10
2025,2,e151a4c4-b150-4a16-adea-3371b9bd1bad,0ea2afdd-899e-4d57-a086-a87dfdd0499f,WAIVER,FAILED_ROSTERLIMIT,12,NightlyLeagueUpdateTaskProcessor,1,ADD,3054212.0,Jonnu Smith,0.0,12.0,2025-09-10
2025,2,fe32045b-627c-47df-ad70-eb77f1f899da,3518280a-3f41-429d-a9af-fdde88c0953a,WAIVER,FAILED_INVALIDPLAYERSOURCE,3,NightlyLeagueUpdateTaskProcessor,4,ADD,4429025.0,Quentin Johnston,0.0,3.0,2025-09-10
2025,2,1ed347e6-0892-458e-a3f5-b266a1bb4b51,,FREEAGENT,EXECUTED,3,{C52D799E-6C1C-44B9-8371-9B6AF857D8E8},0,ADD,4371733.0,Kenneth Gainwell,0.0,3.0,2025-09-12
2025,2,82887d5b-945b-4882-83f4-ac085bf4174b,68e05c52-4ec4-4b51-9e82-7c72d638c28c,WAIVER,EXECUTED,12,NightlyLeagueUpdateTaskProcessor,10,ADD,4429022.0,Kayshon Boutte,0.0,12.0,2025-09-10
2025,2,82887d5b-945b-4882-83f4-ac085bf4174b,68e05c52-4ec4-4b51-9e82-7c72d638c28c,WAIVER,EXECUTED,12,NightlyLeagueUpdateTaskProcessor,10,DROP,4688813.0,Josh Downs,12.0,0.0,2025-09-10
2025,2,3e704dfc-3ff7-4bdc-a833-6c3f2a64e9a4,8ef23502-f0b4-438b-be68-100624079627,WAIVER,EXECUTED,7,NightlyLeagueUpdateTaskProcessor,4,ADD,3917792.0,Daniel Jones,0.0,7.0,2025-09-10
2025,2,3e704dfc-3ff7-4bdc-a833-6c3f2a64e9a4,8ef23502-f0b4-438b-be68-100624079627,WAIVER,EXECUTED,7,NightlyLeagueUpdateTaskProcessor,4,DROP,4360310.0,Trevor Lawrence,7.0,0.0,2025-09-10
2025,2,a6f5f4a7-230c-4157-861d-e12776c7b481,,FREEAGENT,EXECUTED,1,{C1E09685-96D1-4750-BA21-8BE16D3BF7CA},0,ADD,-16009.0,Packers D/ST,0.0,1.0,2025-09-10
2025,2,a6f5f4a7-230c-4157-861d-e12776c7b481,,FREEAGENT,EXECUTED,1,{C1E09685-96D1-4750-BA21-8BE16D3BF7CA},0,DROP,-16028.0,Commanders D/ST,1.0,0.0,2025-09-10
2025,2,87e625a9-bda2-43b2-9335-2034d5d2cafa,,FREEAGENT,EXECUTED,8,{00408013-39CF-40FC-8080-1339CFD0FC06},0,ADD,4242355.0,Jake Ferguson,0.0,8.0,2025-09-12
2025,2,b71be8c0-fc50-41d8-ba9f-b228d1dc5cde,,FREEAGENT,EXECUTED,8,{00408013-39CF-40FC-8080-1339CFD0FC06},0,ADD,-16006.0,Cowboys D/ST,0.0,8.0,2025-09-10
2025,2,b71be8c0-fc50-41d8-ba9f-b228d1dc5cde,,FREEAGENT,EXECUTED,8,{00408013-39CF-40FC-8080-1339CFD0FC06},0,DROP,-16017.0,Patriots D/ST,8.0,0.0,2025-09-10
2025,2,f35b2656-ba6f-4376-a383-1b0ac8611762,88d72b4a-625b-47a4-9d86-40d249c6c220,TRADE_PROPOSAL,CANCELED,14,{C2BAB8A3-9ED5-425C-BAB8-A39ED5B25CC2},0,TRADE,3916148.0,Tony Pollard,13.0,14.0,2025-09-10
2025,2,f35b2656-ba6f-4376-a383-1b0ac8611762,88d72b4a-625b-47a4-9d86-40d249c6c220,TRADE_PROPOSAL,CANCELED,14,{C2BAB8A3-9ED5-425C-BAB8-A39ED5B25CC2},0,TRADE,3139477.0,Patrick Mahomes,14.0,13.0,2025-09-10
2025,2,d2707d60-c91e-4715-b605-2184cb84ffd9,,FREEAGENT,EXECUTED,5,{77F704CF-0C76-4984-9A71-8BD39511C19F},0,ADD,4433970.0,J.J. McCarthy,0.0,5.0,2025-09-11
2025,2,d2707d60-c91e-4715-b605-2184cb84ffd9,,FREEAGENT,EXECUTED,5,{77F704CF-0C76-4984-9A71-8BD39511C19F},0,DROP,3054212.0,Jonnu Smith,5.0,0.0,2025-09-11
2025,2,5b74ee94-90ae-475b-a3d3-f0de4af72405,,TRADE_PROPOSAL,PENDING,10,{2C8A1B87-268B-45A5-A0E5-C4A3F61C9BC2},0,TRADE,4361529.0,Isiah Pacheco,10.0,5.0,2025-09-14
2025,2,5b74ee94-90ae-475b-a3d3-f0de4af72405,,TRADE_PROPOSAL,PENDING,10,{2C8A1B87-268B-45A5-A0E5-C4A3F61C9BC2},0,TRADE,3116406.0,Tyreek Hill,10.0,5.0,2025-09-14
2025,2,5b74ee94-90ae-475b-a3d3-f0de4af72405,,TRADE_PROPOSAL,PENDING,10,{2C8A1B87-268B-45A5-A0E5-C4A3F61C9BC2},0,TRADE,4596448.0,Bucky Irving,5.0,10.0,2025-09-14
2025,2,b0442608-f5a8-4ef0-886f-3b1bd0109b0c,,ROSTER,EXECUTED,3,{C52D799E-6C1C-44B9-8371-9B6AF857D8E8},0,DROP,-16034.0,Texans D/ST,3.0,0.0,2025-09-12
2025,2,70347d0a-b196-452c-bef3-0137a1f9144a,5b74ee94-90ae-475b-a3d3-f0de4af72405,TRADE_DECLINE,EXECUTED,5,{77F704CF-0C76-4984-9A71-8BD39511C19F},0,,,,,,2025-09-14
2025,2,7a6bf2d0-f84a-42ef-9a65-2d8f28134e8a,4c2480f1-b0a5-40d0-9e68-fc8d6297f086,WAIVER,FAILED_INVALIDPLAYERSOURCE,3,NightlyLeagueUpdateTaskProcessor,2,ADD,4429022.0,Kayshon Boutte,0.0,3.0,2025-09-10
2025,2,330fb599-fb89-412a-8443-b1b7b4594374,e441f806-b1e3-4b49-808a-bd9ac5bd818d,WAIVER,EXECUTED,5,NightlyLeagueUpdateTaskProcessor,5,ADD,-16014.0,Rams D/ST,0.0,5.0,2025-09-10
2025,2,330fb599-fb89-412a-8443-b1b7b4594374,e441f806-b1e3-4b49-808a-bd9ac5bd818d,WAIVER,EXECUTED,5,NightlyLeagueUpdateTaskProcessor,5,DROP,-16003.0,Bears D/ST,5.0,0.0,2025-09-10
2025,3,bdf9bc3c-9125-4775-88e8-f7f3174af1b0,0112453c-f846-48a4-8a15-752b95c2500f,WAIVER,CANCELED,14,{C2BAB8A3-9ED5-425C-BAB8-A39ED5B25CC2},0,ADD,-16009.0,Packers D/ST,0.0,14.0,2025-09-16
2025,3,bdf9bc3c-9125-4775-88e8-f7f3174af1b0,0112453c-f846-48a4-8a15-752b95c2500f,WAIVER,CANCELED,14,{C2BAB8A3-9ED5-425C-BAB8-A39ED5B25CC2},0,DROP,-16011.0,Colts D/ST,14.0,0.0,2025-09-16
2025,3,312eaada-c2b2-4d54-a3df-8c83220b2ad5,7de54e7e-ec1b-485c-8471-75596326723a,WAIVER,EXECUTED,8,NightlyLeagueUpdateTaskProcessor,4,ADD,-16027.0,Buccaneers D/ST,0.0,8.0,2025-09-17
2025,3,312eaada-c2b2-4d54-a3df-8c83220b2ad5,7de54e7e-ec1b-485c-8471-75596326723a,WAIVER,EXECUTED,8,NightlyLeagueUpdateTaskProcessor,4,DROP,-16006.0,Cowboys D/ST,8.0,0.0,2025-09-17
2025,3,1143616d-148f-4767-9073-dc27bc5bbad4,4214ded5-b829-46dd-826b-16b41b11bf99,WAIVER,FAILED_INVALIDPLAYERSOURCE,4,NightlyLeagueUpdateTaskProcessor,2,ADD,-16009.0,Packers D/ST,0.0,4.0,2025-09-17
2025,3,1143616d-148f-4767-9073-dc27bc5bbad4,4214ded5-b829-46dd-826b-16b41b11bf99,WAIVER,FAILED_INVALIDPLAYERSOURCE,4,NightlyLeagueUpdateTaskProcessor,2,DROP,4596334.0,Keaton Mitchell,4.0,0.0,2025-09-17
2025,3,5891b133-a31b-4e5f-958b-f6ab38598219,,FREEAGENT,EXECUTED,8,{00408013-39CF-40FC-8080-1339CFD0FC06},0,ADD,4429059.0,Woody Marks,0.0,8.0,2025-09-20
2025,3,a68570d1-e4c3-4e3c-a75e-9df0ad523451,e00430a6-ce10-4125-8f60-4fa683e6b2e7,WAIVER,EXECUTED,2,NightlyLeagueUpdateTaskProcessor,7,ADD,3116365.0,Mark Andrews,0.0,2.0,2025-09-20
2025,3,a68570d1-e4c3-4e3c-a75e-9df0ad523451,e00430a6-ce10-4125-8f60-4fa683e6b2e7,WAIVER,EXECUTED,2,NightlyLeagueUpdateTaskProcessor,7,DROP,4685247.0,Braelon Allen,2.0,0.0,2025-09-20
2025,3,805a6494-2131-45be-92d4-85e3277329ae,3d1176aa-486c-424b-bdc9-da95b85161a9,TRADE_PROPOSAL,CANCELED,10,TradeTaskProcessor,0,TRADE,4429205.0,Jordan Addison,10.0,1.0,2025-09-21
2025,3,805a6494-2131-45be-92d4-85e3277329ae,3d1176aa-486c-424b-bdc9-da95b85161a9,TRADE_PROPOSAL,CANCELED,10,TradeTaskProcessor,0,TRADE,4259545.0,D'Andre Swift,10.0,1.0,2025-09-21
2025,3,805a6494-2131-45be-92d4-85e3277329ae,3d1176aa-486c-424b-bdc9-da95b85161a9,TRADE_PROPOSAL,CANCELED,10,TradeTaskProcessor,0,TRADE,4432773.0,Brian Thomas Jr.,1.0,10.0,2025-09-21
2025,3,1410c654-7ae6-4585-9915-88d32a4e5448,,FREEAGENT,EXECUTED,8,{00408013-39CF-40FC-8080-1339CFD0FC06},0,ADD,4036378.0,Jordan Love,0.0,8.0,2025-09-17
2025,3,174839b1-2f00-42ff-a5c9-53e98aba4313,1e94385b-78cd-43aa-8ac8-c43cc152f9ae,WAIVER,EXECUTED,6,NightlyLeagueUpdateTaskProcessor,39,ADD,4431280.0,Troy Franklin,0.0,6.0,2025-09-17
2025,3,174839b1-2f00-42ff-a5c9-53e98aba4313,1e94385b-78cd-43aa-8ac8-c43cc152f9ae,WAIVER,EXECUTED,6,NightlyLeagueUpdateTaskProcessor,39,DROP,4430034.0,Xavier Legette,6.0,0.0,2025-09-17
2025,3,fa2dfbdc-a573-40a1-b218-a07ac2d6160a,,FREEAGENT,EXECUTED,10,{2C8A1B87-268B-45A5-A0E5-C4A3F61C9BC2},0,ADD,-16001.0,Falcons D/ST,0.0,10.0,2025-09-17
2025,3,df2786ea-c758-44fa-bb29-d9df89eac2f5,f6d682c3-8c6f-4d3f-afb9-b940285e94fd,WAIVER,EXECUTED,7,NightlyLeagueUpdateTaskProcessor,2,ADD,4608686.0,Kyle Monangai,0.0,7.0,2025-09-17
2025,3,df2786ea-c758-44fa-bb29-d9df89eac2f5,f6d682c3-8c6f-4d3f-afb9-b940285e94fd,WAIVER,EXECUTED,7,NightlyLeagueUpdateTaskProcessor,2,DROP,-16022.0,Cardinals D/ST,7.0,0.0,2025-09-17
2025,3,6da182da-70ac-4186-8fd3-8303b9c97bd1,,FREEAGENT,EXECUTED,6,{FE8F6865-8A47-4C3A-8D66-0780982B48DD},0,ADD,2576980.0,Marcus Mariota,0.0,6.0,2025-09-20
2025,3,6da182da-70ac-4186-8fd3-8303b9c97bd1,,FREEAGENT,EXECUTED,6,{FE8F6865-8A47-4C3A-8D66-0780982B48DD},0,DROP,4241457.0,Najee Harris,6.0,0.0,2025-09-20
2025,3,d1a0dda4-e8a6-48b4-8883-d5d3caa75982,8fffe668-f576-46b9-bad3-7ec705f5b3f3,WAIVER,CANCELED,10,{2C8A1B87-268B-45A5-A0E5-C4A3F61C9BC2},0,ADD,3886598.0,Jauan Jennings,0.0,10.0,2025-09-17
2025,3,aa63f55c-1f9c-47d0-86a7-818963ec2f2b,b126485d-caa3-442b-99a8-b3166c5fa080,WAIVER,EXECUTED,2,NightlyLeagueUpdateTaskProcessor,11,ADD,4428850.0,Dontayvion Wicks,0.0,2.0,2025-09-17
2025,3,b04da68e-d7d6-4817-8dd6-4870e1ed4faa,,ROSTER,EXECUTED,8,{00408013-39CF-40FC-8080-1339CFD0FC06},0,DROP,4877706.0,Jayden Higgins,8.0,0.0,2025-09-18
2025,3,2f1abb8b-6a7a-4046-8b57-8bbef7cd4f18,,ROSTER,EXECUTED,8,{00408013-39CF-40FC-8080-1339CFD0FC06},0,DROP,3068267.0,Austin Ekeler,8.0,0.0,2025-09-16
2025,3,caec4ba2-2819-4576-8f47-371f153ec36a,89450071-1de2-48d2-9358-cfc486ced317,TRADE_PROPOSAL,CANCELED,10,{C1E09685-96D1-4750-BA21-8BE16D3BF7CA},0,TRADE,4432773.0,Brian Thomas Jr.,1.0,10.0,2025-09-19
2025,3,caec4ba2-2819-4576-8f47-371f153ec36a,89450071-1de2-48d2-9358-cfc486ced317,TRADE_PROPOSAL,CANCELED,10,{C1E09685-96D1-4750-BA21-8BE16D3BF7CA},0,TRADE,4259545.0,D'Andre Swift,10.0,1.0,2025-09-19
2025,3,caec4ba2-2819-4576-8f47-371f153ec36a,89450071-1de2-48d2-9358-cfc486ced317,TRADE_PROPOSAL,CANCELED,10,{C1E09685-96D1-4750-BA21-8BE16D3BF7CA},0,TRADE,4429205.0,Jordan Addison,10.0,1.0,2025-09-19
2025,3,9efe79a8-cd47-4bf4-975e-d388080357d7,49131a12-4ee5-4029-8ddf-6e5a180f540f,WAIVER,FAILED_INVALIDPLAYERSOURCE,3,NightlyLeagueUpdateTaskProcessor,2,ADD,3886598.0,Jauan Jennings,0.0,3.0,2025-09-17
2025,3,9efe79a8-cd47-4bf4-975e-d388080357d7,49131a12-4ee5-4029-8ddf-6e5a180f540f,WAIVER,FAILED_INVALIDPLAYERSOURCE,3,NightlyLeagueUpdateTaskProcessor,2,DROP,4688813.0,Josh Downs,3.0,0.0,2025-09-17
2025,3,cb4af86f-f793-428f-a114-92ad4f53ba43,,FREEAGENT,EXECUTED,4,{8242D4C8-FCD1-4A28-9373-CD282687A8E7},0,ADD,4361050.0,Isaiah Likely,0.0,4.0,2025-09-17
2025,3,cb4af86f-f793-428f-a114-92ad4f53ba43,,FREEAGENT,EXECUTED,4,{8242D4C8-FCD1-4A28-9373-CD282687A8E7},0,DROP,4596334.0,Keaton Mitchell,4.0,0.0,2025-09-17
2025,3,4820d6ac-aad6-4941-a178-7d084bc4af11,f4975325-4c1e-4cb2-a5fb-bf7b6c8974ed,WAIVER,FAILED_PLAYERALREADYDROPPED,8,NightlyLeagueUpdateTaskProcessor,3,ADD,-16001.0,Falcons D/ST,0.0,8.0,2025-09-17
2025,3,4820d6ac-aad6-4941-a178-7d084bc4af11,f4975325-4c1e-4cb2-a5fb-bf7b6c8974ed,WAIVER,FAILED_PLAYERALREADYDROPPED,8,NightlyLeagueUpdateTaskProcessor,3,DROP,-16006.0,Cowboys D/ST,8.0,0.0,2025-09-17
2025,3,3769518b-71af-40a3-87ae-d0ec9339afbb,,FREEAGENT,EXECUTED,8,{00408013-39CF-40FC-8080-1339CFD0FC06},0,ADD,4372019.0,Jerome Ford,0.0,8.0,2025-09-20
2025,3,27408ac8-be6f-40f1-911f-0cdc50a25523,8e83f686-18f7-4c8c-977e-500d1a24443c,WAIVER,EXECUTED,1,NightlyLeagueUpdateTaskProcessor,5,ADD,4371733.0,Kenneth Gainwell,0.0,1.0,2025-09-17
2025,3,27408ac8-be6f-40f1-911f-0cdc50a25523,8e83f686-18f7-4c8c-977e-500d1a24443c,WAIVER,EXECUTED,1,NightlyLeagueUpdateTaskProcessor,5,DROP,4819231.0,Kaleb Johnson,1.0,0.0,2025-09-17
2025,3,db5529f1-95da-46d9-8e2c-7f829d666950,,FREEAGENT,EXECUTED,6,{FE8F6865-8A47-4C3A-8D66-0780982B48DD},0,ADD,-16030.0,Jaguars D/ST,0.0,6.0,2025-09-20
2025,3,db5529f1-95da-46d9-8e2c-7f829d666950,,FREEAGENT,EXECUTED,6,{FE8F6865-8A47-4C3A-8D66-0780982B48DD},0,DROP,-16023.0,Steelers D/ST,6.0,0.0,2025-09-20
2025,3,a04ef3e8-59d6-413a-83c2-deecc0171f36,36cc16be-f343-4f2f-868c-85c640f39938,WAIVER,EXECUTED,2,NightlyLeagueUpdateTaskProcessor,16,ADD,15795.0,DeAndre Hopkins,0.0,2.0,2025-09-17
2025,3,a04ef3e8-59d6-413a-83c2-deecc0171f36,36cc16be-f343-4f2f-868c-85c640f39938,WAIVER,EXECUTED,2,NightlyLeagueUpdateTaskProcessor,16,DROP,4243389.0,Calvin Austin III,2.0,0.0,2025-09-17
2025,3,65c1e89b-6afb-401a-9a22-923cb66b1bf3,,ROSTER,EXECUTED,8,{00408013-39CF-40FC-8080-1339CFD0FC06},0,DROP,4372019.0,Jerome Ford,8.0,0.0,2025-09-20
2025,3,a07e650b-aee8-4a36-a15e-58e501bcd508,,ROSTER,EXECUTED,10,{2C8A1B87-268B-45A5-A0E5-C4A3F61C9BC2},0,DROP,-16025.0,49ers D/ST,10.0,0.0,2025-09-16
2025,3,a0f470dd-df71-48bc-9bc7-9badfc20a690,,WAIVER,PENDING,10,{2C8A1B87-268B-45A5-A0E5-C4A3F61C9BC2},28,ADD,3886598.0,Jauan Jennings,0.0,10.0,2025-09-17
2025,3,a0f470dd-df71-48bc-9bc7-9badfc20a690,,WAIVER,PENDING,10,{2C8A1B87-268B-45A5-A0E5-C4A3F61C9BC2},28,DROP,4360516.0,Tyrone Tracy Jr.,10.0,0.0,2025-09-17
2025,3,ccce0ba4-ba3c-4733-8501-94abb5660a10,,FREEAGENT,EXECUTED,14,{C2BAB8A3-9ED5-425C-BAB8-A39ED5B25CC2},0,ADD,4038441.0,Justice Hill,0.0,14.0,2025-09-19
2025,3,ccce0ba4-ba3c-4733-8501-94abb5660a10,,FREEAGENT,EXECUTED,14,{C2BAB8A3-9ED5-425C-BAB8-A39ED5B25CC2},0,DROP,4428718.0,Tre Tucker,14.0,0.0,2025-09-19
2025,3,eae67b52-af3e-41c5-aea1-a92441563b95,,ROSTER,EXECUTED,5,{77F704CF-0C76-4984-9A71-8BD39511C19F},0,DROP,4433970.0,J.J. McCarthy,5.0,0.0,2025-09-16
2025,3,0cd8208e-9946-4c1e-b578-c665f5646bb7,89450071-1de2-48d2-9358-cfc486ced317,TRADE_DECLINE,EXECUTED,1,{C1E09685-96D1-4750-BA21-8BE16D3BF7CA},0,,,,,,2025-09-19
2025,3,3d1176aa-486c-424b-bdc9-da95b85161a9,,TRADE_PROPOSAL,PENDING,10,{2C8A1B87-268B-45A5-A0E5-C4A3F61C9BC2},0,TRADE,4429205.0,Jordan Addison,10.0,1.0,2025-09-19
2025,3,3d1176aa-486c-424b-bdc9-da95b85161a9,,TRADE_PROPOSAL,PENDING,10,{2C8A1B87-268B-45A5-A0E5-C4A3F61C9BC2},0,TRADE,4259545.0,D'Andre Swift,10.0,1.0,2025-09-19
2025,3,3d1176aa-486c-424b-bdc9-da95b85161a9,,TRADE_PROPOSAL,PENDING,10,{2C8A1B87-268B-45A5-A0E5-C4A3F61C9BC2},0,TRADE,4432773.0,Brian Thomas Jr.,1.0,10.0,2025-09-19
2025,3,59480fde-1d7f-4bd9-aa61-be1cfe229e4c,c1403ea5-743a-4658-9f8d-e4e9296d8c9e,WAIVER,EXECUTED,13,NightlyLeagueUpdateTaskProcessor,1,ADD,3046779.0,Jared Goff,0.0,13.0,2025-09-17
2025,3,59480fde-1d7f-4bd9-aa61-be1cfe229e4c,c1403ea5-743a-4658-9f8d-e4e9296d8c9e,WAIVER,EXECUTED,13,NightlyLeagueUpdateTaskProcessor,1,DROP,3915511.0,Joe Burrow,13.0,0.0,2025-09-17
2025,3,1e4c2ef3-17d2-46c2-a10c-338d7807940b,ee4175c6-e1c2-4877-988e-f5d895593de4,WAIVER,FAILED_PLAYERALREADYDROPPED,7,NightlyLeagueUpdateTaskProcessor,2,ADD,4429096.0,Blake Corum,0.0,7.0,2025-09-17
2025,3,1e4c2ef3-17d2-46c2-a10c-338d7807940b,ee4175c6-e1c2-4877-988e-f5d895593de4,WAIVER,FAILED_PLAYERALREADYDROPPED,7,NightlyLeagueUpdateTaskProcessor,2,DROP,-16022.0,Cardinals D/ST,7.0,0.0,2025-09-17
2025,3,2f36b9da-1915-483d-bfb3-fc87a05b2d9d,,WAIVER,PENDING,10,{2C8A1B87-268B-45A5-A0E5-C4A3F61C9BC2},6,ADD,-16009.0,Packers D/ST,0.0,10.0,2025-09-17
2025,3,a99317e3-0343-4594-b883-7a982eddfd35,31cfac56-74b6-4816-a467-61ddb2e4b66b,WAIVER,EXECUTED,5,NightlyLeagueUpdateTaskProcessor,11,ADD,-16009.0,Packers D/ST,0.0,5.0,2025-09-17
2025,3,a99317e3-0343-4594-b883-7a982eddfd35,31cfac56-74b6-4816-a467-61ddb2e4b66b,WAIVER,EXECUTED,5,NightlyLeagueUpdateTaskProcessor,11,DROP,-16014.0,Rams D/ST,5.0,0.0,2025-09-17
2025,3,a00ea872-4a59-4ce8-ba1a-c167ba68b813,,FREEAGENT,EXECUTED,13,{523D9B8F-8A3C-4523-BD9B-8F8A3C852321},0,ADD,4360635.0,Chig Okonkwo,0.0,13.0,2025-09-18
2025,3,a00ea872-4a59-4ce8-ba1a-c167ba68b813,,FREEAGENT,EXECUTED,13,{523D9B8F-8A3C-4523-BD9B-8F8A3C852321},0,DROP,3116365.0,Mark Andrews,13.0,0.0,2025-09-18
2025,3,0c965e19-cc6d-48a7-a5cb-643d1e5318b5,,FREEAGENT,EXECUTED,14,{C2BAB8A3-9ED5-425C-BAB8-A39ED5B25CC2},0,ADD,4428718.0,Tre Tucker,0.0,14.0,2025-09-17
2025,3,0c965e19-cc6d-48a7-a5cb-643d1e5318b5,,FREEAGENT,EXECUTED,14,{C2BAB8A3-9ED5-425C-BAB8-A39ED5B25CC2},0,DROP,4372019.0,Jerome Ford,14.0,0.0,2025-09-17
2025,3,5614b3a8-cd90-4fc9-9fd5-3165543e8936,2f36b9da-1915-483d-bfb3-fc87a05b2d9d,WAIVER,FAILED_INVALIDPLAYERSOURCE,10,NightlyLeagueUpdateTaskProcessor,6,ADD,-16009.0,Packers D/ST,0.0,10.0,2025-09-17
2025,3,5604279c-d5ce-4dce-a271-e66fe2664f1f,d6ec932d-0f34-4246-9492-0a3220c21356,WAIVER,EXECUTED,13,NightlyLeagueUpdateTaskProcessor,1,ADD,4360516.0,Tyrone Tracy Jr.,0.0,13.0,2025-09-18
2025,3,5604279c-d5ce-4dce-a271-e66fe2664f1f,d6ec932d-0f34-4246-9492-0a3220c21356,WAIVER,EXECUTED,13,NightlyLeagueUpdateTaskProcessor,1,DROP,16460.0,Adam Thielen,13.0,0.0,2025-09-18
2025,3,978244c2-e5c5-44ef-8e4c-06e3cdb2cb4e,,FREEAGENT,EXECUTED,14,{C2BAB8A3-9ED5-425C-BAB8-A39ED5B25CC2},0,ADD,4372019.0,Jerome Ford,0.0,14.0,2025-09-17
2025,3,b69d8fee-c4ba-4a70-9ac7-f4da16d91344,8de3854f-e6c6-49b8-a80a-8e6956d400df,WAIVER,FAILED_INVALIDPLAYERSOURCE,7,NightlyLeagueUpdateTaskProcessor,11,ADD,3886598.0,Jauan Jennings,0.0,7.0,2025-09-17
2025,3,b69d8fee-c4ba-4a70-9ac7-f4da16d91344,8de3854f-e6c6-49b8-a80a-8e6956d400df,WAIVER,FAILED_INVALIDPLAYERSOURCE,7,NightlyLeagueUpdateTaskProcessor,11,DROP,4432775.0,Dont'e Thornton Jr.,7.0,0.0,2025-09-17
2025,3,89450071-1de2-48d2-9358-cfc486ced317,,TRADE_PROPOSAL,PENDING,10,{2C8A1B87-268B-45A5-A0E5-C4A3F61C9BC2},0,TRADE,4432773.0,Brian Thomas Jr.,1.0,10.0,2025-09-19
2025,3,89450071-1de2-48d2-9358-cfc486ced317,,TRADE_PROPOSAL,PENDING,10,{2C8A1B87-268B-45A5-A0E5-C4A3F61C9BC2},0,TRADE,4259545.0,D'Andre Swift,10.0,1.0,2025-09-19
2025,3,89450071-1de2-48d2-9358-cfc486ced317,,TRADE_PROPOSAL,PENDING,10,{2C8A1B87-268B-45A5-A0E5-C4A3F61C9BC2},0,TRADE,4429205.0,Jordan Addison,10.0,1.0,2025-09-19
2025,3,8bc54e09-c292-4b61-bf45-eb3d0568b6ef,e5b4dace-3437-49be-b96a-8065cba522fb,WAIVER,FAILED_INVALIDPLAYERSOURCE,8,NightlyLeagueUpdateTaskProcessor,16,ADD,3886598.0,Jauan Jennings,0.0,8.0,2025-09-17
2025,3,2533f095-95e9-4732-9f67-b52444f49e1c,94eddcbc-4801-410f-9882-c584645bc862,WAIVER,FAILED_INVALIDPLAYERSOURCE,8,NightlyLeagueUpdateTaskProcessor,8,ADD,-16009.0,Packers D/ST,0.0,8.0,2025-09-17
2025,3,2533f095-95e9-4732-9f67-b52444f49e1c,94eddcbc-4801-410f-9882-c584645bc862,WAIVER,FAILED_INVALIDPLAYERSOURCE,8,NightlyLeagueUpdateTaskProcessor,8,DROP,-16006.0,Cowboys D/ST,8.0,0.0,2025-09-17
2025,3,1437fc0b-1ec3-41b9-a1d2-c509e7f45006,,FREEAGENT,EXECUTED,10,{2C8A1B87-268B-45A5-A0E5-C4A3F61C9BC2},0,ADD,3912547.0,Sam Darnold,0.0,10.0,2025-09-17
2025,3,0281c557-8fd6-4a3f-b51b-ab82d7ac2c64,a0f470dd-df71-48bc-9bc7-9badfc20a690,WAIVER,EXECUTED,10,NightlyLeagueUpdateTaskProcessor,28,ADD,3886598.0,Jauan Jennings,0.0,10.0,2025-09-17
2025,3,0281c557-8fd6-4a3f-b51b-ab82d7ac2c64,a0f470dd-df71-48bc-9bc7-9badfc20a690,WAIVER,EXECUTED,10,NightlyLeagueUpdateTaskProcessor,28,DROP,4360516.0,Tyrone Tracy Jr.,10.0,0.0,2025-09-17
2025,3,e20c1b82-fdd5-4375-80df-5548ba2a476d,,FREEAGENT,EXECUTED,14,{C2BAB8A3-9ED5-425C-BAB8-A39ED5B25CC2},0,ADD,4361577.0,Dyami Brown,0.0,14.0,2025-09-19
2025,3,e20c1b82-fdd5-4375-80df-5548ba2a476d,,FREEAGENT,EXECUTED,14,{C2BAB8A3-9ED5-425C-BAB8-A39ED5B25CC2},0,DROP,4038441.0,Justice Hill,14.0,0.0,2025-09-19
2025,3,37a34333-4661-4911-8926-caeff3f7ad45,a7cb0d3e-7f2f-4c11-8a55-e56d6ffabf00,WAIVER,EXECUTED,5,NightlyLeagueUpdateTaskProcessor,1,ADD,3054212.0,Jonnu Smith,0.0,5.0,2025-09-17
2025,3,37a34333-4661-4911-8926-caeff3f7ad45,a7cb0d3e-7f2f-4c11-8a55-e56d6ffabf00,WAIVER,EXECUTED,5,NightlyLeagueUpdateTaskProcessor,1,DROP,3046439.0,Hunter Henry,5.0,0.0,2025-09-17
2025,3,0fd52a34-48b7-46b3-ba75-22460eb146a3,b6b6e2ca-9ab3-44c3-948b-cbefc122f488,WAIVER,FAILED_INVALIDPLAYERSOURCE,7,NightlyLeagueUpdateTaskProcessor,13,ADD,4431280.0,Troy Franklin,0.0,7.0,2025-09-17
2025,3,0fd52a34-48b7-46b3-ba75-22460eb146a3,b6b6e2ca-9ab3-44c3-948b-cbefc122f488,WAIVER,FAILED_INVALIDPLAYERSOURCE,7,NightlyLeagueUpdateTaskProcessor,13,DROP,4432775.0,Dont'e Thornton Jr.,7.0,0.0,2025-09-17
2025,3,d838af51-233d-4342-8734-b56ab99c141a,69ab614c-c694-4219-a2f4-d4f79b6b40f0,WAIVER,FAILED_INVALIDPLAYERSOURCE,1,NightlyLeagueUpdateTaskProcessor,5,ADD,3886598.0,Jauan Jennings,0.0,1.0,2025-09-17
2025,3,d838af51-233d-4342-8734-b56ab99c141a,69ab614c-c694-4219-a2f4-d4f79b6b40f0,WAIVER,FAILED_INVALIDPLAYERSOURCE,1,NightlyLeagueUpdateTaskProcessor,5,DROP,4360939.0,Rashod Bateman,1.0,0.0,2025-09-17
2025,3,8fffe668-f576-46b9-bad3-7ec705f5b3f3,,WAIVER,PENDING,10,{2C8A1B87-268B-45A5-A0E5-C4A3F61C9BC2},27,ADD,3886598.0,Jauan Jennings,0.0,10.0,2025-09-17
2025,3,683a67d3-f61c-49a5-a16b-703a4372229e,,FREEAGENT,EXECUTED,1,{C1E09685-96D1-4750-BA21-8BE16D3BF7CA},0,ADD,-16012.0,Chiefs D/ST,0.0,1.0,2025-09-17
2025,3,683a67d3-f61c-49a5-a16b-703a4372229e,,FREEAGENT,EXECUTED,1,{C1E09685-96D1-4750-BA21-8BE16D3BF7CA},0,DROP,-16008.0,Lions D/ST,1.0,0.0,2025-09-17
2025,3,cf5c90e1-1d5b-4f04-8fbb-c5fd5974d324,,FREEAGENT,EXECUTED,7,{430447A7-381F-4E40-AD53-6A9C1F157A25},0,ADD,4429096.0,Blake Corum,0.0,7.0,2025-09-17
2025,3,cf5c90e1-1d5b-4f04-8fbb-c5fd5974d324,,FREEAGENT,EXECUTED,7,{430447A7-381F-4E40-AD53-6A9C1F157A25},0,DROP,4432775.0,Dont'e Thornton Jr.,7.0,0.0,2025-09-17
2025,3,06f4e92b-5c87-471c-8d4b-f4506dd23478,,FREEAGENT,EXECUTED,5,{77F704CF-0C76-4984-9A71-8BD39511C19F},0,ADD,4362921.0,Tyquan Thornton,0.0,5.0,2025-09-17
2025,4,5ce2fcff-9a39-4ba5-b6cf-dae900d72bfd,,TRADE_PROPOSAL,PENDING,10,{2C8A1B87-268B-45A5-A0E5-C4A3F61C9BC2},0,TRADE,4047646.0,A.J. Brown,14.0,10.0,2025-09-29
2025,4,5ce2fcff-9a39-4ba5-b6cf-dae900d72bfd,,TRADE_PROPOSAL,PENDING,10,{2C8A1B87-268B-45A5-A0E5-C4A3F61C9BC2},0,TRADE,4361529.0,Isiah Pacheco,10.0,14.0,2025-09-29
2025,4,122c96f0-e329-41cf-ba9b-cbcc505e7fbe,c789ea53-4917-4a48-a0b4-6ed06257a96f,WAIVER,EXECUTED,12,NightlyLeagueUpdateTaskProcessor,6,ADD,15864.0,Geno Smith,0.0,12.0,2025-09-24
2025,4,316920ae-d30d-4daa-8644-66331edfdeb2,aabd9e41-fbc9-4c4b-bb47-290a0eff597c,TRADE_DECLINE,EXECUTED,5,{77F704CF-0C76-4984-9A71-8BD39511C19F},0,,,,,,2025-09-23
2025,4,2a361542-3158-4c10-8daf-5c1fca53a96b,d259cb34-408d-4c6f-965d-8a9bbad7582e,TRADE_DECLINE,EXECUTED,4,{8242D4C8-FCD1-4A28-9373-CD282687A8E7},0,,,,,,2025-09-24
2025,4,ec5f4acf-ca44-4613-afce-9f0f17696592,,FREEAGENT,EXECUTED,13,{523D9B8F-8A3C-4523-BD9B-8F8A3C852321},0,ADD,-16014.0,Rams D/ST,0.0,13.0,2025-09-24
2025,4,ec5f4acf-ca44-4613-afce-9f0f17696592,,FREEAGENT,EXECUTED,13,{523D9B8F-8A3C-4523-BD9B-8F8A3C852321},0,DROP,-16033.0,Ravens D/ST,13.0,0.0,2025-09-24
2025,4,3d66a874-4888-4fb1-b77c-833743430598,b640ed38-5687-43ad-aabe-0268961eef28,TRADE_DECLINE,EXECUTED,7,{430447A7-381F-4E40-AD53-6A9C1F157A25},0,,,,,,2025-09-27
2025,4,1395b8e9-23d1-4197-a2ee-8e74b65eb865,a6fb045b-7ca1-4b89-9746-a6dce42c825d,TRADE_UPHOLD,EXECUTED,1,{C1E09685-96D1-4750-BA21-8BE16D3BF7CA},0,,,,,,2025-09-27
2025,4,0d8f3be8-7d30-4cb2-8100-82ac45f0b815,83034fe2-f6f3-4574-a88a-c8bdba895fce,WAIVER,EXECUTED,1,NightlyLeagueUpdateTaskProcessor,15,ADD,3046439.0,Hunter Henry,0.0,1.0,2025-09-24
2025,4,0d8f3be8-7d30-4cb2-8100-82ac45f0b815,83034fe2-f6f3-4574-a88a-c8bdba895fce,WAIVER,EXECUTED,1,NightlyLeagueUpdateTaskProcessor,15,DROP,4360939.0,Rashod Bateman,1.0,0.0,2025-09-24
2025,4,0d8f3be8-7d30-4cb2-8100-82ac45f0b815,83034fe2-f6f3-4574-a88a-c8bdba895fce,WAIVER,EXECUTED,1,NightlyLeagueUpdateTaskProcessor,15,DROP,15835.0,Zach Ertz,1.0,0.0,2025-09-24
2025,4,8505fcef-0314-4901-bfeb-8d63a7957b8d,6396d7da-5a9c-423f-95f9-982e355e9ee0,WAIVER,EXECUTED,12,NightlyLeagueUpdateTaskProcessor,3,ADD,4597703.0,Tory Horton,0.0,12.0,2025-09-24
2025,4,8505fcef-0314-4901-bfeb-8d63a7957b8d,6396d7da-5a9c-423f-95f9-982e355e9ee0,WAIVER,EXECUTED,12,NightlyLeagueUpdateTaskProcessor,3,DROP,4429022.0,Kayshon Boutte,12.0,0.0,2025-09-24
2025,4,b5dfc6a0-e0bf-4801-8055-e3179f49f55b,ddec63a1-300e-4859-bdb8-2e629df25bca,TRADE_PROPOSAL,CANCELED,14,{C2BAB8A3-9ED5-425C-BAB8-A39ED5B25CC2},0,TRADE,4569173.0,Rhamondre Stevenson,14.0,4.0,2025-09-28
2025,4,b5dfc6a0-e0bf-4801-8055-e3179f49f55b,ddec63a1-300e-4859-bdb8-2e629df25bca,TRADE_PROPOSAL,CANCELED,14,{C2BAB8A3-9ED5-425C-BAB8-A39ED5B25CC2},0,TRADE,4241372.0,Hollywood Brown,14.0,4.0,2025-09-28
2025,4,b5dfc6a0-e0bf-4801-8055-e3179f49f55b,ddec63a1-300e-4859-bdb8-2e629df25bca,TRADE_PROPOSAL,CANCELED,14,{C2BAB8A3-9ED5-425C-BAB8-A39ED5B25CC2},0,TRADE,4361370.0,Chris Olave,4.0,14.0,2025-09-28
2025,4,b5dfc6a0-e0bf-4801-8055-e3179f49f55b,ddec63a1-300e-4859-bdb8-2e629df25bca,TRADE_PROPOSAL,CANCELED,14,{C2BAB8A3-9ED5-425C-BAB8-A39ED5B25CC2},0,TRADE,3916148.0,Tony Pollard,4.0,14.0,2025-09-28
2025,4,e1468caa-bc48-4b35-b076-6a3d168702ce,dd16a887-a87e-41c3-8b73-2d98f58608f3,TRADE_DECLINE,EXECUTED,13,{523D9B8F-8A3C-4523-BD9B-8F8A3C852321},0,,,,,,2025-09-24
2025,4,a1e1b664-e968-4ebb-a36e-804312c85827,e9049866-fe5c-4d84-bc33-dbf29e2ec536,WAIVER,FAILED_INVALIDPLAYERSOURCE,8,NightlyLeagueUpdateTaskProcessor,11,ADD,4243389.0,Calvin Austin III,0.0,8.0,2025-09-24
2025,4,a1e1b664-e968-4ebb-a36e-804312c85827,e9049866-fe5c-4d84-bc33-dbf29e2ec536,WAIVER,FAILED_INVALIDPLAYERSOURCE,8,NightlyLeagueUpdateTaskProcessor,11,DROP,5081397.0,Dylan Sampson,8.0,0.0,2025-09-24
2025,4,f85bebab-1af7-4a1b-b3f6-3ddda57f6ca8,,ROSTER,EXECUTED,2,{6AC115FA-3A0D-4948-8115-FA3A0DD94826},0,DROP,3045147.0,James Conner,2.0,0.0,2025-09-23
2025,4,7d5f5792-71c9-4318-a5a2-7228a9221119,928d257e-a97e-40c4-afa7-6ff7c5a33926,WAIVER,FAILED_INVALIDPLAYERSOURCE,3,NightlyLeagueUpdateTaskProcessor,11,ADD,4428718.0,Tre Tucker,0.0,3.0,2025-09-24
2025,4,7d5f5792-71c9-4318-a5a2-7228a9221119,928d257e-a97e-40c4-afa7-6ff7c5a33926,WAIVER,FAILED_INVALIDPLAYERSOURCE,3,NightlyLeagueUpdateTaskProcessor,11,DROP,4040655.0,Darnell Mooney,3.0,0.0,2025-09-24
2025,4,f4bb6c89-fe2d-45e8-906d-d73976a333a7,6afee2ea-3418-45da-a983-05dd35b90427,TRADE_UPHOLD,EXECUTED,12,{5FCF8F43-6BFC-4593-9364-2E23B55B301D},0,,,,,,2025-09-23
2025,4,b640ed38-5687-43ad-aabe-0268961eef28,,TRADE_PROPOSAL,PENDING,10,{2C8A1B87-268B-45A5-A0E5-C4A3F61C9BC2},0,TRADE,4429205.0,Jordan Addison,10.0,7.0,2025-09-27
2025,4,b640ed38-5687-43ad-aabe-0268961eef28,,TRADE_PROPOSAL,PENDING,10,{2C8A1B87-268B-45A5-A0E5-C4A3F61C9BC2},0,TRADE,4432710.0,TreVeyon Henderson,7.0,10.0,2025-09-27
2025,4,a9acd193-4c67-4104-b33a-9ba968517427,,FREEAGENT,EXECUTED,6,{FE8F6865-8A47-4C3A-8D66-0780982B48DD},0,ADD,-16017.0,Patriots D/ST,0.0,6.0,2025-09-24
2025,4,a9acd193-4c67-4104-b33a-9ba968517427,,FREEAGENT,EXECUTED,6,{FE8F6865-8A47-4C3A-8D66-0780982B48DD},0,DROP,-16030.0,Jaguars D/ST,6.0,0.0,2025-09-24
2025,4,6fcac7dc-8a46-4897-9f71-6b1612d0c7d0,98e9f791-a251-41de-861d-160d497cb68e,TRADE_PROPOSAL,CANCELED,3,{2C8A1B87-268B-45A5-A0E5-C4A3F61C9BC2},0,TRADE,4697815.0,Rachaad White,3.0,10.0,2025-09-23
2025,4,6fcac7dc-8a46-4897-9f71-6b1612d0c7d0,98e9f791-a251-41de-861d-160d497cb68e,TRADE_PROPOSAL,CANCELED,3,{2C8A1B87-268B-45A5-A0E5-C4A3F61C9BC2},0,TRADE,-16002.0,Bills D/ST,3.0,10.0,2025-09-23
2025,4,6fcac7dc-8a46-4897-9f71-6b1612d0c7d0,98e9f791-a251-41de-861d-160d497cb68e,TRADE_PROPOSAL,CANCELED,3,{2C8A1B87-268B-45A5-A0E5-C4A3F61C9BC2},0,TRADE,4685415.0,Travis Hunter,3.0,10.0,2025-09-23
2025,4,6fcac7dc-8a46-4897-9f71-6b1612d0c7d0,98e9f791-a251-41de-861d-160d497cb68e,TRADE_PROPOSAL,CANCELED,3,{2C8A1B87-268B-45A5-A0E5-C4A3F61C9BC2},0,TRADE,3116406.0,Tyreek Hill,10.0,3.0,2025-09-23
2025,4,27a1193c-ce54-4bfd-ba88-bf45c88b87d6,a6fb045b-7ca1-4b89-9746-a6dce42c825d,TRADE_ACCEPT,,13,{523D9B8F-8A3C-4523-BD9B-8F8A3C852321},0,,,,,,2025-09-27
2025,4,bb9c9696-2894-439a-bd7c-3543b98b9b17,3ab754bc-5002-4357-87a5-25aaa69fd576,WAIVER,FAILED_INVALIDPLAYERSOURCE,2,NightlyLeagueUpdateTaskProcessor,1,ADD,-16024.0,Chargers D/ST,0.0,2.0,2025-09-24
2025,4,d142b4fd-3dd8-43ec-9ae0-5d702da13312,,TRADE_PROPOSAL,PENDING,13,{523D9B8F-8A3C-4523-BD9B-8F8A3C852321},0,TRADE,4426354.0,George Pickens,13.0,10.0,2025-09-24
2025,4,d142b4fd-3dd8-43ec-9ae0-5d702da13312,,TRADE_PROPOSAL,PENDING,13,{523D9B8F-8A3C-4523-BD9B-8F8A3C852321},0,TRADE,4262921.0,Justin Jefferson,10.0,13.0,2025-09-24
2025,4,50f36cc0-0a59-4c4f-a867-7e1a6b72c598,,FREEAGENT,EXECUTED,6,{FE8F6865-8A47-4C3A-8D66-0780982B48DD},0,ADD,4432577.0,C.J. Stroud,0.0,6.0,2025-09-26
2025,4,884ba38a-a7f1-4dc1-89c5-904f9b40e30e,6afee2ea-3418-45da-a983-05dd35b90427,TRADE_UPHOLD,EXECUTED,1,{C1E09685-96D1-4750-BA21-8BE16D3BF7CA},0,,,,,,2025-09-23
2025,4,86e93625-4994-45b2-9906-d31b7c46ad8b,5ce2fcff-9a39-4ba5-b6cf-dae900d72bfd,TRADE_PROPOSAL,CANCELED,10,{C2BAB8A3-9ED5-425C-BAB8-A39ED5B25CC2},0,TRADE,4047646.0,A.J. Brown,14.0,10.0,2025-09-30
2025,4,86e93625-4994-45b2-9906-d31b7c46ad8b,5ce2fcff-9a39-4ba5-b6cf-dae900d72bfd,TRADE_PROPOSAL,CANCELED,10,{C2BAB8A3-9ED5-425C-BAB8-A39ED5B25CC2},0,TRADE,4361529.0,Isiah Pacheco,10.0,14.0,2025-09-30
2025,4,d67aca9c-ad14-42c3-a6df-981aa8cf4a86,,TRADE_PROPOSAL,PENDING,10,{2C8A1B87-268B-45A5-A0E5-C4A3F61C9BC2},0,TRADE,4429059.0,Woody Marks,8.0,10.0,2025-09-29
2025,4,d67aca9c-ad14-42c3-a6df-981aa8cf4a86,,TRADE_PROPOSAL,PENDING,10,{2C8A1B87-268B-45A5-A0E5-C4A3F61C9BC2},0,TRADE,4429205.0,Jordan Addison,10.0,8.0,2025-09-29
2025,4,e35d792f-8c34-4079-80ea-be61cfebd89c,9350ab86-759b-41f2-b145-a6d90d063b26,WAIVER,EXECUTED,6,NightlyLeagueUpdateTaskProcessor,15,ADD,4243389.0,Calvin Austin III,0.0,6.0,2025-09-24
2025,4,e35d792f-8c34-4079-80ea-be61cfebd89c,9350ab86-759b-41f2-b145-a6d90d063b26,WAIVER,EXECUTED,6,NightlyLeagueUpdateTaskProcessor,15,DROP,2576980.0,Marcus Mariota,6.0,0.0,2025-09-24
2025,4,0875f39e-fc02-4799-92af-3164099a43f4,6ebff63f-f8b7-43c2-956f-531dacb1591c,WAIVER,FAILED_INVALIDPLAYERSOURCE,7,NightlyLeagueUpdateTaskProcessor,26,ADD,4428718.0,Tre Tucker,0.0,7.0,2025-09-24
2025,4,0875f39e-fc02-4799-92af-3164099a43f4,6ebff63f-f8b7-43c2-956f-531dacb1591c,WAIVER,FAILED_INVALIDPLAYERSOURCE,7,NightlyLeagueUpdateTaskProcessor,26,DROP,4608686.0,Kyle Monangai,7.0,0.0,2025-09-24
2025,4,3f0ade50-db25-4baa-b435-172273c67ac6,6484786f-c87b-4d14-9473-75f0ca081a01,TRADE_PROPOSAL,CANCELED,13,{523D9B8F-8A3C-4523-BD9B-8F8A3C852321},0,TRADE,3916148.0,Tony Pollard,13.0,10.0,2025-09-27
2025,4,3f0ade50-db25-4baa-b435-172273c67ac6,6484786f-c87b-4d14-9473-75f0ca081a01,TRADE_PROPOSAL,CANCELED,13,{523D9B8F-8A3C-4523-BD9B-8F8A3C852321},0,TRADE,4426354.0,George Pickens,13.0,10.0,2025-09-27
2025,4,3f0ade50-db25-4baa-b435-172273c67ac6,6484786f-c87b-4d14-9473-75f0ca081a01,TRADE_PROPOSAL,CANCELED,13,{523D9B8F-8A3C-4523-BD9B-8F8A3C852321},0,TRADE,4361529.0,Isiah Pacheco,10.0,13.0,2025-09-27
2025,4,3f0ade50-db25-4baa-b435-172273c67ac6,6484786f-c87b-4d14-9473-75f0ca081a01,TRADE_PROPOSAL,CANCELED,13,{523D9B8F-8A3C-4523-BD9B-8F8A3C852321},0,TRADE,4262921.0,Justin Jefferson,10.0,13.0,2025-09-27
2025,4,fe359fe2-376e-4650-97ee-fdf7dcde6c81,,ROSTER,EXECUTED,8,{00408013-39CF-40FC-8080-1339CFD0FC06},0,DROP,3051876.0,Evan Engram,8.0,0.0,2025-09-23
2025,4,23203b31-16ee-4def-b47a-b837b724ccb9,e9980d93-58ce-4643-a13d-06484dfa4bfe,WAIVER,FAILED_INVALIDPLAYERSOURCE,8,NightlyLeagueUpdateTaskProcessor,16,ADD,4428718.0,Tre Tucker,0.0,8.0,2025-09-24
2025,4,23203b31-16ee-4def-b47a-b837b724ccb9,e9980d93-58ce-4643-a13d-06484dfa4bfe,WAIVER,FAILED_INVALIDPLAYERSOURCE,8,NightlyLeagueUpdateTaskProcessor,16,DROP,5081397.0,Dylan Sampson,8.0,0.0,2025-09-24
2025,4,8bb05796-1cd2-4af6-8249-b15e4893c244,d79151be-33f6-416d-88e1-fc30c08cb443,WAIVER,CANCELED,12,{5FCF8F43-6BFC-4593-9364-2E23B55B301D},0,ADD,15864.0,Geno Smith,0.0,12.0,2025-09-24
2025,4,8bb05796-1cd2-4af6-8249-b15e4893c244,d79151be-33f6-416d-88e1-fc30c08cb443,WAIVER,CANCELED,12,{5FCF8F43-6BFC-4593-9364-2E23B55B301D},0,DROP,4429022.0,Kayshon Boutte,12.0,0.0,2025-09-24
2025,4,6f2b4756-b3f1-43d9-9da3-5e1ef999d1d5,6afee2ea-3418-45da-a983-05dd35b90427,TRADE_ACCEPT,,3,{C52D799E-6C1C-44B9-8371-9B6AF857D8E8},0,DROP,4688813.0,Josh Downs,3.0,0.0,2025-09-23
2025,4,55676627-6921-4766-942e-e02a998ab028,c5a68c7a-b970-4995-a086-9f0c52d37451,TRADE_DECLINE,EXECUTED,14,{C2BAB8A3-9ED5-425C-BAB8-A39ED5B25CC2},0,,,,,,2025-09-28
2025,4,9240de63-5c9c-4a2c-a693-05240494937a,d142b4fd-3dd8-43ec-9ae0-5d702da13312,TRADE_PROPOSAL,CANCELED,13,TradeTaskProcessor,0,TRADE,4426354.0,George Pickens,13.0,10.0,2025-09-26
2025,4,9240de63-5c9c-4a2c-a693-05240494937a,d142b4fd-3dd8-43ec-9ae0-5d702da13312,TRADE_PROPOSAL,CANCELED,13,TradeTaskProcessor,0,TRADE,4262921.0,Justin Jefferson,10.0,13.0,2025-09-26
2025,4,1bca296e-5b75-471b-a275-811a57417218,fe3a6b92-7287-43c6-9498-6c9246f30f6c,WAIVER,EXECUTED,8,NightlyLeagueUpdateTaskProcessor,17,ADD,4038815.0,Rico Dowdle,0.0,8.0,2025-09-24
2025,4,1bca296e-5b75-471b-a275-811a57417218,fe3a6b92-7287-43c6-9498-6c9246f30f6c,WAIVER,EXECUTED,8,NightlyLeagueUpdateTaskProcessor,17,DROP,5081397.0,Dylan Sampson,8.0,0.0,2025-09-24
2025,4,38ca9f97-bdf1-455b-9d94-b62f4c23f892,8a329d43-7806-4880-a870-179fe766d747,TRADE_DECLINE,EXECUTED,4,{8242D4C8-FCD1-4A28-9373-CD282687A8E7},0,,,,,,2025-09-27
2025,4,3977d0cd-a9a4-4966-9844-87910fa68add,c9f88432-562b-45ac-912d-be841c29ce83,WAIVER,EXECUTED,1,NightlyLeagueUpdateTaskProcessor,7,ADD,-16024.0,Chargers D/ST,0.0,1.0,2025-09-24
2025,4,3977d0cd-a9a4-4966-9844-87910fa68add,c9f88432-562b-45ac-912d-be841c29ce83,WAIVER,EXECUTED,1,NightlyLeagueUpdateTaskProcessor,7,DROP,-16012.0,Chiefs D/ST,1.0,0.0,2025-09-24
2025,4,c2f4b519-222c-4964-9712-06aad1f4ad09,,FREEAGENT,EXECUTED,10,{2C8A1B87-268B-45A5-A0E5-C4A3F61C9BC2},0,ADD,4241479.0,Tua Tagovailoa,0.0,10.0,2025-09-27
2025,4,c2f4b519-222c-4964-9712-06aad1f4ad09,,FREEAGENT,EXECUTED,10,{2C8A1B87-268B-45A5-A0E5-C4A3F61C9BC2},0,DROP,4369863.0,Cedric Tillman,10.0,0.0,2025-09-27
2025,4,15c29efa-cb98-40e7-8b20-c2d8a7c0b991,,TRADE_PROPOSAL,PENDING,8,{00408013-39CF-40FC-8080-1339CFD0FC06},0,TRADE,3121023.0,Dallas Goedert,8.0,10.0,2025-09-29
2025,4,15c29efa-cb98-40e7-8b20-c2d8a7c0b991,,TRADE_PROPOSAL,PENDING,8,{00408013-39CF-40FC-8080-1339CFD0FC06},0,TRADE,4429059.0,Woody Marks,8.0,10.0,2025-09-29
2025,4,15c29efa-cb98-40e7-8b20-c2d8a7c0b991,,TRADE_PROPOSAL,PENDING,8,{00408013-39CF-40FC-8080-1339CFD0FC06},0,TRADE,4426385.0,Zach Charbonnet,10.0,8.0,2025-09-29
2025,4,15c29efa-cb98-40e7-8b20-c2d8a7c0b991,,TRADE_PROPOSAL,PENDING,8,{00408013-39CF-40FC-8080-1339CFD0FC06},0,TRADE,4429205.0,Jordan Addison,10.0,8.0,2025-09-29
2025,4,22a219cb-3cd5-4edb-956e-8ba13cfc9a90,98e9f791-a251-41de-861d-160d497cb68e,TRADE_DECLINE,EXECUTED,10,{2C8A1B87-268B-45A5-A0E5-C4A3F61C9BC2},0,,,,,,2025-09-23
2025,4,67209ba8-f612-4aa3-a044-f3200947bde4,fe17c4f4-e1cc-44e4-90cf-9a489c15d0fd,WAIVER,FAILED_INVALIDPLAYERSOURCE,7,NightlyLeagueUpdateTaskProcessor,6,ADD,3046439.0,Hunter Henry,0.0,7.0,2025-09-24
2025,4,67209ba8-f612-4aa3-a044-f3200947bde4,fe17c4f4-e1cc-44e4-90cf-9a489c15d0fd,WAIVER,FAILED_INVALIDPLAYERSOURCE,7,NightlyLeagueUpdateTaskProcessor,6,DROP,4608686.0,Kyle Monangai,7.0,0.0,2025-09-24
2025,4,6484786f-c87b-4d14-9473-75f0ca081a01,,TRADE_PROPOSAL,PENDING,13,{523D9B8F-8A3C-4523-BD9B-8F8A3C852321},0,TRADE,3916148.0,Tony Pollard,13.0,10.0,2025-09-25
2025,4,6484786f-c87b-4d14-9473-75f0ca081a01,,TRADE_PROPOSAL,PENDING,13,{523D9B8F-8A3C-4523-BD9B-8F8A3C852321},0,TRADE,4426354.0,George Pickens,13.0,10.0,2025-09-25
2025,4,6484786f-c87b-4d14-9473-75f0ca081a01,,TRADE_PROPOSAL,PENDING,13,{523D9B8F-8A3C-4523-BD9B-8F8A3C852321},0,TRADE,4361529.0,Isiah Pacheco,10.0,13.0,2025-09-25
2025,4,6484786f-c87b-4d14-9473-75f0ca081a01,,TRADE_PROPOSAL,PENDING,13,{523D9B8F-8A3C-4523-BD9B-8F8A3C852321},0,TRADE,4262921.0,Justin Jefferson,10.0,13.0,2025-09-25
2025,4,ec3272dd-8e47-4daa-8988-374a2fa5ac8d,5ce2fcff-9a39-4ba5-b6cf-dae900d72bfd,TRADE_DECLINE,EXECUTED,14,{C2BAB8A3-9ED5-425C-BAB8-A39ED5B25CC2},0,,,,,,2025-09-30
2025,4,ba39695a-9cda-44a2-950f-38f73cb87750,2514f530-305c-460a-a0ed-a5b31df7e401,TRADE_ACCEPT,,5,{77F704CF-0C76-4984-9A71-8BD39511C19F},0,DROP,3054212.0,Jonnu Smith,5.0,0.0,2025-09-24
2025,4,cfb3d476-dcb3-43da-b5a6-72bc801832da,60bd12ff-9e8a-4292-9c40-7dba16f46c22,TRADE_DECLINE,EXECUTED,5,{77F704CF-0C76-4984-9A71-8BD39511C19F},0,,,,,,2025-09-27
2025,4,75dec209-8d15-4880-b6c2-442408ff0356,6afee2ea-3418-45da-a983-05dd35b90427,TRADE_UPHOLD,EXECUTED,5,{77F704CF-0C76-4984-9A71-8BD39511C19F},0,,,,,,2025-09-23
2025,4,bd43be8b-15dc-4329-8f33-1ebbf2b6be02,,FREEAGENT,EXECUTED,5,{77F704CF-0C76-4984-9A71-8BD39511C19F},0,ADD,4045163.0,Miles Sanders,0.0,5.0,2025-09-26
2025,4,00e51856-6161-4519-8168-b7ed05425e0f,d67aca9c-ad14-42c3-a6df-981aa8cf4a86,TRADE_DECLINE,EXECUTED,8,{00408013-39CF-40FC-8080-1339CFD0FC06},0,,,,,,2025-09-29
2025,4,326eb1fc-d8d3-459b-aee8-a9249deba3f9,,FREEAGENT,EXECUTED,10,{2C8A1B87-268B-45A5-A0E5-C4A3F61C9BC2},0,ADD,4608686.0,Kyle Monangai,0.0,10.0,2025-09-27
2025,4,326eb1fc-d8d3-459b-aee8-a9249deba3f9,,FREEAGENT,EXECUTED,10,{2C8A1B87-268B-45A5-A0E5-C4A3F61C9BC2},0,DROP,4241479.0,Tua Tagovailoa,10.0,0.0,2025-09-27
2025,4,5967f407-5e40-4548-bb85-cd7863968507,db14e6a1-0a66-4efa-8a7b-53175a0f5831,WAIVER,FAILED_INVALIDPLAYERSOURCE,10,NightlyLeagueUpdateTaskProcessor,4,ADD,4038815.0,Rico Dowdle,0.0,10.0,2025-09-24
2025,4,3b5d28a0-49be-441c-b159-9142680b9a4e,edb34cb0-808b-43eb-9e9d-eef43ce016f1,TRADE_PROPOSAL,CANCELED,7,TradeTaskProcessor,0,TRADE,4426388.0,Jameson Williams,7.0,10.0,2025-09-26
2025,4,3b5d28a0-49be-441c-b159-9142680b9a4e,edb34cb0-808b-43eb-9e9d-eef43ce016f1,TRADE_PROPOSAL,CANCELED,7,TradeTaskProcessor,0,TRADE,3917792.0,Daniel Jones,7.0,10.0,2025-09-26
2025,4,3b5d28a0-49be-441c-b159-9142680b9a4e,edb34cb0-808b-43eb-9e9d-eef43ce016f1,TRADE_PROPOSAL,CANCELED,7,TradeTaskProcessor,0,TRADE,4426502.0,Drake London,10.0,7.0,2025-09-26
2025,4,c53622f9-7b89-4928-941b-b2e8b4ba8f2c,,TRADE_PROPOSAL,PENDING,10,{2C8A1B87-268B-45A5-A0E5-C4A3F61C9BC2},0,TRADE,4429160.0,De'Von Achane,1.0,10.0,2025-09-29
2025,4,c53622f9-7b89-4928-941b-b2e8b4ba8f2c,,TRADE_PROPOSAL,PENDING,10,{2C8A1B87-268B-45A5-A0E5-C4A3F61C9BC2},0,TRADE,4259545.0,D'Andre Swift,10.0,1.0,2025-09-29
2025,4,c53622f9-7b89-4928-941b-b2e8b4ba8f2c,,TRADE_PROPOSAL,PENDING,10,{2C8A1B87-268B-45A5-A0E5-C4A3F61C9BC2},0,TRADE,4429205.0,Jordan Addison,10.0,1.0,2025-09-29
2025,4,edb34cb0-808b-43eb-9e9d-eef43ce016f1,,TRADE_PROPOSAL,PENDING,7,{430447A7-381F-4E40-AD53-6A9C1F157A25},0,TRADE,4426388.0,Jameson Williams,7.0,10.0,2025-09-24
2025,4,edb34cb0-808b-43eb-9e9d-eef43ce016f1,,TRADE_PROPOSAL,PENDING,7,{430447A7-381F-4E40-AD53-6A9C1F157A25},0,TRADE,3917792.0,Daniel Jones,7.0,10.0,2025-09-24
2025,4,edb34cb0-808b-43eb-9e9d-eef43ce016f1,,TRADE_PROPOSAL,PENDING,7,{430447A7-381F-4E40-AD53-6A9C1F157A25},0,TRADE,4426502.0,Drake London,10.0,7.0,2025-09-24
2025,4,98e9f791-a251-41de-861d-160d497cb68e,,TRADE_PROPOSAL,PENDING,3,{C52D799E-6C1C-44B9-8371-9B6AF857D8E8},0,TRADE,4697815.0,Rachaad White,3.0,10.0,2025-09-23
2025,4,98e9f791-a251-41de-861d-160d497cb68e,,TRADE_PROPOSAL,PENDING,3,{C52D799E-6C1C-44B9-8371-9B6AF857D8E8},0,TRADE,-16002.0,Bills D/ST,3.0,10.0,2025-09-23
2025,4,98e9f791-a251-41de-861d-160d497cb68e,,TRADE_PROPOSAL,PENDING,3,{C52D799E-6C1C-44B9-8371-9B6AF857D8E8},0,TRADE,4685415.0,Travis Hunter,3.0,10.0,2025-09-23
2025,4,98e9f791-a251-41de-861d-160d497cb68e,,TRADE_PROPOSAL,PENDING,3,{C52D799E-6C1C-44B9-8371-9B6AF857D8E8},0,TRADE,3116406.0,Tyreek Hill,10.0,3.0,2025-09-23
2025,4,e0241b44-e14a-4a1b-82c5-f5dc9af1c4c8,5275eb2c-6b2b-4a81-8061-8f6958cd5dc8,WAIVER,FAILED_INVALIDPLAYERSOURCE,13,NightlyLeagueUpdateTaskProcessor,5,ADD,4428718.0,Tre Tucker,0.0,13.0,2025-09-24
2025,4,e0241b44-e14a-4a1b-82c5-f5dc9af1c4c8,5275eb2c-6b2b-4a81-8061-8f6958cd5dc8,WAIVER,FAILED_INVALIDPLAYERSOURCE,13,NightlyLeagueUpdateTaskProcessor,5,DROP,3120348.0,JuJu Smith-Schuster,13.0,0.0,2025-09-24
2025,4,7cc1a3b5-1c96-44c1-9afb-ddd322ae008e,,TRADE_PROPOSAL,PENDING,10,{2C8A1B87-268B-45A5-A0E5-C4A3F61C9BC2},0,TRADE,3929645.0,Juwan Johnson,10.0,6.0,2025-09-26
2025,4,7cc1a3b5-1c96-44c1-9afb-ddd322ae008e,,TRADE_PROPOSAL,PENDING,10,{2C8A1B87-268B-45A5-A0E5-C4A3F61C9BC2},0,TRADE,4362887.0,Justin Fields,10.0,6.0,2025-09-26
2025,4,7cc1a3b5-1c96-44c1-9afb-ddd322ae008e,,TRADE_PROPOSAL,PENDING,10,{2C8A1B87-268B-45A5-A0E5-C4A3F61C9BC2},0,TRADE,4882093.0,Bhayshul Tuten,10.0,6.0,2025-09-26
2025,4,7cc1a3b5-1c96-44c1-9afb-ddd322ae008e,,TRADE_PROPOSAL,PENDING,10,{2C8A1B87-268B-45A5-A0E5-C4A3F61C9BC2},0,TRADE,4361579.0,Javonte Williams,6.0,10.0,2025-09-26
2025,4,9ceda1a4-cc70-4aa7-8146-4fac12864627,79d11ee4-c789-41b5-86ae-6591df356133,TRADE_DECLINE,EXECUTED,4,{8242D4C8-FCD1-4A28-9373-CD282687A8E7},0,,,,,,2025-09-28
2025,4,dc357a64-eabf-4b71-a014-8076f9a2fe4b,0e3e5eeb-616c-4de0-89cd-32fc209a3f98,WAIVER,EXECUTED,8,NightlyLeagueUpdateTaskProcessor,4,ADD,-16008.0,Lions D/ST,0.0,8.0,2025-09-24
2025,4,dc357a64-eabf-4b71-a014-8076f9a2fe4b,0e3e5eeb-616c-4de0-89cd-32fc209a3f98,WAIVER,EXECUTED,8,NightlyLeagueUpdateTaskProcessor,4,DROP,-16027.0,Buccaneers D/ST,8.0,0.0,2025-09-24
2025,4,60f7b73c-2b98-4601-9eec-0d3fc37b0aeb,,FREEAGENT,EXECUTED,10,{2C8A1B87-268B-45A5-A0E5-C4A3F61C9BC2},0,ADD,-16005.0,Browns D/ST,0.0,10.0,2025-09-24
2025,4,14cde59e-6bbc-4810-89fb-f22cc215861b,a66efd8b-04d2-4080-94bb-1b2f9836bc11,WAIVER,FAILED_INVALIDPLAYERSOURCE,14,NightlyLeagueUpdateTaskProcessor,10,ADD,3046439.0,Hunter Henry,0.0,14.0,2025-09-24
2025,4,14cde59e-6bbc-4810-89fb-f22cc215861b,a66efd8b-04d2-4080-94bb-1b2f9836bc11,WAIVER,FAILED_INVALIDPLAYERSOURCE,14,NightlyLeagueUpdateTaskProcessor,10,DROP,4361577.0,Dyami Brown,14.0,0.0,2025-09-24
2025,4,8a329d43-7806-4880-a870-179fe766d747,,TRADE_PROPOSAL,PENDING,10,{2C8A1B87-268B-45A5-A0E5-C4A3F61C9BC2},0,TRADE,4429205.0,Jordan Addison,10.0,4.0,2025-09-27
2025,4,8a329d43-7806-4880-a870-179fe766d747,,TRADE_PROPOSAL,PENDING,10,{2C8A1B87-268B-45A5-A0E5-C4A3F61C9BC2},0,TRADE,4696981.0,Cam Skattebo,4.0,10.0,2025-09-27
2025,4,003adf48-2504-40a4-9799-7f205f8002d2,,ROSTER,EXECUTED,10,{2C8A1B87-268B-45A5-A0E5-C4A3F61C9BC2},0,DROP,-16001.0,Falcons D/ST,10.0,0.0,2025-09-23
2025,4,64afb926-3fa6-4590-a88d-5bfd3fca9a34,ba8c8e34-4d18-42fc-a1f2-59de8bdbb55a,TRADE_PROPOSAL,CANCELED,8,{00408013-39CF-40FC-8080-1339CFD0FC06},0,TRADE,4242355.0,Jake Ferguson,8.0,13.0,2025-09-23
2025,4,64afb926-3fa6-4590-a88d-5bfd3fca9a34,ba8c8e34-4d18-42fc-a1f2-59de8bdbb55a,TRADE_PROPOSAL,CANCELED,8,{00408013-39CF-40FC-8080-1339CFD0FC06},0,TRADE,4431299.0,Rome Odunze,8.0,13.0,2025-09-23
2025,4,64afb926-3fa6-4590-a88d-5bfd3fca9a34,ba8c8e34-4d18-42fc-a1f2-59de8bdbb55a,TRADE_PROPOSAL,CANCELED,8,{00408013-39CF-40FC-8080-1339CFD0FC06},0,TRADE,4432665.0,Brock Bowers,13.0,8.0,2025-09-23
2025,4,64afb926-3fa6-4590-a88d-5bfd3fca9a34,ba8c8e34-4d18-42fc-a1f2-59de8bdbb55a,TRADE_PROPOSAL,CANCELED,8,{00408013-39CF-40FC-8080-1339CFD0FC06},0,TRADE,4379399.0,James Cook III,13.0,8.0,2025-09-23
2025,4,d438b388-ed09-4302-9400-8a4ddf0cd1c9,0b29129f-a6cf-4a52-897f-b413f10ef4b3,TRADE_DECLINE,EXECUTED,8,{00408013-39CF-40FC-8080-1339CFD0FC06},0,,,,,,2025-09-28
2025,4,3f5cd735-c623-445d-a359-d5a71a289996,9b2c3465-5539-4bc0-8229-d70c373c05d2,WAIVER,CANCELED,12,{5FCF8F43-6BFC-4593-9364-2E23B55B301D},0,ADD,4428718.0,Tre Tucker,0.0,12.0,2025-09-24
2025,4,3f5cd735-c623-445d-a359-d5a71a289996,9b2c3465-5539-4bc0-8229-d70c373c05d2,WAIVER,CANCELED,12,{5FCF8F43-6BFC-4593-9364-2E23B55B301D},0,DROP,2976212.0,Stefon Diggs,12.0,0.0,2025-09-24
2025,4,dc0ddeec-7d07-446a-bc59-0f5f4a6f825e,1e461139-0c74-4a86-8d64-8f308dba8397,WAIVER,FAILED_INVALIDPLAYERSOURCE,12,NightlyLeagueUpdateTaskProcessor,8,ADD,4428718.0,Tre Tucker,0.0,12.0,2025-09-24
2025,4,dc0ddeec-7d07-446a-bc59-0f5f4a6f825e,1e461139-0c74-4a86-8d64-8f308dba8397,WAIVER,FAILED_INVALIDPLAYERSOURCE,12,NightlyLeagueUpdateTaskProcessor,8,DROP,4429022.0,Kayshon Boutte,12.0,0.0,2025-09-24
2025,4,e32fdc6c-267a-4221-b2f2-8ce8ecf51dbb,,FREEAGENT,EXECUTED,2,{6AC115FA-3A0D-4948-8115-FA3A0DD94826},0,ADD,-16034.0,Texans D/ST,0.0,2.0,2025-09-24
2025,4,36f1a5fe-72d7-409e-9145-aeed98c16966,45a64830-680c-4cee-adf2-c7e1596a17fa,TRADE_DECLINE,EXECUTED,12,{5FCF8F43-6BFC-4593-9364-2E23B55B301D},0,,,,,,2025-09-28
2025,4,218f87c8-9d97-449d-b59a-099054a5f8aa,2514f530-305c-460a-a0ed-a5b31df7e401,TRADE_UPHOLD,EXECUTED,1,{C1E09685-96D1-4750-BA21-8BE16D3BF7CA},0,,,,,,2025-09-24
2025,4,e51ffcf6-b2ba-4417-8486-b7017ca5472b,98b80510-b032-41c6-8bed-122eb2d7d572,WAIVER,FAILED_INVALIDPLAYERSOURCE,1,NightlyLeagueUpdateTaskProcessor,8,ADD,4428718.0,Tre Tucker,0.0,1.0,2025-09-24
2025,4,e51ffcf6-b2ba-4417-8486-b7017ca5472b,98b80510-b032-41c6-8bed-122eb2d7d572,WAIVER,FAILED_INVALIDPLAYERSOURCE,1,NightlyLeagueUpdateTaskProcessor,8,DROP,4242433.0,Joshua Palmer,1.0,0.0,2025-09-24
2025,4,d95ad9e5-378b-4d2c-ba20-146bdc8364e7,b0dd9e04-94c4-4a70-bfe7-6008be58cf9a,WAIVER,FAILED_PLAYERALREADYDROPPED,8,NightlyLeagueUpdateTaskProcessor,4,ADD,-16034.0,Texans D/ST,0.0,8.0,2025-09-24
2025,4,d95ad9e5-378b-4d2c-ba20-146bdc8364e7,b0dd9e04-94c4-4a70-bfe7-6008be58cf9a,WAIVER,FAILED_PLAYERALREADYDROPPED,8,NightlyLeagueUpdateTaskProcessor,4,DROP,-16027.0,Buccaneers D/ST,8.0,0.0,2025-09-24
2025,4,3bd98d42-4448-4118-82e8-4604cc50ad35,,FREEAGENT,EXECUTED,13,{523D9B8F-8A3C-4523-BD9B-8F8A3C852321},0,ADD,4040761.0,Devin Singletary,0.0,13.0,2025-09-28
2025,4,ee9c02c6-c037-474f-9f1d-b576f531fc28,,FREEAGENT,EXECUTED,10,{2C8A1B87-268B-45A5-A0E5-C4A3F61C9BC2},0,ADD,-16023.0,Steelers D/ST,0.0,10.0,2025-09-24
2025,4,ee9c02c6-c037-474f-9f1d-b576f531fc28,,FREEAGENT,EXECUTED,10,{2C8A1B87-268B-45A5-A0E5-C4A3F61C9BC2},0,DROP,4689114.0,Jaxson Dart,10.0,0.0,2025-09-24
2025,4,34751abf-e272-4f89-85c8-aa855546d757,83f0cb93-f12e-40ac-999c-079239f08fae,WAIVER,CANCELED,7,{430447A7-381F-4E40-AD53-6A9C1F157A25},0,ADD,4428718.0,Tre Tucker,0.0,7.0,2025-09-24
2025,4,34751abf-e272-4f89-85c8-aa855546d757,83f0cb93-f12e-40ac-999c-079239f08fae,WAIVER,CANCELED,7,{430447A7-381F-4E40-AD53-6A9C1F157A25},0,DROP,4635008.0,Keon Coleman,7.0,0.0,2025-09-24
2025,4,cf17df38-7b83-4aaf-88e0-21caba5be7d4,,FREEAGENT,EXECUTED,1,{C1E09685-96D1-4750-BA21-8BE16D3BF7CA},0,ADD,15835.0,Zach Ertz,0.0,1.0,2025-09-25
2025,4,cf17df38-7b83-4aaf-88e0-21caba5be7d4,,FREEAGENT,EXECUTED,1,{C1E09685-96D1-4750-BA21-8BE16D3BF7CA},0,DROP,4242433.0,Joshua Palmer,1.0,0.0,2025-09-25
2025,4,bdd91f2d-295d-423e-af95-5b2ab7b6b0c4,,ROSTER,EXECUTED,4,{8242D4C8-FCD1-4A28-9373-CD282687A8E7},0,LINEUP,3116165.0,Chris Godwin Jr.,0.0,0.0,2025-09-28
2025,4,bdd91f2d-295d-423e-af95-5b2ab7b6b0c4,,ROSTER,EXECUTED,4,{8242D4C8-FCD1-4A28-9373-CD282687A8E7},0,DROP,4686472.0,Marvin Mims Jr.,4.0,0.0,2025-09-28
2025,4,bf61151d-22ea-4759-992e-26795cc18779,61e043ed-484a-44c6-8001-9fd95a8e0469,TRADE_DECLINE,EXECUTED,4,{8242D4C8-FCD1-4A28-9373-CD282687A8E7},0,,,,,,2025-09-28
2025,4,52992fea-f957-4db2-92ca-4d1507d428d4,,ROSTER,EXECUTED,6,{FE8F6865-8A47-4C3A-8D66-0780982B48DD},0,DROP,3116385.0,Joe Mixon,6.0,0.0,2025-09-26
2025,4,782d9412-951d-42b7-bf87-d2ee6ed66a02,,FREEAGENT,EXECUTED,1,{C1E09685-96D1-4750-BA21-8BE16D3BF7CA},0,ADD,4360939.0,Rashod Bateman,0.0,1.0,2025-09-25
2025,4,9994991a-6f05-41d3-98a0-d0247c85bf0c,,FREEAGENT,EXECUTED,7,{430447A7-381F-4E40-AD53-6A9C1F157A25},0,ADD,4685247.0,Braelon Allen,0.0,7.0,2025-09-24
2025,4,9994991a-6f05-41d3-98a0-d0247c85bf0c,,FREEAGENT,EXECUTED,7,{430447A7-381F-4E40-AD53-6A9C1F157A25},0,DROP,4608686.0,Kyle Monangai,7.0,0.0,2025-09-24
2025,4,81797bee-4364-4627-9c52-ddbec3495a07,b640ed38-5687-43ad-aabe-0268961eef28,TRADE_PROPOSAL,CANCELED,10,{430447A7-381F-4E40-AD53-6A9C1F157A25},0,TRADE,4429205.0,Jordan Addison,10.0,7.0,2025-09-27
2025,4,81797bee-4364-4627-9c52-ddbec3495a07,b640ed38-5687-43ad-aabe-0268961eef28,TRADE_PROPOSAL,CANCELED,10,{430447A7-381F-4E40-AD53-6A9C1F157A25},0,TRADE,4432710.0,TreVeyon Henderson,7.0,10.0,2025-09-27
2025,4,c02743c1-2b39-476d-b178-5301bcc4f061,110950a7-7263-43ed-8fa1-2df694cf3402,WAIVER,FAILED_INVALIDPLAYERSOURCE,6,NightlyLeagueUpdateTaskProcessor,2,ADD,-16024.0,Chargers D/ST,0.0,6.0,2025-09-24
2025,4,c02743c1-2b39-476d-b178-5301bcc4f061,110950a7-7263-43ed-8fa1-2df694cf3402,WAIVER,FAILED_INVALIDPLAYERSOURCE,6,NightlyLeagueUpdateTaskProcessor,2,DROP,-16030.0,Jaguars D/ST,6.0,0.0,2025-09-24
2025,4,b59df0b6-99d7-447d-af60-18541cec8834,60bd12ff-9e8a-4292-9c40-7dba16f46c22,TRADE_PROPOSAL,CANCELED,10,{77F704CF-0C76-4984-9A71-8BD39511C19F},0,TRADE,3929645.0,Juwan Johnson,10.0,5.0,2025-09-27
2025,4,b59df0b6-99d7-447d-af60-18541cec8834,60bd12ff-9e8a-4292-9c40-7dba16f46c22,TRADE_PROPOSAL,CANCELED,10,{77F704CF-0C76-4984-9A71-8BD39511C19F},0,TRADE,4596448.0,Bucky Irving,5.0,10.0,2025-09-27
2025,4,b59df0b6-99d7-447d-af60-18541cec8834,60bd12ff-9e8a-4292-9c40-7dba16f46c22,TRADE_PROPOSAL,CANCELED,10,{77F704CF-0C76-4984-9A71-8BD39511C19F},0,TRADE,4241389.0,CeeDee Lamb,5.0,10.0,2025-09-27
2025,4,b59df0b6-99d7-447d-af60-18541cec8834,60bd12ff-9e8a-4292-9c40-7dba16f46c22,TRADE_PROPOSAL,CANCELED,10,{77F704CF-0C76-4984-9A71-8BD39511C19F},0,TRADE,4426502.0,Drake London,10.0,5.0,2025-09-27
2025,4,b59df0b6-99d7-447d-af60-18541cec8834,60bd12ff-9e8a-4292-9c40-7dba16f46c22,TRADE_PROPOSAL,CANCELED,10,{77F704CF-0C76-4984-9A71-8BD39511C19F},0,TRADE,4259545.0,D'Andre Swift,10.0,5.0,2025-09-27
2025,4,60bd12ff-9e8a-4292-9c40-7dba16f46c22,,TRADE_PROPOSAL,PENDING,10,{2C8A1B87-268B-45A5-A0E5-C4A3F61C9BC2},0,TRADE,3929645.0,Juwan Johnson,10.0,5.0,2025-09-26
2025,4,60bd12ff-9e8a-4292-9c40-7dba16f46c22,,TRADE_PROPOSAL,PENDING,10,{2C8A1B87-268B-45A5-A0E5-C4A3F61C9BC2},0,TRADE,4596448.0,Bucky Irving,5.0,10.0,2025-09-26
2025,4,60bd12ff-9e8a-4292-9c40-7dba16f46c22,,TRADE_PROPOSAL,PENDING,10,{2C8A1B87-268B-45A5-A0E5-C4A3F61C9BC2},0,TRADE,4241389.0,CeeDee Lamb,5.0,10.0,2025-09-26
2025,4,60bd12ff-9e8a-4292-9c40-7dba16f46c22,,TRADE_PROPOSAL,PENDING,10,{2C8A1B87-268B-45A5-A0E5-C4A3F61C9BC2},0,TRADE,4426502.0,Drake London,10.0,5.0,2025-09-26
2025,4,60bd12ff-9e8a-4292-9c40-7dba16f46c22,,TRADE_PROPOSAL,PENDING,10,{2C8A1B87-268B-45A5-A0E5-C4A3F61C9BC2},0,TRADE,4259545.0,D'Andre Swift,10.0,5.0,2025-09-26
2025,4,34ee9abc-f6c3-49d0-8443-461657245448,,FREEAGENT,EXECUTED,10,{2C8A1B87-268B-45A5-A0E5-C4A3F61C9BC2},0,ADD,4689114.0,Jaxson Dart,0.0,10.0,2025-09-24
2025,4,34ee9abc-f6c3-49d0-8443-461657245448,,FREEAGENT,EXECUTED,10,{2C8A1B87-268B-45A5-A0E5-C4A3F61C9BC2},0,DROP,-16005.0,Browns D/ST,10.0,0.0,2025-09-24
2025,4,5e16a1e0-56b8-4000-9726-c400e34a9458,804deae2-6ba6-409f-97fd-c3494ee1ab17,WAIVER,EXECUTED,14,NightlyLeagueUpdateTaskProcessor,31,ADD,4428718.0,Tre Tucker,0.0,14.0,2025-09-24
2025,4,5e16a1e0-56b8-4000-9726-c400e34a9458,804deae2-6ba6-409f-97fd-c3494ee1ab17,WAIVER,EXECUTED,14,NightlyLeagueUpdateTaskProcessor,31,DROP,4361577.0,Dyami Brown,14.0,0.0,2025-09-24
2025,4,993a4cf2-c355-410d-90fc-cb7a2afb4b97,8a329d43-7806-4880-a870-179fe766d747,TRADE_PROPOSAL,CANCELED,10,{8242D4C8-FCD1-4A28-9373-CD282687A8E7},0,TRADE,4429205.0,Jordan Addison,10.0,4.0,2025-09-27
2025,4,993a4cf2-c355-410d-90fc-cb7a2afb4b97,8a329d43-7806-4880-a870-179fe766d747,TRADE_PROPOSAL,CANCELED,10,{8242D4C8-FCD1-4A28-9373-CD282687A8E7},0,TRADE,4696981.0,Cam Skattebo,4.0,10.0,2025-09-27
2025,4,db14e6a1-0a66-4efa-8a7b-53175a0f5831,,WAIVER,PENDING,10,{2C8A1B87-268B-45A5-A0E5-C4A3F61C9BC2},4,ADD,4038815.0,Rico Dowdle,0.0,10.0,2025-09-24
2025,4,ebb02c6f-1b24-4a7c-aabe-8b46e9112a0c,,ROSTER,EXECUTED,10,{2C8A1B87-268B-45A5-A0E5-C4A3F61C9BC2},0,DROP,3912547.0,Sam Darnold,10.0,0.0,2025-09-24
2025,4,4d729721-a5fb-4aca-8664-0542fa546c73,7cc1a3b5-1c96-44c1-9afb-ddd322ae008e,TRADE_PROPOSAL,CANCELED,10,TradeTaskProcessor,0,TRADE,3929645.0,Juwan Johnson,10.0,6.0,2025-09-28
2025,4,4d729721-a5fb-4aca-8664-0542fa546c73,7cc1a3b5-1c96-44c1-9afb-ddd322ae008e,TRADE_PROPOSAL,CANCELED,10,TradeTaskProcessor,0,TRADE,4362887.0,Justin Fields,10.0,6.0,2025-09-28
2025,4,4d729721-a5fb-4aca-8664-0542fa546c73,7cc1a3b5-1c96-44c1-9afb-ddd322ae008e,TRADE_PROPOSAL,CANCELED,10,TradeTaskProcessor,0,TRADE,4882093.0,Bhayshul Tuten,10.0,6.0,2025-09-28
2025,4,4d729721-a5fb-4aca-8664-0542fa546c73,7cc1a3b5-1c96-44c1-9afb-ddd322ae008e,TRADE_PROPOSAL,CANCELED,10,TradeTaskProcessor,0,TRADE,4361579.0,Javonte Williams,6.0,10.0,2025-09-28
2025,4,562f1a9c-c03c-4a09-a906-01f82a611a7a,a6ea5392-f914-4c9f-a243-48d82062aa90,TRADE_PROPOSAL,CANCELED,14,{C2BAB8A3-9ED5-425C-BAB8-A39ED5B25CC2},0,TRADE,4036133.0,T.J. Hockenson,14.0,12.0,2025-09-23
2025,4,562f1a9c-c03c-4a09-a906-01f82a611a7a,a6ea5392-f914-4c9f-a243-48d82062aa90,TRADE_PROPOSAL,CANCELED,14,{C2BAB8A3-9ED5-425C-BAB8-A39ED5B25CC2},0,TRADE,4685702.0,Quinshon Judkins,12.0,14.0,2025-09-23
2025,4,2ece757e-efd2-4a48-93e5-22cea7ab9cce,d67aca9c-ad14-42c3-a6df-981aa8cf4a86,TRADE_PROPOSAL,CANCELED,10,{00408013-39CF-40FC-8080-1339CFD0FC06},0,TRADE,4429059.0,Woody Marks,8.0,10.0,2025-09-29
2025,4,2ece757e-efd2-4a48-93e5-22cea7ab9cce,d67aca9c-ad14-42c3-a6df-981aa8cf4a86,TRADE_PROPOSAL,CANCELED,10,{00408013-39CF-40FC-8080-1339CFD0FC06},0,TRADE,4429205.0,Jordan Addison,10.0,8.0,2025-09-29
2025,5,5c348052-9eb3-4d9d-b55b-63823bc002ea,31d90280-4850-4635-9790-5e104178e101,TRADE_ACCEPT,EXECUTED,10,{C1E09685-96D1-4750-BA21-8BE16D3BF7CA},0,TRADE,4242355.0,Jake Ferguson,8.0,10.0,2025-10-02
2025,5,5c348052-9eb3-4d9d-b55b-63823bc002ea,31d90280-4850-4635-9790-5e104178e101,TRADE_ACCEPT,EXECUTED,10,{C1E09685-96D1-4750-BA21-8BE16D3BF7CA},0,TRADE,4429059.0,Woody Marks,8.0,10.0,2025-10-02
2025,5,5c348052-9eb3-4d9d-b55b-63823bc002ea,31d90280-4850-4635-9790-5e104178e101,TRADE_ACCEPT,EXECUTED,10,{C1E09685-96D1-4750-BA21-8BE16D3BF7CA},0,TRADE,4808839.0,Isaiah Bond,8.0,10.0,2025-10-02
2025,5,5c348052-9eb3-4d9d-b55b-63823bc002ea,31d90280-4850-4635-9790-5e104178e101,TRADE_ACCEPT,EXECUTED,10,{C1E09685-96D1-4750-BA21-8BE16D3BF7CA},0,TRADE,4567048.0,Kenneth Walker III,10.0,8.0,2025-10-02
2025,5,5c348052-9eb3-4d9d-b55b-63823bc002ea,31d90280-4850-4635-9790-5e104178e101,TRADE_ACCEPT,EXECUTED,10,{C1E09685-96D1-4750-BA21-8BE16D3BF7CA},0,TRADE,4429205.0,Jordan Addison,10.0,8.0,2025-10-02
2025,5,5c348052-9eb3-4d9d-b55b-63823bc002ea,31d90280-4850-4635-9790-5e104178e101,TRADE_ACCEPT,EXECUTED,10,{C1E09685-96D1-4750-BA21-8BE16D3BF7CA},0,DROP,4808766.0,Mason Taylor,10.0,0.0,2025-10-02
2025,5,a0a7418b-7aed-4a5d-8801-2005ed044c0b,b85b649f-8248-452c-bc59-24feb49f49f9,TRADE_PROPOSAL,CANCELED,10,TradeTaskProcessor,0,TRADE,3128429.0,Courtland Sutton,2.0,10.0,2025-10-02
2025,5,a0a7418b-7aed-4a5d-8801-2005ed044c0b,b85b649f-8248-452c-bc59-24feb49f49f9,TRADE_PROPOSAL,CANCELED,10,TradeTaskProcessor,0,TRADE,4259545.0,D'Andre Swift,10.0,2.0,2025-10-02
2025,5,aa5d4e71-444f-4e73-9e04-6d4e98807951,,WAIVER,PENDING,10,{2C8A1B87-268B-45A5-A0E5-C4A3F61C9BC2},8,ADD,-16034.0,Texans D/ST,0.0,10.0,2025-10-01
2025,5,bebcdac1-61cc-493f-9779-28eda3d97a72,d0b260ca-783b-4d61-a764-33234b3933b4,WAIVER,FAILED_INVALIDPLAYERSOURCE,10,NightlyLeagueUpdateTaskProcessor,1,ADD,3916945.0,Darius Slayton,0.0,10.0,2025-10-01
2025,5,834069cd-4d9f-4e47-bc53-5792dc98a786,b8fded30-c807-4609-af2a-0ba267229fb7,TRADE_PROPOSAL,CANCELED,7,{2C8A1B87-268B-45A5-A0E5-C4A3F61C9BC2},0,TRADE,3916945.0,Darius Slayton,7.0,10.0,2025-10-02
2025,5,834069cd-4d9f-4e47-bc53-5792dc98a786,b8fded30-c807-4609-af2a-0ba267229fb7,TRADE_PROPOSAL,CANCELED,7,{2C8A1B87-268B-45A5-A0E5-C4A3F61C9BC2},0,TRADE,-16005.0,Browns D/ST,7.0,10.0,2025-10-02
2025,5,834069cd-4d9f-4e47-bc53-5792dc98a786,b8fded30-c807-4609-af2a-0ba267229fb7,TRADE_PROPOSAL,CANCELED,7,{2C8A1B87-268B-45A5-A0E5-C4A3F61C9BC2},0,TRADE,4239993.0,Tee Higgins,7.0,10.0,2025-10-02
2025,5,834069cd-4d9f-4e47-bc53-5792dc98a786,b8fded30-c807-4609-af2a-0ba267229fb7,TRADE_PROPOSAL,CANCELED,7,{2C8A1B87-268B-45A5-A0E5-C4A3F61C9BC2},0,TRADE,4426502.0,Drake London,10.0,7.0,2025-10-02
2025,5,91d94736-cead-48f1-812a-b1a9e759f6e5,4be9d1d7-bbd1-47a1-a69e-d9252fdfe191,WAIVER,EXECUTED,4,NightlyLeagueUpdateTaskProcessor,12,ADD,4635008.0,Keon Coleman,0.0,4.0,2025-10-02
2025,5,91d94736-cead-48f1-812a-b1a9e759f6e5,4be9d1d7-bbd1-47a1-a69e-d9252fdfe191,WAIVER,EXECUTED,4,NightlyLeagueUpdateTaskProcessor,12,DROP,3135321.0,Hunter Renfrow,4.0,0.0,2025-10-02
2025,5,01a3fd7c-8d30-4c7a-bf7c-dc89da3907e6,1ae7cf6a-a96f-4815-af6f-07d5b59692b2,TRADE_PROPOSAL,CANCELED,4,{2C8A1B87-268B-45A5-A0E5-C4A3F61C9BC2},0,TRADE,3116165.0,Chris Godwin Jr.,4.0,10.0,2025-10-01
2025,5,01a3fd7c-8d30-4c7a-bf7c-dc89da3907e6,1ae7cf6a-a96f-4815-af6f-07d5b59692b2,TRADE_PROPOSAL,CANCELED,4,{2C8A1B87-268B-45A5-A0E5-C4A3F61C9BC2},0,TRADE,2977187.0,Cooper Kupp,4.0,10.0,2025-10-01
2025,5,01a3fd7c-8d30-4c7a-bf7c-dc89da3907e6,1ae7cf6a-a96f-4815-af6f-07d5b59692b2,TRADE_PROPOSAL,CANCELED,4,{2C8A1B87-268B-45A5-A0E5-C4A3F61C9BC2},0,TRADE,4385690.0,Dalton Kincaid,4.0,10.0,2025-10-01
2025,5,01a3fd7c-8d30-4c7a-bf7c-dc89da3907e6,1ae7cf6a-a96f-4815-af6f-07d5b59692b2,TRADE_PROPOSAL,CANCELED,4,{2C8A1B87-268B-45A5-A0E5-C4A3F61C9BC2},0,TRADE,3929645.0,Juwan Johnson,10.0,4.0,2025-10-01
2025,5,01a3fd7c-8d30-4c7a-bf7c-dc89da3907e6,1ae7cf6a-a96f-4815-af6f-07d5b59692b2,TRADE_PROPOSAL,CANCELED,4,{2C8A1B87-268B-45A5-A0E5-C4A3F61C9BC2},0,TRADE,4426502.0,Drake London,10.0,4.0,2025-10-01
2025,5,00f800af-0161-4e01-b386-3ece07b0ef50,,TRADE_PROPOSAL,PENDING,10,{2C8A1B87-268B-45A5-A0E5-C4A3F61C9BC2},0,TRADE,4426502.0,Drake London,10.0,4.0,2025-10-01
2025,5,00f800af-0161-4e01-b386-3ece07b0ef50,,TRADE_PROPOSAL,PENDING,10,{2C8A1B87-268B-45A5-A0E5-C4A3F61C9BC2},0,TRADE,4262921.0,Justin Jefferson,10.0,4.0,2025-10-01
2025,5,00f800af-0161-4e01-b386-3ece07b0ef50,,TRADE_PROPOSAL,PENDING,10,{2C8A1B87-268B-45A5-A0E5-C4A3F61C9BC2},0,TRADE,4242335.0,Jonathan Taylor,4.0,10.0,2025-10-01
2025,5,00f800af-0161-4e01-b386-3ece07b0ef50,,TRADE_PROPOSAL,PENDING,10,{2C8A1B87-268B-45A5-A0E5-C4A3F61C9BC2},0,TRADE,4429615.0,Zay Flowers,4.0,10.0,2025-10-01
2025,5,00f800af-0161-4e01-b386-3ece07b0ef50,,TRADE_PROPOSAL,PENDING,10,{2C8A1B87-268B-45A5-A0E5-C4A3F61C9BC2},0,TRADE,4035687.0,Michael Pittman Jr.,4.0,10.0,2025-10-01
2025,5,00f800af-0161-4e01-b386-3ece07b0ef50,,TRADE_PROPOSAL,PENDING,10,{2C8A1B87-268B-45A5-A0E5-C4A3F61C9BC2},0,DROP,4608686.0,Kyle Monangai,10.0,0.0,2025-10-01
2025,5,c80c27fc-a4b1-4735-8ea5-f7a6bc96ae62,1ae7cf6a-a96f-4815-af6f-07d5b59692b2,TRADE_DECLINE,EXECUTED,10,{2C8A1B87-268B-45A5-A0E5-C4A3F61C9BC2},0,,,,,,2025-10-01
2025,5,dcda402d-585c-42c6-93d1-438548c81673,,ROSTER,EXECUTED,2,{6AC115FA-3A0D-4948-8115-FA3A0DD94826},0,DROP,-16034.0,Texans D/ST,2.0,0.0,2025-09-30
2025,5,e667f98e-4a5c-45fc-9be3-21f1622a6e09,,FREEAGENT,EXECUTED,8,{00408013-39CF-40FC-8080-1339CFD0FC06},0,ADD,4688813.0,Josh Downs,0.0,8.0,2025-10-03
2025,5,e667f98e-4a5c-45fc-9be3-21f1622a6e09,,FREEAGENT,EXECUTED,8,{00408013-39CF-40FC-8080-1339CFD0FC06},0,DROP,4360078.0,Alec Pierce,8.0,0.0,2025-10-03
2025,5,2cbe324e-9099-4baf-a73f-ab294eb53fe6,,FREEAGENT,EXECUTED,8,{00408013-39CF-40FC-8080-1339CFD0FC06},0,ADD,4430871.0,Sean Tucker,0.0,8.0,2025-10-01
2025,5,2cbe324e-9099-4baf-a73f-ab294eb53fe6,,FREEAGENT,EXECUTED,8,{00408013-39CF-40FC-8080-1339CFD0FC06},0,DROP,3043116.0,Demarcus Robinson,8.0,0.0,2025-10-01
2025,5,2ad96863-016f-4022-b32e-c9d55418f28d,efc61237-9125-4357-9591-66e111f576c7,WAIVER,FAILED_INVALIDPLAYERSOURCE,1,NightlyLeagueUpdateTaskProcessor,1,ADD,-16005.0,Browns D/ST,0.0,1.0,2025-10-01
2025,5,29f9ae34-2fc1-48c3-b798-862b042dfff4,d39a55e8-0beb-4ab7-8297-fe103e7eb280,WAIVER,EXECUTED,8,NightlyLeagueUpdateTaskProcessor,13,ADD,4428557.0,Tyjae Spears,0.0,8.0,2025-10-01
2025,5,29f9ae34-2fc1-48c3-b798-862b042dfff4,d39a55e8-0beb-4ab7-8297-fe103e7eb280,WAIVER,EXECUTED,8,NightlyLeagueUpdateTaskProcessor,13,DROP,4038815.0,Rico Dowdle,8.0,0.0,2025-10-01
2025,5,5288df39-8c05-40d4-ac60-843cb4403399,,ROSTER,EXECUTED,10,{2C8A1B87-268B-45A5-A0E5-C4A3F61C9BC2},0,DROP,3116406.0,Tyreek Hill,10.0,0.0,2025-09-30
2025,5,45dfc106-78b0-491e-be7c-acc474758e20,4cb07f17-2770-479d-8456-179e829f0cec,WAIVER,FAILED_INVALIDPLAYERSOURCE,7,NightlyLeagueUpdateTaskProcessor,11,ADD,4038441.0,Justice Hill,0.0,7.0,2025-10-01
2025,5,45dfc106-78b0-491e-be7c-acc474758e20,4cb07f17-2770-479d-8456-179e829f0cec,WAIVER,FAILED_INVALIDPLAYERSOURCE,7,NightlyLeagueUpdateTaskProcessor,11,DROP,3895856.0,Christian Kirk,7.0,0.0,2025-10-01
2025,5,674f5ebd-df01-461e-bab6-43676fcdd569,7c458de7-341d-4fa2-a810-5cc70920ac96,WAIVER,CANCELED,7,{430447A7-381F-4E40-AD53-6A9C1F157A25},0,ADD,2576925.0,Darren Waller,0.0,7.0,2025-10-01
2025,5,65dd6ea2-b341-44ff-8070-ee4bdeaa98ca,,TRADE_PROPOSAL,PENDING,10,{2C8A1B87-268B-45A5-A0E5-C4A3F61C9BC2},0,TRADE,4262921.0,Justin Jefferson,10.0,1.0,2025-10-02
2025,5,65dd6ea2-b341-44ff-8070-ee4bdeaa98ca,,TRADE_PROPOSAL,PENDING,10,{2C8A1B87-268B-45A5-A0E5-C4A3F61C9BC2},0,TRADE,4426385.0,Zach Charbonnet,10.0,1.0,2025-10-02
2025,5,65dd6ea2-b341-44ff-8070-ee4bdeaa98ca,,TRADE_PROPOSAL,PENDING,10,{2C8A1B87-268B-45A5-A0E5-C4A3F61C9BC2},0,TRADE,4432773.0,Brian Thomas Jr.,1.0,10.0,2025-10-02
2025,5,65dd6ea2-b341-44ff-8070-ee4bdeaa98ca,,TRADE_PROPOSAL,PENDING,10,{2C8A1B87-268B-45A5-A0E5-C4A3F61C9BC2},0,TRADE,4429160.0,De'Von Achane,1.0,10.0,2025-10-02
2025,5,48eea2de-c219-4dab-9da0-89c415087560,,TRADE_PROPOSAL,PENDING,10,{2C8A1B87-268B-45A5-A0E5-C4A3F61C9BC2},0,TRADE,3128429.0,Courtland Sutton,2.0,10.0,2025-10-04
2025,5,48eea2de-c219-4dab-9da0-89c415087560,,TRADE_PROPOSAL,PENDING,10,{2C8A1B87-268B-45A5-A0E5-C4A3F61C9BC2},0,TRADE,4612826.0,Ladd McConkey,2.0,10.0,2025-10-04
2025,5,48eea2de-c219-4dab-9da0-89c415087560,,TRADE_PROPOSAL,PENDING,10,{2C8A1B87-268B-45A5-A0E5-C4A3F61C9BC2},0,TRADE,4569987.0,Jaylen Warren,2.0,10.0,2025-10-04
2025,5,48eea2de-c219-4dab-9da0-89c415087560,,TRADE_PROPOSAL,PENDING,10,{2C8A1B87-268B-45A5-A0E5-C4A3F61C9BC2},0,TRADE,4426385.0,Zach Charbonnet,10.0,2.0,2025-10-04
2025,5,48eea2de-c219-4dab-9da0-89c415087560,,TRADE_PROPOSAL,PENDING,10,{2C8A1B87-268B-45A5-A0E5-C4A3F61C9BC2},0,TRADE,4262921.0,Justin Jefferson,10.0,2.0,2025-10-04
2025,5,48eea2de-c219-4dab-9da0-89c415087560,,TRADE_PROPOSAL,PENDING,10,{2C8A1B87-268B-45A5-A0E5-C4A3F61C9BC2},0,DROP,4249417.0,Jalen Tolbert,10.0,0.0,2025-10-04
2025,5,8f19d54c-c670-408f-9042-463c44cf767b,a5837ffa-f12b-4ede-a4c0-bf58d6dc8258,WAIVER,FAILED_INVALIDPLAYERSOURCE,3,NightlyLeagueUpdateTaskProcessor,9,ADD,4635008.0,Keon Coleman,0.0,3.0,2025-10-02
2025,5,8f19d54c-c670-408f-9042-463c44cf767b,a5837ffa-f12b-4ede-a4c0-bf58d6dc8258,WAIVER,FAILED_INVALIDPLAYERSOURCE,3,NightlyLeagueUpdateTaskProcessor,9,DROP,4040655.0,Darnell Mooney,3.0,0.0,2025-10-02
2025,5,cd506b43-ddfe-4a75-96e4-8a5bfce22e7b,aadd9445-d99c-4205-af5e-aa3dd8916e40,TRADE_PROPOSAL,CANCELED,7,{430447A7-381F-4E40-AD53-6A9C1F157A25},0,TRADE,4239993.0,Tee Higgins,7.0,10.0,2025-10-01
2025,5,cd506b43-ddfe-4a75-96e4-8a5bfce22e7b,aadd9445-d99c-4205-af5e-aa3dd8916e40,TRADE_PROPOSAL,CANCELED,7,{430447A7-381F-4E40-AD53-6A9C1F157A25},0,TRADE,4259545.0,D'Andre Swift,10.0,7.0,2025-10-01
2025,5,63e14faa-cb85-4c16-8f69-d6b3c87da2d0,00f800af-0161-4e01-b386-3ece07b0ef50,TRADE_PROPOSAL,CANCELED,10,{8242D4C8-FCD1-4A28-9373-CD282687A8E7},0,TRADE,4426502.0,Drake London,10.0,4.0,2025-10-01
2025,5,63e14faa-cb85-4c16-8f69-d6b3c87da2d0,00f800af-0161-4e01-b386-3ece07b0ef50,TRADE_PROPOSAL,CANCELED,10,{8242D4C8-FCD1-4A28-9373-CD282687A8E7},0,TRADE,4262921.0,Justin Jefferson,10.0,4.0,2025-10-01
2025,5,63e14faa-cb85-4c16-8f69-d6b3c87da2d0,00f800af-0161-4e01-b386-3ece07b0ef50,TRADE_PROPOSAL,CANCELED,10,{8242D4C8-FCD1-4A28-9373-CD282687A8E7},0,TRADE,4242335.0,Jonathan Taylor,4.0,10.0,2025-10-01
2025,5,63e14faa-cb85-4c16-8f69-d6b3c87da2d0,00f800af-0161-4e01-b386-3ece07b0ef50,TRADE_PROPOSAL,CANCELED,10,{8242D4C8-FCD1-4A28-9373-CD282687A8E7},0,TRADE,4429615.0,Zay Flowers,4.0,10.0,2025-10-01
2025,5,63e14faa-cb85-4c16-8f69-d6b3c87da2d0,00f800af-0161-4e01-b386-3ece07b0ef50,TRADE_PROPOSAL,CANCELED,10,{8242D4C8-FCD1-4A28-9373-CD282687A8E7},0,TRADE,4035687.0,Michael Pittman Jr.,4.0,10.0,2025-10-01
2025,5,63e14faa-cb85-4c16-8f69-d6b3c87da2d0,00f800af-0161-4e01-b386-3ece07b0ef50,TRADE_PROPOSAL,CANCELED,10,{8242D4C8-FCD1-4A28-9373-CD282687A8E7},0,DROP,4608686.0,Kyle Monangai,10.0,0.0,2025-10-01
2025,5,110b5278-2f15-406f-ac2a-93cb7f42c602,749b909a-ac80-45f9-a65d-fed925c2d941,WAIVER,FAILED_ROSTERLIMIT,5,NightlyLeagueUpdateTaskProcessor,3,ADD,4257364.0,Zavier Scott,0.0,5.0,2025-10-01
2025,5,201079b1-457b-42b2-8073-bccb08c4bf4d,,FREEAGENT,EXECUTED,8,{00408013-39CF-40FC-8080-1339CFD0FC06},0,ADD,3043116.0,Demarcus Robinson,0.0,8.0,2025-10-01
2025,5,201079b1-457b-42b2-8073-bccb08c4bf4d,,FREEAGENT,EXECUTED,8,{00408013-39CF-40FC-8080-1339CFD0FC06},0,DROP,4430871.0,Sean Tucker,8.0,0.0,2025-10-01
2025,5,557d34a3-624e-461b-bd6d-1e17a56f410d,ff773989-c7b1-409c-a48a-81876ff05a9e,TRADE_PROPOSAL,CANCELED,8,{00408013-39CF-40FC-8080-1339CFD0FC06},0,TRADE,4242355.0,Jake Ferguson,8.0,14.0,2025-10-02
2025,5,557d34a3-624e-461b-bd6d-1e17a56f410d,ff773989-c7b1-409c-a48a-81876ff05a9e,TRADE_PROPOSAL,CANCELED,8,{00408013-39CF-40FC-8080-1339CFD0FC06},0,TRADE,4047646.0,A.J. Brown,14.0,8.0,2025-10-02
2025,5,98ef15f4-c460-4312-8739-92b56f803df9,cf70722f-dc43-41e9-a6a5-5e8b790b7db4,WAIVER,FAILED_INVALIDPLAYERSOURCE,1,NightlyLeagueUpdateTaskProcessor,1,ADD,4635008.0,Keon Coleman,0.0,1.0,2025-10-02
2025,5,d69bd1ca-d734-466f-8b11-238ead2aa563,5e60a75d-0da6-4d5c-9528-5e94108c67ff,TRADE_PROPOSAL,CANCELED,7,{2C8A1B87-268B-45A5-A0E5-C4A3F61C9BC2},0,TRADE,4239993.0,Tee Higgins,7.0,10.0,2025-10-04
2025,5,d69bd1ca-d734-466f-8b11-238ead2aa563,5e60a75d-0da6-4d5c-9528-5e94108c67ff,TRADE_PROPOSAL,CANCELED,7,{2C8A1B87-268B-45A5-A0E5-C4A3F61C9BC2},0,TRADE,4259545.0,D'Andre Swift,10.0,7.0,2025-10-04
2025,5,53309062-c890-4b69-b7b5-3f6fe679ceb4,643f7a4b-5db2-4201-aff3-59a6a43e5df9,TRADE_PROPOSAL,CANCELED,10,{2C8A1B87-268B-45A5-A0E5-C4A3F61C9BC2},0,TRADE,3117251.0,Christian McCaffrey,13.0,10.0,2025-09-30
2025,5,53309062-c890-4b69-b7b5-3f6fe679ceb4,643f7a4b-5db2-4201-aff3-59a6a43e5df9,TRADE_PROPOSAL,CANCELED,10,{2C8A1B87-268B-45A5-A0E5-C4A3F61C9BC2},0,TRADE,4426502.0,Drake London,10.0,13.0,2025-09-30
2025,5,53309062-c890-4b69-b7b5-3f6fe679ceb4,643f7a4b-5db2-4201-aff3-59a6a43e5df9,TRADE_PROPOSAL,CANCELED,10,{2C8A1B87-268B-45A5-A0E5-C4A3F61C9BC2},0,TRADE,4259545.0,D'Andre Swift,10.0,13.0,2025-09-30
2025,5,c75465f8-f0fe-4658-8a55-02a1c255930d,,WAIVER,PENDING,10,{2C8A1B87-268B-45A5-A0E5-C4A3F61C9BC2},54,ADD,4429275.0,Trey Benson,0.0,10.0,2025-10-02
2025,5,c75465f8-f0fe-4658-8a55-02a1c255930d,,WAIVER,PENDING,10,{2C8A1B87-268B-45A5-A0E5-C4A3F61C9BC2},54,DROP,4596602.0,Brashard Smith,10.0,0.0,2025-10-02
2025,5,22dd72c7-b090-4111-a00e-4b625b720f1d,4bf00f06-0c37-468c-96e6-8e30c5d9be0f,TRADE_DECLINE,EXECUTED,5,{77F704CF-0C76-4984-9A71-8BD39511C19F},0,,,,,,2025-10-02
2025,5,05d30884-7c25-47ae-893f-64fbf97febc3,8c078743-8308-481c-8097-7fb7fcb774f8,WAIVER,EXECUTED,10,NightlyLeagueUpdateTaskProcessor,1,ADD,4596602.0,Brashard Smith,0.0,10.0,2025-10-01
2025,5,a5ae9006-a0b0-4f08-8a49-f62f772352f0,,TRADE_PROPOSAL,PENDING,10,{2C8A1B87-268B-45A5-A0E5-C4A3F61C9BC2},0,TRADE,4426385.0,Zach Charbonnet,10.0,7.0,2025-10-04
2025,5,a5ae9006-a0b0-4f08-8a49-f62f772352f0,,TRADE_PROPOSAL,PENDING,10,{2C8A1B87-268B-45A5-A0E5-C4A3F61C9BC2},0,TRADE,4249417.0,Jalen Tolbert,10.0,7.0,2025-10-04
2025,5,a5ae9006-a0b0-4f08-8a49-f62f772352f0,,TRADE_PROPOSAL,PENDING,10,{2C8A1B87-268B-45A5-A0E5-C4A3F61C9BC2},0,TRADE,4038815.0,Rico Dowdle,7.0,10.0,2025-10-04
2025,5,a5ae9006-a0b0-4f08-8a49-f62f772352f0,,TRADE_PROPOSAL,PENDING,10,{2C8A1B87-268B-45A5-A0E5-C4A3F61C9BC2},0,TRADE,4426388.0,Jameson Williams,7.0,10.0,2025-10-04
2025,5,1b139bfe-1b7f-4d4c-a25a-9df015e1362d,,FREEAGENT,EXECUTED,5,{77F704CF-0C76-4984-9A71-8BD39511C19F},0,ADD,4240657.0,Michael Carter,0.0,5.0,2025-10-01
2025,5,1b139bfe-1b7f-4d4c-a25a-9df015e1362d,,FREEAGENT,EXECUTED,5,{77F704CF-0C76-4984-9A71-8BD39511C19F},0,DROP,4429275.0,Trey Benson,5.0,0.0,2025-10-01
2025,5,ea20b09e-ae7c-41f7-b816-4cad5fc25c82,,WAIVER,PENDING,10,{2C8A1B87-268B-45A5-A0E5-C4A3F61C9BC2},15,ADD,3916945.0,Darius Slayton,0.0,10.0,2025-09-30
2025,5,898b5fb1-cf34-408b-8fec-ae5d8a968fe6,31d90280-4850-4635-9790-5e104178e101,TRADE_UPHOLD,EXECUTED,1,{C1E09685-96D1-4750-BA21-8BE16D3BF7CA},0,,,,,,2025-10-02
2025,5,37b52daf-5982-4133-ae91-7b6a58b8a443,391dfd18-5f43-44ac-b825-46bdb7bcf766,WAIVER,CANCELED,13,{523D9B8F-8A3C-4523-BD9B-8F8A3C852321},0,ADD,4361529.0,Isiah Pacheco,0.0,13.0,2025-10-03
2025,5,37b52daf-5982-4133-ae91-7b6a58b8a443,391dfd18-5f43-44ac-b825-46bdb7bcf766,WAIVER,CANCELED,13,{523D9B8F-8A3C-4523-BD9B-8F8A3C852321},0,DROP,4040761.0,Devin Singletary,13.0,0.0,2025-10-03
2025,5,e147fe95-0585-4ae0-8516-c775df5c9a47,b889fe1c-8d31-4e7c-9cb3-9f7c849fcc7e,WAIVER,FAILED_INVALIDPLAYERSOURCE,7,NightlyLeagueUpdateTaskProcessor,3,ADD,4808839.0,Isaiah Bond,0.0,7.0,2025-10-01
2025,5,e147fe95-0585-4ae0-8516-c775df5c9a47,b889fe1c-8d31-4e7c-9cb3-9f7c849fcc7e,WAIVER,FAILED_INVALIDPLAYERSOURCE,7,NightlyLeagueUpdateTaskProcessor,3,DROP,3895856.0,Christian Kirk,7.0,0.0,2025-10-01
2025,5,4c60da6e-e92c-4cf2-866d-e1e25d4d9e9b,,FREEAGENT,EXECUTED,14,{C2BAB8A3-9ED5-425C-BAB8-A39ED5B25CC2},0,ADD,4430539.0,Brenton Strange,0.0,14.0,2025-10-01
2025,5,4c60da6e-e92c-4cf2-866d-e1e25d4d9e9b,,FREEAGENT,EXECUTED,14,{C2BAB8A3-9ED5-425C-BAB8-A39ED5B25CC2},0,DROP,3059915.0,Kareem Hunt,14.0,0.0,2025-10-01
2025,5,eec4b082-a3b5-4d28-adea-de8b7b92b0e8,cebf5d90-0485-43f7-807d-441c3d8052f0,TRADE_DECLINE,EXECUTED,8,{00408013-39CF-40FC-8080-1339CFD0FC06},0,,,,,,2025-09-30
2025,5,8cefa3da-c19d-445d-9b4f-c657f4e9a9a7,c176d02f-d5c9-43fb-9768-b0dac6fe161d,WAIVER,EXECUTED,2,NightlyLeagueUpdateTaskProcessor,16,ADD,12483.0,Matthew Stafford,0.0,2.0,2025-10-01
2025,5,ee409055-5ce1-441b-a09b-9ae988ac4a90,80fa3e9a-6c3c-4175-8fc7-7262b1493d05,TRADE_PROPOSAL,CANCELED,7,{2C8A1B87-268B-45A5-A0E5-C4A3F61C9BC2},0,TRADE,-16005.0,Browns D/ST,7.0,10.0,2025-10-01
2025,5,ee409055-5ce1-441b-a09b-9ae988ac4a90,80fa3e9a-6c3c-4175-8fc7-7262b1493d05,TRADE_PROPOSAL,CANCELED,7,{2C8A1B87-268B-45A5-A0E5-C4A3F61C9BC2},0,TRADE,4426388.0,Jameson Williams,7.0,10.0,2025-10-01
2025,5,ee409055-5ce1-441b-a09b-9ae988ac4a90,80fa3e9a-6c3c-4175-8fc7-7262b1493d05,TRADE_PROPOSAL,CANCELED,7,{2C8A1B87-268B-45A5-A0E5-C4A3F61C9BC2},0,TRADE,4569603.0,Malik Washington,7.0,10.0,2025-10-01
2025,5,ee409055-5ce1-441b-a09b-9ae988ac4a90,80fa3e9a-6c3c-4175-8fc7-7262b1493d05,TRADE_PROPOSAL,CANCELED,7,{2C8A1B87-268B-45A5-A0E5-C4A3F61C9BC2},0,TRADE,4426502.0,Drake London,10.0,7.0,2025-10-01
2025,5,33d6a265-d101-4faa-bd2c-15460acdd51e,,FREEAGENT,EXECUTED,2,{6AC115FA-3A0D-4948-8115-FA3A0DD94826},0,ADD,4432577.0,C.J. Stroud,0.0,2.0,2025-10-02
2025,5,33d6a265-d101-4faa-bd2c-15460acdd51e,,FREEAGENT,EXECUTED,2,{6AC115FA-3A0D-4948-8115-FA3A0DD94826},0,DROP,12483.0,Matthew Stafford,2.0,0.0,2025-10-02
2025,5,db3e3ff6-c2c4-489e-aa96-63784b75ccbe,ec6093d5-9cd0-452c-b848-92852a9d9b57,WAIVER,FAILED_INVALIDPLAYERSOURCE,12,NightlyLeagueUpdateTaskProcessor,1,ADD,4596602.0,Brashard Smith,0.0,12.0,2025-10-01
2025,5,db3e3ff6-c2c4-489e-aa96-63784b75ccbe,ec6093d5-9cd0-452c-b848-92852a9d9b57,WAIVER,FAILED_INVALIDPLAYERSOURCE,12,NightlyLeagueUpdateTaskProcessor,1,DROP,4241474.0,Brian Robinson Jr.,12.0,0.0,2025-10-01
2025,5,74aef618-6308-4b89-bc0c-9dc9593b0860,a1c3fdca-db42-46eb-bc32-65ba395581de,WAIVER,EXECUTED,7,NightlyLeagueUpdateTaskProcessor,2,ADD,3117256.0,Dalton Schultz,0.0,7.0,2025-10-01
2025,5,aadd9445-d99c-4205-af5e-aa3dd8916e40,,TRADE_PROPOSAL,PENDING,7,{430447A7-381F-4E40-AD53-6A9C1F157A25},0,TRADE,4239993.0,Tee Higgins,7.0,10.0,2025-10-01
2025,5,aadd9445-d99c-4205-af5e-aa3dd8916e40,,TRADE_PROPOSAL,PENDING,7,{430447A7-381F-4E40-AD53-6A9C1F157A25},0,TRADE,4259545.0,D'Andre Swift,10.0,7.0,2025-10-01
2025,5,29c61afb-51f8-4168-8f2b-86c87c8a1f76,,FREEAGENT,EXECUTED,10,{2C8A1B87-268B-45A5-A0E5-C4A3F61C9BC2},0,ADD,4249417.0,Jalen Tolbert,0.0,10.0,2025-10-02
2025,5,29c61afb-51f8-4168-8f2b-86c87c8a1f76,,FREEAGENT,EXECUTED,10,{2C8A1B87-268B-45A5-A0E5-C4A3F61C9BC2},0,DROP,4361529.0,Isiah Pacheco,10.0,0.0,2025-10-02
2025,5,1872b4e6-9c88-4a4f-bb96-e833c7598b0c,b8fded30-c807-4609-af2a-0ba267229fb7,TRADE_DECLINE,EXECUTED,10,{2C8A1B87-268B-45A5-A0E5-C4A3F61C9BC2},0,,,,,,2025-10-02
2025,5,71f3eccf-4564-4131-b2f9-7a838056ebef,cc3f5498-33b8-4f37-ad54-b809b98daf8a,WAIVER,EXECUTED,12,NightlyLeagueUpdateTaskProcessor,2,ADD,4362478.0,Emari Demercado,0.0,12.0,2025-10-01
2025,5,71f3eccf-4564-4131-b2f9-7a838056ebef,cc3f5498-33b8-4f37-ad54-b809b98daf8a,WAIVER,EXECUTED,12,NightlyLeagueUpdateTaskProcessor,2,DROP,4241474.0,Brian Robinson Jr.,12.0,0.0,2025-10-01
2025,5,7819b578-759e-4da3-a52d-5328aa29eab4,b9e2b0c2-462c-46a2-ae05-59ef6a9fbcaf,WAIVER,EXECUTED,2,NightlyLeagueUpdateTaskProcessor,13,ADD,4038441.0,Justice Hill,0.0,2.0,2025-10-01
2025,5,7819b578-759e-4da3-a52d-5328aa29eab4,b9e2b0c2-462c-46a2-ae05-59ef6a9fbcaf,WAIVER,EXECUTED,2,NightlyLeagueUpdateTaskProcessor,13,DROP,4711533.0,Ollie Gordon II,2.0,0.0,2025-10-01
2025,5,b2fe9d9c-3e2e-4da7-9e68-f2edb7b64f0f,85a069ed-f2af-48fb-aa1d-35d3b96e65ea,WAIVER,EXECUTED,12,NightlyLeagueUpdateTaskProcessor,4,ADD,4689114.0,Jaxson Dart,0.0,12.0,2025-10-01
2025,5,b2fe9d9c-3e2e-4da7-9e68-f2edb7b64f0f,85a069ed-f2af-48fb-aa1d-35d3b96e65ea,WAIVER,EXECUTED,12,NightlyLeagueUpdateTaskProcessor,4,DROP,15864.0,Geno Smith,12.0,0.0,2025-10-01
2025,5,7cd7be3d-a358-4627-9eea-5035a28a1218,,FREEAGENT,EXECUTED,8,{00408013-39CF-40FC-8080-1339CFD0FC06},0,ADD,4808766.0,Mason Taylor,0.0,8.0,2025-10-04
2025,5,7cd7be3d-a358-4627-9eea-5035a28a1218,,FREEAGENT,EXECUTED,8,{00408013-39CF-40FC-8080-1339CFD0FC06},0,DROP,4688813.0,Josh Downs,8.0,0.0,2025-10-04
2025,5,23587025-7754-4fb8-a3d1-21eb1d85acde,,FREEAGENT,EXECUTED,3,{C52D799E-6C1C-44B9-8371-9B6AF857D8E8},0,ADD,-16023.0,Steelers D/ST,0.0,3.0,2025-10-04
2025,5,23587025-7754-4fb8-a3d1-21eb1d85acde,,FREEAGENT,EXECUTED,3,{C52D799E-6C1C-44B9-8371-9B6AF857D8E8},0,DROP,3895856.0,Christian Kirk,3.0,0.0,2025-10-04
2025,5,48e1f8c6-2b57-49fa-be38-6dd275b944e6,b6bf4c8e-3b62-4c92-b615-ddfa872fe680,WAIVER,CANCELED,3,{C52D799E-6C1C-44B9-8371-9B6AF857D8E8},0,ADD,12483.0,Matthew Stafford,0.0,3.0,2025-10-01
2025,5,48e1f8c6-2b57-49fa-be38-6dd275b944e6,b6bf4c8e-3b62-4c92-b615-ddfa872fe680,WAIVER,CANCELED,3,{C52D799E-6C1C-44B9-8371-9B6AF857D8E8},0,DROP,4040655.0,Darnell Mooney,3.0,0.0,2025-10-01
2025,5,d463ead8-4a13-4353-a34a-591cceca09d2,85664be6-7bb9-45b7-849f-5387076b32c6,TRADE_DECLINE,EXECUTED,12,{5FCF8F43-6BFC-4593-9364-2E23B55B301D},0,,,,,,2025-10-01
2025,5,c95a1cc4-d3a7-4084-a8b8-1b216ee1941b,65dd6ea2-b341-44ff-8070-ee4bdeaa98ca,TRADE_DECLINE,EXECUTED,1,{C1E09685-96D1-4750-BA21-8BE16D3BF7CA},0,,,,,,2025-10-02
2025,5,6a46796a-8f41-44a9-9633-e40069334410,,FREEAGENT,EXECUTED,10,{2C8A1B87-268B-45A5-A0E5-C4A3F61C9BC2},0,ADD,-16012.0,Chiefs D/ST,0.0,10.0,2025-10-05
2025,5,6a46796a-8f41-44a9-9633-e40069334410,,FREEAGENT,EXECUTED,10,{2C8A1B87-268B-45A5-A0E5-C4A3F61C9BC2},0,DROP,-16030.0,Jaguars D/ST,10.0,0.0,2025-10-05
2025,5,f1b5505e-531f-45c3-9eec-462e8ce86edf,,FREEAGENT,EXECUTED,1,{C1E09685-96D1-4750-BA21-8BE16D3BF7CA},0,ADD,3043116.0,Demarcus Robinson,0.0,1.0,2025-10-02
2025,5,30859892-ec57-4420-a9de-b3994d78789b,,ROSTER,EXECUTED,10,{2C8A1B87-268B-45A5-A0E5-C4A3F61C9BC2},0,DROP,-16023.0,Steelers D/ST,10.0,0.0,2025-09-30
2025,5,346de78e-7fc1-4aac-a279-6bc03dfe04e7,48eea2de-c219-4dab-9da0-89c415087560,TRADE_PROPOSAL,CANCELED,10,{2C8A1B87-268B-45A5-A0E5-C4A3F61C9BC2},0,TRADE,3128429.0,Courtland Sutton,2.0,10.0,2025-10-05
2025,5,346de78e-7fc1-4aac-a279-6bc03dfe04e7,48eea2de-c219-4dab-9da0-89c415087560,TRADE_PROPOSAL,CANCELED,10,{2C8A1B87-268B-45A5-A0E5-C4A3F61C9BC2},0,TRADE,4612826.0,Ladd McConkey,2.0,10.0,2025-10-05
2025,5,346de78e-7fc1-4aac-a279-6bc03dfe04e7,48eea2de-c219-4dab-9da0-89c415087560,TRADE_PROPOSAL,CANCELED,10,{2C8A1B87-268B-45A5-A0E5-C4A3F61C9BC2},0,TRADE,4569987.0,Jaylen Warren,2.0,10.0,2025-10-05
2025,5,346de78e-7fc1-4aac-a279-6bc03dfe04e7,48eea2de-c219-4dab-9da0-89c415087560,TRADE_PROPOSAL,CANCELED,10,{2C8A1B87-268B-45A5-A0E5-C4A3F61C9BC2},0,TRADE,4426385.0,Zach Charbonnet,10.0,2.0,2025-10-05
2025,5,346de78e-7fc1-4aac-a279-6bc03dfe04e7,48eea2de-c219-4dab-9da0-89c415087560,TRADE_PROPOSAL,CANCELED,10,{2C8A1B87-268B-45A5-A0E5-C4A3F61C9BC2},0,TRADE,4262921.0,Justin Jefferson,10.0,2.0,2025-10-05
2025,5,346de78e-7fc1-4aac-a279-6bc03dfe04e7,48eea2de-c219-4dab-9da0-89c415087560,TRADE_PROPOSAL,CANCELED,10,{2C8A1B87-268B-45A5-A0E5-C4A3F61C9BC2},0,DROP,4249417.0,Jalen Tolbert,10.0,0.0,2025-10-05
2025,5,93a41548-79ce-42cc-aedb-81ec7d90f396,e2a73016-b81d-4818-9487-a557e38399d6,TRADE_PROPOSAL,CANCELED,10,{77F704CF-0C76-4984-9A71-8BD39511C19F},0,TRADE,4372016.0,Jaylen Waddle,5.0,10.0,2025-09-30
2025,5,93a41548-79ce-42cc-aedb-81ec7d90f396,e2a73016-b81d-4818-9487-a557e38399d6,TRADE_PROPOSAL,CANCELED,10,{77F704CF-0C76-4984-9A71-8BD39511C19F},0,TRADE,4361529.0,Isiah Pacheco,10.0,5.0,2025-09-30
2025,5,b8fded30-c807-4609-af2a-0ba267229fb7,,TRADE_PROPOSAL,PENDING,7,{430447A7-381F-4E40-AD53-6A9C1F157A25},0,TRADE,3916945.0,Darius Slayton,7.0,10.0,2025-10-01
2025,5,b8fded30-c807-4609-af2a-0ba267229fb7,,TRADE_PROPOSAL,PENDING,7,{430447A7-381F-4E40-AD53-6A9C1F157A25},0,TRADE,-16005.0,Browns D/ST,7.0,10.0,2025-10-01
2025,5,b8fded30-c807-4609-af2a-0ba267229fb7,,TRADE_PROPOSAL,PENDING,7,{430447A7-381F-4E40-AD53-6A9C1F157A25},0,TRADE,4239993.0,Tee Higgins,7.0,10.0,2025-10-01
2025,5,b8fded30-c807-4609-af2a-0ba267229fb7,,TRADE_PROPOSAL,PENDING,7,{430447A7-381F-4E40-AD53-6A9C1F157A25},0,TRADE,4426502.0,Drake London,10.0,7.0,2025-10-01
2025,5,82e575de-0f1d-42a3-9c38-7332be8317ed,daca2a99-cec9-4bfb-bd21-e48b928d4141,WAIVER,CANCELED,10,{2C8A1B87-268B-45A5-A0E5-C4A3F61C9BC2},0,ADD,4569603.0,Malik Washington,0.0,10.0,2025-09-30
2025,5,3507e3db-d20a-4338-a3f2-ee9d2d5555f6,aa5d4e71-444f-4e73-9e04-6d4e98807951,WAIVER,CANCELED,10,{2C8A1B87-268B-45A5-A0E5-C4A3F61C9BC2},0,ADD,-16034.0,Texans D/ST,0.0,10.0,2025-10-01
2025,5,b0dab51a-1a36-4532-8ef5-913be53a64ec,15c29efa-cb98-40e7-8b20-c2d8a7c0b991,TRADE_PROPOSAL,CANCELED,8,{00408013-39CF-40FC-8080-1339CFD0FC06},0,TRADE,3121023.0,Dallas Goedert,8.0,10.0,2025-09-30
2025,5,b0dab51a-1a36-4532-8ef5-913be53a64ec,15c29efa-cb98-40e7-8b20-c2d8a7c0b991,TRADE_PROPOSAL,CANCELED,8,{00408013-39CF-40FC-8080-1339CFD0FC06},0,TRADE,4429059.0,Woody Marks,8.0,10.0,2025-09-30
2025,5,b0dab51a-1a36-4532-8ef5-913be53a64ec,15c29efa-cb98-40e7-8b20-c2d8a7c0b991,TRADE_PROPOSAL,CANCELED,8,{00408013-39CF-40FC-8080-1339CFD0FC06},0,TRADE,4426385.0,Zach Charbonnet,10.0,8.0,2025-09-30
2025,5,b0dab51a-1a36-4532-8ef5-913be53a64ec,15c29efa-cb98-40e7-8b20-c2d8a7c0b991,TRADE_PROPOSAL,CANCELED,8,{00408013-39CF-40FC-8080-1339CFD0FC06},0,TRADE,4429205.0,Jordan Addison,10.0,8.0,2025-09-30
2025,5,d6654f5f-f744-42e6-b18e-e4be3a800305,5091c7a3-3b51-48c6-8d2a-0245a96e02bd,WAIVER,CANCELED,10,{2C8A1B87-268B-45A5-A0E5-C4A3F61C9BC2},0,ADD,-16034.0,Texans D/ST,0.0,10.0,2025-10-02
2025,5,d6654f5f-f744-42e6-b18e-e4be3a800305,5091c7a3-3b51-48c6-8d2a-0245a96e02bd,WAIVER,CANCELED,10,{2C8A1B87-268B-45A5-A0E5-C4A3F61C9BC2},0,DROP,4596602.0,Brashard Smith,10.0,0.0,2025-10-02
2025,5,56a66eab-61e1-4415-83ef-5ad8007db97e,31d90280-4850-4635-9790-5e104178e101,TRADE_ACCEPT,,8,{00408013-39CF-40FC-8080-1339CFD0FC06},0,,,,,,2025-10-02
2025,5,1230f6fb-3d1f-43d6-8348-98c89a603b0d,8793aeb5-57ff-4949-a539-f97ecc0e2f41,WAIVER,CANCELED,12,{5FCF8F43-6BFC-4593-9364-2E23B55B301D},0,ADD,4369863.0,Cedric Tillman,0.0,12.0,2025-09-30
2025,5,1230f6fb-3d1f-43d6-8348-98c89a603b0d,8793aeb5-57ff-4949-a539-f97ecc0e2f41,WAIVER,CANCELED,12,{5FCF8F43-6BFC-4593-9364-2E23B55B301D},0,DROP,2976212.0,Stefon Diggs,12.0,0.0,2025-09-30
2025,5,942c44eb-d52f-40f3-8ace-988630aa2f56,4bf00f06-0c37-468c-96e6-8e30c5d9be0f,TRADE_PROPOSAL,CANCELED,10,{77F704CF-0C76-4984-9A71-8BD39511C19F},0,TRADE,4426385.0,Zach Charbonnet,10.0,5.0,2025-10-02
2025,5,942c44eb-d52f-40f3-8ace-988630aa2f56,4bf00f06-0c37-468c-96e6-8e30c5d9be0f,TRADE_PROPOSAL,CANCELED,10,{77F704CF-0C76-4984-9A71-8BD39511C19F},0,TRADE,4596448.0,Bucky Irving,5.0,10.0,2025-10-02
2025,5,942c44eb-d52f-40f3-8ace-988630aa2f56,4bf00f06-0c37-468c-96e6-8e30c5d9be0f,TRADE_PROPOSAL,CANCELED,10,{77F704CF-0C76-4984-9A71-8BD39511C19F},0,TRADE,4241389.0,CeeDee Lamb,5.0,10.0,2025-10-02
2025,5,942c44eb-d52f-40f3-8ace-988630aa2f56,4bf00f06-0c37-468c-96e6-8e30c5d9be0f,TRADE_PROPOSAL,CANCELED,10,{77F704CF-0C76-4984-9A71-8BD39511C19F},0,TRADE,4372016.0,Jaylen Waddle,5.0,10.0,2025-10-02
2025,5,942c44eb-d52f-40f3-8ace-988630aa2f56,4bf00f06-0c37-468c-96e6-8e30c5d9be0f,TRADE_PROPOSAL,CANCELED,10,{77F704CF-0C76-4984-9A71-8BD39511C19F},0,TRADE,4262921.0,Justin Jefferson,10.0,5.0,2025-10-02
2025,5,942c44eb-d52f-40f3-8ace-988630aa2f56,4bf00f06-0c37-468c-96e6-8e30c5d9be0f,TRADE_PROPOSAL,CANCELED,10,{77F704CF-0C76-4984-9A71-8BD39511C19F},0,DROP,4596602.0,Brashard Smith,10.0,0.0,2025-10-02
2025,5,77f5ba70-9002-4ab7-8298-3734dae9449b,,FREEAGENT,EXECUTED,10,{2C8A1B87-268B-45A5-A0E5-C4A3F61C9BC2},0,ADD,3045523.0,Kendrick Bourne,0.0,10.0,2025-10-01
2025,5,77f5ba70-9002-4ab7-8298-3734dae9449b,,FREEAGENT,EXECUTED,10,{2C8A1B87-268B-45A5-A0E5-C4A3F61C9BC2},0,DROP,4608686.0,Kyle Monangai,10.0,0.0,2025-10-01
2025,5,ad8e6934-68c2-473c-87e1-173ecb26586d,,FREEAGENT,EXECUTED,10,{2C8A1B87-268B-45A5-A0E5-C4A3F61C9BC2},0,ADD,4688813.0,Josh Downs,0.0,10.0,2025-10-05
2025,5,ad8e6934-68c2-473c-87e1-173ecb26586d,,FREEAGENT,EXECUTED,10,{2C8A1B87-268B-45A5-A0E5-C4A3F61C9BC2},0,DROP,4808839.0,Isaiah Bond,10.0,0.0,2025-10-05
2025,5,526e65bd-0e0c-46fe-b118-39e217581ba5,b0b73a8d-f756-4ed6-b073-3f3aa98d34cf,WAIVER,EXECUTED,2,NightlyLeagueUpdateTaskProcessor,2,ADD,3917792.0,Daniel Jones,0.0,2.0,2025-10-04
2025,5,526e65bd-0e0c-46fe-b118-39e217581ba5,b0b73a8d-f756-4ed6-b073-3f3aa98d34cf,WAIVER,EXECUTED,2,NightlyLeagueUpdateTaskProcessor,2,DROP,4432577.0,C.J. Stroud,2.0,0.0,2025-10-04
2025,5,f5a8f723-2d15-4538-8eb9-fcce622352d0,,TRADE_PROPOSAL,PENDING,10,{2C8A1B87-268B-45A5-A0E5-C4A3F61C9BC2},0,TRADE,4262921.0,Justin Jefferson,10.0,6.0,2025-09-30
2025,5,f5a8f723-2d15-4538-8eb9-fcce622352d0,,TRADE_PROPOSAL,PENDING,10,{2C8A1B87-268B-45A5-A0E5-C4A3F61C9BC2},0,TRADE,4239996.0,Travis Etienne Jr.,6.0,10.0,2025-09-30
2025,5,f5a8f723-2d15-4538-8eb9-fcce622352d0,,TRADE_PROPOSAL,PENDING,10,{2C8A1B87-268B-45A5-A0E5-C4A3F61C9BC2},0,TRADE,4258173.0,Nico Collins,6.0,10.0,2025-09-30
2025,5,f5a8f723-2d15-4538-8eb9-fcce622352d0,,TRADE_PROPOSAL,PENDING,10,{2C8A1B87-268B-45A5-A0E5-C4A3F61C9BC2},0,DROP,4608686.0,Kyle Monangai,10.0,0.0,2025-09-30
2025,5,4ce29d05-f5ab-404f-9a88-f5354978b40e,,FREEAGENT,EXECUTED,10,{2C8A1B87-268B-45A5-A0E5-C4A3F61C9BC2},0,ADD,-16030.0,Jaguars D/ST,0.0,10.0,2025-10-04
2025,5,4ce29d05-f5ab-404f-9a88-f5354978b40e,,FREEAGENT,EXECUTED,10,{2C8A1B87-268B-45A5-A0E5-C4A3F61C9BC2},0,DROP,-16019.0,Giants D/ST,10.0,0.0,2025-10-04
2025,5,8ab42c1b-b02e-45d9-a19b-ce8c85531ef0,4aa285cb-5435-4d0c-82d8-b8b33a90549d,TRADE_PROPOSAL,CANCELED,10,{8242D4C8-FCD1-4A28-9373-CD282687A8E7},0,TRADE,4429615.0,Zay Flowers,4.0,10.0,2025-09-30
2025,5,8ab42c1b-b02e-45d9-a19b-ce8c85531ef0,4aa285cb-5435-4d0c-82d8-b8b33a90549d,TRADE_PROPOSAL,CANCELED,10,{8242D4C8-FCD1-4A28-9373-CD282687A8E7},0,TRADE,4035687.0,Michael Pittman Jr.,4.0,10.0,2025-09-30
2025,5,8ab42c1b-b02e-45d9-a19b-ce8c85531ef0,4aa285cb-5435-4d0c-82d8-b8b33a90549d,TRADE_PROPOSAL,CANCELED,10,{8242D4C8-FCD1-4A28-9373-CD282687A8E7},0,TRADE,4429205.0,Jordan Addison,10.0,4.0,2025-09-30
2025,5,8ab42c1b-b02e-45d9-a19b-ce8c85531ef0,4aa285cb-5435-4d0c-82d8-b8b33a90549d,TRADE_PROPOSAL,CANCELED,10,{8242D4C8-FCD1-4A28-9373-CD282687A8E7},0,TRADE,4259545.0,D'Andre Swift,10.0,4.0,2025-09-30
2025,5,16c6d181-bedb-479d-8c01-f3a88a1c4659,a5ae9006-a0b0-4f08-8a49-f62f772352f0,TRADE_PROPOSAL,CANCELED,10,{430447A7-381F-4E40-AD53-6A9C1F157A25},0,TRADE,4426385.0,Zach Charbonnet,10.0,7.0,2025-10-04
2025,5,16c6d181-bedb-479d-8c01-f3a88a1c4659,a5ae9006-a0b0-4f08-8a49-f62f772352f0,TRADE_PROPOSAL,CANCELED,10,{430447A7-381F-4E40-AD53-6A9C1F157A25},0,TRADE,4249417.0,Jalen Tolbert,10.0,7.0,2025-10-04
2025,5,16c6d181-bedb-479d-8c01-f3a88a1c4659,a5ae9006-a0b0-4f08-8a49-f62f772352f0,TRADE_PROPOSAL,CANCELED,10,{430447A7-381F-4E40-AD53-6A9C1F157A25},0,TRADE,4038815.0,Rico Dowdle,7.0,10.0,2025-10-04
2025,5,16c6d181-bedb-479d-8c01-f3a88a1c4659,a5ae9006-a0b0-4f08-8a49-f62f772352f0,TRADE_PROPOSAL,CANCELED,10,{430447A7-381F-4E40-AD53-6A9C1F157A25},0,TRADE,4426388.0,Jameson Williams,7.0,10.0,2025-10-04
2025,5,f832b01f-aafc-4455-9560-82aa93248394,0796cfc2-5e01-46cd-865c-80609cf39479,WAIVER,CANCELED,14,{C2BAB8A3-9ED5-425C-BAB8-A39ED5B25CC2},0,ADD,4430539.0,Brenton Strange,0.0,14.0,2025-10-01
2025,5,f832b01f-aafc-4455-9560-82aa93248394,0796cfc2-5e01-46cd-865c-80609cf39479,WAIVER,CANCELED,14,{C2BAB8A3-9ED5-425C-BAB8-A39ED5B25CC2},0,DROP,3059915.0,Kareem Hunt,14.0,0.0,2025-10-01
2025,5,80e9cbde-5929-4f20-b018-b6c1a099838f,f5a8f723-2d15-4538-8eb9-fcce622352d0,TRADE_PROPOSAL,CANCELED,10,{FE8F6865-8A47-4C3A-8D66-0780982B48DD},0,TRADE,4262921.0,Justin Jefferson,10.0,6.0,2025-10-01
2025,5,80e9cbde-5929-4f20-b018-b6c1a099838f,f5a8f723-2d15-4538-8eb9-fcce622352d0,TRADE_PROPOSAL,CANCELED,10,{FE8F6865-8A47-4C3A-8D66-0780982B48DD},0,TRADE,4239996.0,Travis Etienne Jr.,6.0,10.0,2025-10-01
2025,5,80e9cbde-5929-4f20-b018-b6c1a099838f,f5a8f723-2d15-4538-8eb9-fcce622352d0,TRADE_PROPOSAL,CANCELED,10,{FE8F6865-8A47-4C3A-8D66-0780982B48DD},0,TRADE,4258173.0,Nico Collins,6.0,10.0,2025-10-01
2025,5,80e9cbde-5929-4f20-b018-b6c1a099838f,f5a8f723-2d15-4538-8eb9-fcce622352d0,TRADE_PROPOSAL,CANCELED,10,{FE8F6865-8A47-4C3A-8D66-0780982B48DD},0,DROP,4608686.0,Kyle Monangai,10.0,0.0,2025-10-01
2025,5,95b5c70d-dec1-4b20-9522-10291b888742,,ROSTER,EXECUTED,7,{430447A7-381F-4E40-AD53-6A9C1F157A25},0,DROP,4685247.0,Braelon Allen,7.0,0.0,2025-09-30
2025,5,de17e0e2-88d7-49a9-8b29-a42c4c195e47,b0892628-9b65-4359-a991-04e6c47caa29,WAIVER,EXECUTED,7,NightlyLeagueUpdateTaskProcessor,17,ADD,3916945.0,Darius Slayton,0.0,7.0,2025-10-01
2025,5,de17e0e2-88d7-49a9-8b29-a42c4c195e47,b0892628-9b65-4359-a991-04e6c47caa29,WAIVER,EXECUTED,7,NightlyLeagueUpdateTaskProcessor,17,DROP,4635008.0,Keon Coleman,7.0,0.0,2025-10-01
2025,5,4f45a0e7-58b9-42ba-83af-6a734b6427f3,,FREEAGENT,EXECUTED,8,{00408013-39CF-40FC-8080-1339CFD0FC06},0,ADD,4808766.0,Mason Taylor,0.0,8.0,2025-10-02
2025,5,64c1052f-9a3a-4cd2-b873-e22fba49fefd,3d6710c9-2a6f-4e45-9e25-64363791a501,WAIVER,EXECUTED,5,NightlyLeagueUpdateTaskProcessor,4,ADD,2576925.0,Darren Waller,0.0,5.0,2025-10-01
2025,5,64c1052f-9a3a-4cd2-b873-e22fba49fefd,3d6710c9-2a6f-4e45-9e25-64363791a501,WAIVER,EXECUTED,5,NightlyLeagueUpdateTaskProcessor,4,DROP,4045163.0,Miles Sanders,5.0,0.0,2025-10-01
2025,5,d0b260ca-783b-4d61-a764-33234b3933b4,,WAIVER,PENDING,10,{2C8A1B87-268B-45A5-A0E5-C4A3F61C9BC2},1,ADD,3916945.0,Darius Slayton,0.0,10.0,2025-09-30
2025,5,03ce18ea-0ecd-420b-8e55-89e78b6c9cee,,TRADE_PROPOSAL,PENDING,1,{C1E09685-96D1-4750-BA21-8BE16D3BF7CA},0,TRADE,4432773.0,Brian Thomas Jr.,1.0,10.0,2025-09-30
2025,5,03ce18ea-0ecd-420b-8e55-89e78b6c9cee,,TRADE_PROPOSAL,PENDING,1,{C1E09685-96D1-4750-BA21-8BE16D3BF7CA},0,TRADE,4262921.0,Justin Jefferson,10.0,1.0,2025-09-30
2025,5,03ce18ea-0ecd-420b-8e55-89e78b6c9cee,,TRADE_PROPOSAL,PENDING,1,{C1E09685-96D1-4750-BA21-8BE16D3BF7CA},0,TRADE,4035538.0,David Montgomery,1.0,10.0,2025-09-30
2025,5,930088af-3c13-45cd-8a64-5f0df20c05ce,80fa3e9a-6c3c-4175-8fc7-7262b1493d05,TRADE_DECLINE,EXECUTED,10,{2C8A1B87-268B-45A5-A0E5-C4A3F61C9BC2},0,,,,,,2025-10-01
2025,5,4cba8897-7af1-43f3-8280-02b83c4eaaaa,,FREEAGENT,EXECUTED,10,{2C8A1B87-268B-45A5-A0E5-C4A3F61C9BC2},0,ADD,4808766.0,Mason Taylor,0.0,10.0,2025-10-01
2025,5,7296d63a-6485-4af1-9511-597b5273ff19,9238fa0e-d28e-4e12-a6f3-28ec314f862e,WAIVER,EXECUTED,6,NightlyLeagueUpdateTaskProcessor,1,ADD,-16034.0,Texans D/ST,0.0,6.0,2025-10-02
2025,5,7296d63a-6485-4af1-9511-597b5273ff19,9238fa0e-d28e-4e12-a6f3-28ec314f862e,WAIVER,EXECUTED,6,NightlyLeagueUpdateTaskProcessor,1,DROP,-16017.0,Patriots D/ST,6.0,0.0,2025-10-02
2025,5,91aec6ec-596c-4de4-9724-5e9a123e46ab,,TRADE_PROPOSAL,PENDING,10,{2C8A1B87-268B-45A5-A0E5-C4A3F61C9BC2},0,TRADE,4685702.0,Quinshon Judkins,12.0,10.0,2025-09-30
2025,5,91aec6ec-596c-4de4-9724-5e9a123e46ab,,TRADE_PROPOSAL,PENDING,10,{2C8A1B87-268B-45A5-A0E5-C4A3F61C9BC2},0,TRADE,3126486.0,Deebo Samuel,12.0,10.0,2025-09-30
2025,5,91aec6ec-596c-4de4-9724-5e9a123e46ab,,TRADE_PROPOSAL,PENDING,10,{2C8A1B87-268B-45A5-A0E5-C4A3F61C9BC2},0,TRADE,2976212.0,Stefon Diggs,12.0,10.0,2025-09-30
2025,5,91aec6ec-596c-4de4-9724-5e9a123e46ab,,TRADE_PROPOSAL,PENDING,10,{2C8A1B87-268B-45A5-A0E5-C4A3F61C9BC2},0,TRADE,4262921.0,Justin Jefferson,10.0,12.0,2025-09-30
2025,5,91aec6ec-596c-4de4-9724-5e9a123e46ab,,TRADE_PROPOSAL,PENDING,10,{2C8A1B87-268B-45A5-A0E5-C4A3F61C9BC2},0,DROP,-16023.0,Steelers D/ST,10.0,0.0,2025-09-30
2025,5,91aec6ec-596c-4de4-9724-5e9a123e46ab,,TRADE_PROPOSAL,PENDING,10,{2C8A1B87-268B-45A5-A0E5-C4A3F61C9BC2},0,DROP,4608686.0,Kyle Monangai,10.0,0.0,2025-09-30
2025,5,fb62e1f4-4e5d-4a45-96a6-6590ee16dfa5,6d769e61-0125-4a6f-b9b2-ba78c321086e,WAIVER,EXECUTED,5,NightlyLeagueUpdateTaskProcessor,6,ADD,4599739.0,Kendre Miller,0.0,5.0,2025-10-01
2025,5,53226007-f7cf-4d1a-acdf-62041f0200cb,41a425d7-1b56-4e22-a7b2-b93ec54d254d,TRADE_PROPOSAL,CANCELED,10,{5FCF8F43-6BFC-4593-9364-2E23B55B301D},0,TRADE,4262921.0,Justin Jefferson,10.0,12.0,2025-09-30
2025,5,53226007-f7cf-4d1a-acdf-62041f0200cb,41a425d7-1b56-4e22-a7b2-b93ec54d254d,TRADE_PROPOSAL,CANCELED,10,{5FCF8F43-6BFC-4593-9364-2E23B55B301D},0,TRADE,3040151.0,George Kittle,12.0,10.0,2025-09-30
2025,5,53226007-f7cf-4d1a-acdf-62041f0200cb,41a425d7-1b56-4e22-a7b2-b93ec54d254d,TRADE_PROPOSAL,CANCELED,10,{5FCF8F43-6BFC-4593-9364-2E23B55B301D},0,TRADE,3126486.0,Deebo Samuel,12.0,10.0,2025-09-30
2025,5,53226007-f7cf-4d1a-acdf-62041f0200cb,41a425d7-1b56-4e22-a7b2-b93ec54d254d,TRADE_PROPOSAL,CANCELED,10,{5FCF8F43-6BFC-4593-9364-2E23B55B301D},0,TRADE,4685702.0,Quinshon Judkins,12.0,10.0,2025-09-30
2025,5,53226007-f7cf-4d1a-acdf-62041f0200cb,41a425d7-1b56-4e22-a7b2-b93ec54d254d,TRADE_PROPOSAL,CANCELED,10,{5FCF8F43-6BFC-4593-9364-2E23B55B301D},0,DROP,4608686.0,Kyle Monangai,10.0,0.0,2025-09-30
2025,5,31d90280-4850-4635-9790-5e104178e101,,TRADE_PROPOSAL,PENDING,10,{2C8A1B87-268B-45A5-A0E5-C4A3F61C9BC2},0,TRADE,4242355.0,Jake Ferguson,8.0,10.0,2025-10-02
2025,5,31d90280-4850-4635-9790-5e104178e101,,TRADE_PROPOSAL,PENDING,10,{2C8A1B87-268B-45A5-A0E5-C4A3F61C9BC2},0,TRADE,4429059.0,Woody Marks,8.0,10.0,2025-10-02
2025,5,31d90280-4850-4635-9790-5e104178e101,,TRADE_PROPOSAL,PENDING,10,{2C8A1B87-268B-45A5-A0E5-C4A3F61C9BC2},0,TRADE,4808839.0,Isaiah Bond,8.0,10.0,2025-10-02
2025,5,31d90280-4850-4635-9790-5e104178e101,,TRADE_PROPOSAL,PENDING,10,{2C8A1B87-268B-45A5-A0E5-C4A3F61C9BC2},0,TRADE,4567048.0,Kenneth Walker III,10.0,8.0,2025-10-02
2025,5,31d90280-4850-4635-9790-5e104178e101,,TRADE_PROPOSAL,PENDING,10,{2C8A1B87-268B-45A5-A0E5-C4A3F61C9BC2},0,TRADE,4429205.0,Jordan Addison,10.0,8.0,2025-10-02
2025,5,31d90280-4850-4635-9790-5e104178e101,,TRADE_PROPOSAL,PENDING,10,{2C8A1B87-268B-45A5-A0E5-C4A3F61C9BC2},0,DROP,4808766.0,Mason Taylor,10.0,0.0,2025-10-02
2025,5,3a79b42a-c6f2-48cf-868d-29a839cf400d,c53622f9-7b89-4928-941b-b2e8b4ba8f2c,TRADE_PROPOSAL,CANCELED,10,{2C8A1B87-268B-45A5-A0E5-C4A3F61C9BC2},0,TRADE,4429160.0,De'Von Achane,1.0,10.0,2025-09-30
2025,5,3a79b42a-c6f2-48cf-868d-29a839cf400d,c53622f9-7b89-4928-941b-b2e8b4ba8f2c,TRADE_PROPOSAL,CANCELED,10,{2C8A1B87-268B-45A5-A0E5-C4A3F61C9BC2},0,TRADE,4259545.0,D'Andre Swift,10.0,1.0,2025-09-30
2025,5,3a79b42a-c6f2-48cf-868d-29a839cf400d,c53622f9-7b89-4928-941b-b2e8b4ba8f2c,TRADE_PROPOSAL,CANCELED,10,{2C8A1B87-268B-45A5-A0E5-C4A3F61C9BC2},0,TRADE,4429205.0,Jordan Addison,10.0,1.0,2025-09-30
2025,5,e2bfe888-a12b-448d-98c1-714c46df1ccb,7304e514-ee44-4c5b-a1bf-d51d0661471b,WAIVER,FAILED_INVALIDPLAYERSOURCE,4,NightlyLeagueUpdateTaskProcessor,4,ADD,-16005.0,Browns D/ST,0.0,4.0,2025-10-01
2025,5,e2bfe888-a12b-448d-98c1-714c46df1ccb,7304e514-ee44-4c5b-a1bf-d51d0661471b,WAIVER,FAILED_INVALIDPLAYERSOURCE,4,NightlyLeagueUpdateTaskProcessor,4,DROP,3135321.0,Hunter Renfrow,4.0,0.0,2025-10-01
2025,5,5a91affd-3560-4846-85be-3f782a381d57,c75465f8-f0fe-4658-8a55-02a1c255930d,WAIVER,CANCELED,10,{2C8A1B87-268B-45A5-A0E5-C4A3F61C9BC2},54,ADD,4429275.0,Trey Benson,0.0,10.0,2025-10-02
2025,5,5a91affd-3560-4846-85be-3f782a381d57,c75465f8-f0fe-4658-8a55-02a1c255930d,WAIVER,CANCELED,10,{2C8A1B87-268B-45A5-A0E5-C4A3F61C9BC2},54,DROP,4596602.0,Brashard Smith,10.0,0.0,2025-10-02
2025,5,e6b11a42-2c5c-428f-a6c3-6cbf6a9e49c9,cebf5d90-0485-43f7-807d-441c3d8052f0,TRADE_PROPOSAL,CANCELED,10,{00408013-39CF-40FC-8080-1339CFD0FC06},0,TRADE,3121023.0,Dallas Goedert,8.0,10.0,2025-09-30
2025,5,e6b11a42-2c5c-428f-a6c3-6cbf6a9e49c9,cebf5d90-0485-43f7-807d-441c3d8052f0,TRADE_PROPOSAL,CANCELED,10,{00408013-39CF-40FC-8080-1339CFD0FC06},0,TRADE,4429059.0,Woody Marks,8.0,10.0,2025-09-30
2025,5,e6b11a42-2c5c-428f-a6c3-6cbf6a9e49c9,cebf5d90-0485-43f7-807d-441c3d8052f0,TRADE_PROPOSAL,CANCELED,10,{00408013-39CF-40FC-8080-1339CFD0FC06},0,TRADE,3886598.0,Jauan Jennings,10.0,8.0,2025-09-30
2025,5,e6b11a42-2c5c-428f-a6c3-6cbf6a9e49c9,cebf5d90-0485-43f7-807d-441c3d8052f0,TRADE_PROPOSAL,CANCELED,10,{00408013-39CF-40FC-8080-1339CFD0FC06},0,TRADE,4426385.0,Zach Charbonnet,10.0,8.0,2025-09-30
2025,5,4aa285cb-5435-4d0c-82d8-b8b33a90549d,,TRADE_PROPOSAL,PENDING,10,{2C8A1B87-268B-45A5-A0E5-C4A3F61C9BC2},0,TRADE,4429615.0,Zay Flowers,4.0,10.0,2025-09-30
2025,5,4aa285cb-5435-4d0c-82d8-b8b33a90549d,,TRADE_PROPOSAL,PENDING,10,{2C8A1B87-268B-45A5-A0E5-C4A3F61C9BC2},0,TRADE,4035687.0,Michael Pittman Jr.,4.0,10.0,2025-09-30
2025,5,4aa285cb-5435-4d0c-82d8-b8b33a90549d,,TRADE_PROPOSAL,PENDING,10,{2C8A1B87-268B-45A5-A0E5-C4A3F61C9BC2},0,TRADE,4429205.0,Jordan Addison,10.0,4.0,2025-09-30
2025,5,4aa285cb-5435-4d0c-82d8-b8b33a90549d,,TRADE_PROPOSAL,PENDING,10,{2C8A1B87-268B-45A5-A0E5-C4A3F61C9BC2},0,TRADE,4259545.0,D'Andre Swift,10.0,4.0,2025-09-30
2025,5,9f295b14-ccf0-4033-8eb2-d200ee36524d,00f800af-0161-4e01-b386-3ece07b0ef50,TRADE_DECLINE,EXECUTED,4,{8242D4C8-FCD1-4A28-9373-CD282687A8E7},0,,,,,,2025-10-01
2025,5,95116139-ae81-46b1-86b1-4586ea93d5cc,4e365c25-4612-4e4d-b83c-a4418fff5aeb,TRADE_PROPOSAL,CANCELED,10,{8242D4C8-FCD1-4A28-9373-CD282687A8E7},0,TRADE,4259545.0,D'Andre Swift,10.0,4.0,2025-10-04
2025,5,95116139-ae81-46b1-86b1-4586ea93d5cc,4e365c25-4612-4e4d-b83c-a4418fff5aeb,TRADE_PROPOSAL,CANCELED,10,{8242D4C8-FCD1-4A28-9373-CD282687A8E7},0,TRADE,4426502.0,Drake London,10.0,4.0,2025-10-04
2025,5,95116139-ae81-46b1-86b1-4586ea93d5cc,4e365c25-4612-4e4d-b83c-a4418fff5aeb,TRADE_PROPOSAL,CANCELED,10,{8242D4C8-FCD1-4A28-9373-CD282687A8E7},0,TRADE,4685472.0,Tetairoa McMillan,4.0,10.0,2025-10-04
2025,5,95116139-ae81-46b1-86b1-4586ea93d5cc,4e365c25-4612-4e4d-b83c-a4418fff5aeb,TRADE_PROPOSAL,CANCELED,10,{8242D4C8-FCD1-4A28-9373-CD282687A8E7},0,TRADE,3929630.0,Saquon Barkley,4.0,10.0,2025-10-04
2025,5,7fd6493f-addb-494d-a8e7-05c9158129cc,91aec6ec-596c-4de4-9724-5e9a123e46ab,TRADE_PROPOSAL,CANCELED,10,{2C8A1B87-268B-45A5-A0E5-C4A3F61C9BC2},0,TRADE,4685702.0,Quinshon Judkins,12.0,10.0,2025-09-30
2025,5,7fd6493f-addb-494d-a8e7-05c9158129cc,91aec6ec-596c-4de4-9724-5e9a123e46ab,TRADE_PROPOSAL,CANCELED,10,{2C8A1B87-268B-45A5-A0E5-C4A3F61C9BC2},0,TRADE,3126486.0,Deebo Samuel,12.0,10.0,2025-09-30
2025,5,7fd6493f-addb-494d-a8e7-05c9158129cc,91aec6ec-596c-4de4-9724-5e9a123e46ab,TRADE_PROPOSAL,CANCELED,10,{2C8A1B87-268B-45A5-A0E5-C4A3F61C9BC2},0,TRADE,2976212.0,Stefon Diggs,12.0,10.0,2025-09-30
2025,5,7fd6493f-addb-494d-a8e7-05c9158129cc,91aec6ec-596c-4de4-9724-5e9a123e46ab,TRADE_PROPOSAL,CANCELED,10,{2C8A1B87-268B-45A5-A0E5-C4A3F61C9BC2},0,TRADE,4262921.0,Justin Jefferson,10.0,12.0,2025-09-30
2025,5,7fd6493f-addb-494d-a8e7-05c9158129cc,91aec6ec-596c-4de4-9724-5e9a123e46ab,TRADE_PROPOSAL,CANCELED,10,{2C8A1B87-268B-45A5-A0E5-C4A3F61C9BC2},0,DROP,-16023.0,Steelers D/ST,10.0,0.0,2025-09-30
2025,5,7fd6493f-addb-494d-a8e7-05c9158129cc,91aec6ec-596c-4de4-9724-5e9a123e46ab,TRADE_PROPOSAL,CANCELED,10,{2C8A1B87-268B-45A5-A0E5-C4A3F61C9BC2},0,DROP,4608686.0,Kyle Monangai,10.0,0.0,2025-09-30
2025,5,7288fa9f-6202-4cd4-b8a9-694ee667e65f,03ce18ea-0ecd-420b-8e55-89e78b6c9cee,TRADE_PROPOSAL,CANCELED,1,{2C8A1B87-268B-45A5-A0E5-C4A3F61C9BC2},0,TRADE,4432773.0,Brian Thomas Jr.,1.0,10.0,2025-09-30
2025,5,7288fa9f-6202-4cd4-b8a9-694ee667e65f,03ce18ea-0ecd-420b-8e55-89e78b6c9cee,TRADE_PROPOSAL,CANCELED,1,{2C8A1B87-268B-45A5-A0E5-C4A3F61C9BC2},0,TRADE,4262921.0,Justin Jefferson,10.0,1.0,2025-09-30
2025,5,7288fa9f-6202-4cd4-b8a9-694ee667e65f,03ce18ea-0ecd-420b-8e55-89e78b6c9cee,TRADE_PROPOSAL,CANCELED,1,{2C8A1B87-268B-45A5-A0E5-C4A3F61C9BC2},0,TRADE,4035538.0,David Montgomery,1.0,10.0,2025-09-30
2025,5,0fb97e87-de3c-4a4a-9977-e56ff6b271fa,3d691925-c3a4-4281-b7f6-3a0037a22519,WAIVER,EXECUTED,8,NightlyLeagueUpdateTaskProcessor,12,ADD,4808839.0,Isaiah Bond,0.0,8.0,2025-10-01
2025,5,f25d7871-ee56-4803-93ba-20e50a658c73,,FREEAGENT,EXECUTED,12,{5FCF8F43-6BFC-4593-9364-2E23B55B301D},0,ADD,4259147.0,Jake Tonges,0.0,12.0,2025-10-02
2025,5,f25d7871-ee56-4803-93ba-20e50a658c73,,FREEAGENT,EXECUTED,12,{5FCF8F43-6BFC-4593-9364-2E23B55B301D},0,DROP,4597703.0,Tory Horton,12.0,0.0,2025-10-02
2025,5,739490b3-e06f-455d-a2df-7f817c638b0f,4aa285cb-5435-4d0c-82d8-b8b33a90549d,TRADE_DECLINE,EXECUTED,4,{8242D4C8-FCD1-4A28-9373-CD282687A8E7},0,,,,,,2025-09-30
2025,5,5091c7a3-3b51-48c6-8d2a-0245a96e02bd,,WAIVER,PENDING,10,{2C8A1B87-268B-45A5-A0E5-C4A3F61C9BC2},8,ADD,-16034.0,Texans D/ST,0.0,10.0,2025-10-01
2025,5,5091c7a3-3b51-48c6-8d2a-0245a96e02bd,,WAIVER,PENDING,10,{2C8A1B87-268B-45A5-A0E5-C4A3F61C9BC2},8,DROP,4596602.0,Brashard Smith,10.0,0.0,2025-10-01
2025,5,862adda6-4827-4a7c-8853-df6880d3c317,,FREEAGENT,EXECUTED,5,{77F704CF-0C76-4984-9A71-8BD39511C19F},0,ADD,-16009.0,Packers D/ST,0.0,5.0,2025-10-06
2025,5,862adda6-4827-4a7c-8853-df6880d3c317,,FREEAGENT,EXECUTED,5,{77F704CF-0C76-4984-9A71-8BD39511C19F},0,DROP,4362921.0,Tyquan Thornton,5.0,0.0,2025-10-06
2025,5,920981b4-b82c-42dd-a016-20bd292e1cc4,,FREEAGENT,EXECUTED,10,{2C8A1B87-268B-45A5-A0E5-C4A3F61C9BC2},0,ADD,-16019.0,Giants D/ST,0.0,10.0,2025-10-02
2025,5,920981b4-b82c-42dd-a016-20bd292e1cc4,,FREEAGENT,EXECUTED,10,{2C8A1B87-268B-45A5-A0E5-C4A3F61C9BC2},0,DROP,4596602.0,Brashard Smith,10.0,0.0,2025-10-02
2025,5,e0bf75bb-b1ba-49a6-bc07-359f72b55635,24919070-1235-4c1c-a747-084d9c0d006f,WAIVER,CANCELED,3,{C52D799E-6C1C-44B9-8371-9B6AF857D8E8},0,ADD,4430539.0,Brenton Strange,0.0,3.0,2025-10-01
2025,5,e0bf75bb-b1ba-49a6-bc07-359f72b55635,24919070-1235-4c1c-a747-084d9c0d006f,WAIVER,CANCELED,3,{C52D799E-6C1C-44B9-8371-9B6AF857D8E8},0,DROP,4040655.0,Darnell Mooney,3.0,0.0,2025-10-01
2025,5,9104069b-a54b-4802-b511-41ab8a2cce45,599001d1-c6f6-423d-b120-e7f96cc91378,WAIVER,FAILED_INVALIDPLAYERSOURCE,3,NightlyLeagueUpdateTaskProcessor,3,ADD,-16005.0,Browns D/ST,0.0,3.0,2025-10-01
2025,5,9104069b-a54b-4802-b511-41ab8a2cce45,599001d1-c6f6-423d-b120-e7f96cc91378,WAIVER,FAILED_INVALIDPLAYERSOURCE,3,NightlyLeagueUpdateTaskProcessor,3,DROP,4040655.0,Darnell Mooney,3.0,0.0,2025-10-01
2025,5,629518f6-d69a-4e06-877a-d328aa344fb1,8efef390-97a4-4aca-b1a3-fd194f776686,WAIVER,FAILED_INVALIDPLAYERSOURCE,1,NightlyLeagueUpdateTaskProcessor,2,ADD,4361529.0,Isiah Pacheco,0.0,1.0,2025-10-04
2025,5,629518f6-d69a-4e06-877a-d328aa344fb1,8efef390-97a4-4aca-b1a3-fd194f776686,WAIVER,FAILED_INVALIDPLAYERSOURCE,1,NightlyLeagueUpdateTaskProcessor,2,DROP,4360939.0,Rashod Bateman,1.0,0.0,2025-10-04
2025,5,acc0b73d-28e5-49f7-b290-1dbba2d8c829,6e279f30-0905-4007-9045-1ed99870ed37,WAIVER,FAILED_INVALIDPLAYERSOURCE,12,NightlyLeagueUpdateTaskProcessor,1,ADD,4596602.0,Brashard Smith,0.0,12.0,2025-10-01
2025,5,acc0b73d-28e5-49f7-b290-1dbba2d8c829,6e279f30-0905-4007-9045-1ed99870ed37,WAIVER,FAILED_INVALIDPLAYERSOURCE,12,NightlyLeagueUpdateTaskProcessor,1,DROP,15864.0,Geno Smith,12.0,0.0,2025-10-01
2025,5,e9e3b40c-d1ac-4f50-a71c-02b61f89c1e9,7d405a5a-09fc-4160-81e1-f0487860c343,WAIVER,EXECUTED,5,NightlyLeagueUpdateTaskProcessor,6,ADD,4361529.0,Isiah Pacheco,0.0,5.0,2025-10-04
2025,5,e9e3b40c-d1ac-4f50-a71c-02b61f89c1e9,7d405a5a-09fc-4160-81e1-f0487860c343,WAIVER,EXECUTED,5,NightlyLeagueUpdateTaskProcessor,6,DROP,4599739.0,Kendre Miller,5.0,0.0,2025-10-04
2025,5,87d80c6b-25d1-436c-a2a8-3c28c3c5657d,66ffa073-82e6-4c23-b228-29291d1b9c58,WAIVER,FAILED_INVALIDPLAYERSOURCE,10,NightlyLeagueUpdateTaskProcessor,1,ADD,4599739.0,Kendre Miller,0.0,10.0,2025-10-01
2025,5,7106d36b-3ac0-4a9f-835e-29457a93d789,534fe0d6-0165-44fb-86f9-122011bd72d4,WAIVER,FAILED_INVALIDPLAYERSOURCE,13,NightlyLeagueUpdateTaskProcessor,1,ADD,4361529.0,Isiah Pacheco,0.0,13.0,2025-10-04
2025,5,7106d36b-3ac0-4a9f-835e-29457a93d789,534fe0d6-0165-44fb-86f9-122011bd72d4,WAIVER,FAILED_INVALIDPLAYERSOURCE,13,NightlyLeagueUpdateTaskProcessor,1,DROP,3059915.0,Kareem Hunt,13.0,0.0,2025-10-04
2025,5,cd61735f-a045-4339-84e2-26d58306ef41,0d669e80-be4b-4979-9e58-dfd6fede21ad,WAIVER,EXECUTED,12,NightlyLeagueUpdateTaskProcessor,12,ADD,4429275.0,Trey Benson,0.0,12.0,2025-10-03
2025,5,cd61735f-a045-4339-84e2-26d58306ef41,0d669e80-be4b-4979-9e58-dfd6fede21ad,WAIVER,EXECUTED,12,NightlyLeagueUpdateTaskProcessor,12,DROP,5083076.0,Harold Fannin Jr.,12.0,0.0,2025-10-03
2025,5,af3bb26c-da29-47bf-9e71-f4c940eb66b1,,ROSTER,EXECUTED,5,{77F704CF-0C76-4984-9A71-8BD39511C19F},0,DROP,-16009.0,Packers D/ST,5.0,0.0,2025-09-30
2025,5,8c078743-8308-481c-8097-7fb7fcb774f8,,WAIVER,PENDING,10,{2C8A1B87-268B-45A5-A0E5-C4A3F61C9BC2},1,ADD,4596602.0,Brashard Smith,0.0,10.0,2025-09-30
2025,5,f7c14731-75ab-4e01-a8b4-9d89a28e153e,8bccc165-a293-428b-ad17-6192ae715bae,WAIVER,FAILED_INVALIDPLAYERSOURCE,12,NightlyLeagueUpdateTaskProcessor,2,ADD,4599739.0,Kendre Miller,0.0,12.0,2025-10-01
2025,5,f7c14731-75ab-4e01-a8b4-9d89a28e153e,8bccc165-a293-428b-ad17-6192ae715bae,WAIVER,FAILED_INVALIDPLAYERSOURCE,12,NightlyLeagueUpdateTaskProcessor,2,DROP,4241474.0,Brian Robinson Jr.,12.0,0.0,2025-10-01
2025,5,6b4491c0-640f-45be-a2a5-98287f7d2f9e,5e60a75d-0da6-4d5c-9528-5e94108c67ff,TRADE_DECLINE,EXECUTED,10,{2C8A1B87-268B-45A5-A0E5-C4A3F61C9BC2},0,,,,,,2025-10-04
2025,5,85664be6-7bb9-45b7-849f-5387076b32c6,,TRADE_PROPOSAL,PENDING,10,{2C8A1B87-268B-45A5-A0E5-C4A3F61C9BC2},0,TRADE,4262921.0,Justin Jefferson,10.0,12.0,2025-10-01
2025,5,85664be6-7bb9-45b7-849f-5387076b32c6,,TRADE_PROPOSAL,PENDING,10,{2C8A1B87-268B-45A5-A0E5-C4A3F61C9BC2},0,TRADE,4426502.0,Drake London,10.0,12.0,2025-10-01
2025,5,85664be6-7bb9-45b7-849f-5387076b32c6,,TRADE_PROPOSAL,PENDING,10,{2C8A1B87-268B-45A5-A0E5-C4A3F61C9BC2},0,TRADE,4429025.0,Quentin Johnston,12.0,10.0,2025-10-01
2025,5,85664be6-7bb9-45b7-849f-5387076b32c6,,TRADE_PROPOSAL,PENDING,10,{2C8A1B87-268B-45A5-A0E5-C4A3F61C9BC2},0,TRADE,4685382.0,Omarion Hampton,12.0,10.0,2025-10-01
2025,5,85664be6-7bb9-45b7-849f-5387076b32c6,,TRADE_PROPOSAL,PENDING,10,{2C8A1B87-268B-45A5-A0E5-C4A3F61C9BC2},0,TRADE,3126486.0,Deebo Samuel,12.0,10.0,2025-10-01
2025,5,7fb3eb79-afd3-4dd9-a82a-5281944dd263,65dd6ea2-b341-44ff-8070-ee4bdeaa98ca,TRADE_PROPOSAL,CANCELED,10,{C1E09685-96D1-4750-BA21-8BE16D3BF7CA},0,TRADE,4262921.0,Justin Jefferson,10.0,1.0,2025-10-02
2025,5,7fb3eb79-afd3-4dd9-a82a-5281944dd263,65dd6ea2-b341-44ff-8070-ee4bdeaa98ca,TRADE_PROPOSAL,CANCELED,10,{C1E09685-96D1-4750-BA21-8BE16D3BF7CA},0,TRADE,4426385.0,Zach Charbonnet,10.0,1.0,2025-10-02
2025,5,7fb3eb79-afd3-4dd9-a82a-5281944dd263,65dd6ea2-b341-44ff-8070-ee4bdeaa98ca,TRADE_PROPOSAL,CANCELED,10,{C1E09685-96D1-4750-BA21-8BE16D3BF7CA},0,TRADE,4432773.0,Brian Thomas Jr.,1.0,10.0,2025-10-02
2025,5,7fb3eb79-afd3-4dd9-a82a-5281944dd263,65dd6ea2-b341-44ff-8070-ee4bdeaa98ca,TRADE_PROPOSAL,CANCELED,10,{C1E09685-96D1-4750-BA21-8BE16D3BF7CA},0,TRADE,4429160.0,De'Von Achane,1.0,10.0,2025-10-02
2025,5,59514ec9-b1c0-4e29-a5d1-92d39aecf09a,,FREEAGENT,EXECUTED,8,{00408013-39CF-40FC-8080-1339CFD0FC06},0,ADD,4688813.0,Josh Downs,0.0,8.0,2025-10-03
2025,5,59514ec9-b1c0-4e29-a5d1-92d39aecf09a,,FREEAGENT,EXECUTED,8,{00408013-39CF-40FC-8080-1339CFD0FC06},0,DROP,4808766.0,Mason Taylor,8.0,0.0,2025-10-03
2025,5,daca2a99-cec9-4bfb-bd21-e48b928d4141,,WAIVER,PENDING,10,{2C8A1B87-268B-45A5-A0E5-C4A3F61C9BC2},15,ADD,4569603.0,Malik Washington,0.0,10.0,2025-09-30
2025,5,80fa3e9a-6c3c-4175-8fc7-7262b1493d05,,TRADE_PROPOSAL,PENDING,7,{430447A7-381F-4E40-AD53-6A9C1F157A25},0,TRADE,-16005.0,Browns D/ST,7.0,10.0,2025-10-01
2025,5,80fa3e9a-6c3c-4175-8fc7-7262b1493d05,,TRADE_PROPOSAL,PENDING,7,{430447A7-381F-4E40-AD53-6A9C1F157A25},0,TRADE,4426388.0,Jameson Williams,7.0,10.0,2025-10-01
2025,5,80fa3e9a-6c3c-4175-8fc7-7262b1493d05,,TRADE_PROPOSAL,PENDING,7,{430447A7-381F-4E40-AD53-6A9C1F157A25},0,TRADE,4569603.0,Malik Washington,7.0,10.0,2025-10-01
2025,5,80fa3e9a-6c3c-4175-8fc7-7262b1493d05,,TRADE_PROPOSAL,PENDING,7,{430447A7-381F-4E40-AD53-6A9C1F157A25},0,TRADE,4426502.0,Drake London,10.0,7.0,2025-10-01
2025,5,88734ef7-4540-4710-8cca-d2f8fea0e873,03ce18ea-0ecd-420b-8e55-89e78b6c9cee,TRADE_DECLINE,EXECUTED,10,{2C8A1B87-268B-45A5-A0E5-C4A3F61C9BC2},0,,,,,,2025-09-30
2025,5,e2a73016-b81d-4818-9487-a557e38399d6,,TRADE_PROPOSAL,PENDING,10,{2C8A1B87-268B-45A5-A0E5-C4A3F61C9BC2},0,TRADE,4372016.0,Jaylen Waddle,5.0,10.0,2025-09-30
2025,5,e2a73016-b81d-4818-9487-a557e38399d6,,TRADE_PROPOSAL,PENDING,10,{2C8A1B87-268B-45A5-A0E5-C4A3F61C9BC2},0,TRADE,4361529.0,Isiah Pacheco,10.0,5.0,2025-09-30
2025,5,66ffa073-82e6-4c23-b228-29291d1b9c58,,WAIVER,PENDING,10,{2C8A1B87-268B-45A5-A0E5-C4A3F61C9BC2},1,ADD,4599739.0,Kendre Miller,0.0,10.0,2025-09-30
2025,5,5e60a75d-0da6-4d5c-9528-5e94108c67ff,,TRADE_PROPOSAL,PENDING,7,{430447A7-381F-4E40-AD53-6A9C1F157A25},0,TRADE,4239993.0,Tee Higgins,7.0,10.0,2025-10-02
2025,5,5e60a75d-0da6-4d5c-9528-5e94108c67ff,,TRADE_PROPOSAL,PENDING,7,{430447A7-381F-4E40-AD53-6A9C1F157A25},0,TRADE,4259545.0,D'Andre Swift,10.0,7.0,2025-10-02
2025,5,476e01b7-ad67-4764-a075-91013e1fd5fc,,FREEAGENT,EXECUTED,7,{430447A7-381F-4E40-AD53-6A9C1F157A25},0,ADD,4038815.0,Rico Dowdle,0.0,7.0,2025-10-02
2025,5,476e01b7-ad67-4764-a075-91013e1fd5fc,,FREEAGENT,EXECUTED,7,{430447A7-381F-4E40-AD53-6A9C1F157A25},0,DROP,3917792.0,Daniel Jones,7.0,0.0,2025-10-02
2025,5,08203b45-46b9-45e3-8b0e-dccaa86de0aa,41a425d7-1b56-4e22-a7b2-b93ec54d254d,TRADE_DECLINE,EXECUTED,12,{5FCF8F43-6BFC-4593-9364-2E23B55B301D},0,,,,,,2025-09-30
2025,5,0cd19339-7e07-4d0e-b67a-458f04008b42,9682fd90-8e1a-4773-8759-2c3e304edfe6,WAIVER,CANCELED,8,{00408013-39CF-40FC-8080-1339CFD0FC06},0,ADD,4361529.0,Isiah Pacheco,0.0,8.0,2025-10-03
2025,5,0cd19339-7e07-4d0e-b67a-458f04008b42,9682fd90-8e1a-4773-8759-2c3e304edfe6,WAIVER,CANCELED,8,{00408013-39CF-40FC-8080-1339CFD0FC06},0,DROP,4808766.0,Mason Taylor,8.0,0.0,2025-10-03
2025,5,c99a89ed-fed9-4838-894e-5f1bbb80c61d,f16b6ce3-c7cf-469a-bc05-f7716e688575,WAIVER,FAILED_INVALIDPLAYERSOURCE,7,NightlyLeagueUpdateTaskProcessor,6,ADD,4599739.0,Kendre Miller,0.0,7.0,2025-10-01
2025,5,c99a89ed-fed9-4838-894e-5f1bbb80c61d,f16b6ce3-c7cf-469a-bc05-f7716e688575,WAIVER,FAILED_INVALIDPLAYERSOURCE,7,NightlyLeagueUpdateTaskProcessor,6,DROP,4429096.0,Blake Corum,7.0,0.0,2025-10-01
2025,5,cebf5d90-0485-43f7-807d-441c3d8052f0,,TRADE_PROPOSAL,PENDING,10,{2C8A1B87-268B-45A5-A0E5-C4A3F61C9BC2},0,TRADE,3121023.0,Dallas Goedert,8.0,10.0,2025-09-30
2025,5,cebf5d90-0485-43f7-807d-441c3d8052f0,,TRADE_PROPOSAL,PENDING,10,{2C8A1B87-268B-45A5-A0E5-C4A3F61C9BC2},0,TRADE,4429059.0,Woody Marks,8.0,10.0,2025-09-30
2025,5,cebf5d90-0485-43f7-807d-441c3d8052f0,,TRADE_PROPOSAL,PENDING,10,{2C8A1B87-268B-45A5-A0E5-C4A3F61C9BC2},0,TRADE,3886598.0,Jauan Jennings,10.0,8.0,2025-09-30
2025,5,cebf5d90-0485-43f7-807d-441c3d8052f0,,TRADE_PROPOSAL,PENDING,10,{2C8A1B87-268B-45A5-A0E5-C4A3F61C9BC2},0,TRADE,4426385.0,Zach Charbonnet,10.0,8.0,2025-09-30
2025,5,55424c2c-0ebf-4456-85ab-9d168b948ffa,,ROSTER,EXECUTED,8,{00408013-39CF-40FC-8080-1339CFD0FC06},0,DROP,4595348.0,Malik Nabers,8.0,0.0,2025-09-30
2025,5,3ec27684-8a25-4814-9d97-1004ea2b3b88,,FREEAGENT,EXECUTED,8,{00408013-39CF-40FC-8080-1339CFD0FC06},0,ADD,4430871.0,Sean Tucker,0.0,8.0,2025-10-01
2025,5,643f7a4b-5db2-4201-aff3-59a6a43e5df9,,TRADE_PROPOSAL,PENDING,10,{2C8A1B87-268B-45A5-A0E5-C4A3F61C9BC2},0,TRADE,3117251.0,Christian McCaffrey,13.0,10.0,2025-09-30
2025,5,643f7a4b-5db2-4201-aff3-59a6a43e5df9,,TRADE_PROPOSAL,PENDING,10,{2C8A1B87-268B-45A5-A0E5-C4A3F61C9BC2},0,TRADE,4426502.0,Drake London,10.0,13.0,2025-09-30
2025,5,643f7a4b-5db2-4201-aff3-59a6a43e5df9,,TRADE_PROPOSAL,PENDING,10,{2C8A1B87-268B-45A5-A0E5-C4A3F61C9BC2},0,TRADE,4259545.0,D'Andre Swift,10.0,13.0,2025-09-30
2025,5,598681b1-8876-476a-821d-f70ee9828afa,ea20b09e-ae7c-41f7-b816-4cad5fc25c82,WAIVER,CANCELED,10,{2C8A1B87-268B-45A5-A0E5-C4A3F61C9BC2},0,ADD,3916945.0,Darius Slayton,0.0,10.0,2025-09-30
2025,5,cfcbf903-0615-4e0f-a606-5a0fab0551a2,47a7be5a-aa33-476c-9c75-f661bdc2ba1f,WAIVER,EXECUTED,7,NightlyLeagueUpdateTaskProcessor,11,ADD,4569603.0,Malik Washington,0.0,7.0,2025-10-01
2025,5,cfcbf903-0615-4e0f-a606-5a0fab0551a2,47a7be5a-aa33-476c-9c75-f661bdc2ba1f,WAIVER,EXECUTED,7,NightlyLeagueUpdateTaskProcessor,11,DROP,3895856.0,Christian Kirk,7.0,0.0,2025-10-01
2025,5,81f7b119-918c-4776-9b30-8dedb608b398,f5a8f723-2d15-4538-8eb9-fcce622352d0,TRADE_DECLINE,EXECUTED,6,{FE8F6865-8A47-4C3A-8D66-0780982B48DD},0,,,,,,2025-10-01
2025,5,c7aaf3e7-2cc6-4072-9613-df5c5484b10b,,ROSTER,EXECUTED,5,{77F704CF-0C76-4984-9A71-8BD39511C19F},0,DROP,4723086.0,Colston Loveland,5.0,0.0,2025-09-30
2025,5,901917b4-237f-4715-ab40-25d705911c73,e2a73016-b81d-4818-9487-a557e38399d6,TRADE_DECLINE,EXECUTED,5,{77F704CF-0C76-4984-9A71-8BD39511C19F},0,,,,,,2025-09-30
2025,5,8d72d7aa-75ff-4552-85f8-f6113e6d8f8b,7a4cb809-d6a8-415b-b82c-2e06270dc22f,WAIVER,EXECUTED,7,NightlyLeagueUpdateTaskProcessor,7,ADD,-16005.0,Browns D/ST,0.0,7.0,2025-10-01
2025,5,8d72d7aa-75ff-4552-85f8-f6113e6d8f8b,7a4cb809-d6a8-415b-b82c-2e06270dc22f,WAIVER,EXECUTED,7,NightlyLeagueUpdateTaskProcessor,7,DROP,4429096.0,Blake Corum,7.0,0.0,2025-10-01
2025,5,4e365c25-4612-4e4d-b83c-a4418fff5aeb,,TRADE_PROPOSAL,PENDING,10,{2C8A1B87-268B-45A5-A0E5-C4A3F61C9BC2},0,TRADE,4259545.0,D'Andre Swift,10.0,4.0,2025-10-04
2025,5,4e365c25-4612-4e4d-b83c-a4418fff5aeb,,TRADE_PROPOSAL,PENDING,10,{2C8A1B87-268B-45A5-A0E5-C4A3F61C9BC2},0,TRADE,4426502.0,Drake London,10.0,4.0,2025-10-04
2025,5,4e365c25-4612-4e4d-b83c-a4418fff5aeb,,TRADE_PROPOSAL,PENDING,10,{2C8A1B87-268B-45A5-A0E5-C4A3F61C9BC2},0,TRADE,4685472.0,Tetairoa McMillan,4.0,10.0,2025-10-04
2025,5,4e365c25-4612-4e4d-b83c-a4418fff5aeb,,TRADE_PROPOSAL,PENDING,10,{2C8A1B87-268B-45A5-A0E5-C4A3F61C9BC2},0,TRADE,3929630.0,Saquon Barkley,4.0,10.0,2025-10-04
2025,5,4bf00f06-0c37-468c-96e6-8e30c5d9be0f,,TRADE_PROPOSAL,PENDING,10,{2C8A1B87-268B-45A5-A0E5-C4A3F61C9BC2},0,TRADE,4426385.0,Zach Charbonnet,10.0,5.0,2025-10-01
2025,5,4bf00f06-0c37-468c-96e6-8e30c5d9be0f,,TRADE_PROPOSAL,PENDING,10,{2C8A1B87-268B-45A5-A0E5-C4A3F61C9BC2},0,TRADE,4596448.0,Bucky Irving,5.0,10.0,2025-10-01
2025,5,4bf00f06-0c37-468c-96e6-8e30c5d9be0f,,TRADE_PROPOSAL,PENDING,10,{2C8A1B87-268B-45A5-A0E5-C4A3F61C9BC2},0,TRADE,4241389.0,CeeDee Lamb,5.0,10.0,2025-10-01
2025,5,4bf00f06-0c37-468c-96e6-8e30c5d9be0f,,TRADE_PROPOSAL,PENDING,10,{2C8A1B87-268B-45A5-A0E5-C4A3F61C9BC2},0,TRADE,4372016.0,Jaylen Waddle,5.0,10.0,2025-10-01
2025,5,4bf00f06-0c37-468c-96e6-8e30c5d9be0f,,TRADE_PROPOSAL,PENDING,10,{2C8A1B87-268B-45A5-A0E5-C4A3F61C9BC2},0,TRADE,4262921.0,Justin Jefferson,10.0,5.0,2025-10-01
2025,5,4bf00f06-0c37-468c-96e6-8e30c5d9be0f,,TRADE_PROPOSAL,PENDING,10,{2C8A1B87-268B-45A5-A0E5-C4A3F61C9BC2},0,DROP,4596602.0,Brashard Smith,10.0,0.0,2025-10-01
2025,5,8f8de3ec-d9af-443a-9ca6-e76899350953,,TRADE_PROPOSAL,PENDING,10,{2C8A1B87-268B-45A5-A0E5-C4A3F61C9BC2},0,TRADE,4429160.0,De'Von Achane,1.0,10.0,2025-09-30
2025,5,8f8de3ec-d9af-443a-9ca6-e76899350953,,TRADE_PROPOSAL,PENDING,10,{2C8A1B87-268B-45A5-A0E5-C4A3F61C9BC2},0,TRADE,3121422.0,Terry McLaurin,1.0,10.0,2025-09-30
2025,5,8f8de3ec-d9af-443a-9ca6-e76899350953,,TRADE_PROPOSAL,PENDING,10,{2C8A1B87-268B-45A5-A0E5-C4A3F61C9BC2},0,TRADE,4262921.0,Justin Jefferson,10.0,1.0,2025-09-30
2025,5,d4f3eb52-2462-4b0f-b451-1aabff6a0e0b,85664be6-7bb9-45b7-849f-5387076b32c6,TRADE_PROPOSAL,CANCELED,10,{5FCF8F43-6BFC-4593-9364-2E23B55B301D},0,TRADE,4262921.0,Justin Jefferson,10.0,12.0,2025-10-01
2025,5,d4f3eb52-2462-4b0f-b451-1aabff6a0e0b,85664be6-7bb9-45b7-849f-5387076b32c6,TRADE_PROPOSAL,CANCELED,10,{5FCF8F43-6BFC-4593-9364-2E23B55B301D},0,TRADE,4426502.0,Drake London,10.0,12.0,2025-10-01
2025,5,d4f3eb52-2462-4b0f-b451-1aabff6a0e0b,85664be6-7bb9-45b7-849f-5387076b32c6,TRADE_PROPOSAL,CANCELED,10,{5FCF8F43-6BFC-4593-9364-2E23B55B301D},0,TRADE,4429025.0,Quentin Johnston,12.0,10.0,2025-10-01
2025,5,d4f3eb52-2462-4b0f-b451-1aabff6a0e0b,85664be6-7bb9-45b7-849f-5387076b32c6,TRADE_PROPOSAL,CANCELED,10,{5FCF8F43-6BFC-4593-9364-2E23B55B301D},0,TRADE,4685382.0,Omarion Hampton,12.0,10.0,2025-10-01
2025,5,d4f3eb52-2462-4b0f-b451-1aabff6a0e0b,85664be6-7bb9-45b7-849f-5387076b32c6,TRADE_PROPOSAL,CANCELED,10,{5FCF8F43-6BFC-4593-9364-2E23B55B301D},0,TRADE,3126486.0,Deebo Samuel,12.0,10.0,2025-10-01
2025,5,390f6d25-9b3f-4098-8d49-ab4ce0a78861,a5ae9006-a0b0-4f08-8a49-f62f772352f0,TRADE_DECLINE,EXECUTED,7,{430447A7-381F-4E40-AD53-6A9C1F157A25},0,,,,,,2025-10-04
2025,5,6fba51b3-d9f2-4925-892a-4b140c5d8aed,8f8de3ec-d9af-443a-9ca6-e76899350953,TRADE_PROPOSAL,CANCELED,10,{2C8A1B87-268B-45A5-A0E5-C4A3F61C9BC2},0,TRADE,4429160.0,De'Von Achane,1.0,10.0,2025-09-30
2025,5,6fba51b3-d9f2-4925-892a-4b140c5d8aed,8f8de3ec-d9af-443a-9ca6-e76899350953,TRADE_PROPOSAL,CANCELED,10,{2C8A1B87-268B-45A5-A0E5-C4A3F61C9BC2},0,TRADE,3121422.0,Terry McLaurin,1.0,10.0,2025-09-30
2025,5,6fba51b3-d9f2-4925-892a-4b140c5d8aed,8f8de3ec-d9af-443a-9ca6-e76899350953,TRADE_PROPOSAL,CANCELED,10,{2C8A1B87-268B-45A5-A0E5-C4A3F61C9BC2},0,TRADE,4262921.0,Justin Jefferson,10.0,1.0,2025-09-30
2025,5,54ec26b6-8f16-4fa6-877f-da8b5a147241,4ed64712-4b87-44e6-860d-ee7e59526cb3,WAIVER,EXECUTED,6,NightlyLeagueUpdateTaskProcessor,1,ADD,3116385.0,Joe Mixon,0.0,6.0,2025-10-01
2025,5,54ec26b6-8f16-4fa6-877f-da8b5a147241,4ed64712-4b87-44e6-860d-ee7e59526cb3,WAIVER,EXECUTED,6,NightlyLeagueUpdateTaskProcessor,1,DROP,4432577.0,C.J. Stroud,6.0,0.0,2025-10-01
2025,5,b2242cc0-a586-44f8-9206-70f946405607,,FREEAGENT,EXECUTED,8,{00408013-39CF-40FC-8080-1339CFD0FC06},0,ADD,4360078.0,Alec Pierce,0.0,8.0,2025-10-03
2025,5,b2242cc0-a586-44f8-9206-70f946405607,,FREEAGENT,EXECUTED,8,{00408013-39CF-40FC-8080-1339CFD0FC06},0,DROP,4688813.0,Josh Downs,8.0,0.0,2025-10-03
2025,5,4b470daa-f904-477d-a5a7-05649c9e5190,6b6ce9bc-4933-4645-825a-77fbc9314849,WAIVER,FAILED_INVALIDPLAYERSOURCE,8,NightlyLeagueUpdateTaskProcessor,8,ADD,3916945.0,Darius Slayton,0.0,8.0,2025-10-01
2025,5,624cf6aa-e100-4aeb-b683-f8b0600b2742,ea73733a-b101-499b-8f7a-a881aaa915be,TRADE_DECLINE,EXECUTED,14,{C2BAB8A3-9ED5-425C-BAB8-A39ED5B25CC2},0,,,,,,2025-10-01
2025,5,62aba535-5e89-4734-88b5-0f88aec4eac3,a85863e4-1122-471c-a3b6-25041f4756db,WAIVER,FAILED_INVALIDPLAYERSOURCE,4,NightlyLeagueUpdateTaskProcessor,10,ADD,4569603.0,Malik Washington,0.0,4.0,2025-10-01
2025,5,62aba535-5e89-4734-88b5-0f88aec4eac3,a85863e4-1122-471c-a3b6-25041f4756db,WAIVER,FAILED_INVALIDPLAYERSOURCE,4,NightlyLeagueUpdateTaskProcessor,10,DROP,3135321.0,Hunter Renfrow,4.0,0.0,2025-10-01
2025,5,7b75752d-95d3-4578-a404-68a8af7c644a,e79a1aea-383a-4fab-904f-2b2f6697d1df,WAIVER,CANCELED,8,{00408013-39CF-40FC-8080-1339CFD0FC06},0,ADD,4635008.0,Keon Coleman,0.0,8.0,2025-10-01
2025,5,9019f06e-5fe5-48fa-b103-007cb4b6d2a2,7f9569da-c519-466b-997e-4a3052988b01,WAIVER,EXECUTED,13,NightlyLeagueUpdateTaskProcessor,5,ADD,3059915.0,Kareem Hunt,0.0,13.0,2025-10-03
2025,5,9019f06e-5fe5-48fa-b103-007cb4b6d2a2,7f9569da-c519-466b-997e-4a3052988b01,WAIVER,EXECUTED,13,NightlyLeagueUpdateTaskProcessor,5,DROP,4040761.0,Devin Singletary,13.0,0.0,2025-10-03
2025,5,41a425d7-1b56-4e22-a7b2-b93ec54d254d,,TRADE_PROPOSAL,PENDING,10,{2C8A1B87-268B-45A5-A0E5-C4A3F61C9BC2},0,TRADE,4262921.0,Justin Jefferson,10.0,12.0,2025-09-30
2025,5,41a425d7-1b56-4e22-a7b2-b93ec54d254d,,TRADE_PROPOSAL,PENDING,10,{2C8A1B87-268B-45A5-A0E5-C4A3F61C9BC2},0,TRADE,3040151.0,George Kittle,12.0,10.0,2025-09-30
2025,5,41a425d7-1b56-4e22-a7b2-b93ec54d254d,,TRADE_PROPOSAL,PENDING,10,{2C8A1B87-268B-45A5-A0E5-C4A3F61C9BC2},0,TRADE,3126486.0,Deebo Samuel,12.0,10.0,2025-09-30
2025,5,41a425d7-1b56-4e22-a7b2-b93ec54d254d,,TRADE_PROPOSAL,PENDING,10,{2C8A1B87-268B-45A5-A0E5-C4A3F61C9BC2},0,TRADE,4685702.0,Quinshon Judkins,12.0,10.0,2025-09-30
2025,5,41a425d7-1b56-4e22-a7b2-b93ec54d254d,,TRADE_PROPOSAL,PENDING,10,{2C8A1B87-268B-45A5-A0E5-C4A3F61C9BC2},0,DROP,4608686.0,Kyle Monangai,10.0,0.0,2025-09-30
2025,5,7e695f39-136d-4274-8b0f-5fa91b2c3ab8,95f12f30-d8a3-4ddc-b31c-ea5bfbc87765,WAIVER,CANCELED,8,{00408013-39CF-40FC-8080-1339CFD0FC06},0,ADD,3895856.0,Christian Kirk,0.0,8.0,2025-10-01
2025,5,1ae7cf6a-a96f-4815-af6f-07d5b59692b2,,TRADE_PROPOSAL,PENDING,4,{8242D4C8-FCD1-4A28-9373-CD282687A8E7},0,TRADE,3116165.0,Chris Godwin Jr.,4.0,10.0,2025-09-30
2025,5,1ae7cf6a-a96f-4815-af6f-07d5b59692b2,,TRADE_PROPOSAL,PENDING,4,{8242D4C8-FCD1-4A28-9373-CD282687A8E7},0,TRADE,2977187.0,Cooper Kupp,4.0,10.0,2025-09-30
2025,5,1ae7cf6a-a96f-4815-af6f-07d5b59692b2,,TRADE_PROPOSAL,PENDING,4,{8242D4C8-FCD1-4A28-9373-CD282687A8E7},0,TRADE,4385690.0,Dalton Kincaid,4.0,10.0,2025-09-30
2025,5,1ae7cf6a-a96f-4815-af6f-07d5b59692b2,,TRADE_PROPOSAL,PENDING,4,{8242D4C8-FCD1-4A28-9373-CD282687A8E7},0,TRADE,3929645.0,Juwan Johnson,10.0,4.0,2025-09-30
2025,5,1ae7cf6a-a96f-4815-af6f-07d5b59692b2,,TRADE_PROPOSAL,PENDING,4,{8242D4C8-FCD1-4A28-9373-CD282687A8E7},0,TRADE,4426502.0,Drake London,10.0,4.0,2025-09-30
2025,5,b85b649f-8248-452c-bc59-24feb49f49f9,,TRADE_PROPOSAL,PENDING,10,{2C8A1B87-268B-45A5-A0E5-C4A3F61C9BC2},0,TRADE,3128429.0,Courtland Sutton,2.0,10.0,2025-09-30
2025,5,b85b649f-8248-452c-bc59-24feb49f49f9,,TRADE_PROPOSAL,PENDING,10,{2C8A1B87-268B-45A5-A0E5-C4A3F61C9BC2},0,TRADE,4259545.0,D'Andre Swift,10.0,2.0,2025-09-30
2025,5,76a954a2-967d-43e2-9875-ee09767008fe,,FREEAGENT,EXECUTED,3,{C52D799E-6C1C-44B9-8371-9B6AF857D8E8},0,ADD,3895856.0,Christian Kirk,0.0,3.0,2025-10-02
2025,5,76a954a2-967d-43e2-9875-ee09767008fe,,FREEAGENT,EXECUTED,3,{C52D799E-6C1C-44B9-8371-9B6AF857D8E8},0,DROP,4040655.0,Darnell Mooney,3.0,0.0,2025-10-02
2025,5,dd713442-b51a-4f0f-8cb4-2ab123ab88ea,c521c850-3f84-4c7a-a84a-db40723c0469,WAIVER,EXECUTED,5,NightlyLeagueUpdateTaskProcessor,5,ADD,-16022.0,Cardinals D/ST,0.0,5.0,2025-10-01
2025,5,481dd385-9ae3-4197-9906-26d9db44c205,4e365c25-4612-4e4d-b83c-a4418fff5aeb,TRADE_DECLINE,EXECUTED,4,{8242D4C8-FCD1-4A28-9373-CD282687A8E7},0,,,,,,2025-10-04
2025,6,6701e481-d17a-4601-958c-78bd72791224,,ROSTER,EXECUTED,10,{2C8A1B87-268B-45A5-A0E5-C4A3F61C9BC2},0,DROP,4249417.0,Jalen Tolbert,10.0,0.0,2025-10-07
2025,6,d0ecc611-bd86-4806-849b-430806791e0c,ba46399b-0462-4bb2-9736-57defa614978,TRADE_DECLINE,EXECUTED,3,{C52D799E-6C1C-44B9-8371-9B6AF857D8E8},0,,,,,,2025-10-08
2025,6,fa9c9027-4b79-4faa-b457-411946892950,fb8106e4-4348-4aef-858f-c79468ea3d07,WAIVER,CANCELED,10,{2C8A1B87-268B-45A5-A0E5-C4A3F61C9BC2},0,ADD,4372071.0,Hassan Haskins,0.0,10.0,2025-10-08
2025,6,fa9c9027-4b79-4faa-b457-411946892950,fb8106e4-4348-4aef-858f-c79468ea3d07,WAIVER,CANCELED,10,{2C8A1B87-268B-45A5-A0E5-C4A3F61C9BC2},0,DROP,4688813.0,Josh Downs,10.0,0.0,2025-10-08
2025,6,05547480-7842-419e-b4dd-4b3d4f5b933d,,FREEAGENT,EXECUTED,7,{430447A7-381F-4E40-AD53-6A9C1F157A25},0,ADD,3051876.0,Evan Engram,0.0,7.0,2025-10-09
2025,6,05547480-7842-419e-b4dd-4b3d4f5b933d,,FREEAGENT,EXECUTED,7,{430447A7-381F-4E40-AD53-6A9C1F157A25},0,DROP,3916945.0,Darius Slayton,7.0,0.0,2025-10-09
2025,6,67178a5a-85a2-451d-bb23-c2df0b1aeb8b,d38c3e14-0f92-41ec-92e1-fd2ff387c454,WAIVER,FAILED_INVALIDPLAYERSOURCE,8,NightlyLeagueUpdateTaskProcessor,16,ADD,4430968.0,Kimani Vidal,0.0,8.0,2025-10-08
2025,6,67178a5a-85a2-451d-bb23-c2df0b1aeb8b,d38c3e14-0f92-41ec-92e1-fd2ff387c454,WAIVER,FAILED_INVALIDPLAYERSOURCE,8,NightlyLeagueUpdateTaskProcessor,16,DROP,4430871.0,Sean Tucker,8.0,0.0,2025-10-08
2025,6,f839947b-1b1d-4446-acd3-dad8755e0ddd,,WAIVER,PENDING,10,{2C8A1B87-268B-45A5-A0E5-C4A3F61C9BC2},6,ADD,4362921.0,Tyquan Thornton,0.0,10.0,2025-10-08
2025,6,f839947b-1b1d-4446-acd3-dad8755e0ddd,,WAIVER,PENDING,10,{2C8A1B87-268B-45A5-A0E5-C4A3F61C9BC2},6,DROP,3929645.0,Juwan Johnson,10.0,0.0,2025-10-08
2025,6,7c706efb-9d40-4008-9c8e-e0fdd0f67ad6,faaa9400-ca67-48a1-8801-2c8d13d4c1d9,WAIVER,CANCELED,8,{00408013-39CF-40FC-8080-1339CFD0FC06},0,ADD,4599739.0,Kendre Miller,0.0,8.0,2025-10-07
2025,6,7c706efb-9d40-4008-9c8e-e0fdd0f67ad6,faaa9400-ca67-48a1-8801-2c8d13d4c1d9,WAIVER,CANCELED,8,{00408013-39CF-40FC-8080-1339CFD0FC06},0,DROP,4428557.0,Tyjae Spears,8.0,0.0,2025-10-07
2025,6,91781191-00ef-4ba9-b400-0dad6ff98b7a,b44cd062-99c9-4b83-9cf1-467d0daf4f8a,TRADE_DECLINE,EXECUTED,13,{523D9B8F-8A3C-4523-BD9B-8F8A3C852321},0,,,,,,2025-10-08
2025,6,ff9fafab-fbf0-4380-a926-63e96db7e9bf,66bf148d-bfdb-4495-b043-f7bc5adaaf9f,WAIVER,FAILED_INVALIDPLAYERSOURCE,8,NightlyLeagueUpdateTaskProcessor,4,ADD,4362921.0,Tyquan Thornton,0.0,8.0,2025-10-08
2025,6,ff9fafab-fbf0-4380-a926-63e96db7e9bf,66bf148d-bfdb-4495-b043-f7bc5adaaf9f,WAIVER,FAILED_INVALIDPLAYERSOURCE,8,NightlyLeagueUpdateTaskProcessor,4,DROP,4430871.0,Sean Tucker,8.0,0.0,2025-10-08
2025,6,1b753fca-d951-4242-b63b-6ef21e656578,,FREEAGENT,EXECUTED,14,{C2BAB8A3-9ED5-425C-BAB8-A39ED5B25CC2},0,ADD,3929645.0,Juwan Johnson,0.0,14.0,2025-10-09
2025,6,09ed48bc-1cf0-48e2-af8e-64b6a18e1a70,d6c755d4-97ac-43c9-a0d7-11da61630875,TRADE_DECLINE,EXECUTED,8,{00408013-39CF-40FC-8080-1339CFD0FC06},0,,,,,,2025-10-08
2025,6,b9e6ad51-aa6b-4d32-8688-0d0ce1ac6029,,FREEAGENT,EXECUTED,8,{00408013-39CF-40FC-8080-1339CFD0FC06},0,ADD,4248528.0,Christian Watson,0.0,8.0,2025-10-09
2025,6,b9e6ad51-aa6b-4d32-8688-0d0ce1ac6029,,FREEAGENT,EXECUTED,8,{00408013-39CF-40FC-8080-1339CFD0FC06},0,DROP,3917315.0,Kyler Murray,8.0,0.0,2025-10-09
2025,6,f4fb28d0-bc65-4771-ae8b-47c79f3b33a0,ddec852f-d243-43ea-b31f-2b64f94709c5,WAIVER,FAILED_INVALIDPLAYERSOURCE,12,NightlyLeagueUpdateTaskProcessor,3,ADD,4430968.0,Kimani Vidal,0.0,12.0,2025-10-08
2025,6,f4fb28d0-bc65-4771-ae8b-47c79f3b33a0,ddec852f-d243-43ea-b31f-2b64f94709c5,WAIVER,FAILED_INVALIDPLAYERSOURCE,12,NightlyLeagueUpdateTaskProcessor,3,DROP,4689114.0,Jaxson Dart,12.0,0.0,2025-10-08
2025,6,b9c7f754-7124-4651-a345-b5d46d9c947a,427d8721-3e35-4aeb-ba55-e62f12ab4a10,WAIVER,EXECUTED,1,NightlyLeagueUpdateTaskProcessor,20,ADD,4430968.0,Kimani Vidal,0.0,1.0,2025-10-08
2025,6,b9c7f754-7124-4651-a345-b5d46d9c947a,427d8721-3e35-4aeb-ba55-e62f12ab4a10,WAIVER,EXECUTED,1,NightlyLeagueUpdateTaskProcessor,20,DROP,15835.0,Zach Ertz,1.0,0.0,2025-10-08
2025,6,87bb39ad-8720-4cf3-828b-ba00145c91a6,,FREEAGENT,EXECUTED,14,{C2BAB8A3-9ED5-425C-BAB8-A39ED5B25CC2},0,ADD,5083754.0,Ryan Flournoy,0.0,14.0,2025-10-11
2025,6,0f89e4ca-ede9-4f8c-9750-850680d5ef12,d45e2a42-fcc5-49ba-a3bb-7b63d6b2021f,WAIVER,EXECUTED,8,NightlyLeagueUpdateTaskProcessor,24,ADD,4599739.0,Kendre Miller,0.0,8.0,2025-10-08
2025,6,0f89e4ca-ede9-4f8c-9750-850680d5ef12,d45e2a42-fcc5-49ba-a3bb-7b63d6b2021f,WAIVER,EXECUTED,8,NightlyLeagueUpdateTaskProcessor,24,DROP,4430871.0,Sean Tucker,8.0,0.0,2025-10-08
2025,6,68bea28d-9fd5-4d68-895a-831403d191be,04ee2b46-ea8d-4873-9dac-085002a4a023,TRADE_PROPOSAL,CANCELED,3,{C52D799E-6C1C-44B9-8371-9B6AF857D8E8},0,TRADE,4362238.0,Chase Brown,3.0,2.0,2025-10-08
2025,6,68bea28d-9fd5-4d68-895a-831403d191be,04ee2b46-ea8d-4873-9dac-085002a4a023,TRADE_PROPOSAL,CANCELED,3,{C52D799E-6C1C-44B9-8371-9B6AF857D8E8},0,TRADE,12483.0,Matthew Stafford,3.0,2.0,2025-10-08
2025,6,68bea28d-9fd5-4d68-895a-831403d191be,04ee2b46-ea8d-4873-9dac-085002a4a023,TRADE_PROPOSAL,CANCELED,3,{C52D799E-6C1C-44B9-8371-9B6AF857D8E8},0,TRADE,3128429.0,Courtland Sutton,2.0,3.0,2025-10-08
2025,6,42111d52-9e77-4e21-9f24-d5c073026a41,,FREEAGENT,EXECUTED,10,{2C8A1B87-268B-45A5-A0E5-C4A3F61C9BC2},0,ADD,4597703.0,Tory Horton,0.0,10.0,2025-10-12
2025,6,f9b6d99b-4de2-46a3-9ba5-5d1a734c4a02,,FREEAGENT,EXECUTED,5,{77F704CF-0C76-4984-9A71-8BD39511C19F},0,ADD,5083754.0,Ryan Flournoy,0.0,5.0,2025-10-10
2025,6,f9b6d99b-4de2-46a3-9ba5-5d1a734c4a02,,FREEAGENT,EXECUTED,5,{77F704CF-0C76-4984-9A71-8BD39511C19F},0,DROP,5083076.0,Harold Fannin Jr.,5.0,0.0,2025-10-10
2025,6,03b1270c-e48c-4be5-90d8-d8c80e53840b,47938212-cd4a-4821-9540-28ad2eec228f,TRADE_DECLINE,EXECUTED,13,{523D9B8F-8A3C-4523-BD9B-8F8A3C852321},0,,,,,,2025-10-09
2025,6,ac202caf-5776-4fe3-8310-d3a84de4d5f8,13d837e3-9920-4bbf-ad5e-3dce68952cfb,WAIVER,FAILED_INVALIDPLAYERSOURCE,3,NightlyLeagueUpdateTaskProcessor,11,ADD,4599739.0,Kendre Miller,0.0,3.0,2025-10-08
2025,6,78179c8f-922f-4a4e-885a-a2db274d19bc,,FREEAGENT,EXECUTED,7,{430447A7-381F-4E40-AD53-6A9C1F157A25},0,ADD,4695404.0,Isaiah Davis,0.0,7.0,2025-10-11
2025,6,78179c8f-922f-4a4e-885a-a2db274d19bc,,FREEAGENT,EXECUTED,7,{430447A7-381F-4E40-AD53-6A9C1F157A25},0,DROP,3051876.0,Evan Engram,7.0,0.0,2025-10-11
2025,6,b25759a6-da47-442b-82bd-b4c884fa75ab,2484b3a0-2a84-402b-8a1b-938870de672f,WAIVER,EXECUTED,12,NightlyLeagueUpdateTaskProcessor,1,ADD,4429096.0,Blake Corum,0.0,12.0,2025-10-08
2025,6,b25759a6-da47-442b-82bd-b4c884fa75ab,2484b3a0-2a84-402b-8a1b-938870de672f,WAIVER,EXECUTED,12,NightlyLeagueUpdateTaskProcessor,1,DROP,4689114.0,Jaxson Dart,12.0,0.0,2025-10-08
2025,6,b883a738-eedb-48ad-86a4-b958d13ee64f,,FREEAGENT,EXECUTED,5,{77F704CF-0C76-4984-9A71-8BD39511C19F},0,ADD,5083076.0,Harold Fannin Jr.,0.0,5.0,2025-10-08
2025,6,8cf7ac7c-aed9-4aa8-843a-d4a681d133fb,,ROSTER,EXECUTED,3,{C52D799E-6C1C-44B9-8371-9B6AF857D8E8},0,DROP,-16002.0,Bills D/ST,3.0,0.0,2025-10-07
2025,6,0ef6730b-cf4b-4fc7-b3fb-c255f621e67d,dc4709f3-348e-41ef-8add-3c541c8cd6da,WAIVER,FAILED_INVALIDPLAYERSOURCE,12,NightlyLeagueUpdateTaskProcessor,8,ADD,-16017.0,Patriots D/ST,0.0,12.0,2025-10-08
2025,6,0ef6730b-cf4b-4fc7-b3fb-c255f621e67d,dc4709f3-348e-41ef-8add-3c541c8cd6da,WAIVER,FAILED_INVALIDPLAYERSOURCE,12,NightlyLeagueUpdateTaskProcessor,8,DROP,-16016.0,Vikings D/ST,12.0,0.0,2025-10-08
2025,6,5dedc342-c390-40f4-84d8-a32cccfd5c68,,ROSTER,EXECUTED,4,{8242D4C8-FCD1-4A28-9373-CD282687A8E7},0,DROP,4428850.0,Dontayvion Wicks,4.0,0.0,2025-10-10
2025,6,5e6c0e5a-f702-42e9-bdc4-5965f2d5941c,a9c074c1-8fa4-4830-b6d0-1f41c1c558db,WAIVER,EXECUTED,3,NightlyLeagueUpdateTaskProcessor,25,ADD,12483.0,Matthew Stafford,0.0,3.0,2025-10-08
2025,6,61a805d1-d7f9-4684-b5a9-bebd682af3cc,,FREEAGENT,EXECUTED,10,{2C8A1B87-268B-45A5-A0E5-C4A3F61C9BC2},0,ADD,4427728.0,Bam Knight,0.0,10.0,2025-10-12
2025,6,61a805d1-d7f9-4684-b5a9-bebd682af3cc,,FREEAGENT,EXECUTED,10,{2C8A1B87-268B-45A5-A0E5-C4A3F61C9BC2},0,DROP,-16010.0,Titans D/ST,10.0,0.0,2025-10-12
2025,6,913f2ea9-17bb-46ce-9ed0-ac25af1043d4,0beb3327-c35d-4d59-b2c2-c419600b892a,WAIVER,FAILED_INVALIDPLAYERSOURCE,1,NightlyLeagueUpdateTaskProcessor,3,ADD,-16017.0,Patriots D/ST,0.0,1.0,2025-10-08
2025,6,913f2ea9-17bb-46ce-9ed0-ac25af1043d4,0beb3327-c35d-4d59-b2c2-c419600b892a,WAIVER,FAILED_INVALIDPLAYERSOURCE,1,NightlyLeagueUpdateTaskProcessor,3,DROP,-16024.0,Chargers D/ST,1.0,0.0,2025-10-08
2025,6,c093261b-0e8e-4724-a625-0e8c7877f716,,FREEAGENT,EXECUTED,10,{2C8A1B87-268B-45A5-A0E5-C4A3F61C9BC2},0,ADD,-16025.0,49ers D/ST,0.0,10.0,2025-10-10
2025,6,c093261b-0e8e-4724-a625-0e8c7877f716,,FREEAGENT,EXECUTED,10,{2C8A1B87-268B-45A5-A0E5-C4A3F61C9BC2},0,DROP,-16030.0,Jaguars D/ST,10.0,0.0,2025-10-10
2025,6,a60d9278-a92a-4c99-af33-75c42921a6cb,901cd44b-1c65-4d81-8e8a-ea2a8f48854d,WAIVER,FAILED_INVALIDPLAYERSOURCE,7,NightlyLeagueUpdateTaskProcessor,8,ADD,4430968.0,Kimani Vidal,0.0,7.0,2025-10-08
2025,6,d9282e5a-86e4-499b-a2b9-e8c77c7bd7e4,,FREEAGENT,EXECUTED,10,{2C8A1B87-268B-45A5-A0E5-C4A3F61C9BC2},0,ADD,4695883.0,Jalen Coker,0.0,10.0,2025-10-12
2025,6,d9282e5a-86e4-499b-a2b9-e8c77c7bd7e4,,FREEAGENT,EXECUTED,10,{2C8A1B87-268B-45A5-A0E5-C4A3F61C9BC2},0,DROP,4688813.0,Josh Downs,10.0,0.0,2025-10-12
2025,6,2abd4407-2618-450a-9aaf-cf5d9c83470e,309d672a-d9c9-47a7-824d-6c2820300d7e,WAIVER,FAILED_INVALIDPLAYERSOURCE,5,NightlyLeagueUpdateTaskProcessor,5,ADD,4372071.0,Hassan Haskins,0.0,5.0,2025-10-08
2025,6,b56ba7d7-b538-4685-ac17-6f529fc6ca67,492c53f9-1505-4fa6-b5e3-3f90496bf6c4,WAIVER,FAILED_ROSTERLIMIT,3,NightlyLeagueUpdateTaskProcessor,1,ADD,4040655.0,Darnell Mooney,0.0,3.0,2025-10-08
2025,6,3539d6eb-8850-4c07-85a6-916a96f57061,,FREEAGENT,EXECUTED,4,{8242D4C8-FCD1-4A28-9373-CD282687A8E7},0,ADD,4428850.0,Dontayvion Wicks,0.0,4.0,2025-10-10
2025,6,bae33ca0-0364-4e51-a6d6-ff439ab1d1ac,,ROSTER,EXECUTED,14,{C2BAB8A3-9ED5-425C-BAB8-A39ED5B25CC2},0,DROP,4430539.0,Brenton Strange,14.0,0.0,2025-10-07
2025,6,d3a647d3-9b00-42ff-96b2-d0ef573ca524,6f4f2836-cd80-4086-b0b4-02373d550dd1,WAIVER,FAILED_INVALIDPLAYERSOURCE,10,NightlyLeagueUpdateTaskProcessor,11,ADD,4599739.0,Kendre Miller,0.0,10.0,2025-10-08
2025,6,a298bcd1-aff4-4983-b875-3dc857fcea84,,FREEAGENT,EXECUTED,8,{00408013-39CF-40FC-8080-1339CFD0FC06},0,ADD,-16026.0,Seahawks D/ST,0.0,8.0,2025-10-10
2025,6,a298bcd1-aff4-4983-b875-3dc857fcea84,,FREEAGENT,EXECUTED,8,{00408013-39CF-40FC-8080-1339CFD0FC06},0,DROP,-16008.0,Lions D/ST,8.0,0.0,2025-10-10
2025,6,0c12753f-14b1-4a0b-8fb2-6d5fa980741a,,FREEAGENT,EXECUTED,7,{430447A7-381F-4E40-AD53-6A9C1F157A25},0,ADD,4241474.0,Brian Robinson Jr.,0.0,7.0,2025-10-12
2025,6,0c12753f-14b1-4a0b-8fb2-6d5fa980741a,,FREEAGENT,EXECUTED,7,{430447A7-381F-4E40-AD53-6A9C1F157A25},0,DROP,4040655.0,Darnell Mooney,7.0,0.0,2025-10-12
2025,6,6e8b6e67-af8b-479a-b776-f60910086f65,,FREEAGENT,EXECUTED,12,{5FCF8F43-6BFC-4593-9364-2E23B55B301D},0,ADD,4426948.0,Luke McCaffrey,0.0,12.0,2025-10-12
2025,6,6e8b6e67-af8b-479a-b776-f60910086f65,,FREEAGENT,EXECUTED,12,{5FCF8F43-6BFC-4593-9364-2E23B55B301D},0,DROP,4362478.0,Emari Demercado,12.0,0.0,2025-10-12
2025,6,e8acc525-e578-4345-9a42-a9924e1bb58d,f85fff1c-5351-4c9a-ac42-ff8cb48606c8,TRADE_DECLINE,EXECUTED,5,{77F704CF-0C76-4984-9A71-8BD39511C19F},0,,,,,,2025-10-08
2025,6,e4dbf130-5f4a-49a1-87a2-eac7e8bd0429,33a99e6b-1f4d-4e39-9c36-bf614f15df75,TRADE_DECLINE,EXECUTED,1,{C1E09685-96D1-4750-BA21-8BE16D3BF7CA},0,,,,,,2025-10-10
2025,6,33a99e6b-1f4d-4e39-9c36-bf614f15df75,,TRADE_PROPOSAL,PENDING,10,{2C8A1B87-268B-45A5-A0E5-C4A3F61C9BC2},0,TRADE,4426385.0,Zach Charbonnet,10.0,1.0,2025-10-09
2025,6,33a99e6b-1f4d-4e39-9c36-bf614f15df75,,TRADE_PROPOSAL,PENDING,10,{2C8A1B87-268B-45A5-A0E5-C4A3F61C9BC2},0,TRADE,4242355.0,Jake Ferguson,10.0,1.0,2025-10-09
2025,6,33a99e6b-1f4d-4e39-9c36-bf614f15df75,,TRADE_PROPOSAL,PENDING,10,{2C8A1B87-268B-45A5-A0E5-C4A3F61C9BC2},0,TRADE,4575131.0,Jacory Croskey-Merritt,1.0,10.0,2025-10-09
2025,6,33a99e6b-1f4d-4e39-9c36-bf614f15df75,,TRADE_PROPOSAL,PENDING,10,{2C8A1B87-268B-45A5-A0E5-C4A3F61C9BC2},0,TRADE,4432773.0,Brian Thomas Jr.,1.0,10.0,2025-10-09
2025,6,478cf195-541e-4d6d-a050-e7774bda8f60,5703600b-f45d-42c4-9003-6eca493826ec,WAIVER,FAILED_INVALIDPLAYERSOURCE,7,NightlyLeagueUpdateTaskProcessor,6,ADD,4599739.0,Kendre Miller,0.0,7.0,2025-10-08
2025,6,2e585e1f-526d-4cfc-8a39-2487c3addf0e,2ff12aa2-7f67-439d-ac59-d668fd455f15,WAIVER,CANCELED,8,{00408013-39CF-40FC-8080-1339CFD0FC06},0,ADD,12483.0,Matthew Stafford,0.0,8.0,2025-10-08
2025,6,2e585e1f-526d-4cfc-8a39-2487c3addf0e,2ff12aa2-7f67-439d-ac59-d668fd455f15,WAIVER,CANCELED,8,{00408013-39CF-40FC-8080-1339CFD0FC06},0,DROP,3917315.0,Kyler Murray,8.0,0.0,2025-10-08
2025,6,dbb2b7fd-7c95-444d-af95-4f530a29498c,dc57e76d-a812-4d55-b324-9ae7005cb293,WAIVER,EXECUTED,1,NightlyLeagueUpdateTaskProcessor,20,ADD,4372071.0,Hassan Haskins,0.0,1.0,2025-10-08
2025,6,dbb2b7fd-7c95-444d-af95-4f530a29498c,dc57e76d-a812-4d55-b324-9ae7005cb293,WAIVER,EXECUTED,1,NightlyLeagueUpdateTaskProcessor,20,DROP,3043116.0,Demarcus Robinson,1.0,0.0,2025-10-08
2025,6,493ffcec-3480-4867-baa8-e2bbda708149,,FREEAGENT,EXECUTED,10,{2C8A1B87-268B-45A5-A0E5-C4A3F61C9BC2},0,ADD,-16030.0,Jaguars D/ST,0.0,10.0,2025-10-12
2025,6,493ffcec-3480-4867-baa8-e2bbda708149,,FREEAGENT,EXECUTED,10,{2C8A1B87-268B-45A5-A0E5-C4A3F61C9BC2},0,DROP,3045523.0,Kendrick Bourne,10.0,0.0,2025-10-12
2025,6,a727490c-fe7c-485d-b963-f45e0b050d30,f839947b-1b1d-4446-acd3-dad8755e0ddd,WAIVER,EXECUTED,10,NightlyLeagueUpdateTaskProcessor,5,ADD,4362921.0,Tyquan Thornton,0.0,10.0,2025-10-08
2025,6,a727490c-fe7c-485d-b963-f45e0b050d30,f839947b-1b1d-4446-acd3-dad8755e0ddd,WAIVER,EXECUTED,10,NightlyLeagueUpdateTaskProcessor,5,DROP,3929645.0,Juwan Johnson,10.0,0.0,2025-10-08
2025,6,c489778e-5c1f-4f44-b737-bfd65a2b0b90,9d1ab58d-3d3f-4e42-bed8-3c6b94bda9a7,TRADE_DECLINE,EXECUTED,1,{C1E09685-96D1-4750-BA21-8BE16D3BF7CA},0,,,,,,2025-10-08
2025,6,3b3a50b6-a9b4-4631-a8b4-9e7c11085bb2,d9927d03-c00b-4886-aee6-84c46c4f6059,WAIVER,CANCELED,8,{00408013-39CF-40FC-8080-1339CFD0FC06},0,ADD,4372071.0,Hassan Haskins,0.0,8.0,2025-10-07
2025,6,3b3a50b6-a9b4-4631-a8b4-9e7c11085bb2,d9927d03-c00b-4886-aee6-84c46c4f6059,WAIVER,CANCELED,8,{00408013-39CF-40FC-8080-1339CFD0FC06},0,DROP,4430871.0,Sean Tucker,8.0,0.0,2025-10-07
2025,6,632f7587-4360-4881-a5ef-5296e084b5a4,61f7198c-d861-49f1-982c-f7f1dcf1d96d,TRADE_DECLINE,EXECUTED,3,{C52D799E-6C1C-44B9-8371-9B6AF857D8E8},0,,,,,,2025-10-09
2025,6,a8fa95f9-9b27-43d7-89b6-9bc8e4b59838,7641d074-e0ab-4799-b96d-77580d9a3dd8,WAIVER,FAILED_INVALIDPLAYERSOURCE,14,NightlyLeagueUpdateTaskProcessor,19,ADD,4372071.0,Hassan Haskins,0.0,14.0,2025-10-08
2025,6,024241d9-dee4-4c3c-afab-d5a5225b1523,,ROSTER,EXECUTED,7,{430447A7-381F-4E40-AD53-6A9C1F157A25},17,DROP,-16005.0,Browns D/ST,7.0,0.0,2025-10-07
2025,6,a5f7b8b5-acdd-4231-8e7c-663868a82b47,,FREEAGENT,EXECUTED,2,{6AC115FA-3A0D-4948-8115-FA3A0DD94826},0,ADD,4887558.0,Emanuel Wilson,0.0,2.0,2025-10-08
2025,6,a5f7b8b5-acdd-4231-8e7c-663868a82b47,,FREEAGENT,EXECUTED,2,{6AC115FA-3A0D-4948-8115-FA3A0DD94826},0,DROP,4428850.0,Dontayvion Wicks,2.0,0.0,2025-10-08
2025,6,7dcc87dc-93e4-45fc-a8bf-3765e9cd1112,595f383f-a55c-4238-a6d6-5d705a9ecec2,TRADE_DECLINE,EXECUTED,6,{FE8F6865-8A47-4C3A-8D66-0780982B48DD},0,,,,,,2025-10-08
2025,6,06af8d43-67e8-4830-964b-7eaeebf89233,5aae6932-40e8-44bb-bb74-d70fc1472cab,TRADE_DECLINE,EXECUTED,8,{00408013-39CF-40FC-8080-1339CFD0FC06},0,,,,,,2025-10-08
2025,6,bd12cf0d-3631-41e9-ba80-a392cd8fb949,f4c9b60b-e562-4bf0-b195-79e51371bc23,WAIVER,FAILED_INVALIDPLAYERSOURCE,13,NightlyLeagueUpdateTaskProcessor,3,ADD,12483.0,Matthew Stafford,0.0,13.0,2025-10-08
2025,6,bd12cf0d-3631-41e9-ba80-a392cd8fb949,f4c9b60b-e562-4bf0-b195-79e51371bc23,WAIVER,FAILED_INVALIDPLAYERSOURCE,13,NightlyLeagueUpdateTaskProcessor,3,DROP,4360635.0,Chig Okonkwo,13.0,0.0,2025-10-08
2025,6,fb8106e4-4348-4aef-858f-c79468ea3d07,,WAIVER,PENDING,10,{2C8A1B87-268B-45A5-A0E5-C4A3F61C9BC2},38,ADD,4372071.0,Hassan Haskins,0.0,10.0,2025-10-08
2025,6,fb8106e4-4348-4aef-858f-c79468ea3d07,,WAIVER,PENDING,10,{2C8A1B87-268B-45A5-A0E5-C4A3F61C9BC2},38,DROP,4688813.0,Josh Downs,10.0,0.0,2025-10-08
2025,6,a814d8a3-4bc8-415f-bbfb-d86088f3b794,,FREEAGENT,EXECUTED,7,{430447A7-381F-4E40-AD53-6A9C1F157A25},0,ADD,4430871.0,Sean Tucker,0.0,7.0,2025-10-11
2025,6,a814d8a3-4bc8-415f-bbfb-d86088f3b794,,FREEAGENT,EXECUTED,7,{430447A7-381F-4E40-AD53-6A9C1F157A25},0,DROP,4686472.0,Marvin Mims Jr.,7.0,0.0,2025-10-11
2025,6,306a3dde-666d-4837-b68c-9af049a1f112,efb255f2-e7cc-42f5-9cd1-a3575b2e7983,TRADE_DECLINE,EXECUTED,5,{77F704CF-0C76-4984-9A71-8BD39511C19F},0,,,,,,2025-10-12
2025,6,a8a0b952-db2b-47d1-8deb-bdd40c7bbc15,2055fb6e-e75f-483f-89d5-7beb2f647677,WAIVER,FAILED_INVALIDPLAYERSOURCE,2,NightlyLeagueUpdateTaskProcessor,3,ADD,12483.0,Matthew Stafford,0.0,2.0,2025-10-08
2025,6,a8a0b952-db2b-47d1-8deb-bdd40c7bbc15,2055fb6e-e75f-483f-89d5-7beb2f647677,WAIVER,FAILED_INVALIDPLAYERSOURCE,2,NightlyLeagueUpdateTaskProcessor,3,DROP,4428850.0,Dontayvion Wicks,2.0,0.0,2025-10-08
2025,6,f672ee04-b8e2-4dad-aa19-35bf95d66c6d,,FREEAGENT,EXECUTED,10,{2C8A1B87-268B-45A5-A0E5-C4A3F61C9BC2},0,ADD,-16010.0,Titans D/ST,0.0,10.0,2025-10-12
2025,6,f672ee04-b8e2-4dad-aa19-35bf95d66c6d,,FREEAGENT,EXECUTED,10,{2C8A1B87-268B-45A5-A0E5-C4A3F61C9BC2},0,DROP,-16025.0,49ers D/ST,10.0,0.0,2025-10-12
2025,6,3b28055f-a60d-46bc-833d-f6fe85e084c9,88b94850-4c2f-4778-ab33-787e915d4fe2,WAIVER,EXECUTED,12,NightlyLeagueUpdateTaskProcessor,5,ADD,-16005.0,Browns D/ST,0.0,12.0,2025-10-09
2025,6,3b28055f-a60d-46bc-833d-f6fe85e084c9,88b94850-4c2f-4778-ab33-787e915d4fe2,WAIVER,EXECUTED,12,NightlyLeagueUpdateTaskProcessor,5,DROP,-16013.0,Raiders D/ST,12.0,0.0,2025-10-09
2025,6,bba1aac5-16f6-4b68-9756-4bd7aba47de5,,FREEAGENT,EXECUTED,5,{77F704CF-0C76-4984-9A71-8BD39511C19F},0,ADD,4685279.0,Jaydon Blue,0.0,5.0,2025-10-11
2025,6,bba1aac5-16f6-4b68-9756-4bd7aba47de5,,FREEAGENT,EXECUTED,5,{77F704CF-0C76-4984-9A71-8BD39511C19F},0,DROP,5083754.0,Ryan Flournoy,5.0,0.0,2025-10-11
2025,6,2c3e9818-7a71-4146-9811-917d09b833fc,,ROSTER,EXECUTED,7,{430447A7-381F-4E40-AD53-6A9C1F157A25},0,DROP,3117256.0,Dalton Schultz,7.0,0.0,2025-10-07
2025,6,06b07ccb-bb82-4c8a-9dda-4b94b30b2034,4bf6fb7a-e076-4ac9-8c9c-75bea862b653,WAIVER,FAILED_INVALIDPLAYERSOURCE,3,NightlyLeagueUpdateTaskProcessor,13,ADD,4430968.0,Kimani Vidal,0.0,3.0,2025-10-08
2025,6,4b352fb5-72b4-4f4b-91ca-e26edd9c0c7c,2a3ff155-25e2-43aa-bca6-96d185d89a8b,WAIVER,FAILED_INVALIDPLAYERSOURCE,7,NightlyLeagueUpdateTaskProcessor,11,ADD,12483.0,Matthew Stafford,0.0,7.0,2025-10-08
2025,6,2953976f-a409-405d-b5c9-4378364c52bb,27320b13-7fa2-4b88-af46-baab754fd09f,WAIVER,FAILED_INVALIDPLAYERSOURCE,12,NightlyLeagueUpdateTaskProcessor,2,ADD,4599739.0,Kendre Miller,0.0,12.0,2025-10-08
2025,6,2953976f-a409-405d-b5c9-4378364c52bb,27320b13-7fa2-4b88-af46-baab754fd09f,WAIVER,FAILED_INVALIDPLAYERSOURCE,12,NightlyLeagueUpdateTaskProcessor,2,DROP,4689114.0,Jaxson Dart,12.0,0.0,2025-10-08
2025,6,9b53c647-eb0c-4da0-bd8b-f283f3169362,8be079f8-0b76-4f66-a3c5-4eb2d820146e,WAIVER,FAILED_INVALIDPLAYERSOURCE,6,NightlyLeagueUpdateTaskProcessor,3,ADD,-16005.0,Browns D/ST,0.0,6.0,2025-10-09
2025,6,9b53c647-eb0c-4da0-bd8b-f283f3169362,8be079f8-0b76-4f66-a3c5-4eb2d820146e,WAIVER,FAILED_INVALIDPLAYERSOURCE,6,NightlyLeagueUpdateTaskProcessor,3,DROP,-16034.0,Texans D/ST,6.0,0.0,2025-10-09
2025,6,239e6595-2ccb-4053-97ba-758a8517189d,33a99e6b-1f4d-4e39-9c36-bf614f15df75,TRADE_PROPOSAL,CANCELED,10,{C1E09685-96D1-4750-BA21-8BE16D3BF7CA},0,TRADE,4426385.0,Zach Charbonnet,10.0,1.0,2025-10-10
2025,6,239e6595-2ccb-4053-97ba-758a8517189d,33a99e6b-1f4d-4e39-9c36-bf614f15df75,TRADE_PROPOSAL,CANCELED,10,{C1E09685-96D1-4750-BA21-8BE16D3BF7CA},0,TRADE,4242355.0,Jake Ferguson,10.0,1.0,2025-10-10
2025,6,239e6595-2ccb-4053-97ba-758a8517189d,33a99e6b-1f4d-4e39-9c36-bf614f15df75,TRADE_PROPOSAL,CANCELED,10,{C1E09685-96D1-4750-BA21-8BE16D3BF7CA},0,TRADE,4575131.0,Jacory Croskey-Merritt,1.0,10.0,2025-10-10
2025,6,239e6595-2ccb-4053-97ba-758a8517189d,33a99e6b-1f4d-4e39-9c36-bf614f15df75,TRADE_PROPOSAL,CANCELED,10,{C1E09685-96D1-4750-BA21-8BE16D3BF7CA},0,TRADE,4432773.0,Brian Thomas Jr.,1.0,10.0,2025-10-10
2025,6,229596eb-cad9-46c7-88a9-39eea782dff0,d02f0790-9982-4b7f-be5d-c3ca83b82058,WAIVER,EXECUTED,4,NightlyLeagueUpdateTaskProcessor,8,ADD,4576297.0,AJ Barner,0.0,4.0,2025-10-08
2025,6,229596eb-cad9-46c7-88a9-39eea782dff0,d02f0790-9982-4b7f-be5d-c3ca83b82058,WAIVER,EXECUTED,4,NightlyLeagueUpdateTaskProcessor,8,DROP,4361050.0,Isaiah Likely,4.0,0.0,2025-10-08
2025,6,49ca0bfe-7685-42d5-b4a5-2dbd88450d62,e2ac73b6-d3f6-4531-b3f7-8757384af809,WAIVER,CANCELED,7,{430447A7-381F-4E40-AD53-6A9C1F157A25},0,ADD,4429148.0,Theo Johnson,0.0,7.0,2025-10-07
2025,6,f481d424-0aaf-413a-b62b-b9628bc35df7,42e3f3f6-3a85-43d1-816e-526b2184d5db,WAIVER,EXECUTED,6,NightlyLeagueUpdateTaskProcessor,3,ADD,-16013.0,Raiders D/ST,0.0,6.0,2025-10-10
2025,6,f481d424-0aaf-413a-b62b-b9628bc35df7,42e3f3f6-3a85-43d1-816e-526b2184d5db,WAIVER,EXECUTED,6,NightlyLeagueUpdateTaskProcessor,3,DROP,-16034.0,Texans D/ST,6.0,0.0,2025-10-10
2025,6,efb255f2-e7cc-42f5-9cd1-a3575b2e7983,,TRADE_PROPOSAL,PENDING,10,{2C8A1B87-268B-45A5-A0E5-C4A3F61C9BC2},0,TRADE,4242355.0,Jake Ferguson,10.0,5.0,2025-10-12
2025,6,efb255f2-e7cc-42f5-9cd1-a3575b2e7983,,TRADE_PROPOSAL,PENDING,10,{2C8A1B87-268B-45A5-A0E5-C4A3F61C9BC2},0,TRADE,4372016.0,Jaylen Waddle,5.0,10.0,2025-10-12
2025,6,efb255f2-e7cc-42f5-9cd1-a3575b2e7983,,TRADE_PROPOSAL,PENDING,10,{2C8A1B87-268B-45A5-A0E5-C4A3F61C9BC2},0,TRADE,4241389.0,CeeDee Lamb,5.0,10.0,2025-10-12
2025,6,efb255f2-e7cc-42f5-9cd1-a3575b2e7983,,TRADE_PROPOSAL,PENDING,10,{2C8A1B87-268B-45A5-A0E5-C4A3F61C9BC2},0,TRADE,4259545.0,D'Andre Swift,10.0,5.0,2025-10-12
2025,6,2e9ed5e2-ad46-425a-bb8d-861888ac5c1e,67b22bd6-e4af-4f41-a611-abcf2a7653b4,WAIVER,FAILED_INVALIDPLAYERSOURCE,7,NightlyLeagueUpdateTaskProcessor,17,ADD,4372071.0,Hassan Haskins,0.0,7.0,2025-10-08
2025,6,aeb7d2a8-cf55-496f-b65a-3daf75751ae3,,FREEAGENT,EXECUTED,12,{5FCF8F43-6BFC-4593-9364-2E23B55B301D},0,ADD,-16013.0,Raiders D/ST,0.0,12.0,2025-10-08
2025,6,aeb7d2a8-cf55-496f-b65a-3daf75751ae3,,FREEAGENT,EXECUTED,12,{5FCF8F43-6BFC-4593-9364-2E23B55B301D},0,DROP,-16016.0,Vikings D/ST,12.0,0.0,2025-10-08
2025,6,1086bbfe-1dbb-46fa-b976-5ffaeddeb22c,5d555b41-2167-4e09-8fe1-de32a4a3f55e,WAIVER,FAILED_INVALIDPLAYERSOURCE,8,NightlyLeagueUpdateTaskProcessor,18,ADD,4372071.0,Hassan Haskins,0.0,8.0,2025-10-08
2025,6,1086bbfe-1dbb-46fa-b976-5ffaeddeb22c,5d555b41-2167-4e09-8fe1-de32a4a3f55e,WAIVER,FAILED_INVALIDPLAYERSOURCE,8,NightlyLeagueUpdateTaskProcessor,18,DROP,4430871.0,Sean Tucker,8.0,0.0,2025-10-08
2025,6,fde1d2d9-033a-4032-8bbc-00dec91b3f03,,ROSTER,EXECUTED,13,{523D9B8F-8A3C-4523-BD9B-8F8A3C852321},0,LINEUP,4360516.0,Tyrone Tracy Jr.,0.0,0.0,2025-10-08
2025,6,fde1d2d9-033a-4032-8bbc-00dec91b3f03,,ROSTER,EXECUTED,13,{523D9B8F-8A3C-4523-BD9B-8F8A3C852321},0,DROP,4360635.0,Chig Okonkwo,13.0,0.0,2025-10-08
2025,6,01732572-7bda-4190-a42a-9273b34cb633,,FREEAGENT,EXECUTED,7,{430447A7-381F-4E40-AD53-6A9C1F157A25},0,ADD,4686472.0,Marvin Mims Jr.,0.0,7.0,2025-10-08
2025,6,01732572-7bda-4190-a42a-9273b34cb633,,FREEAGENT,EXECUTED,7,{430447A7-381F-4E40-AD53-6A9C1F157A25},0,DROP,-16026.0,Seahawks D/ST,7.0,0.0,2025-10-08
2025,6,88bc09c4-d4f8-458e-b8a0-4b7051ed0361,,FREEAGENT,EXECUTED,10,{2C8A1B87-268B-45A5-A0E5-C4A3F61C9BC2},0,ADD,-16030.0,Jaguars D/ST,0.0,10.0,2025-10-08
2025,6,88bc09c4-d4f8-458e-b8a0-4b7051ed0361,,FREEAGENT,EXECUTED,10,{2C8A1B87-268B-45A5-A0E5-C4A3F61C9BC2},0,DROP,-16012.0,Chiefs D/ST,10.0,0.0,2025-10-08
2025,6,a24a214f-4b0c-44b3-959d-c6f17f6c80f4,,FREEAGENT,EXECUTED,10,{2C8A1B87-268B-45A5-A0E5-C4A3F61C9BC2},0,ADD,4429148.0,Theo Johnson,0.0,10.0,2025-10-08
2025,6,8e6947c1-8555-4c6d-b51b-27c492d63dde,3dfb1cec-6424-430f-8a3e-5689becc7d19,TRADE_DECLINE,EXECUTED,12,{5FCF8F43-6BFC-4593-9364-2E23B55B301D},0,,,,,,2025-10-08
2025,6,8ce2fee8-5608-4d57-ac39-0d56e6ae19ce,1aea0e2f-1f27-46aa-b02f-688e7311c415,WAIVER,FAILED_INVALIDPLAYERSOURCE,12,NightlyLeagueUpdateTaskProcessor,2,ADD,4599739.0,Kendre Miller,0.0,12.0,2025-10-08
2025,6,8ce2fee8-5608-4d57-ac39-0d56e6ae19ce,1aea0e2f-1f27-46aa-b02f-688e7311c415,WAIVER,FAILED_INVALIDPLAYERSOURCE,12,NightlyLeagueUpdateTaskProcessor,2,DROP,4362478.0,Emari Demercado,12.0,0.0,2025-10-08
2025,6,5d6c44c0-d45c-4bcd-8d23-d6646784b969,,FREEAGENT,EXECUTED,7,{430447A7-381F-4E40-AD53-6A9C1F157A25},0,ADD,4040655.0,Darnell Mooney,0.0,7.0,2025-10-08
2025,6,6f4f2836-cd80-4086-b0b4-02373d550dd1,,WAIVER,PENDING,10,{2C8A1B87-268B-45A5-A0E5-C4A3F61C9BC2},11,ADD,4599739.0,Kendre Miller,0.0,10.0,2025-10-08
2025,6,51fa5645-8362-4c9c-96db-6c3d3a7da4bb,c9970c09-95b3-4fb9-8461-eec03ff5d467,WAIVER,FAILED_INVALIDPLAYERSOURCE,12,NightlyLeagueUpdateTaskProcessor,8,ADD,4372071.0,Hassan Haskins,0.0,12.0,2025-10-08
2025,6,51fa5645-8362-4c9c-96db-6c3d3a7da4bb,c9970c09-95b3-4fb9-8461-eec03ff5d467,WAIVER,FAILED_INVALIDPLAYERSOURCE,12,NightlyLeagueUpdateTaskProcessor,8,DROP,4689114.0,Jaxson Dart,12.0,0.0,2025-10-08
2025,6,d9530114-63fc-4829-afa7-88f1e1e14f68,a2c69fa9-59e7-42dd-ba7c-e1ac0459265f,WAIVER,FAILED_PLAYERALREADYDROPPED,8,NightlyLeagueUpdateTaskProcessor,14,ADD,4040655.0,Darnell Mooney,0.0,8.0,2025-10-08
2025,6,d9530114-63fc-4829-afa7-88f1e1e14f68,a2c69fa9-59e7-42dd-ba7c-e1ac0459265f,WAIVER,FAILED_PLAYERALREADYDROPPED,8,NightlyLeagueUpdateTaskProcessor,14,DROP,4430871.0,Sean Tucker,8.0,0.0,2025-10-08
2025,6,2db86f0e-ca79-469d-a2cc-16141911dbf7,,ROSTER,EXECUTED,5,{77F704CF-0C76-4984-9A71-8BD39511C19F},0,DROP,-16022.0,Cardinals D/ST,5.0,0.0,2025-10-07
2025,6,a5c0d84a-4dd5-420b-96ee-22ace5156c4d,efb255f2-e7cc-42f5-9cd1-a3575b2e7983,TRADE_PROPOSAL,CANCELED,10,{77F704CF-0C76-4984-9A71-8BD39511C19F},0,TRADE,4242355.0,Jake Ferguson,10.0,5.0,2025-10-12
2025,6,a5c0d84a-4dd5-420b-96ee-22ace5156c4d,efb255f2-e7cc-42f5-9cd1-a3575b2e7983,TRADE_PROPOSAL,CANCELED,10,{77F704CF-0C76-4984-9A71-8BD39511C19F},0,TRADE,4372016.0,Jaylen Waddle,5.0,10.0,2025-10-12
2025,6,a5c0d84a-4dd5-420b-96ee-22ace5156c4d,efb255f2-e7cc-42f5-9cd1-a3575b2e7983,TRADE_PROPOSAL,CANCELED,10,{77F704CF-0C76-4984-9A71-8BD39511C19F},0,TRADE,4241389.0,CeeDee Lamb,5.0,10.0,2025-10-12
2025,6,a5c0d84a-4dd5-420b-96ee-22ace5156c4d,efb255f2-e7cc-42f5-9cd1-a3575b2e7983,TRADE_PROPOSAL,CANCELED,10,{77F704CF-0C76-4984-9A71-8BD39511C19F},0,TRADE,4259545.0,D'Andre Swift,10.0,5.0,2025-10-12
2025,6,bbb094f4-8290-4be3-8030-ed32c309974a,2c08261e-1ada-4132-a5b8-393885d01b50,WAIVER,EXECUTED,7,NightlyLeagueUpdateTaskProcessor,13,ADD,-16017.0,Patriots D/ST,0.0,7.0,2025-10-08
2025,6,040cfec3-db21-408b-ad98-546e682c79d7,01a0c264-fd8e-41bb-8af6-4ccff103b932,TRADE_DECLINE,EXECUTED,1,{C1E09685-96D1-4750-BA21-8BE16D3BF7CA},0,,,,,,2025-10-08
2025,6,90c13a2b-e840-4700-9da9-a5bc626e9ed3,,FREEAGENT,EXECUTED,10,{2C8A1B87-268B-45A5-A0E5-C4A3F61C9BC2},0,ADD,4360310.0,Trevor Lawrence,0.0,10.0,2025-10-12
2025,6,90c13a2b-e840-4700-9da9-a5bc626e9ed3,,FREEAGENT,EXECUTED,10,{2C8A1B87-268B-45A5-A0E5-C4A3F61C9BC2},0,DROP,4597703.0,Tory Horton,10.0,0.0,2025-10-12
2025,7,01934579-f098-405c-bc13-05c5d4429d04,5cccbb72-238e-4f71-9932-d59ebb849ca2,TRADE_PROPOSAL,CANCELED,5,{77F704CF-0C76-4984-9A71-8BD39511C19F},0,TRADE,4432708.0,Marvin Harrison Jr.,5.0,12.0,2025-10-19
2025,7,01934579-f098-405c-bc13-05c5d4429d04,5cccbb72-238e-4f71-9932-d59ebb849ca2,TRADE_PROPOSAL,CANCELED,5,{77F704CF-0C76-4984-9A71-8BD39511C19F},0,TRADE,4240657.0,Michael Carter,5.0,12.0,2025-10-19
2025,7,01934579-f098-405c-bc13-05c5d4429d04,5cccbb72-238e-4f71-9932-d59ebb849ca2,TRADE_PROPOSAL,CANCELED,5,{77F704CF-0C76-4984-9A71-8BD39511C19F},0,TRADE,4685702.0,Quinshon Judkins,12.0,5.0,2025-10-19
2025,7,123802bf-07c2-4410-9a02-50df74c414b3,66e24426-c0b8-475a-8564-5ff4863d3655,TRADE_PROPOSAL,CANCELED,10,{C52D799E-6C1C-44B9-8371-9B6AF857D8E8},0,TRADE,3045523.0,Kendrick Bourne,10.0,3.0,2025-10-18
2025,7,123802bf-07c2-4410-9a02-50df74c414b3,66e24426-c0b8-475a-8564-5ff4863d3655,TRADE_PROPOSAL,CANCELED,10,{C52D799E-6C1C-44B9-8371-9B6AF857D8E8},0,TRADE,4427366.0,Breece Hall,3.0,10.0,2025-10-18
2025,7,f94764cc-d187-48b9-9955-77d8bce492ad,f38d17db-928a-4cb1-90c2-ec57e0e0f7ff,WAIVER,EXECUTED,7,NightlyLeagueUpdateTaskProcessor,2,ADD,4685278.0,Luther Burden III,0.0,7.0,2025-10-15
2025,7,f94764cc-d187-48b9-9955-77d8bce492ad,f38d17db-928a-4cb1-90c2-ec57e0e0f7ff,WAIVER,EXECUTED,7,NightlyLeagueUpdateTaskProcessor,2,DROP,4569603.0,Malik Washington,7.0,0.0,2025-10-15
2025,7,90a89609-e47f-4421-ae0d-cb7c9e88db8b,,FREEAGENT,EXECUTED,2,{6AC115FA-3A0D-4948-8115-FA3A0DD94826},0,ADD,-16034.0,Texans D/ST,0.0,2.0,2025-10-15
2025,7,90a89609-e47f-4421-ae0d-cb7c9e88db8b,,FREEAGENT,EXECUTED,2,{6AC115FA-3A0D-4948-8115-FA3A0DD94826},0,DROP,15795.0,DeAndre Hopkins,2.0,0.0,2025-10-15
2025,7,4bbab3d5-568f-4afb-a33a-9860cce71e25,,FREEAGENT,EXECUTED,10,{2C8A1B87-268B-45A5-A0E5-C4A3F61C9BC2},0,ADD,4243331.0,Cade Otton,0.0,10.0,2025-10-15
2025,7,4bbab3d5-568f-4afb-a33a-9860cce71e25,,FREEAGENT,EXECUTED,10,{2C8A1B87-268B-45A5-A0E5-C4A3F61C9BC2},0,DROP,4362921.0,Tyquan Thornton,10.0,0.0,2025-10-15
2025,7,6e36a2da-b74b-451a-8abc-a6ad623b8213,,TRADE_PROPOSAL,PENDING,10,{2C8A1B87-268B-45A5-A0E5-C4A3F61C9BC2},0,TRADE,3045523.0,Kendrick Bourne,10.0,1.0,2025-10-19
2025,7,6e36a2da-b74b-451a-8abc-a6ad623b8213,,TRADE_PROPOSAL,PENDING,10,{2C8A1B87-268B-45A5-A0E5-C4A3F61C9BC2},0,TRADE,4426385.0,Zach Charbonnet,10.0,1.0,2025-10-19
2025,7,6e36a2da-b74b-451a-8abc-a6ad623b8213,,TRADE_PROPOSAL,PENDING,10,{2C8A1B87-268B-45A5-A0E5-C4A3F61C9BC2},0,TRADE,4575131.0,Jacory Croskey-Merritt,1.0,10.0,2025-10-19
2025,7,dc2937f3-7d2c-452d-9559-1c7b969513ee,e4898959-f9d4-4e72-8b40-6970e21e40b2,TRADE_UPHOLD,EXECUTED,1,{C1E09685-96D1-4750-BA21-8BE16D3BF7CA},0,,,,,,2025-10-16
2025,7,9f14a8aa-94c0-4f4c-9220-506c58919370,a479fa29-77d2-452b-ae9d-37fccd2b6edf,TRADE_DECLINE,EXECUTED,14,{C2BAB8A3-9ED5-425C-BAB8-A39ED5B25CC2},0,,,,,,2025-10-16
2025,7,a0950b16-72e4-4886-a84a-826af89a1ccc,a7f2e6dd-f14a-4ea3-b338-234fc5f4876e,WAIVER,EXECUTED,12,NightlyLeagueUpdateTaskProcessor,1,ADD,4608810.0,Tez Johnson,0.0,12.0,2025-10-15
2025,7,a0950b16-72e4-4886-a84a-826af89a1ccc,a7f2e6dd-f14a-4ea3-b338-234fc5f4876e,WAIVER,EXECUTED,12,NightlyLeagueUpdateTaskProcessor,1,DROP,4429096.0,Blake Corum,12.0,0.0,2025-10-15
2025,7,4f0f719c-da16-4b8d-b614-07f1c394dec0,,FREEAGENT,EXECUTED,14,{C2BAB8A3-9ED5-425C-BAB8-A39ED5B25CC2},0,ADD,4429086.0,Michael Mayer,0.0,14.0,2025-10-15
2025,7,235f6b6a-560d-4265-afa6-6f04ef697410,7ff28dd2-66f8-4559-b363-7959c586ffc2,WAIVER,FAILED_INVALIDPLAYERSOURCE,3,NightlyLeagueUpdateTaskProcessor,5,ADD,15835.0,Zach Ertz,0.0,3.0,2025-10-15
2025,7,235f6b6a-560d-4265-afa6-6f04ef697410,7ff28dd2-66f8-4559-b363-7959c586ffc2,WAIVER,FAILED_INVALIDPLAYERSOURCE,3,NightlyLeagueUpdateTaskProcessor,5,DROP,4883647.0,Elic Ayomanor,3.0,0.0,2025-10-15
2025,7,683e427d-a8ec-4e01-a2da-784974ffd045,bd533975-fb52-4765-8c21-74d07ece74ec,WAIVER,FAILED_INVALIDPLAYERSOURCE,8,NightlyLeagueUpdateTaskProcessor,12,ADD,4688813.0,Josh Downs,0.0,8.0,2025-10-15
2025,7,683e427d-a8ec-4e01-a2da-784974ffd045,bd533975-fb52-4765-8c21-74d07ece74ec,WAIVER,FAILED_INVALIDPLAYERSOURCE,8,NightlyLeagueUpdateTaskProcessor,12,DROP,4808766.0,Mason Taylor,8.0,0.0,2025-10-15
2025,7,b92dc948-6cdf-411e-af6a-1248acfdc41f,,TRADE_PROPOSAL,PENDING,10,{2C8A1B87-268B-45A5-A0E5-C4A3F61C9BC2},0,TRADE,3045523.0,Kendrick Bourne,10.0,7.0,2025-10-18
2025,7,b92dc948-6cdf-411e-af6a-1248acfdc41f,,TRADE_PROPOSAL,PENDING,10,{2C8A1B87-268B-45A5-A0E5-C4A3F61C9BC2},0,TRADE,4432710.0,TreVeyon Henderson,7.0,10.0,2025-10-18
2025,7,2fd4c316-9d45-4b26-a3fa-dd96fdbba3e9,edbbb673-7c2d-4de0-889c-31e403f52093,WAIVER,EXECUTED,12,NightlyLeagueUpdateTaskProcessor,13,ADD,4688813.0,Josh Downs,0.0,12.0,2025-10-15
2025,7,2fd4c316-9d45-4b26-a3fa-dd96fdbba3e9,edbbb673-7c2d-4de0-889c-31e403f52093,WAIVER,EXECUTED,12,NightlyLeagueUpdateTaskProcessor,13,DROP,4426948.0,Luke McCaffrey,12.0,0.0,2025-10-15
2025,7,6a25dcf8-ab30-46b5-aba4-9a6ea9968e9d,,FREEAGENT,EXECUTED,3,{C52D799E-6C1C-44B9-8371-9B6AF857D8E8},0,ADD,3117256.0,Dalton Schultz,0.0,3.0,2025-10-19
2025,7,d119e924-4609-43e1-bace-9d30aff22e30,02c7851c-aadb-447e-a0bf-e2612217c4e0,WAIVER,FAILED_PLAYERALREADYDROPPED,12,NightlyLeagueUpdateTaskProcessor,1,ADD,4429022.0,Kayshon Boutte,0.0,12.0,2025-10-15
2025,7,d119e924-4609-43e1-bace-9d30aff22e30,02c7851c-aadb-447e-a0bf-e2612217c4e0,WAIVER,FAILED_PLAYERALREADYDROPPED,12,NightlyLeagueUpdateTaskProcessor,1,DROP,4429096.0,Blake Corum,12.0,0.0,2025-10-15
2025,7,c0f71301-a6c9-4724-90c3-529de0826f57,1314d321-069c-41a8-9f8e-9bf82ef23cf6,WAIVER,FAILED_INVALIDPLAYERSOURCE,14,NightlyLeagueUpdateTaskProcessor,9,ADD,5083076.0,Harold Fannin Jr.,0.0,14.0,2025-10-15
2025,7,c0f71301-a6c9-4724-90c3-529de0826f57,1314d321-069c-41a8-9f8e-9bf82ef23cf6,WAIVER,FAILED_INVALIDPLAYERSOURCE,14,NightlyLeagueUpdateTaskProcessor,9,DROP,3929645.0,Juwan Johnson,14.0,0.0,2025-10-15
2025,7,1bb47ec4-cf13-4718-899c-1eafa64efd86,e4898959-f9d4-4e72-8b40-6970e21e40b2,TRADE_ACCEPT,,1,{C1E09685-96D1-4750-BA21-8BE16D3BF7CA},0,,,,,,2025-10-16
2025,7,6a8b557f-e81b-4b37-ab81-1208595484b0,,FREEAGENT,EXECUTED,5,{77F704CF-0C76-4984-9A71-8BD39511C19F},0,ADD,-16008.0,Lions D/ST,0.0,5.0,2025-10-19
2025,7,6a8b557f-e81b-4b37-ab81-1208595484b0,,FREEAGENT,EXECUTED,5,{77F704CF-0C76-4984-9A71-8BD39511C19F},0,DROP,-16009.0,Packers D/ST,5.0,0.0,2025-10-19
2025,7,90854f10-f5e7-4288-9175-39523af8019e,,FREEAGENT,EXECUTED,14,{C2BAB8A3-9ED5-425C-BAB8-A39ED5B25CC2},0,ADD,4037457.0,Travis Homer,0.0,14.0,2025-10-18
2025,7,90854f10-f5e7-4288-9175-39523af8019e,,FREEAGENT,EXECUTED,14,{C2BAB8A3-9ED5-425C-BAB8-A39ED5B25CC2},0,DROP,3127586.0,Jeremy McNichols,14.0,0.0,2025-10-18
2025,7,acef1f57-6464-45a9-a687-452f5df676b6,86753994-4606-4b75-a2a3-f090f32ebc3c,WAIVER,EXECUTED,4,NightlyLeagueUpdateTaskProcessor,19,ADD,15835.0,Zach Ertz,0.0,4.0,2025-10-15
2025,7,b345913a-d2b3-464d-9a30-4b747abd8feb,709a146d-084f-42d4-b47e-39f790be6ba8,TRADE_PROPOSAL,CANCELED,10,{77F704CF-0C76-4984-9A71-8BD39511C19F},0,TRADE,4426385.0,Zach Charbonnet,10.0,5.0,2025-10-18
2025,7,b345913a-d2b3-464d-9a30-4b747abd8feb,709a146d-084f-42d4-b47e-39f790be6ba8,TRADE_PROPOSAL,CANCELED,10,{77F704CF-0C76-4984-9A71-8BD39511C19F},0,TRADE,3045523.0,Kendrick Bourne,10.0,5.0,2025-10-18
2025,7,b345913a-d2b3-464d-9a30-4b747abd8feb,709a146d-084f-42d4-b47e-39f790be6ba8,TRADE_PROPOSAL,CANCELED,10,{77F704CF-0C76-4984-9A71-8BD39511C19F},0,TRADE,16800.0,Davante Adams,5.0,10.0,2025-10-18
2025,7,4ec156fc-b9f7-463c-8dc0-bc6b4dc99b0a,,FREEAGENT,EXECUTED,12,{5FCF8F43-6BFC-4593-9364-2E23B55B301D},0,ADD,2576581.0,Chris Moore,0.0,12.0,2025-10-18
2025,7,4ec156fc-b9f7-463c-8dc0-bc6b4dc99b0a,,FREEAGENT,EXECUTED,12,{5FCF8F43-6BFC-4593-9364-2E23B55B301D},0,DROP,4259147.0,Jake Tonges,12.0,0.0,2025-10-18
2025,7,163bf7dc-3b81-48e2-88e3-9ddec365257b,85c15b67-2034-4ddc-9e97-9882a78fc5c9,TRADE_DECLINE,EXECUTED,14,{C2BAB8A3-9ED5-425C-BAB8-A39ED5B25CC2},0,,,,,,2025-10-15
2025,7,3a996a72-603a-439d-8a11-a9c510201760,,FREEAGENT,EXECUTED,10,{2C8A1B87-268B-45A5-A0E5-C4A3F61C9BC2},0,ADD,4608686.0,Kyle Monangai,0.0,10.0,2025-10-18
2025,7,3a996a72-603a-439d-8a11-a9c510201760,,FREEAGENT,EXECUTED,10,{2C8A1B87-268B-45A5-A0E5-C4A3F61C9BC2},0,DROP,4882093.0,Bhayshul Tuten,10.0,0.0,2025-10-18
2025,7,ae45fde2-1d49-4bf3-964a-9f53afe5465b,,FREEAGENT,EXECUTED,6,{FE8F6865-8A47-4C3A-8D66-0780982B48DD},0,ADD,-16001.0,Falcons D/ST,0.0,6.0,2025-10-16
2025,7,ae45fde2-1d49-4bf3-964a-9f53afe5465b,,FREEAGENT,EXECUTED,6,{FE8F6865-8A47-4C3A-8D66-0780982B48DD},0,DROP,-16013.0,Raiders D/ST,6.0,0.0,2025-10-16
2025,7,ece93691-633d-44c8-a112-da5b71f1448f,709a146d-084f-42d4-b47e-39f790be6ba8,TRADE_DECLINE,EXECUTED,5,{77F704CF-0C76-4984-9A71-8BD39511C19F},0,,,,,,2025-10-18
2025,7,45ecd1e1-7862-4905-9b8b-757f5965d77d,6e36a2da-b74b-451a-8abc-a6ad623b8213,TRADE_PROPOSAL,CANCELED,10,{2C8A1B87-268B-45A5-A0E5-C4A3F61C9BC2},0,TRADE,3045523.0,Kendrick Bourne,10.0,1.0,2025-10-19
2025,7,45ecd1e1-7862-4905-9b8b-757f5965d77d,6e36a2da-b74b-451a-8abc-a6ad623b8213,TRADE_PROPOSAL,CANCELED,10,{2C8A1B87-268B-45A5-A0E5-C4A3F61C9BC2},0,TRADE,4426385.0,Zach Charbonnet,10.0,1.0,2025-10-19
2025,7,45ecd1e1-7862-4905-9b8b-757f5965d77d,6e36a2da-b74b-451a-8abc-a6ad623b8213,TRADE_PROPOSAL,CANCELED,10,{2C8A1B87-268B-45A5-A0E5-C4A3F61C9BC2},0,TRADE,4575131.0,Jacory Croskey-Merritt,1.0,10.0,2025-10-19
2025,7,8d82f2a8-1a7c-4bb2-a16e-c8590cef678d,39714f42-97eb-4af7-a2c6-a17cc07350b8,WAIVER,EXECUTED,8,NightlyLeagueUpdateTaskProcessor,10,ADD,5083076.0,Harold Fannin Jr.,0.0,8.0,2025-10-15
2025,7,8d82f2a8-1a7c-4bb2-a16e-c8590cef678d,39714f42-97eb-4af7-a2c6-a17cc07350b8,WAIVER,EXECUTED,8,NightlyLeagueUpdateTaskProcessor,10,DROP,4808766.0,Mason Taylor,8.0,0.0,2025-10-15
2025,7,194b181f-e090-428c-a67f-f34cbeb5ab03,31d1fc02-0f0d-48b6-9114-e68ff731a5da,WAIVER,FAILED_INVALIDPLAYERSOURCE,8,NightlyLeagueUpdateTaskProcessor,9,ADD,3045523.0,Kendrick Bourne,0.0,8.0,2025-10-15
2025,7,194b181f-e090-428c-a67f-f34cbeb5ab03,31d1fc02-0f0d-48b6-9114-e68ff731a5da,WAIVER,FAILED_INVALIDPLAYERSOURCE,8,NightlyLeagueUpdateTaskProcessor,9,DROP,4808766.0,Mason Taylor,8.0,0.0,2025-10-15
2025,7,5a9edbc9-73cf-4132-9afa-e0bc21e99ecc,,FREEAGENT,EXECUTED,7,{430447A7-381F-4E40-AD53-6A9C1F157A25},0,ADD,4430871.0,Sean Tucker,0.0,7.0,2025-10-18
2025,7,5a9edbc9-73cf-4132-9afa-e0bc21e99ecc,,FREEAGENT,EXECUTED,7,{430447A7-381F-4E40-AD53-6A9C1F157A25},0,DROP,4241474.0,Brian Robinson Jr.,7.0,0.0,2025-10-18
2025,7,b2fb7378-77c7-4446-a890-b0c5d9116579,90e4b6b8-30fc-494e-8a30-5460bef2bbf5,TRADE_DECLINE,EXECUTED,14,{C2BAB8A3-9ED5-425C-BAB8-A39ED5B25CC2},0,,,,,,2025-10-15
2025,7,709a146d-084f-42d4-b47e-39f790be6ba8,,TRADE_PROPOSAL,PENDING,10,{2C8A1B87-268B-45A5-A0E5-C4A3F61C9BC2},0,TRADE,4426385.0,Zach Charbonnet,10.0,5.0,2025-10-18
2025,7,709a146d-084f-42d4-b47e-39f790be6ba8,,TRADE_PROPOSAL,PENDING,10,{2C8A1B87-268B-45A5-A0E5-C4A3F61C9BC2},0,TRADE,3045523.0,Kendrick Bourne,10.0,5.0,2025-10-18
2025,7,709a146d-084f-42d4-b47e-39f790be6ba8,,TRADE_PROPOSAL,PENDING,10,{2C8A1B87-268B-45A5-A0E5-C4A3F61C9BC2},0,TRADE,16800.0,Davante Adams,5.0,10.0,2025-10-18
2025,7,86eeb1f1-265e-41eb-9fd5-e4f4cb652537,b77b2381-3157-48bd-b2a9-88db585b337d,TRADE_DECLINE,EXECUTED,5,{77F704CF-0C76-4984-9A71-8BD39511C19F},0,,,,,,2025-10-17
2025,7,ef9ddad8-8536-4a17-b96d-4ab60e774bf3,b20597c7-75b2-47a5-9fb4-1f32f349eae6,TRADE_DECLINE,EXECUTED,1,{C1E09685-96D1-4750-BA21-8BE16D3BF7CA},0,,,,,,2025-10-15
2025,7,91e2f535-5f13-4b7d-a03b-b6fa6f2d1481,7a8a7425-4a4a-458c-b8fe-7e0a93a6a026,TRADE_PROPOSAL,CANCELED,1,{C1E09685-96D1-4750-BA21-8BE16D3BF7CA},0,TRADE,4035538.0,David Montgomery,1.0,13.0,2025-10-16
2025,7,91e2f535-5f13-4b7d-a03b-b6fa6f2d1481,7a8a7425-4a4a-458c-b8fe-7e0a93a6a026,TRADE_PROPOSAL,CANCELED,1,{C1E09685-96D1-4750-BA21-8BE16D3BF7CA},0,TRADE,4430968.0,Kimani Vidal,1.0,13.0,2025-10-16
2025,7,91e2f535-5f13-4b7d-a03b-b6fa6f2d1481,7a8a7425-4a4a-458c-b8fe-7e0a93a6a026,TRADE_PROPOSAL,CANCELED,1,{C1E09685-96D1-4750-BA21-8BE16D3BF7CA},0,TRADE,3046439.0,Hunter Henry,1.0,13.0,2025-10-16
2025,7,91e2f535-5f13-4b7d-a03b-b6fa6f2d1481,7a8a7425-4a4a-458c-b8fe-7e0a93a6a026,TRADE_PROPOSAL,CANCELED,1,{C1E09685-96D1-4750-BA21-8BE16D3BF7CA},0,TRADE,4430027.0,Sam LaPorta,13.0,1.0,2025-10-16
2025,7,91e2f535-5f13-4b7d-a03b-b6fa6f2d1481,7a8a7425-4a4a-458c-b8fe-7e0a93a6a026,TRADE_PROPOSAL,CANCELED,1,{C1E09685-96D1-4750-BA21-8BE16D3BF7CA},0,TRADE,4426354.0,George Pickens,13.0,1.0,2025-10-16
2025,7,ed071746-5ddf-481b-9c01-77d95c60fa05,7ccdcaac-6941-4247-976c-6cce49243e7e,TRADE_DECLINE,EXECUTED,14,{C2BAB8A3-9ED5-425C-BAB8-A39ED5B25CC2},0,,,,,,2025-10-15
2025,7,66e24426-c0b8-475a-8564-5ff4863d3655,,TRADE_PROPOSAL,PENDING,10,{2C8A1B87-268B-45A5-A0E5-C4A3F61C9BC2},0,TRADE,3045523.0,Kendrick Bourne,10.0,3.0,2025-10-18
2025,7,66e24426-c0b8-475a-8564-5ff4863d3655,,TRADE_PROPOSAL,PENDING,10,{2C8A1B87-268B-45A5-A0E5-C4A3F61C9BC2},0,TRADE,4427366.0,Breece Hall,3.0,10.0,2025-10-18
2025,7,579bf36a-9a4d-4b63-861a-2e3364b1aa95,,FREEAGENT,EXECUTED,13,{523D9B8F-8A3C-4523-BD9B-8F8A3C852321},0,ADD,4602667.0,Jaylin Lane,0.0,13.0,2025-10-19
2025,7,579bf36a-9a4d-4b63-861a-2e3364b1aa95,,FREEAGENT,EXECUTED,13,{523D9B8F-8A3C-4523-BD9B-8F8A3C852321},0,DROP,3120348.0,JuJu Smith-Schuster,13.0,0.0,2025-10-19
2025,7,ce18d8b2-bc3a-4f25-a81a-423890a1f1fd,45e20737-6d9c-4f78-9447-9fcb60a394c6,WAIVER,FAILED_INVALIDPLAYERSOURCE,5,NightlyLeagueUpdateTaskProcessor,4,ADD,-16012.0,Chiefs D/ST,0.0,5.0,2025-10-15
2025,7,ce18d8b2-bc3a-4f25-a81a-423890a1f1fd,45e20737-6d9c-4f78-9447-9fcb60a394c6,WAIVER,FAILED_INVALIDPLAYERSOURCE,5,NightlyLeagueUpdateTaskProcessor,4,DROP,-16009.0,Packers D/ST,5.0,0.0,2025-10-15
2025,7,de1e1020-2cd2-4df9-9e76-ab9a24e855fe,156abfe6-f1dc-450a-996f-ae737cba3a01,TRADE_PROPOSAL,CANCELED,1,{C1E09685-96D1-4750-BA21-8BE16D3BF7CA},0,TRADE,4242355.0,Jake Ferguson,10.0,1.0,2025-10-16
2025,7,de1e1020-2cd2-4df9-9e76-ab9a24e855fe,156abfe6-f1dc-450a-996f-ae737cba3a01,TRADE_PROPOSAL,CANCELED,1,{C1E09685-96D1-4750-BA21-8BE16D3BF7CA},0,TRADE,4262921.0,Justin Jefferson,10.0,1.0,2025-10-16
2025,7,de1e1020-2cd2-4df9-9e76-ab9a24e855fe,156abfe6-f1dc-450a-996f-ae737cba3a01,TRADE_PROPOSAL,CANCELED,1,{C1E09685-96D1-4750-BA21-8BE16D3BF7CA},0,TRADE,4035538.0,David Montgomery,1.0,10.0,2025-10-16
2025,7,de1e1020-2cd2-4df9-9e76-ab9a24e855fe,156abfe6-f1dc-450a-996f-ae737cba3a01,TRADE_PROPOSAL,CANCELED,1,{C1E09685-96D1-4750-BA21-8BE16D3BF7CA},0,TRADE,4430968.0,Kimani Vidal,1.0,10.0,2025-10-16
2025,7,de1e1020-2cd2-4df9-9e76-ab9a24e855fe,156abfe6-f1dc-450a-996f-ae737cba3a01,TRADE_PROPOSAL,CANCELED,1,{C1E09685-96D1-4750-BA21-8BE16D3BF7CA},0,TRADE,3046439.0,Hunter Henry,1.0,10.0,2025-10-16
2025,7,93b7f400-9e52-46da-a8ed-f7cb04d19e52,1607a986-d4aa-40f7-894d-1f57e6cbf845,WAIVER,FAILED_INVALIDPLAYERSOURCE,7,NightlyLeagueUpdateTaskProcessor,7,ADD,5083076.0,Harold Fannin Jr.,0.0,7.0,2025-10-15
2025,7,93b7f400-9e52-46da-a8ed-f7cb04d19e52,1607a986-d4aa-40f7-894d-1f57e6cbf845,WAIVER,FAILED_INVALIDPLAYERSOURCE,7,NightlyLeagueUpdateTaskProcessor,7,DROP,4569603.0,Malik Washington,7.0,0.0,2025-10-15
2025,7,8dcc9733-4fee-435c-896c-076b77eb3a55,67347905-2639-4cf7-8d59-1cc0d2bbe922,TRADE_PROPOSAL,CANCELED,8,{00408013-39CF-40FC-8080-1339CFD0FC06},0,TRADE,3054850.0,Alvin Kamara,8.0,14.0,2025-10-15
2025,7,8dcc9733-4fee-435c-896c-076b77eb3a55,67347905-2639-4cf7-8d59-1cc0d2bbe922,TRADE_PROPOSAL,CANCELED,8,{00408013-39CF-40FC-8080-1339CFD0FC06},0,TRADE,3043078.0,Derrick Henry,14.0,8.0,2025-10-15
2025,7,8dcc9733-4fee-435c-896c-076b77eb3a55,67347905-2639-4cf7-8d59-1cc0d2bbe922,TRADE_PROPOSAL,CANCELED,8,{00408013-39CF-40FC-8080-1339CFD0FC06},0,TRADE,4047646.0,A.J. Brown,14.0,8.0,2025-10-15
2025,7,8dcc9733-4fee-435c-896c-076b77eb3a55,67347905-2639-4cf7-8d59-1cc0d2bbe922,TRADE_PROPOSAL,CANCELED,8,{00408013-39CF-40FC-8080-1339CFD0FC06},0,TRADE,4431299.0,Rome Odunze,8.0,14.0,2025-10-15
2025,7,95637fb1-c74c-49ea-9510-3facde10be39,c22f5c7c-6b2b-42db-8c74-89472c27c131,TRADE_PROPOSAL,CANCELED,1,{C1E09685-96D1-4750-BA21-8BE16D3BF7CA},0,TRADE,4371733.0,Kenneth Gainwell,1.0,13.0,2025-10-15
2025,7,95637fb1-c74c-49ea-9510-3facde10be39,c22f5c7c-6b2b-42db-8c74-89472c27c131,TRADE_PROPOSAL,CANCELED,1,{C1E09685-96D1-4750-BA21-8BE16D3BF7CA},0,TRADE,4430968.0,Kimani Vidal,1.0,13.0,2025-10-15
2025,7,95637fb1-c74c-49ea-9510-3facde10be39,c22f5c7c-6b2b-42db-8c74-89472c27c131,TRADE_PROPOSAL,CANCELED,1,{C1E09685-96D1-4750-BA21-8BE16D3BF7CA},0,TRADE,4426354.0,George Pickens,13.0,1.0,2025-10-15
2025,7,156abfe6-f1dc-450a-996f-ae737cba3a01,,TRADE_PROPOSAL,PENDING,1,{C1E09685-96D1-4750-BA21-8BE16D3BF7CA},0,TRADE,4242355.0,Jake Ferguson,10.0,1.0,2025-10-15
2025,7,156abfe6-f1dc-450a-996f-ae737cba3a01,,TRADE_PROPOSAL,PENDING,1,{C1E09685-96D1-4750-BA21-8BE16D3BF7CA},0,TRADE,4262921.0,Justin Jefferson,10.0,1.0,2025-10-15
2025,7,156abfe6-f1dc-450a-996f-ae737cba3a01,,TRADE_PROPOSAL,PENDING,1,{C1E09685-96D1-4750-BA21-8BE16D3BF7CA},0,TRADE,4035538.0,David Montgomery,1.0,10.0,2025-10-15
2025,7,156abfe6-f1dc-450a-996f-ae737cba3a01,,TRADE_PROPOSAL,PENDING,1,{C1E09685-96D1-4750-BA21-8BE16D3BF7CA},0,TRADE,4430968.0,Kimani Vidal,1.0,10.0,2025-10-15
2025,7,156abfe6-f1dc-450a-996f-ae737cba3a01,,TRADE_PROPOSAL,PENDING,1,{C1E09685-96D1-4750-BA21-8BE16D3BF7CA},0,TRADE,3046439.0,Hunter Henry,1.0,10.0,2025-10-15
2025,7,abae8371-4996-4cec-aff2-b1ba52979a91,8a4fc816-8046-4f49-9830-1ee984929e2e,TRADE_ACCEPT,,1,{C1E09685-96D1-4750-BA21-8BE16D3BF7CA},0,DROP,4360939.0,Rashod Bateman,1.0,0.0,2025-10-14
2025,7,6ff2fb01-ac49-424e-aba4-174866eab20a,,WAIVER,PENDING,10,{2C8A1B87-268B-45A5-A0E5-C4A3F61C9BC2},16,ADD,3045523.0,Kendrick Bourne,0.0,10.0,2025-10-14
2025,7,6ff2fb01-ac49-424e-aba4-174866eab20a,,WAIVER,PENDING,10,{2C8A1B87-268B-45A5-A0E5-C4A3F61C9BC2},16,DROP,4429148.0,Theo Johnson,10.0,0.0,2025-10-14
2025,7,3ed8e833-aa5b-44eb-bb8c-9dd2db5f9dbd,be6c05c2-c9ff-4db6-b0ce-fb077c37e250,TRADE_DECLINE,EXECUTED,5,{77F704CF-0C76-4984-9A71-8BD39511C19F},0,,,,,,2025-10-18
2025,7,d07aba27-0ab2-49a3-b0b8-f0d3febac482,41e5025a-104b-48e3-9d41-d3ca167e9477,WAIVER,FAILED_PLAYERALREADYDROPPED,12,NightlyLeagueUpdateTaskProcessor,1,ADD,4429022.0,Kayshon Boutte,0.0,12.0,2025-10-15
2025,7,d07aba27-0ab2-49a3-b0b8-f0d3febac482,41e5025a-104b-48e3-9d41-d3ca167e9477,WAIVER,FAILED_PLAYERALREADYDROPPED,12,NightlyLeagueUpdateTaskProcessor,1,DROP,4426948.0,Luke McCaffrey,12.0,0.0,2025-10-15
2025,7,66ea6df5-9ca7-4bbe-87a4-3b6b5bc11515,,ROSTER,EXECUTED,14,{C2BAB8A3-9ED5-425C-BAB8-A39ED5B25CC2},0,DROP,5083754.0,Ryan Flournoy,14.0,0.0,2025-10-15
2025,7,0e555c62-aa99-47b6-b506-6f20b41c9014,,FREEAGENT,EXECUTED,14,{C2BAB8A3-9ED5-425C-BAB8-A39ED5B25CC2},0,ADD,3127586.0,Jeremy McNichols,0.0,14.0,2025-10-19
2025,7,0e555c62-aa99-47b6-b506-6f20b41c9014,,FREEAGENT,EXECUTED,14,{C2BAB8A3-9ED5-425C-BAB8-A39ED5B25CC2},0,DROP,4037457.0,Travis Homer,14.0,0.0,2025-10-19
2025,7,5e5a973e-0797-4054-b1cb-9f3d2b5ae931,842373fd-99d1-4156-8459-6a9cfb854777,WAIVER,FAILED_INVALIDPLAYERSOURCE,7,NightlyLeagueUpdateTaskProcessor,7,ADD,4688813.0,Josh Downs,0.0,7.0,2025-10-15
2025,7,5e5a973e-0797-4054-b1cb-9f3d2b5ae931,842373fd-99d1-4156-8459-6a9cfb854777,WAIVER,FAILED_INVALIDPLAYERSOURCE,7,NightlyLeagueUpdateTaskProcessor,7,DROP,4569603.0,Malik Washington,7.0,0.0,2025-10-15
2025,7,b933036d-7452-4e12-a838-f938e323543c,792aa226-d7a4-4148-8c34-96023837b586,TRADE_DECLINE,EXECUTED,4,{8242D4C8-FCD1-4A28-9373-CD282687A8E7},0,,,,,,2025-10-20
2025,7,ecbf6c30-4673-41e9-a0e9-ddd3fbac2ca2,b77b2381-3157-48bd-b2a9-88db585b337d,TRADE_PROPOSAL,CANCELED,10,{77F704CF-0C76-4984-9A71-8BD39511C19F},0,TRADE,4427728.0,Bam Knight,10.0,5.0,2025-10-17
2025,7,ecbf6c30-4673-41e9-a0e9-ddd3fbac2ca2,b77b2381-3157-48bd-b2a9-88db585b337d,TRADE_PROPOSAL,CANCELED,10,{77F704CF-0C76-4984-9A71-8BD39511C19F},0,TRADE,4426385.0,Zach Charbonnet,10.0,5.0,2025-10-17
2025,7,ecbf6c30-4673-41e9-a0e9-ddd3fbac2ca2,b77b2381-3157-48bd-b2a9-88db585b337d,TRADE_PROPOSAL,CANCELED,10,{77F704CF-0C76-4984-9A71-8BD39511C19F},0,TRADE,3045523.0,Kendrick Bourne,10.0,5.0,2025-10-17
2025,7,ecbf6c30-4673-41e9-a0e9-ddd3fbac2ca2,b77b2381-3157-48bd-b2a9-88db585b337d,TRADE_PROPOSAL,CANCELED,10,{77F704CF-0C76-4984-9A71-8BD39511C19F},0,TRADE,4241389.0,CeeDee Lamb,5.0,10.0,2025-10-17
2025,7,0ead6fe0-7f60-44af-81aa-7dffc9bdbe6a,,TRADE_PROPOSAL,PENDING,10,{2C8A1B87-268B-45A5-A0E5-C4A3F61C9BC2},0,TRADE,3045523.0,Kendrick Bourne,10.0,1.0,2025-10-18
2025,7,0ead6fe0-7f60-44af-81aa-7dffc9bdbe6a,,TRADE_PROPOSAL,PENDING,10,{2C8A1B87-268B-45A5-A0E5-C4A3F61C9BC2},0,TRADE,4575131.0,Jacory Croskey-Merritt,1.0,10.0,2025-10-18
2025,7,1057d2b3-1f55-4489-822e-f7f71dc0f6cb,7afb8063-5721-4592-b7ed-33b03e6a1c72,WAIVER,FAILED_INVALIDPLAYERSOURCE,12,NightlyLeagueUpdateTaskProcessor,4,ADD,3045523.0,Kendrick Bourne,0.0,12.0,2025-10-15
2025,7,1057d2b3-1f55-4489-822e-f7f71dc0f6cb,7afb8063-5721-4592-b7ed-33b03e6a1c72,WAIVER,FAILED_INVALIDPLAYERSOURCE,12,NightlyLeagueUpdateTaskProcessor,4,DROP,4429096.0,Blake Corum,12.0,0.0,2025-10-15
2025,7,7ec05916-9750-4ae5-9fbb-9fe625278b35,,FREEAGENT,EXECUTED,2,{6AC115FA-3A0D-4948-8115-FA3A0DD94826},0,ADD,4686472.0,Marvin Mims Jr.,0.0,2.0,2025-10-15
2025,7,7ec05916-9750-4ae5-9fbb-9fe625278b35,,FREEAGENT,EXECUTED,2,{6AC115FA-3A0D-4948-8115-FA3A0DD94826},0,DROP,4887558.0,Emanuel Wilson,2.0,0.0,2025-10-15
2025,7,c22c2c38-be0d-402a-9c89-4a5ce3cbbdc9,,FREEAGENT,EXECUTED,13,{523D9B8F-8A3C-4523-BD9B-8F8A3C852321},0,ADD,4040655.0,Darnell Mooney,0.0,13.0,2025-10-19
2025,7,c22c2c38-be0d-402a-9c89-4a5ce3cbbdc9,,FREEAGENT,EXECUTED,13,{523D9B8F-8A3C-4523-BD9B-8F8A3C852321},0,DROP,3059915.0,Kareem Hunt,13.0,0.0,2025-10-19
2025,7,99dc4bbf-5bad-4a02-98d3-de76d310d856,,FREEAGENT,EXECUTED,7,{430447A7-381F-4E40-AD53-6A9C1F157A25},0,ADD,4429022.0,Kayshon Boutte,0.0,7.0,2025-10-15
2025,7,99dc4bbf-5bad-4a02-98d3-de76d310d856,,FREEAGENT,EXECUTED,7,{430447A7-381F-4E40-AD53-6A9C1F157A25},0,DROP,4695404.0,Isaiah Davis,7.0,0.0,2025-10-15
2025,7,7fbd40cd-c536-462d-b63f-3d18ff9c9eec,62a697a4-a4c5-4088-abc3-8d30fca1dace,WAIVER,FAILED_INVALIDPLAYERSOURCE,7,NightlyLeagueUpdateTaskProcessor,7,ADD,3045523.0,Kendrick Bourne,0.0,7.0,2025-10-15
2025,7,7fbd40cd-c536-462d-b63f-3d18ff9c9eec,62a697a4-a4c5-4088-abc3-8d30fca1dace,WAIVER,FAILED_INVALIDPLAYERSOURCE,7,NightlyLeagueUpdateTaskProcessor,7,DROP,4569603.0,Malik Washington,7.0,0.0,2025-10-15
2025,7,92f17415-820b-42eb-8451-56b3e41375d1,,FREEAGENT,EXECUTED,12,{5FCF8F43-6BFC-4593-9364-2E23B55B301D},0,ADD,4887558.0,Emanuel Wilson,0.0,12.0,2025-10-19
2025,7,92f17415-820b-42eb-8451-56b3e41375d1,,FREEAGENT,EXECUTED,12,{5FCF8F43-6BFC-4593-9364-2E23B55B301D},0,DROP,4429275.0,Trey Benson,12.0,0.0,2025-10-19
2025,7,c6b72905-a177-4b05-a130-6986f951da1c,,FREEAGENT,EXECUTED,10,{2C8A1B87-268B-45A5-A0E5-C4A3F61C9BC2},0,ADD,4689114.0,Jaxson Dart,0.0,10.0,2025-10-15
2025,7,f7c49ab0-76f2-450c-8f20-c7a8442c750b,8a4fc816-8046-4f49-9830-1ee984929e2e,TRADE_UPHOLD,EXECUTED,1,{C1E09685-96D1-4750-BA21-8BE16D3BF7CA},0,,,,,,2025-10-15
2025,7,2a80446a-e6dd-4cc2-88a0-8fb5a1d17e13,6ff2fb01-ac49-424e-aba4-174866eab20a,WAIVER,EXECUTED,10,NightlyLeagueUpdateTaskProcessor,16,ADD,3045523.0,Kendrick Bourne,0.0,10.0,2025-10-15
2025,7,2a80446a-e6dd-4cc2-88a0-8fb5a1d17e13,6ff2fb01-ac49-424e-aba4-174866eab20a,WAIVER,EXECUTED,10,NightlyLeagueUpdateTaskProcessor,16,DROP,4429148.0,Theo Johnson,10.0,0.0,2025-10-15
2025,7,deaf415b-755f-4577-91b8-c29a9efa863d,8a4fc816-8046-4f49-9830-1ee984929e2e,TRADE_UPHOLD,EXECUTED,1,{C1E09685-96D1-4750-BA21-8BE16D3BF7CA},0,,,,,,2025-10-15
2025,7,55691422-b3b0-467f-b909-d46438fed711,31a55307-d4be-42fa-8270-6de4875ab114,WAIVER,CANCELED,4,{8242D4C8-FCD1-4A28-9373-CD282687A8E7},0,ADD,11252.0,Joe Flacco,0.0,4.0,2025-10-15
2025,7,117cef97-6016-4562-9489-6ca9dafe566f,0ead6fe0-7f60-44af-81aa-7dffc9bdbe6a,TRADE_PROPOSAL,CANCELED,10,{2C8A1B87-268B-45A5-A0E5-C4A3F61C9BC2},0,TRADE,3045523.0,Kendrick Bourne,10.0,1.0,2025-10-19
2025,7,117cef97-6016-4562-9489-6ca9dafe566f,0ead6fe0-7f60-44af-81aa-7dffc9bdbe6a,TRADE_PROPOSAL,CANCELED,10,{2C8A1B87-268B-45A5-A0E5-C4A3F61C9BC2},0,TRADE,4575131.0,Jacory Croskey-Merritt,1.0,10.0,2025-10-19
2025,7,a47bdf6c-7efb-43b5-93d0-081f9caa7d1e,66e24426-c0b8-475a-8564-5ff4863d3655,TRADE_DECLINE,EXECUTED,3,{C52D799E-6C1C-44B9-8371-9B6AF857D8E8},0,,,,,,2025-10-18
2025,7,f05fa10d-2efb-41cb-99b9-dbd2cf9fc6d2,,WAIVER,PENDING,10,{2C8A1B87-268B-45A5-A0E5-C4A3F61C9BC2},25,ADD,3045523.0,Kendrick Bourne,0.0,10.0,2025-10-14
2025,7,f05fa10d-2efb-41cb-99b9-dbd2cf9fc6d2,,WAIVER,PENDING,10,{2C8A1B87-268B-45A5-A0E5-C4A3F61C9BC2},25,DROP,4360310.0,Trevor Lawrence,10.0,0.0,2025-10-14
2025,7,1a0c450c-7d1c-4d04-9d4d-f367170b9419,0a819101-0cf6-4b70-8957-3e0e1c1e06c9,WAIVER,CANCELED,12,{5FCF8F43-6BFC-4593-9364-2E23B55B301D},0,ADD,3045523.0,Kendrick Bourne,0.0,12.0,2025-10-15
2025,7,1a0c450c-7d1c-4d04-9d4d-f367170b9419,0a819101-0cf6-4b70-8957-3e0e1c1e06c9,WAIVER,CANCELED,12,{5FCF8F43-6BFC-4593-9364-2E23B55B301D},0,DROP,4426948.0,Luke McCaffrey,12.0,0.0,2025-10-15
2025,7,24eca820-f9ab-4c0c-bb37-37462b5fdb10,314aa64e-e83e-4a72-8089-e2626fc057e2,TRADE_DECLINE,EXECUTED,1,{C1E09685-96D1-4750-BA21-8BE16D3BF7CA},0,,,,,,2025-10-16
2025,7,2ecaa7f9-cfd7-4c04-b98b-ec5aa747b13b,2e493fd6-a8ae-406f-8efb-2c9875952130,TRADE_DECLINE,EXECUTED,5,{77F704CF-0C76-4984-9A71-8BD39511C19F},0,,,,,,2025-10-16
2025,7,11565271-5cbf-410c-b1d6-8371e36eac11,80bded79-dc9c-401e-b291-824303119cb0,WAIVER,FAILED_INVALIDPLAYERSOURCE,12,NightlyLeagueUpdateTaskProcessor,1,ADD,5083076.0,Harold Fannin Jr.,0.0,12.0,2025-10-15
2025,7,11565271-5cbf-410c-b1d6-8371e36eac11,80bded79-dc9c-401e-b291-824303119cb0,WAIVER,FAILED_INVALIDPLAYERSOURCE,12,NightlyLeagueUpdateTaskProcessor,1,DROP,4259147.0,Jake Tonges,12.0,0.0,2025-10-15
2025,7,b8c87ae8-82bb-418e-9255-b2afaa82c331,9b644bdc-0619-4f2c-97f5-97bb2c0ab0a3,WAIVER,FAILED_PLAYERALREADYDROPPED,12,NightlyLeagueUpdateTaskProcessor,1,ADD,4608810.0,Tez Johnson,0.0,12.0,2025-10-15
2025,7,b8c87ae8-82bb-418e-9255-b2afaa82c331,9b644bdc-0619-4f2c-97f5-97bb2c0ab0a3,WAIVER,FAILED_PLAYERALREADYDROPPED,12,NightlyLeagueUpdateTaskProcessor,1,DROP,4426948.0,Luke McCaffrey,12.0,0.0,2025-10-15
2025,7,dfb56556-59dd-49fe-9d1f-fb1e90914d01,be6c05c2-c9ff-4db6-b0ce-fb077c37e250,TRADE_PROPOSAL,CANCELED,10,{77F704CF-0C76-4984-9A71-8BD39511C19F},0,TRADE,4243331.0,Cade Otton,10.0,5.0,2025-10-18
2025,7,dfb56556-59dd-49fe-9d1f-fb1e90914d01,be6c05c2-c9ff-4db6-b0ce-fb077c37e250,TRADE_PROPOSAL,CANCELED,10,{77F704CF-0C76-4984-9A71-8BD39511C19F},0,TRADE,4701936.0,Matthew Golden,5.0,10.0,2025-10-18
2025,7,27616435-9bd6-41c3-92ab-f38814232d03,b92dc948-6cdf-411e-af6a-1248acfdc41f,TRADE_PROPOSAL,CANCELED,10,{2C8A1B87-268B-45A5-A0E5-C4A3F61C9BC2},0,TRADE,3045523.0,Kendrick Bourne,10.0,7.0,2025-10-18
2025,7,27616435-9bd6-41c3-92ab-f38814232d03,b92dc948-6cdf-411e-af6a-1248acfdc41f,TRADE_PROPOSAL,CANCELED,10,{2C8A1B87-268B-45A5-A0E5-C4A3F61C9BC2},0,TRADE,4432710.0,TreVeyon Henderson,7.0,10.0,2025-10-18
2025,7,1507c380-9ebb-4cb4-b025-a3d99ba8f264,d42a299d-db6f-4af1-aebe-ccb9512b2387,WAIVER,EXECUTED,13,NightlyLeagueUpdateTaskProcessor,5,ADD,3051876.0,Evan Engram,0.0,13.0,2025-10-15
2025,7,b77b2381-3157-48bd-b2a9-88db585b337d,,TRADE_PROPOSAL,PENDING,10,{2C8A1B87-268B-45A5-A0E5-C4A3F61C9BC2},0,TRADE,4427728.0,Bam Knight,10.0,5.0,2025-10-17
2025,7,b77b2381-3157-48bd-b2a9-88db585b337d,,TRADE_PROPOSAL,PENDING,10,{2C8A1B87-268B-45A5-A0E5-C4A3F61C9BC2},0,TRADE,4426385.0,Zach Charbonnet,10.0,5.0,2025-10-17
2025,7,b77b2381-3157-48bd-b2a9-88db585b337d,,TRADE_PROPOSAL,PENDING,10,{2C8A1B87-268B-45A5-A0E5-C4A3F61C9BC2},0,TRADE,3045523.0,Kendrick Bourne,10.0,5.0,2025-10-17
2025,7,b77b2381-3157-48bd-b2a9-88db585b337d,,TRADE_PROPOSAL,PENDING,10,{2C8A1B87-268B-45A5-A0E5-C4A3F61C9BC2},0,TRADE,4241389.0,CeeDee Lamb,5.0,10.0,2025-10-17
2025,7,2ec678d9-aabd-43d8-bc61-48ef149d240e,8d4c93a6-a9f4-4625-a6e7-88b0716f8587,TRADE_DECLINE,EXECUTED,14,{C2BAB8A3-9ED5-425C-BAB8-A39ED5B25CC2},0,,,,,,2025-10-15
2025,7,504bc690-78ad-4cd0-b22b-5960e38f7502,20d62da5-1d38-4bd3-b70a-9cfa5b3c3836,TRADE_PROPOSAL,CANCELED,10,{C1E09685-96D1-4750-BA21-8BE16D3BF7CA},0,TRADE,3045523.0,Kendrick Bourne,10.0,1.0,2025-10-16
2025,7,504bc690-78ad-4cd0-b22b-5960e38f7502,20d62da5-1d38-4bd3-b70a-9cfa5b3c3836,TRADE_PROPOSAL,CANCELED,10,{C1E09685-96D1-4750-BA21-8BE16D3BF7CA},0,TRADE,4430968.0,Kimani Vidal,1.0,10.0,2025-10-16
2025,7,b4775a94-4928-475e-821a-307eef0a9490,,FREEAGENT,EXECUTED,7,{430447A7-381F-4E40-AD53-6A9C1F157A25},0,ADD,4808766.0,Mason Taylor,0.0,7.0,2025-10-16
2025,7,b4775a94-4928-475e-821a-307eef0a9490,,FREEAGENT,EXECUTED,7,{430447A7-381F-4E40-AD53-6A9C1F157A25},0,DROP,4430871.0,Sean Tucker,7.0,0.0,2025-10-16
2025,7,4029b134-b543-4f41-8124-e53b51c1ecac,,FREEAGENT,EXECUTED,10,{2C8A1B87-268B-45A5-A0E5-C4A3F61C9BC2},0,ADD,-16029.0,Panthers D/ST,0.0,10.0,2025-10-15
2025,7,4029b134-b543-4f41-8124-e53b51c1ecac,,FREEAGENT,EXECUTED,10,{2C8A1B87-268B-45A5-A0E5-C4A3F61C9BC2},0,DROP,4360310.0,Trevor Lawrence,10.0,0.0,2025-10-15
2025,7,c2894239-a573-4271-8804-8bfc5949724e,,ROSTER,EXECUTED,10,{2C8A1B87-268B-45A5-A0E5-C4A3F61C9BC2},0,DROP,-16030.0,Jaguars D/ST,10.0,0.0,2025-10-14
2025,7,2870b83e-96c3-499c-99ab-7c5322d86e55,,FREEAGENT,EXECUTED,5,{77F704CF-0C76-4984-9A71-8BD39511C19F},0,ADD,4426948.0,Luke McCaffrey,0.0,5.0,2025-10-18
2025,7,7ae54721-e11c-4935-b541-a91903d1aa30,a501f8b4-490f-42cb-9e85-a389c7ef0e81,TRADE_DECLINE,EXECUTED,5,{77F704CF-0C76-4984-9A71-8BD39511C19F},0,,,,,,2025-10-15
2025,7,1dfc43de-778a-4731-b274-aefb24e23fdd,ca2982e3-36dc-41bb-a2bd-8b9e14a8e49a,WAIVER,FAILED_INVALIDPLAYERSOURCE,8,NightlyLeagueUpdateTaskProcessor,6,ADD,-16012.0,Chiefs D/ST,0.0,8.0,2025-10-15
2025,7,1dfc43de-778a-4731-b274-aefb24e23fdd,ca2982e3-36dc-41bb-a2bd-8b9e14a8e49a,WAIVER,FAILED_INVALIDPLAYERSOURCE,8,NightlyLeagueUpdateTaskProcessor,6,DROP,-16026.0,Seahawks D/ST,8.0,0.0,2025-10-15
2025,7,324a0c6c-9e44-4231-bfa2-daef6ae93797,,FREEAGENT,EXECUTED,10,{2C8A1B87-268B-45A5-A0E5-C4A3F61C9BC2},0,ADD,-16003.0,Bears D/ST,0.0,10.0,2025-10-19
2025,7,324a0c6c-9e44-4231-bfa2-daef6ae93797,,FREEAGENT,EXECUTED,10,{2C8A1B87-268B-45A5-A0E5-C4A3F61C9BC2},0,DROP,-16029.0,Panthers D/ST,10.0,0.0,2025-10-19
2025,7,c6c45d56-eeed-485a-bb68-027ac9cfa5aa,daab149f-051b-46fe-bb59-ef4e133e8d60,TRADE_PROPOSAL,CANCELED,7,{430447A7-381F-4E40-AD53-6A9C1F157A25},0,TRADE,16737.0,Mike Evans,7.0,2.0,2025-10-17
2025,7,c6c45d56-eeed-485a-bb68-027ac9cfa5aa,daab149f-051b-46fe-bb59-ef4e133e8d60,TRADE_PROPOSAL,CANCELED,7,{430447A7-381F-4E40-AD53-6A9C1F157A25},0,TRADE,4038815.0,Rico Dowdle,7.0,2.0,2025-10-17
2025,7,c6c45d56-eeed-485a-bb68-027ac9cfa5aa,daab149f-051b-46fe-bb59-ef4e133e8d60,TRADE_PROPOSAL,CANCELED,7,{430447A7-381F-4E40-AD53-6A9C1F157A25},0,TRADE,4362628.0,Ja'Marr Chase,2.0,7.0,2025-10-17
2025,7,5a56a3e2-0908-46e6-8721-9aed1c0647cd,,FREEAGENT,EXECUTED,14,{C2BAB8A3-9ED5-425C-BAB8-A39ED5B25CC2},0,ADD,3127586.0,Jeremy McNichols,0.0,14.0,2025-10-15
2025,7,5a56a3e2-0908-46e6-8721-9aed1c0647cd,,FREEAGENT,EXECUTED,14,{C2BAB8A3-9ED5-425C-BAB8-A39ED5B25CC2},0,DROP,3929645.0,Juwan Johnson,14.0,0.0,2025-10-15
2025,7,23690fde-335b-493b-9c10-66552d305332,4f7513bd-b615-4e03-9a83-13d5eed558a0,WAIVER,FAILED_INVALIDPLAYERSOURCE,3,NightlyLeagueUpdateTaskProcessor,5,ADD,5083076.0,Harold Fannin Jr.,0.0,3.0,2025-10-15
2025,7,23690fde-335b-493b-9c10-66552d305332,4f7513bd-b615-4e03-9a83-13d5eed558a0,WAIVER,FAILED_INVALIDPLAYERSOURCE,3,NightlyLeagueUpdateTaskProcessor,5,DROP,4883647.0,Elic Ayomanor,3.0,0.0,2025-10-15
2025,7,b25192fb-51ea-448d-90fb-0f6b22555066,4917e6b7-a5d6-45b6-9b27-1669d4af25d8,WAIVER,EXECUTED,4,NightlyLeagueUpdateTaskProcessor,5,ADD,4427238.0,Dillon Gabriel,0.0,4.0,2025-10-15
2025,7,b25192fb-51ea-448d-90fb-0f6b22555066,4917e6b7-a5d6-45b6-9b27-1669d4af25d8,WAIVER,EXECUTED,4,NightlyLeagueUpdateTaskProcessor,5,DROP,4635008.0,Keon Coleman,4.0,0.0,2025-10-15
2025,7,80fa5aea-3ec6-4fc2-8baa-4ef9d81a3824,f05fa10d-2efb-41cb-99b9-dbd2cf9fc6d2,WAIVER,CANCELED,10,{2C8A1B87-268B-45A5-A0E5-C4A3F61C9BC2},0,ADD,3045523.0,Kendrick Bourne,0.0,10.0,2025-10-15
2025,7,80fa5aea-3ec6-4fc2-8baa-4ef9d81a3824,f05fa10d-2efb-41cb-99b9-dbd2cf9fc6d2,WAIVER,CANCELED,10,{2C8A1B87-268B-45A5-A0E5-C4A3F61C9BC2},0,DROP,4360310.0,Trevor Lawrence,10.0,0.0,2025-10-15
2025,7,ec4ca706-27ee-41fd-9507-7dead5cc710b,,ROSTER,EXECUTED,5,{77F704CF-0C76-4984-9A71-8BD39511C19F},0,DROP,4685279.0,Jaydon Blue,5.0,0.0,2025-10-14
2025,7,20207594-31a2-47ac-be31-c945b699ee33,6cd6bc1d-c3a0-41ff-ad64-7a590a7e4fcf,WAIVER,CANCELED,3,{C52D799E-6C1C-44B9-8371-9B6AF857D8E8},0,ADD,4429022.0,Kayshon Boutte,0.0,3.0,2025-10-15
2025,7,20207594-31a2-47ac-be31-c945b699ee33,6cd6bc1d-c3a0-41ff-ad64-7a590a7e4fcf,WAIVER,CANCELED,3,{C52D799E-6C1C-44B9-8371-9B6AF857D8E8},0,DROP,4883647.0,Elic Ayomanor,3.0,0.0,2025-10-15
2025,7,11e16720-c77d-4cb2-82f9-bae887316a33,528dd70f-6166-45a7-b2a1-3fa9a090ab22,WAIVER,EXECUTED,1,NightlyLeagueUpdateTaskProcessor,8,ADD,-16012.0,Chiefs D/ST,0.0,1.0,2025-10-15
2025,7,11e16720-c77d-4cb2-82f9-bae887316a33,528dd70f-6166-45a7-b2a1-3fa9a090ab22,WAIVER,EXECUTED,1,NightlyLeagueUpdateTaskProcessor,8,DROP,-16024.0,Chargers D/ST,1.0,0.0,2025-10-15
2025,7,36b53b13-ab5c-4802-99a6-0a05ae636559,0f456d2e-ba9f-416f-a1a5-e41692cc818d,TRADE_DECLINE,EXECUTED,1,{C1E09685-96D1-4750-BA21-8BE16D3BF7CA},0,,,,,,2025-10-14
2025,7,be6c05c2-c9ff-4db6-b0ce-fb077c37e250,,TRADE_PROPOSAL,PENDING,10,{2C8A1B87-268B-45A5-A0E5-C4A3F61C9BC2},0,TRADE,4243331.0,Cade Otton,10.0,5.0,2025-10-17
2025,7,be6c05c2-c9ff-4db6-b0ce-fb077c37e250,,TRADE_PROPOSAL,PENDING,10,{2C8A1B87-268B-45A5-A0E5-C4A3F61C9BC2},0,TRADE,4701936.0,Matthew Golden,5.0,10.0,2025-10-17
2025,7,20d62da5-1d38-4bd3-b70a-9cfa5b3c3836,,TRADE_PROPOSAL,PENDING,10,{2C8A1B87-268B-45A5-A0E5-C4A3F61C9BC2},0,TRADE,3045523.0,Kendrick Bourne,10.0,1.0,2025-10-16
2025,7,20d62da5-1d38-4bd3-b70a-9cfa5b3c3836,,TRADE_PROPOSAL,PENDING,10,{2C8A1B87-268B-45A5-A0E5-C4A3F61C9BC2},0,TRADE,4430968.0,Kimani Vidal,1.0,10.0,2025-10-16
2025,8,ad849b38-f663-4cef-95d3-4a13efa889ec,d2c3546d-77e0-4978-829d-bdbae4e4fe14,TRADE_PROPOSAL,CANCELED,10,{2C8A1B87-268B-45A5-A0E5-C4A3F61C9BC2},0,TRADE,4586312.0,Jaylin Noel,10.0,13.0,2025-10-27
2025,8,ad849b38-f663-4cef-95d3-4a13efa889ec,d2c3546d-77e0-4978-829d-bdbae4e4fe14,TRADE_PROPOSAL,CANCELED,10,{2C8A1B87-268B-45A5-A0E5-C4A3F61C9BC2},0,TRADE,4040655.0,Darnell Mooney,13.0,10.0,2025-10-27
2025,8,0802b668-8641-43a4-9d4b-bfbdaef75af6,40712f4f-26b3-4ff7-8a2f-05f50db0779c,WAIVER,EXECUTED,13,NightlyLeagueUpdateTaskProcessor,10,ADD,11252.0,Joe Flacco,0.0,13.0,2025-10-22
2025,8,0802b668-8641-43a4-9d4b-bfbdaef75af6,40712f4f-26b3-4ff7-8a2f-05f50db0779c,WAIVER,EXECUTED,13,NightlyLeagueUpdateTaskProcessor,10,DROP,4431611.0,Caleb Williams,13.0,0.0,2025-10-22
2025,8,5ceb5ce5-1dac-45d9-953f-c4a2ccd62da8,d3df9117-49c8-4335-b548-84149cdca1e5,TRADE_DECLINE,EXECUTED,5,{77F704CF-0C76-4984-9A71-8BD39511C19F},0,,,,,,2025-10-22
2025,8,38718a0b-e875-418e-b471-d76cfb6bb04d,,TRADE_PROPOSAL,PENDING,10,{2C8A1B87-268B-45A5-A0E5-C4A3F61C9BC2},0,TRADE,4429059.0,Woody Marks,10.0,13.0,2025-10-23
2025,8,38718a0b-e875-418e-b471-d76cfb6bb04d,,TRADE_PROPOSAL,PENDING,10,{2C8A1B87-268B-45A5-A0E5-C4A3F61C9BC2},0,TRADE,4242355.0,Jake Ferguson,10.0,13.0,2025-10-23
2025,8,38718a0b-e875-418e-b471-d76cfb6bb04d,,TRADE_PROPOSAL,PENDING,10,{2C8A1B87-268B-45A5-A0E5-C4A3F61C9BC2},0,TRADE,4379399.0,James Cook III,13.0,10.0,2025-10-23
2025,8,f0d9e1d9-7a17-4235-a1f3-39d852277694,6a239378-83d8-49d5-8065-4f4e62d21c1d,WAIVER,FAILED_INVALIDPLAYERSOURCE,12,NightlyLeagueUpdateTaskProcessor,5,ADD,4596602.0,Brashard Smith,0.0,12.0,2025-10-22
2025,8,f0d9e1d9-7a17-4235-a1f3-39d852277694,6a239378-83d8-49d5-8065-4f4e62d21c1d,WAIVER,FAILED_INVALIDPLAYERSOURCE,12,NightlyLeagueUpdateTaskProcessor,5,DROP,4887558.0,Emanuel Wilson,12.0,0.0,2025-10-22
2025,8,37b8094e-c099-42b4-9149-004bb15c7604,94fcb5e2-def8-46c8-9d9d-c64a9441aed0,WAIVER,EXECUTED,14,NightlyLeagueUpdateTaskProcessor,9,ADD,4595342.0,Oronde Gadsden,0.0,14.0,2025-10-22
2025,8,37b8094e-c099-42b4-9149-004bb15c7604,94fcb5e2-def8-46c8-9d9d-c64a9441aed0,WAIVER,EXECUTED,14,NightlyLeagueUpdateTaskProcessor,9,DROP,4428718.0,Tre Tucker,14.0,0.0,2025-10-22
2025,8,98e10420-6145-414a-8d20-4f94f16b1d85,3467b511-3d9d-4204-8b3b-e393d23a9831,WAIVER,EXECUTED,3,NightlyLeagueUpdateTaskProcessor,6,ADD,4635008.0,Keon Coleman,0.0,3.0,2025-10-22
2025,8,98e10420-6145-414a-8d20-4f94f16b1d85,3467b511-3d9d-4204-8b3b-e393d23a9831,WAIVER,EXECUTED,3,NightlyLeagueUpdateTaskProcessor,6,DROP,4373626.0,Tyler Allgeier,3.0,0.0,2025-10-22
2025,8,15dc2d33-ca52-4737-8fc1-d2cf1b1501c3,38718a0b-e875-418e-b471-d76cfb6bb04d,TRADE_PROPOSAL,CANCELED,10,{2C8A1B87-268B-45A5-A0E5-C4A3F61C9BC2},0,TRADE,4429059.0,Woody Marks,10.0,13.0,2025-10-23
2025,8,15dc2d33-ca52-4737-8fc1-d2cf1b1501c3,38718a0b-e875-418e-b471-d76cfb6bb04d,TRADE_PROPOSAL,CANCELED,10,{2C8A1B87-268B-45A5-A0E5-C4A3F61C9BC2},0,TRADE,4242355.0,Jake Ferguson,10.0,13.0,2025-10-23
2025,8,15dc2d33-ca52-4737-8fc1-d2cf1b1501c3,38718a0b-e875-418e-b471-d76cfb6bb04d,TRADE_PROPOSAL,CANCELED,10,{2C8A1B87-268B-45A5-A0E5-C4A3F61C9BC2},0,TRADE,4379399.0,James Cook III,13.0,10.0,2025-10-23
2025,8,525a2081-2898-488c-afeb-2f85d5671378,400a09e1-5cc8-409f-a3ed-0c8a8a8c3da7,TRADE_DECLINE,EXECUTED,1,{C1E09685-96D1-4750-BA21-8BE16D3BF7CA},0,,,,,,2025-10-24
2025,8,70b18e7a-9f8e-4cb5-94eb-2d4b523e64d4,a4666fb9-d92f-46b4-99f5-0248c6195a8a,WAIVER,EXECUTED,10,NightlyLeagueUpdateTaskProcessor,12,ADD,4373626.0,Tyler Allgeier,0.0,10.0,2025-10-23
2025,8,bb699ce2-c311-4618-9e6d-1e7a50598a89,,FREEAGENT,EXECUTED,8,{00408013-39CF-40FC-8080-1339CFD0FC06},0,ADD,3117256.0,Dalton Schultz,0.0,8.0,2025-10-24
2025,8,bb699ce2-c311-4618-9e6d-1e7a50598a89,,FREEAGENT,EXECUTED,8,{00408013-39CF-40FC-8080-1339CFD0FC06},0,DROP,4569603.0,Malik Washington,8.0,0.0,2025-10-24
2025,8,1e0721de-b60f-4840-9229-39ccef7f60aa,,WAIVER,PENDING,10,{2C8A1B87-268B-45A5-A0E5-C4A3F61C9BC2},6,ADD,4373626.0,Tyler Allgeier,0.0,10.0,2025-10-22
2025,8,a70d15b4-c682-4190-95fa-189993713400,be3abb6a-7a3a-47ae-9799-5b599eb23170,TRADE_ACCEPT,,13,{523D9B8F-8A3C-4523-BD9B-8F8A3C852321},0,,,,,,2025-10-25
2025,8,30c9838d-203a-466b-bfdc-9d2d6b4c1f2d,,ROSTER,EXECUTED,6,{FE8F6865-8A47-4C3A-8D66-0780982B48DD},0,DROP,3116385.0,Joe Mixon,6.0,0.0,2025-10-23
2025,8,b416ffae-0ece-459c-8e72-b7239122172c,,ROSTER,EXECUTED,10,{2C8A1B87-268B-45A5-A0E5-C4A3F61C9BC2},0,DROP,4682652.0,Devin Neal,10.0,0.0,2025-10-23
2025,8,3a5033be-462f-4ea3-8d5f-dbe012d48fc3,008049a4-1948-41fd-9084-20882ab4e150,WAIVER,EXECUTED,12,NightlyLeagueUpdateTaskProcessor,3,ADD,4360078.0,Alec Pierce,0.0,12.0,2025-10-22
2025,8,3a5033be-462f-4ea3-8d5f-dbe012d48fc3,008049a4-1948-41fd-9084-20882ab4e150,WAIVER,EXECUTED,12,NightlyLeagueUpdateTaskProcessor,3,DROP,2576581.0,Chris Moore,12.0,0.0,2025-10-22
2025,8,8c36c771-581d-4304-a0b4-d24d38051050,,FREEAGENT,EXECUTED,14,{C2BAB8A3-9ED5-425C-BAB8-A39ED5B25CC2},0,ADD,4431268.0,Chimere Dike,0.0,14.0,2025-10-25
2025,8,00a02d26-d55c-4acc-9dec-9fbde9e5211d,4841755b-7b45-4096-8fc3-7def7c4cacf5,WAIVER,EXECUTED,3,NightlyLeagueUpdateTaskProcessor,7,ADD,-16024.0,Chargers D/ST,0.0,3.0,2025-10-22
2025,8,00a02d26-d55c-4acc-9dec-9fbde9e5211d,4841755b-7b45-4096-8fc3-7def7c4cacf5,WAIVER,EXECUTED,3,NightlyLeagueUpdateTaskProcessor,7,DROP,-16023.0,Steelers D/ST,3.0,0.0,2025-10-22
2025,8,4fbd7865-8d8a-4e62-9bad-75f9eafc3f46,1e0721de-b60f-4840-9229-39ccef7f60aa,WAIVER,CANCELED,10,{2C8A1B87-268B-45A5-A0E5-C4A3F61C9BC2},0,ADD,4373626.0,Tyler Allgeier,0.0,10.0,2025-10-23
2025,8,f15f58ed-6984-44d3-85ca-82b415ead7b1,,FREEAGENT,EXECUTED,5,{77F704CF-0C76-4984-9A71-8BD39511C19F},0,ADD,-16020.0,Jets D/ST,0.0,5.0,2025-10-22
2025,8,a15b2379-acea-4c20-b4fa-842113b4df46,02f3e97e-1533-4d3e-94bf-aa510a907574,TRADE_DECLINE,EXECUTED,13,{523D9B8F-8A3C-4523-BD9B-8F8A3C852321},0,,,,,,2025-10-21
2025,8,c8718db1-5cbc-4ec9-ac2b-922deeb758d9,,FREEAGENT,EXECUTED,12,{5FCF8F43-6BFC-4593-9364-2E23B55B301D},0,ADD,-16009.0,Packers D/ST,0.0,12.0,2025-10-22
2025,8,c8718db1-5cbc-4ec9-ac2b-922deeb758d9,,FREEAGENT,EXECUTED,12,{5FCF8F43-6BFC-4593-9364-2E23B55B301D},0,DROP,-16005.0,Browns D/ST,12.0,0.0,2025-10-22
2025,8,0265d918-6be1-4f6d-bc34-cf82cc5545cc,,FREEAGENT,EXECUTED,8,{00408013-39CF-40FC-8080-1339CFD0FC06},0,ADD,4586312.0,Jaylin Noel,0.0,8.0,2025-10-23
2025,8,0265d918-6be1-4f6d-bc34-cf82cc5545cc,,FREEAGENT,EXECUTED,8,{00408013-39CF-40FC-8080-1339CFD0FC06},0,DROP,3115306.0,Josh Reynolds,8.0,0.0,2025-10-23
2025,8,d4de80f8-e9a9-402e-8bae-accc30c7b1c9,f1661ca0-5e60-4645-bc9f-d2e336fed18d,TRADE_DECLINE,EXECUTED,8,{00408013-39CF-40FC-8080-1339CFD0FC06},0,,,,,,2025-10-22
2025,8,ac6ffc17-9a94-42f4-aa61-77ee47d18b93,b638f5a4-b642-4b31-b05f-98b8afd2b69b,TRADE_DECLINE,EXECUTED,5,{77F704CF-0C76-4984-9A71-8BD39511C19F},0,,,,,,2025-10-22
2025,8,df3cf568-306f-4fff-8a6d-dd5ef5ca67f1,c6f8b1e2-88b3-4a2e-a27c-6e86fa136dd8,WAIVER,FAILED_INVALIDPLAYERSOURCE,7,NightlyLeagueUpdateTaskProcessor,5,ADD,4595342.0,Oronde Gadsden,0.0,7.0,2025-10-22
2025,8,df3cf568-306f-4fff-8a6d-dd5ef5ca67f1,c6f8b1e2-88b3-4a2e-a27c-6e86fa136dd8,WAIVER,FAILED_INVALIDPLAYERSOURCE,7,NightlyLeagueUpdateTaskProcessor,5,DROP,16737.0,Mike Evans,7.0,0.0,2025-10-22
2025,8,c045e7b7-22f8-4b65-a192-e3c67ab4825f,50483d97-e5e7-46d9-bdeb-8eebeb46dee9,WAIVER,FAILED_INVALIDPLAYERSOURCE,12,NightlyLeagueUpdateTaskProcessor,1,ADD,4695404.0,Isaiah Davis,0.0,12.0,2025-10-22
2025,8,c045e7b7-22f8-4b65-a192-e3c67ab4825f,50483d97-e5e7-46d9-bdeb-8eebeb46dee9,WAIVER,FAILED_INVALIDPLAYERSOURCE,12,NightlyLeagueUpdateTaskProcessor,1,DROP,4887558.0,Emanuel Wilson,12.0,0.0,2025-10-22
2025,8,c91d5990-97a0-43b5-bc60-7bad2ab1d736,,FREEAGENT,EXECUTED,8,{00408013-39CF-40FC-8080-1339CFD0FC06},0,ADD,3115306.0,Josh Reynolds,0.0,8.0,2025-10-23
2025,8,c91d5990-97a0-43b5-bc60-7bad2ab1d736,,FREEAGENT,EXECUTED,8,{00408013-39CF-40FC-8080-1339CFD0FC06},0,DROP,4586312.0,Jaylin Noel,8.0,0.0,2025-10-23
2025,8,3e3ce124-fa52-4298-8378-9ad71c2ca4b0,,FREEAGENT,EXECUTED,1,{C1E09685-96D1-4750-BA21-8BE16D3BF7CA},0,ADD,3054212.0,Jonnu Smith,0.0,1.0,2025-10-22
2025,8,3e3ce124-fa52-4298-8378-9ad71c2ca4b0,,FREEAGENT,EXECUTED,1,{C1E09685-96D1-4750-BA21-8BE16D3BF7CA},0,DROP,4372071.0,Hassan Haskins,1.0,0.0,2025-10-22
2025,8,d2c3546d-77e0-4978-829d-bdbae4e4fe14,,TRADE_PROPOSAL,PENDING,10,{2C8A1B87-268B-45A5-A0E5-C4A3F61C9BC2},0,TRADE,4586312.0,Jaylin Noel,10.0,13.0,2025-10-26
2025,8,d2c3546d-77e0-4978-829d-bdbae4e4fe14,,TRADE_PROPOSAL,PENDING,10,{2C8A1B87-268B-45A5-A0E5-C4A3F61C9BC2},0,TRADE,4040655.0,Darnell Mooney,13.0,10.0,2025-10-26
2025,8,117378f1-9b68-4958-a5e9-5f96a8a7dcf6,,FREEAGENT,EXECUTED,8,{00408013-39CF-40FC-8080-1339CFD0FC06},0,ADD,4808766.0,Mason Taylor,0.0,8.0,2025-10-26
2025,8,117378f1-9b68-4958-a5e9-5f96a8a7dcf6,,FREEAGENT,EXECUTED,8,{00408013-39CF-40FC-8080-1339CFD0FC06},0,DROP,4241463.0,Jerry Jeudy,8.0,0.0,2025-10-26
2025,8,400a09e1-5cc8-409f-a3ed-0c8a8a8c3da7,,TRADE_PROPOSAL,PENDING,10,{2C8A1B87-268B-45A5-A0E5-C4A3F61C9BC2},0,TRADE,4429160.0,De'Von Achane,1.0,10.0,2025-10-24
2025,8,400a09e1-5cc8-409f-a3ed-0c8a8a8c3da7,,TRADE_PROPOSAL,PENDING,10,{2C8A1B87-268B-45A5-A0E5-C4A3F61C9BC2},0,TRADE,4242355.0,Jake Ferguson,10.0,1.0,2025-10-24
2025,8,400a09e1-5cc8-409f-a3ed-0c8a8a8c3da7,,TRADE_PROPOSAL,PENDING,10,{2C8A1B87-268B-45A5-A0E5-C4A3F61C9BC2},0,TRADE,4426385.0,Zach Charbonnet,10.0,1.0,2025-10-24
2025,8,4fb2f340-1846-4c07-912c-5a9355f43c06,ef6f6532-582b-4dc7-a049-ab41814f4c57,TRADE_DECLINE,EXECUTED,1,{C1E09685-96D1-4750-BA21-8BE16D3BF7CA},0,,,,,,2025-10-22
2025,8,0bdb6dc6-0e1e-4902-b425-25747373f03a,,TRADE_PROPOSAL,PENDING,10,{2C8A1B87-268B-45A5-A0E5-C4A3F61C9BC2},0,TRADE,4242355.0,Jake Ferguson,10.0,6.0,2025-10-23
2025,8,0bdb6dc6-0e1e-4902-b425-25747373f03a,,TRADE_PROPOSAL,PENDING,10,{2C8A1B87-268B-45A5-A0E5-C4A3F61C9BC2},0,TRADE,4361579.0,Javonte Williams,6.0,10.0,2025-10-23
2025,8,b166ab8f-4549-4dbe-b4d0-af10db6bf7a4,,ROSTER,EXECUTED,10,{2C8A1B87-268B-45A5-A0E5-C4A3F61C9BC2},0,DROP,4362887.0,Justin Fields,10.0,0.0,2025-10-21
2025,8,13a30102-883c-4f85-bafb-d80185270731,f82ddd54-46d2-433b-983b-8676bfbfbb22,TRADE_DECLINE,EXECUTED,8,{00408013-39CF-40FC-8080-1339CFD0FC06},0,,,,,,2025-10-22
2025,8,225e5ba3-9c14-423d-ae85-cba4e515ed0f,407281cc-bae2-4d62-980f-ae84e3f5fb57,WAIVER,FAILED_AUCTIONBUDGETEXCEEDED,8,NightlyLeagueUpdateTaskProcessor,8,ADD,-16009.0,Packers D/ST,0.0,8.0,2025-10-22
2025,8,ed604fed-2c93-45ec-9e74-d88249e30123,12e04278-de89-49ee-8863-2389f879c2ab,TRADE_DECLINE,EXECUTED,1,{C1E09685-96D1-4750-BA21-8BE16D3BF7CA},0,,,,,,2025-10-22
2025,8,fa3cb1b0-c417-4cc5-97d1-83e245b2d153,a214f6d7-9b15-4667-881c-3468e30a2598,WAIVER,EXECUTED,5,NightlyLeagueUpdateTaskProcessor,5,ADD,4695404.0,Isaiah Davis,0.0,5.0,2025-10-22
2025,8,fa3cb1b0-c417-4cc5-97d1-83e245b2d153,a214f6d7-9b15-4667-881c-3468e30a2598,WAIVER,EXECUTED,5,NightlyLeagueUpdateTaskProcessor,5,DROP,2576925.0,Darren Waller,5.0,0.0,2025-10-22
2025,8,4d92d557-4c01-45a4-a808-b4731d2a34ce,5207603c-ab3a-448e-af57-da19901a0b80,WAIVER,CANCELED,8,{00408013-39CF-40FC-8080-1339CFD0FC06},0,ADD,-16027.0,Buccaneers D/ST,0.0,8.0,2025-10-21
2025,8,4d92d557-4c01-45a4-a808-b4731d2a34ce,5207603c-ab3a-448e-af57-da19901a0b80,WAIVER,CANCELED,8,{00408013-39CF-40FC-8080-1339CFD0FC06},0,DROP,-16026.0,Seahawks D/ST,8.0,0.0,2025-10-21
2025,8,facadc1d-24a5-4b8f-a469-ab9c4cfc1c14,acc70e7c-acc7-42d2-b16b-b5e0a1363a65,TRADE_PROPOSAL,CANCELED,10,TradeTaskProcessor,0,TRADE,4241389.0,CeeDee Lamb,5.0,10.0,2025-10-26
2025,8,facadc1d-24a5-4b8f-a469-ab9c4cfc1c14,acc70e7c-acc7-42d2-b16b-b5e0a1363a65,TRADE_PROPOSAL,CANCELED,10,TradeTaskProcessor,0,TRADE,4242355.0,Jake Ferguson,10.0,5.0,2025-10-26
2025,8,facadc1d-24a5-4b8f-a469-ab9c4cfc1c14,acc70e7c-acc7-42d2-b16b-b5e0a1363a65,TRADE_PROPOSAL,CANCELED,10,TradeTaskProcessor,0,TRADE,4426385.0,Zach Charbonnet,10.0,5.0,2025-10-26
2025,8,b9566566-76eb-487f-b084-33e44354685f,71cf6d28-e248-4f64-94d8-bd5580d3e0df,WAIVER,FAILED_INVALIDPLAYERSOURCE,7,NightlyLeagueUpdateTaskProcessor,3,ADD,5083076.0,Harold Fannin Jr.,0.0,7.0,2025-10-24
2025,8,b9566566-76eb-487f-b084-33e44354685f,71cf6d28-e248-4f64-94d8-bd5580d3e0df,WAIVER,FAILED_INVALIDPLAYERSOURCE,7,NightlyLeagueUpdateTaskProcessor,3,DROP,4685278.0,Luther Burden III,7.0,0.0,2025-10-24
2025,8,49b68eb6-87eb-422b-91d2-de3831140ad7,19201d84-5fe7-40f3-82c1-4d688d4c7822,TRADE_DECLINE,EXECUTED,14,{C2BAB8A3-9ED5-425C-BAB8-A39ED5B25CC2},0,,,,,,2025-10-22
2025,8,02343277-5e81-4c57-9f99-9e0ad81fd414,,ROSTER,EXECUTED,8,{00408013-39CF-40FC-8080-1339CFD0FC06},0,DROP,4599739.0,Kendre Miller,8.0,0.0,2025-10-21
2025,8,2ba88a98-20f5-4132-9219-383360ccc40a,400a09e1-5cc8-409f-a3ed-0c8a8a8c3da7,TRADE_PROPOSAL,CANCELED,10,{C1E09685-96D1-4750-BA21-8BE16D3BF7CA},0,TRADE,4429160.0,De'Von Achane,1.0,10.0,2025-10-24
2025,8,2ba88a98-20f5-4132-9219-383360ccc40a,400a09e1-5cc8-409f-a3ed-0c8a8a8c3da7,TRADE_PROPOSAL,CANCELED,10,{C1E09685-96D1-4750-BA21-8BE16D3BF7CA},0,TRADE,4242355.0,Jake Ferguson,10.0,1.0,2025-10-24
2025,8,2ba88a98-20f5-4132-9219-383360ccc40a,400a09e1-5cc8-409f-a3ed-0c8a8a8c3da7,TRADE_PROPOSAL,CANCELED,10,{C1E09685-96D1-4750-BA21-8BE16D3BF7CA},0,TRADE,4426385.0,Zach Charbonnet,10.0,1.0,2025-10-24
2025,8,575c7db4-ba6d-4d8a-8384-4372fd82750c,,FREEAGENT,EXECUTED,8,{00408013-39CF-40FC-8080-1339CFD0FC06},0,ADD,3115306.0,Josh Reynolds,0.0,8.0,2025-10-23
2025,8,575c7db4-ba6d-4d8a-8384-4372fd82750c,,FREEAGENT,EXECUTED,8,{00408013-39CF-40FC-8080-1339CFD0FC06},0,DROP,5083076.0,Harold Fannin Jr.,8.0,0.0,2025-10-23
2025,8,f2ca8e6c-4a78-4d29-8763-346ec4e5f610,60862559-4edc-44b9-96a7-55f3a98b8cc4,WAIVER,EXECUTED,12,NightlyLeagueUpdateTaskProcessor,1,ADD,4429275.0,Trey Benson,0.0,12.0,2025-10-22
2025,8,f2ca8e6c-4a78-4d29-8763-346ec4e5f610,60862559-4edc-44b9-96a7-55f3a98b8cc4,WAIVER,EXECUTED,12,NightlyLeagueUpdateTaskProcessor,1,DROP,4887558.0,Emanuel Wilson,12.0,0.0,2025-10-22
2025,8,9a3fe4a1-30ff-4c20-8a99-1ece17808da5,9f525050-8595-4188-85d0-a5dcb74027b2,WAIVER,EXECUTED,7,NightlyLeagueUpdateTaskProcessor,6,ADD,4596602.0,Brashard Smith,0.0,7.0,2025-10-22
2025,8,9a3fe4a1-30ff-4c20-8a99-1ece17808da5,9f525050-8595-4188-85d0-a5dcb74027b2,WAIVER,EXECUTED,7,NightlyLeagueUpdateTaskProcessor,6,DROP,16737.0,Mike Evans,7.0,0.0,2025-10-22
2025,8,5760fa5d-5b6a-4d3b-bebd-6ce3311ec93c,,FREEAGENT,EXECUTED,10,{2C8A1B87-268B-45A5-A0E5-C4A3F61C9BC2},0,ADD,4586312.0,Jaylin Noel,0.0,10.0,2025-10-24
2025,8,5760fa5d-5b6a-4d3b-bebd-6ce3311ec93c,,FREEAGENT,EXECUTED,10,{2C8A1B87-268B-45A5-A0E5-C4A3F61C9BC2},0,DROP,4882093.0,Bhayshul Tuten,10.0,0.0,2025-10-24
2025,8,dc621f03-dcc7-41e5-8a6c-f03e35650d77,94be9cc8-ba89-4343-9337-326605fd1803,WAIVER,FAILED_INVALIDPLAYERSOURCE,5,NightlyLeagueUpdateTaskProcessor,4,ADD,-16024.0,Chargers D/ST,0.0,5.0,2025-10-22
2025,8,dc621f03-dcc7-41e5-8a6c-f03e35650d77,94be9cc8-ba89-4343-9337-326605fd1803,WAIVER,FAILED_INVALIDPLAYERSOURCE,5,NightlyLeagueUpdateTaskProcessor,4,DROP,-16008.0,Lions D/ST,5.0,0.0,2025-10-22
2025,8,ed5cb2ea-e9bc-4825-b026-db20d26d5b44,,ROSTER,EXECUTED,4,{8242D4C8-FCD1-4A28-9373-CD282687A8E7},0,DROP,4427238.0,Dillon Gabriel,4.0,0.0,2025-10-21
2025,8,20bc86be-ba35-4a64-a403-177a61170631,,FREEAGENT,EXECUTED,10,{2C8A1B87-268B-45A5-A0E5-C4A3F61C9BC2},0,ADD,4882093.0,Bhayshul Tuten,0.0,10.0,2025-10-23
2025,8,4d9d266c-05e8-47b0-aede-7ca0867649ad,b0aaa20b-2bb0-499f-be89-254b7650537f,WAIVER,FAILED_INVALIDPLAYERSOURCE,7,NightlyLeagueUpdateTaskProcessor,2,ADD,4373626.0,Tyler Allgeier,0.0,7.0,2025-10-23
2025,8,4d9d266c-05e8-47b0-aede-7ca0867649ad,b0aaa20b-2bb0-499f-be89-254b7650537f,WAIVER,FAILED_INVALIDPLAYERSOURCE,7,NightlyLeagueUpdateTaskProcessor,2,DROP,4430871.0,Sean Tucker,7.0,0.0,2025-10-23
2025,8,277139f7-d255-4f6d-b822-a67a99328cd3,be3abb6a-7a3a-47ae-9799-5b599eb23170,TRADE_UPHOLD,EXECUTED,1,{C1E09685-96D1-4750-BA21-8BE16D3BF7CA},0,,,,,,2025-10-25
2025,8,ad23deb9-2d47-414c-89cc-7532b781c187,8a9e3e48-da35-4744-b7ef-806797e4a45b,WAIVER,EXECUTED,3,NightlyLeagueUpdateTaskProcessor,6,ADD,5083076.0,Harold Fannin Jr.,0.0,3.0,2025-10-24
2025,8,ad23deb9-2d47-414c-89cc-7532b781c187,8a9e3e48-da35-4744-b7ef-806797e4a45b,WAIVER,EXECUTED,3,NightlyLeagueUpdateTaskProcessor,6,DROP,3929645.0,Juwan Johnson,3.0,0.0,2025-10-24
2025,8,36614a6b-6dd6-4751-b3c4-435fec7f5b78,0bdb6dc6-0e1e-4902-b425-25747373f03a,TRADE_PROPOSAL,CANCELED,10,{2C8A1B87-268B-45A5-A0E5-C4A3F61C9BC2},0,TRADE,4242355.0,Jake Ferguson,10.0,6.0,2025-10-23
2025,8,36614a6b-6dd6-4751-b3c4-435fec7f5b78,0bdb6dc6-0e1e-4902-b425-25747373f03a,TRADE_PROPOSAL,CANCELED,10,{2C8A1B87-268B-45A5-A0E5-C4A3F61C9BC2},0,TRADE,4361579.0,Javonte Williams,6.0,10.0,2025-10-23
2025,8,03f2d0b9-d2ee-40e1-ae07-a3a2046f56a6,,FREEAGENT,EXECUTED,13,{523D9B8F-8A3C-4523-BD9B-8F8A3C852321},0,ADD,4430034.0,Xavier Legette,0.0,13.0,2025-10-22
2025,8,03f2d0b9-d2ee-40e1-ae07-a3a2046f56a6,,FREEAGENT,EXECUTED,13,{523D9B8F-8A3C-4523-BD9B-8F8A3C852321},0,DROP,4602667.0,Jaylin Lane,13.0,0.0,2025-10-22
2025,8,bdc5ee20-87dd-4f2d-9a64-dbac77fb4618,,FREEAGENT,EXECUTED,10,{2C8A1B87-268B-45A5-A0E5-C4A3F61C9BC2},0,ADD,4882093.0,Bhayshul Tuten,0.0,10.0,2025-10-28
2025,8,f3d01a51-f060-4ed4-874b-53186c66ea23,,FREEAGENT,EXECUTED,6,{FE8F6865-8A47-4C3A-8D66-0780982B48DD},0,ADD,4686422.0,Xavier Hutchinson,0.0,6.0,2025-10-26
2025,8,bee15ab9-a5b1-4dc8-8f68-0395477a659f,59b17e40-8b05-4ac8-bcfb-24ac6b3251d5,WAIVER,FAILED_INVALIDPLAYERSOURCE,1,NightlyLeagueUpdateTaskProcessor,4,ADD,4595342.0,Oronde Gadsden,0.0,1.0,2025-10-22
2025,8,bee15ab9-a5b1-4dc8-8f68-0395477a659f,59b17e40-8b05-4ac8-bcfb-24ac6b3251d5,WAIVER,FAILED_INVALIDPLAYERSOURCE,1,NightlyLeagueUpdateTaskProcessor,4,DROP,2976592.0,Sterling Shepard,1.0,0.0,2025-10-22
2025,8,1bb4f5ff-adde-494b-aa5d-960b88b70001,a7643666-ae68-44ab-aabd-3bb819227498,WAIVER,CANCELED,10,{2C8A1B87-268B-45A5-A0E5-C4A3F61C9BC2},34,ADD,4429275.0,Trey Benson,0.0,10.0,2025-10-21
2025,8,1bb4f5ff-adde-494b-aa5d-960b88b70001,a7643666-ae68-44ab-aabd-3bb819227498,WAIVER,CANCELED,10,{2C8A1B87-268B-45A5-A0E5-C4A3F61C9BC2},34,DROP,4695883.0,Jalen Coker,10.0,0.0,2025-10-21
2025,8,6a792173-4a32-4b67-90e1-0d725f435786,,FREEAGENT,EXECUTED,7,{430447A7-381F-4E40-AD53-6A9C1F157A25},0,ADD,-16014.0,Rams D/ST,0.0,7.0,2025-10-23
2025,8,6a792173-4a32-4b67-90e1-0d725f435786,,FREEAGENT,EXECUTED,7,{430447A7-381F-4E40-AD53-6A9C1F157A25},0,DROP,4430871.0,Sean Tucker,7.0,0.0,2025-10-23
2025,8,43fdf716-e854-40ab-b79e-204f2721fe92,8f16ad94-c02f-442e-b2fc-dad84b4d101d,WAIVER,FAILED_ROSTERLIMIT,8,NightlyLeagueUpdateTaskProcessor,1,ADD,-16033.0,Ravens D/ST,0.0,8.0,2025-10-22
2025,8,c36c1e4e-8eb7-4ab1-af07-e2bc10c0a720,6fd4d07e-29d0-4c23-adbe-5b6e17bc86ff,WAIVER,EXECUTED,13,NightlyLeagueUpdateTaskProcessor,5,ADD,-16002.0,Bills D/ST,0.0,13.0,2025-10-22
2025,8,c36c1e4e-8eb7-4ab1-af07-e2bc10c0a720,6fd4d07e-29d0-4c23-adbe-5b6e17bc86ff,WAIVER,EXECUTED,13,NightlyLeagueUpdateTaskProcessor,5,DROP,-16014.0,Rams D/ST,13.0,0.0,2025-10-22
2025,8,1ea6e221-e064-4210-8af6-30ff9afebb54,,FREEAGENT,EXECUTED,10,{2C8A1B87-268B-45A5-A0E5-C4A3F61C9BC2},0,ADD,4682652.0,Devin Neal,0.0,10.0,2025-10-22
2025,8,5f13f450-b82c-4cf7-8be5-d22e9bdfd5da,,FREEAGENT,EXECUTED,6,{FE8F6865-8A47-4C3A-8D66-0780982B48DD},0,ADD,4431611.0,Caleb Williams,0.0,6.0,2025-10-23
2025,8,5f13f450-b82c-4cf7-8be5-d22e9bdfd5da,,FREEAGENT,EXECUTED,6,{FE8F6865-8A47-4C3A-8D66-0780982B48DD},0,DROP,4243389.0,Calvin Austin III,6.0,0.0,2025-10-23
2025,8,3ca7714d-1b88-4cca-a00c-ff6fd8905ce0,b3d98d90-db97-4dca-8492-614079c6923f,WAIVER,FAILED_INVALIDPLAYERSOURCE,7,NightlyLeagueUpdateTaskProcessor,2,ADD,4695404.0,Isaiah Davis,0.0,7.0,2025-10-22
2025,8,3ca7714d-1b88-4cca-a00c-ff6fd8905ce0,b3d98d90-db97-4dca-8492-614079c6923f,WAIVER,FAILED_INVALIDPLAYERSOURCE,7,NightlyLeagueUpdateTaskProcessor,2,DROP,16737.0,Mike Evans,7.0,0.0,2025-10-22
2025,8,a518d460-8a37-412c-b8ef-da822243d516,,ROSTER,EXECUTED,14,{C2BAB8A3-9ED5-425C-BAB8-A39ED5B25CC2},0,LINEUP,3123076.0,David Njoku,0.0,0.0,2025-10-21
2025,8,a518d460-8a37-412c-b8ef-da822243d516,,ROSTER,EXECUTED,14,{C2BAB8A3-9ED5-425C-BAB8-A39ED5B25CC2},0,DROP,3127586.0,Jeremy McNichols,14.0,0.0,2025-10-21
2025,8,c421b197-7682-485d-8ef8-c97f7df66058,87cd7e29-688f-4842-b14a-20c36137901c,WAIVER,EXECUTED,4,NightlyLeagueUpdateTaskProcessor,1,ADD,3929645.0,Juwan Johnson,0.0,4.0,2025-10-25
2025,8,c421b197-7682-485d-8ef8-c97f7df66058,87cd7e29-688f-4842-b14a-20c36137901c,WAIVER,EXECUTED,4,NightlyLeagueUpdateTaskProcessor,1,DROP,4576297.0,AJ Barner,4.0,0.0,2025-10-25
2025,8,e9e70d6e-29e9-472b-8987-2c18fe30a2a9,681ddea4-91dc-46fa-8b47-223d54363f3b,WAIVER,FAILED_INVALIDPLAYERSOURCE,4,NightlyLeagueUpdateTaskProcessor,6,ADD,4595342.0,Oronde Gadsden,0.0,4.0,2025-10-22
2025,8,e9e70d6e-29e9-472b-8987-2c18fe30a2a9,681ddea4-91dc-46fa-8b47-223d54363f3b,WAIVER,FAILED_INVALIDPLAYERSOURCE,4,NightlyLeagueUpdateTaskProcessor,6,DROP,4576297.0,AJ Barner,4.0,0.0,2025-10-22
2025,8,e1051e71-4fa1-4a04-94d5-381342682430,,ROSTER,EXECUTED,5,{77F704CF-0C76-4984-9A71-8BD39511C19F},0,DROP,4426948.0,Luke McCaffrey,5.0,0.0,2025-10-21
2025,8,64949b73-3a30-43d8-8c66-98afbd9faf10,,ROSTER,EXECUTED,7,{430447A7-381F-4E40-AD53-6A9C1F157A25},0,LINEUP,4596602.0,Brashard Smith,0.0,0.0,2025-10-23
2025,8,64949b73-3a30-43d8-8c66-98afbd9faf10,,ROSTER,EXECUTED,7,{430447A7-381F-4E40-AD53-6A9C1F157A25},0,LINEUP,3042519.0,Aaron Jones Sr.,0.0,0.0,2025-10-23
2025,8,64949b73-3a30-43d8-8c66-98afbd9faf10,,ROSTER,EXECUTED,7,{430447A7-381F-4E40-AD53-6A9C1F157A25},0,DROP,4808766.0,Mason Taylor,7.0,0.0,2025-10-23
2025,8,67e7e940-3405-442a-9a92-65fc0f80ca39,9e0fcdbd-9178-4625-bdc6-2fbe7f0d06e4,WAIVER,FAILED_INVALIDPLAYERSOURCE,12,NightlyLeagueUpdateTaskProcessor,2,ADD,4595342.0,Oronde Gadsden,0.0,12.0,2025-10-22
2025,8,67e7e940-3405-442a-9a92-65fc0f80ca39,9e0fcdbd-9178-4625-bdc6-2fbe7f0d06e4,WAIVER,FAILED_INVALIDPLAYERSOURCE,12,NightlyLeagueUpdateTaskProcessor,2,DROP,2576581.0,Chris Moore,12.0,0.0,2025-10-22
2025,8,7e52533b-1fdf-478c-80e2-56b6457eb44e,,FREEAGENT,EXECUTED,3,{C52D799E-6C1C-44B9-8371-9B6AF857D8E8},0,ADD,3929645.0,Juwan Johnson,0.0,3.0,2025-10-22
2025,8,7e52533b-1fdf-478c-80e2-56b6457eb44e,,FREEAGENT,EXECUTED,3,{C52D799E-6C1C-44B9-8371-9B6AF857D8E8},0,DROP,3117256.0,Dalton Schultz,3.0,0.0,2025-10-22
2025,8,8f6ca020-bb5e-443b-9431-b2ddfcc8945b,,FREEAGENT,EXECUTED,14,{C2BAB8A3-9ED5-425C-BAB8-A39ED5B25CC2},0,ADD,4429148.0,Theo Johnson,0.0,14.0,2025-10-22
2025,8,8f6ca020-bb5e-443b-9431-b2ddfcc8945b,,FREEAGENT,EXECUTED,14,{C2BAB8A3-9ED5-425C-BAB8-A39ED5B25CC2},0,DROP,4429086.0,Michael Mayer,14.0,0.0,2025-10-22
2025,8,a4666fb9-d92f-46b4-99f5-0248c6195a8a,,WAIVER,PENDING,10,{2C8A1B87-268B-45A5-A0E5-C4A3F61C9BC2},12,ADD,4373626.0,Tyler Allgeier,0.0,10.0,2025-10-23
2025,8,f2f28c72-297e-4ef2-bc3b-493b290f515f,9f4ef052-83ba-4403-9b2f-7bd0afa8c2c0,TRADE_DECLINE,EXECUTED,3,{C52D799E-6C1C-44B9-8371-9B6AF857D8E8},0,,,,,,2025-10-22
2025,8,2391833e-ef78-4102-8a3e-6c2189f25a4c,02926929-c47b-431c-9ff1-b7fea3b00721,TRADE_DECLINE,EXECUTED,8,{00408013-39CF-40FC-8080-1339CFD0FC06},0,,,,,,2025-10-21
2025,8,de12891d-9590-4e5b-b55d-7494379a3ff9,d02a2f1d-d6bc-4ceb-8e16-84a8acb7f6ea,WAIVER,EXECUTED,8,NightlyLeagueUpdateTaskProcessor,9,ADD,-16027.0,Buccaneers D/ST,0.0,8.0,2025-10-22
2025,8,fa420003-b39d-4e7e-9e0c-ebe37614fe35,c25c1129-3042-4367-8501-17cd7dc80128,TRADE_PROPOSAL,CANCELED,10,{2C8A1B87-268B-45A5-A0E5-C4A3F61C9BC2},0,TRADE,4242355.0,Jake Ferguson,10.0,14.0,2025-10-23
2025,8,fa420003-b39d-4e7e-9e0c-ebe37614fe35,c25c1129-3042-4367-8501-17cd7dc80128,TRADE_PROPOSAL,CANCELED,10,{2C8A1B87-268B-45A5-A0E5-C4A3F61C9BC2},0,TRADE,3043078.0,Derrick Henry,14.0,10.0,2025-10-23
2025,8,0cbe95a0-27bd-4d3f-9cd2-25a834129a80,,ROSTER,EXECUTED,10,{2C8A1B87-268B-45A5-A0E5-C4A3F61C9BC2},0,DROP,3045523.0,Kendrick Bourne,10.0,0.0,2025-10-21
2025,8,3cbe107e-3d3c-4e8a-9b4c-7c24cfed108e,,FREEAGENT,EXECUTED,8,{00408013-39CF-40FC-8080-1339CFD0FC06},0,ADD,4569603.0,Malik Washington,0.0,8.0,2025-10-24
2025,8,3cbe107e-3d3c-4e8a-9b4c-7c24cfed108e,,FREEAGENT,EXECUTED,8,{00408013-39CF-40FC-8080-1339CFD0FC06},0,DROP,3115306.0,Josh Reynolds,8.0,0.0,2025-10-24
2025,8,aa4de77d-b6c9-44f5-92fd-538999500065,,ROSTER,EXECUTED,10,{2C8A1B87-268B-45A5-A0E5-C4A3F61C9BC2},0,DROP,4695883.0,Jalen Coker,10.0,0.0,2025-10-21
2025,8,a7643666-ae68-44ab-aabd-3bb819227498,,WAIVER,PENDING,10,{2C8A1B87-268B-45A5-A0E5-C4A3F61C9BC2},34,ADD,4429275.0,Trey Benson,0.0,10.0,2025-10-21
2025,8,a7643666-ae68-44ab-aabd-3bb819227498,,WAIVER,PENDING,10,{2C8A1B87-268B-45A5-A0E5-C4A3F61C9BC2},34,DROP,4695883.0,Jalen Coker,10.0,0.0,2025-10-21
2025,8,c25c1129-3042-4367-8501-17cd7dc80128,,TRADE_PROPOSAL,PENDING,10,{2C8A1B87-268B-45A5-A0E5-C4A3F61C9BC2},0,TRADE,4242355.0,Jake Ferguson,10.0,14.0,2025-10-23
2025,8,c25c1129-3042-4367-8501-17cd7dc80128,,TRADE_PROPOSAL,PENDING,10,{2C8A1B87-268B-45A5-A0E5-C4A3F61C9BC2},0,TRADE,3043078.0,Derrick Henry,14.0,10.0,2025-10-23
2025,8,ecf55f99-ef16-4a66-821a-0e12157e16eb,,FREEAGENT,EXECUTED,4,{8242D4C8-FCD1-4A28-9373-CD282687A8E7},0,ADD,3045523.0,Kendrick Bourne,0.0,4.0,2025-10-24
2025,8,acc70e7c-acc7-42d2-b16b-b5e0a1363a65,,TRADE_PROPOSAL,PENDING,10,{2C8A1B87-268B-45A5-A0E5-C4A3F61C9BC2},0,TRADE,4241389.0,CeeDee Lamb,5.0,10.0,2025-10-24
2025,8,acc70e7c-acc7-42d2-b16b-b5e0a1363a65,,TRADE_PROPOSAL,PENDING,10,{2C8A1B87-268B-45A5-A0E5-C4A3F61C9BC2},0,TRADE,4242355.0,Jake Ferguson,10.0,5.0,2025-10-24
2025,8,acc70e7c-acc7-42d2-b16b-b5e0a1363a65,,TRADE_PROPOSAL,PENDING,10,{2C8A1B87-268B-45A5-A0E5-C4A3F61C9BC2},0,TRADE,4426385.0,Zach Charbonnet,10.0,5.0,2025-10-24
2025,9,817c1210-49f1-4588-979a-9ed80a34356e,,FREEAGENT,EXECUTED,10,{2C8A1B87-268B-45A5-A0E5-C4A3F61C9BC2},0,ADD,3916945.0,Darius Slayton,0.0,10.0,2025-10-31
2025,9,9a4cb0af-9905-4176-b66f-56f7c114b095,9241f9e1-9324-4da6-9b21-b02f0cab19b7,WAIVER,EXECUTED,5,NightlyLeagueUpdateTaskProcessor,8,ADD,3116389.0,Samaje Perine,0.0,5.0,2025-10-29
2025,9,c58da93a-f85e-488e-a71d-30081fab3bce,,FREEAGENT,EXECUTED,12,{5FCF8F43-6BFC-4593-9364-2E23B55B301D},0,ADD,4429013.0,Tank Bigsby,0.0,12.0,2025-10-29
2025,9,c58da93a-f85e-488e-a71d-30081fab3bce,,FREEAGENT,EXECUTED,12,{5FCF8F43-6BFC-4593-9364-2E23B55B301D},0,DROP,4608810.0,Tez Johnson,12.0,0.0,2025-10-29
2025,9,f9e3e974-e496-44f1-8313-22b2361bedb3,2661bfcf-5778-4eb2-a548-efee2c21a098,WAIVER,EXECUTED,14,NightlyLeagueUpdateTaskProcessor,1,ADD,-16034.0,Texans D/ST,0.0,14.0,2025-10-31
2025,9,f9e3e974-e496-44f1-8313-22b2361bedb3,2661bfcf-5778-4eb2-a548-efee2c21a098,WAIVER,EXECUTED,14,NightlyLeagueUpdateTaskProcessor,1,DROP,4361741.0,Brock Purdy,14.0,0.0,2025-10-31
2025,9,7195b424-26a9-467f-a30a-a68f3085c2eb,5d34eed1-ecff-4715-a460-9313e2f6049f,WAIVER,EXECUTED,5,NightlyLeagueUpdateTaskProcessor,15,ADD,3059915.0,Kareem Hunt,0.0,5.0,2025-10-29
2025,9,445fd31e-761e-4f62-85b1-68e92b33f3c1,,ROSTER,EXECUTED,10,{2C8A1B87-268B-45A5-A0E5-C4A3F61C9BC2},0,DROP,4586312.0,Jaylin Noel,10.0,0.0,2025-10-31
2025,9,c80a252b-adf1-4d37-ba93-fe26b19fbe3f,157b97f9-c848-4043-b862-76c6a0ddadd0,TRADE_PROPOSAL,CANCELED,4,{8242D4C8-FCD1-4A28-9373-CD282687A8E7},0,TRADE,3929645.0,Juwan Johnson,4.0,13.0,2025-10-29
2025,9,c80a252b-adf1-4d37-ba93-fe26b19fbe3f,157b97f9-c848-4043-b862-76c6a0ddadd0,TRADE_PROPOSAL,CANCELED,4,{8242D4C8-FCD1-4A28-9373-CD282687A8E7},0,TRADE,4379399.0,James Cook III,13.0,4.0,2025-10-29
2025,9,c80a252b-adf1-4d37-ba93-fe26b19fbe3f,157b97f9-c848-4043-b862-76c6a0ddadd0,TRADE_PROPOSAL,CANCELED,4,{8242D4C8-FCD1-4A28-9373-CD282687A8E7},0,TRADE,4429615.0,Zay Flowers,4.0,13.0,2025-10-29
2025,9,ee94cfb6-e551-4e45-970f-781c5214a73a,,FREEAGENT,EXECUTED,12,{5FCF8F43-6BFC-4593-9364-2E23B55B301D},0,ADD,3127586.0,Jeremy McNichols,0.0,12.0,2025-10-29
2025,9,ee94cfb6-e551-4e45-970f-781c5214a73a,,FREEAGENT,EXECUTED,12,{5FCF8F43-6BFC-4593-9364-2E23B55B301D},0,DROP,4360078.0,Alec Pierce,12.0,0.0,2025-10-29
2025,9,9b7eac79-4570-4238-8b2c-6b070c42f2c2,,ROSTER,EXECUTED,13,{523D9B8F-8A3C-4523-BD9B-8F8A3C852321},0,DROP,4430034.0,Xavier Legette,13.0,0.0,2025-10-28
2025,9,8c690c0b-2a53-4e6e-b09d-cdc6d074e0f0,,FREEAGENT,EXECUTED,3,{C52D799E-6C1C-44B9-8371-9B6AF857D8E8},0,ADD,4428718.0,Tre Tucker,0.0,3.0,2025-10-29
2025,9,8c690c0b-2a53-4e6e-b09d-cdc6d074e0f0,,FREEAGENT,EXECUTED,3,{C52D799E-6C1C-44B9-8371-9B6AF857D8E8},0,DROP,3916433.0,Jakobi Meyers,3.0,0.0,2025-10-29
2025,9,02d9bbd8-2fb1-49f7-9e5f-96b8167a7c4b,,ROSTER,EXECUTED,3,{C52D799E-6C1C-44B9-8371-9B6AF857D8E8},0,DROP,4883647.0,Elic Ayomanor,3.0,0.0,2025-10-28
2025,9,a6932c47-1d57-47c7-90ba-78dd5d96b5dd,c1ddfb92-868b-4693-982e-495c93738884,TRADE_DECLINE,EXECUTED,13,{523D9B8F-8A3C-4523-BD9B-8F8A3C852321},0,,,,,,2025-10-29
2025,9,03c801a3-e7bd-4f55-bcdf-0a8219f09d26,6d100f29-9c4c-4587-8cb4-20b72584989c,WAIVER,EXECUTED,1,NightlyLeagueUpdateTaskProcessor,3,ADD,-16033.0,Ravens D/ST,0.0,1.0,2025-10-29
2025,9,03c801a3-e7bd-4f55-bcdf-0a8219f09d26,6d100f29-9c4c-4587-8cb4-20b72584989c,WAIVER,EXECUTED,1,NightlyLeagueUpdateTaskProcessor,3,DROP,-16012.0,Chiefs D/ST,1.0,0.0,2025-10-29
2025,9,f2cf05b3-b6d7-4d83-8cb5-229292342de6,,FREEAGENT,EXECUTED,13,{523D9B8F-8A3C-4523-BD9B-8F8A3C852321},0,ADD,3912547.0,Sam Darnold,0.0,13.0,2025-10-29
2025,9,f2cf05b3-b6d7-4d83-8cb5-229292342de6,,FREEAGENT,EXECUTED,13,{523D9B8F-8A3C-4523-BD9B-8F8A3C852321},0,DROP,11252.0,Joe Flacco,13.0,0.0,2025-10-29
2025,9,3960e067-ca65-46ee-b488-8a9b536a7ddc,4baf1c37-6afe-490a-b122-108dfdf55d48,WAIVER,FAILED_INVALIDPLAYERSOURCE,14,NightlyLeagueUpdateTaskProcessor,7,ADD,3916433.0,Jakobi Meyers,0.0,14.0,2025-10-31
2025,9,3960e067-ca65-46ee-b488-8a9b536a7ddc,4baf1c37-6afe-490a-b122-108dfdf55d48,WAIVER,FAILED_INVALIDPLAYERSOURCE,14,NightlyLeagueUpdateTaskProcessor,7,DROP,4241372.0,Hollywood Brown,14.0,0.0,2025-10-31
2025,9,63613ce2-6d99-4044-bd75-0ba7c5a52d99,ffcace04-af09-41de-8845-1c655d45c681,WAIVER,EXECUTED,13,NightlyLeagueUpdateTaskProcessor,5,ADD,4569603.0,Malik Washington,0.0,13.0,2025-10-29
2025,9,5e37999a-09f4-47c4-8f13-aa0edfa01b33,,ROSTER,EXECUTED,5,{77F704CF-0C76-4984-9A71-8BD39511C19F},0,DROP,-16020.0,Jets D/ST,5.0,0.0,2025-10-28
2025,9,1aa89869-b66f-4d45-8417-f5f8d0bac79f,,FREEAGENT,EXECUTED,1,{C1E09685-96D1-4750-BA21-8BE16D3BF7CA},0,ADD,11252.0,Joe Flacco,0.0,1.0,2025-10-31
2025,9,6d34a0c4-055a-4474-aa07-299c6ce1b582,bb8ac1ce-a294-4211-b492-8b2c873487e9,TRADE_DECLINE,EXECUTED,5,{77F704CF-0C76-4984-9A71-8BD39511C19F},0,,,,,,2025-11-02
2025,9,ff1e7213-405f-4dca-9c66-bac1887e2198,d61e75a7-c32e-4ff7-8597-aaeb8da3ad98,WAIVER,FAILED_INVALIDPLAYERSOURCE,7,NightlyLeagueUpdateTaskProcessor,2,ADD,3059915.0,Kareem Hunt,0.0,7.0,2025-10-29
2025,9,ff1e7213-405f-4dca-9c66-bac1887e2198,d61e75a7-c32e-4ff7-8597-aaeb8da3ad98,WAIVER,FAILED_INVALIDPLAYERSOURCE,7,NightlyLeagueUpdateTaskProcessor,2,DROP,4685278.0,Luther Burden III,7.0,0.0,2025-10-29
2025,9,f303ed76-340f-4e21-834c-eb0ecc042326,06827593-9aa4-44b3-a971-257518411e7c,WAIVER,EXECUTED,7,NightlyLeagueUpdateTaskProcessor,2,ADD,4723086.0,Colston Loveland,0.0,7.0,2025-10-29
2025,9,f303ed76-340f-4e21-834c-eb0ecc042326,06827593-9aa4-44b3-a971-257518411e7c,WAIVER,EXECUTED,7,NightlyLeagueUpdateTaskProcessor,2,DROP,4685278.0,Luther Burden III,7.0,0.0,2025-10-29
2025,9,55ffd170-484d-4874-8ee5-f9dfffbb5b31,,FREEAGENT,EXECUTED,3,{C52D799E-6C1C-44B9-8371-9B6AF857D8E8},0,ADD,4243389.0,Calvin Austin III,0.0,3.0,2025-10-31
2025,9,60cfe4b8-b909-4972-acf2-cc2c64ec4d9e,3667c239-1940-463e-b964-e2467a2952d7,WAIVER,EXECUTED,1,NightlyLeagueUpdateTaskProcessor,1,ADD,3045523.0,Kendrick Bourne,0.0,1.0,2025-11-01
2025,9,60cfe4b8-b909-4972-acf2-cc2c64ec4d9e,3667c239-1940-463e-b964-e2467a2952d7,WAIVER,EXECUTED,1,NightlyLeagueUpdateTaskProcessor,1,DROP,3054212.0,Jonnu Smith,1.0,0.0,2025-11-01
2025,9,79e08414-ee58-49f7-a628-5ebc815be257,f09d375b-ef93-4650-ba66-90a249cf3848,TRADE_PROPOSAL,CANCELED,10,{2C8A1B87-268B-45A5-A0E5-C4A3F61C9BC2},0,TRADE,-16014.0,Rams D/ST,7.0,10.0,2025-10-29
2025,9,79e08414-ee58-49f7-a628-5ebc815be257,f09d375b-ef93-4650-ba66-90a249cf3848,TRADE_PROPOSAL,CANCELED,10,{2C8A1B87-268B-45A5-A0E5-C4A3F61C9BC2},0,TRADE,4373626.0,Tyler Allgeier,10.0,7.0,2025-10-29
2025,9,9282a555-bc16-4322-973e-14bb37096ad3,504b16e6-1b50-4115-9582-51074781a4a8,WAIVER,FAILED_INVALIDPLAYERSOURCE,13,NightlyLeagueUpdateTaskProcessor,10,ADD,3916433.0,Jakobi Meyers,0.0,13.0,2025-10-31
2025,9,9282a555-bc16-4322-973e-14bb37096ad3,504b16e6-1b50-4115-9582-51074781a4a8,WAIVER,FAILED_INVALIDPLAYERSOURCE,13,NightlyLeagueUpdateTaskProcessor,10,DROP,2976592.0,Sterling Shepard,13.0,0.0,2025-10-31
2025,9,bb8ac1ce-a294-4211-b492-8b2c873487e9,,TRADE_PROPOSAL,PENDING,10,{2C8A1B87-268B-45A5-A0E5-C4A3F61C9BC2},0,TRADE,3916433.0,Jakobi Meyers,10.0,5.0,2025-11-02
2025,9,bb8ac1ce-a294-4211-b492-8b2c873487e9,,TRADE_PROPOSAL,PENDING,10,{2C8A1B87-268B-45A5-A0E5-C4A3F61C9BC2},0,TRADE,4426385.0,Zach Charbonnet,10.0,5.0,2025-11-02
2025,9,bb8ac1ce-a294-4211-b492-8b2c873487e9,,TRADE_PROPOSAL,PENDING,10,{2C8A1B87-268B-45A5-A0E5-C4A3F61C9BC2},0,TRADE,4429059.0,Woody Marks,10.0,5.0,2025-11-02
2025,9,bb8ac1ce-a294-4211-b492-8b2c873487e9,,TRADE_PROPOSAL,PENDING,10,{2C8A1B87-268B-45A5-A0E5-C4A3F61C9BC2},0,TRADE,4596448.0,Bucky Irving,5.0,10.0,2025-11-02
2025,9,bb8ac1ce-a294-4211-b492-8b2c873487e9,,TRADE_PROPOSAL,PENDING,10,{2C8A1B87-268B-45A5-A0E5-C4A3F61C9BC2},0,TRADE,16800.0,Davante Adams,5.0,10.0,2025-11-02
2025,9,eb20b8bb-4187-44ed-bb1d-19a7cd62c31d,e9fda696-d868-422d-b50b-938bd790da10,TRADE_DECLINE,EXECUTED,5,{77F704CF-0C76-4984-9A71-8BD39511C19F},0,,,,,,2025-10-28
2025,9,39b9484f-6fe3-4e8d-be87-4ee85838a64e,5835fb91-0611-48f4-92a5-27d023dd7755,WAIVER,FAILED_INVALIDPLAYERSOURCE,1,NightlyLeagueUpdateTaskProcessor,4,ADD,3059915.0,Kareem Hunt,0.0,1.0,2025-10-29
2025,9,39b9484f-6fe3-4e8d-be87-4ee85838a64e,5835fb91-0611-48f4-92a5-27d023dd7755,WAIVER,FAILED_INVALIDPLAYERSOURCE,1,NightlyLeagueUpdateTaskProcessor,4,DROP,3054212.0,Jonnu Smith,1.0,0.0,2025-10-29
2025,9,2f3ab826-e483-4380-b2cf-a8518bc5796d,c99f0d3a-a66b-464e-9f70-c64ee399f0ad,TRADE_DECLINE,EXECUTED,13,{523D9B8F-8A3C-4523-BD9B-8F8A3C852321},0,,,,,,2025-10-30
2025,9,ff611012-4d41-48dc-9713-0507db83a1c0,,FREEAGENT,EXECUTED,3,{C52D799E-6C1C-44B9-8371-9B6AF857D8E8},0,ADD,4360078.0,Alec Pierce,0.0,3.0,2025-10-31
2025,9,ff611012-4d41-48dc-9713-0507db83a1c0,,FREEAGENT,EXECUTED,3,{C52D799E-6C1C-44B9-8371-9B6AF857D8E8},0,DROP,4243389.0,Calvin Austin III,3.0,0.0,2025-10-31
2025,9,865af474-d18e-4d7a-a089-d86e13503788,,FREEAGENT,EXECUTED,4,{8242D4C8-FCD1-4A28-9373-CD282687A8E7},0,ADD,4362452.0,Jaret Patterson,0.0,4.0,2025-11-02
2025,9,865af474-d18e-4d7a-a089-d86e13503788,,FREEAGENT,EXECUTED,4,{8242D4C8-FCD1-4A28-9373-CD282687A8E7},0,DROP,4429096.0,Blake Corum,4.0,0.0,2025-11-02
2025,9,ac8075be-ec58-4eaa-8143-39a4254606a8,,ROSTER,EXECUTED,13,{523D9B8F-8A3C-4523-BD9B-8F8A3C852321},0,DROP,4696981.0,Cam Skattebo,13.0,0.0,2025-10-29
2025,9,f08ae968-b261-405a-89a6-e10ac55551e8,0a3df5e6-5de1-4164-9be9-525514fae2a5,WAIVER,FAILED_PLAYERALREADYDROPPED,7,NightlyLeagueUpdateTaskProcessor,1,ADD,4428718.0,Tre Tucker,0.0,7.0,2025-10-29
2025,9,f08ae968-b261-405a-89a6-e10ac55551e8,0a3df5e6-5de1-4164-9be9-525514fae2a5,WAIVER,FAILED_PLAYERALREADYDROPPED,7,NightlyLeagueUpdateTaskProcessor,1,DROP,4685278.0,Luther Burden III,7.0,0.0,2025-10-29
2025,9,f8d991b0-aaa9-47d9-ae2e-6db5f11951ed,bb8ac1ce-a294-4211-b492-8b2c873487e9,TRADE_PROPOSAL,CANCELED,10,{77F704CF-0C76-4984-9A71-8BD39511C19F},0,TRADE,3916433.0,Jakobi Meyers,10.0,5.0,2025-11-02
2025,9,f8d991b0-aaa9-47d9-ae2e-6db5f11951ed,bb8ac1ce-a294-4211-b492-8b2c873487e9,TRADE_PROPOSAL,CANCELED,10,{77F704CF-0C76-4984-9A71-8BD39511C19F},0,TRADE,4426385.0,Zach Charbonnet,10.0,5.0,2025-11-02
2025,9,f8d991b0-aaa9-47d9-ae2e-6db5f11951ed,bb8ac1ce-a294-4211-b492-8b2c873487e9,TRADE_PROPOSAL,CANCELED,10,{77F704CF-0C76-4984-9A71-8BD39511C19F},0,TRADE,4429059.0,Woody Marks,10.0,5.0,2025-11-02
2025,9,f8d991b0-aaa9-47d9-ae2e-6db5f11951ed,bb8ac1ce-a294-4211-b492-8b2c873487e9,TRADE_PROPOSAL,CANCELED,10,{77F704CF-0C76-4984-9A71-8BD39511C19F},0,TRADE,4596448.0,Bucky Irving,5.0,10.0,2025-11-02
2025,9,f8d991b0-aaa9-47d9-ae2e-6db5f11951ed,bb8ac1ce-a294-4211-b492-8b2c873487e9,TRADE_PROPOSAL,CANCELED,10,{77F704CF-0C76-4984-9A71-8BD39511C19F},0,TRADE,16800.0,Davante Adams,5.0,10.0,2025-11-02
2025,9,0297b4df-2f26-40dc-beb5-fc2c8ee260bf,fd9381be-eb02-4862-8c63-9943179894aa,TRADE_DECLINE,EXECUTED,1,{C1E09685-96D1-4750-BA21-8BE16D3BF7CA},0,,,,,,2025-10-30
2025,9,3115b06c-3708-4fbc-85e9-c9672bd82ee3,,FREEAGENT,EXECUTED,10,{2C8A1B87-268B-45A5-A0E5-C4A3F61C9BC2},0,ADD,4427600.0,Terrell Jennings,0.0,10.0,2025-10-31
2025,9,3115b06c-3708-4fbc-85e9-c9672bd82ee3,,FREEAGENT,EXECUTED,10,{2C8A1B87-268B-45A5-A0E5-C4A3F61C9BC2},0,DROP,4373626.0,Tyler Allgeier,10.0,0.0,2025-10-31
2025,9,f330018c-7b48-49b3-9643-eb1ecaaef6dc,8589edfe-66af-44c4-b4c3-1b7cc68dded7,WAIVER,EXECUTED,10,NightlyLeagueUpdateTaskProcessor,22,ADD,3916433.0,Jakobi Meyers,0.0,10.0,2025-10-31
2025,9,f330018c-7b48-49b3-9643-eb1ecaaef6dc,8589edfe-66af-44c4-b4c3-1b7cc68dded7,WAIVER,EXECUTED,10,NightlyLeagueUpdateTaskProcessor,22,DROP,4882093.0,Bhayshul Tuten,10.0,0.0,2025-10-31
2025,9,c989c0a6-8d59-407f-b51d-5ada8a9f5bc6,,ROSTER,EXECUTED,8,{00408013-39CF-40FC-8080-1339CFD0FC06},0,DROP,-16027.0,Buccaneers D/ST,8.0,0.0,2025-10-28
2025,9,06e47520-940f-4e09-bad2-a913a5faf90e,,ROSTER,EXECUTED,5,{77F704CF-0C76-4984-9A71-8BD39511C19F},0,DROP,4240657.0,Michael Carter,5.0,0.0,2025-10-28
2025,9,4762d97c-f0ae-4a34-964f-ff93a78bb036,,FREEAGENT,EXECUTED,8,{00408013-39CF-40FC-8080-1339CFD0FC06},0,ADD,4597703.0,Tory Horton,0.0,8.0,2025-11-02
2025,9,4762d97c-f0ae-4a34-964f-ff93a78bb036,,FREEAGENT,EXECUTED,8,{00408013-39CF-40FC-8080-1339CFD0FC06},0,DROP,4808766.0,Mason Taylor,8.0,0.0,2025-11-02
2025,9,8e66e029-aa85-4029-9766-c5fb5a9303fe,6eb1f3c7-8b8d-45a0-897f-f4cf3cc65a92,WAIVER,FAILED_PLAYERALREADYDROPPED,5,NightlyLeagueUpdateTaskProcessor,5,ADD,4429096.0,Blake Corum,0.0,5.0,2025-10-29
2025,9,8e66e029-aa85-4029-9766-c5fb5a9303fe,6eb1f3c7-8b8d-45a0-897f-f4cf3cc65a92,WAIVER,FAILED_PLAYERALREADYDROPPED,5,NightlyLeagueUpdateTaskProcessor,5,DROP,4695404.0,Isaiah Davis,5.0,0.0,2025-10-29
2025,9,99a36a79-a007-421f-ae79-8d3c551b2dec,,FREEAGENT,EXECUTED,2,{6AC115FA-3A0D-4948-8115-FA3A0DD94826},0,ADD,-16030.0,Jaguars D/ST,0.0,2.0,2025-10-29
2025,9,99a36a79-a007-421f-ae79-8d3c551b2dec,,FREEAGENT,EXECUTED,2,{6AC115FA-3A0D-4948-8115-FA3A0DD94826},0,DROP,-16034.0,Texans D/ST,2.0,0.0,2025-10-29
2025,9,8589edfe-66af-44c4-b4c3-1b7cc68dded7,,WAIVER,PENDING,10,{2C8A1B87-268B-45A5-A0E5-C4A3F61C9BC2},22,ADD,3916433.0,Jakobi Meyers,0.0,10.0,2025-10-29
2025,9,8589edfe-66af-44c4-b4c3-1b7cc68dded7,,WAIVER,PENDING,10,{2C8A1B87-268B-45A5-A0E5-C4A3F61C9BC2},22,DROP,4882093.0,Bhayshul Tuten,10.0,0.0,2025-10-29
2025,9,f09d375b-ef93-4650-ba66-90a249cf3848,,TRADE_PROPOSAL,PENDING,10,{2C8A1B87-268B-45A5-A0E5-C4A3F61C9BC2},0,TRADE,-16014.0,Rams D/ST,7.0,10.0,2025-10-29
2025,9,f09d375b-ef93-4650-ba66-90a249cf3848,,TRADE_PROPOSAL,PENDING,10,{2C8A1B87-268B-45A5-A0E5-C4A3F61C9BC2},0,TRADE,4373626.0,Tyler Allgeier,10.0,7.0,2025-10-29
2025,9,c9d3d20d-94de-40c7-9209-10a1a9e060c9,658fbf7e-0a2f-4994-85c3-de33a26ede3e,WAIVER,EXECUTED,5,NightlyLeagueUpdateTaskProcessor,10,ADD,4887558.0,Emanuel Wilson,0.0,5.0,2025-10-29
2025,9,c9d3d20d-94de-40c7-9209-10a1a9e060c9,658fbf7e-0a2f-4994-85c3-de33a26ede3e,WAIVER,EXECUTED,5,NightlyLeagueUpdateTaskProcessor,10,DROP,4695404.0,Isaiah Davis,5.0,0.0,2025-10-29
2025,9,ba3c2243-dd2d-4859-a354-bac968284cf6,,FREEAGENT,EXECUTED,4,{8242D4C8-FCD1-4A28-9373-CD282687A8E7},0,ADD,4429096.0,Blake Corum,0.0,4.0,2025-10-31
2025,9,ba3c2243-dd2d-4859-a354-bac968284cf6,,FREEAGENT,EXECUTED,4,{8242D4C8-FCD1-4A28-9373-CD282687A8E7},0,DROP,3045523.0,Kendrick Bourne,4.0,0.0,2025-10-31
2025,9,a26b476b-d2a1-4f97-aeb3-4388c22ecb4c,42fec111-a2c9-4a92-bb31-ae76b7b522fa,WAIVER,FAILED_INVALIDPLAYERSOURCE,8,NightlyLeagueUpdateTaskProcessor,4,ADD,3916433.0,Jakobi Meyers,0.0,8.0,2025-10-31
2025,9,a26b476b-d2a1-4f97-aeb3-4388c22ecb4c,42fec111-a2c9-4a92-bb31-ae76b7b522fa,WAIVER,FAILED_INVALIDPLAYERSOURCE,8,NightlyLeagueUpdateTaskProcessor,4,DROP,4808766.0,Mason Taylor,8.0,0.0,2025-10-31
2025,9,f2e76477-d0dd-4359-9f39-77f94a0cf02b,e1192e85-ebd1-4c74-87fe-6c5a366bf541,TRADE_DECLINE,EXECUTED,4,{8242D4C8-FCD1-4A28-9373-CD282687A8E7},0,,,,,,2025-10-29
2025,10,fe353625-8fe4-4bf4-9b7e-efbfe9f4628a,,FREEAGENT,EXECUTED,10,{2C8A1B87-268B-45A5-A0E5-C4A3F61C9BC2},0,ADD,4362619.0,Chris Rodriguez Jr.,0.0,10.0,2025-11-09
2025,10,d87f093e-f664-4442-ad48-e489ea7fc940,,TRADE_PROPOSAL,PENDING,10,{2C8A1B87-268B-45A5-A0E5-C4A3F61C9BC2},0,TRADE,3916433.0,Jakobi Meyers,10.0,14.0,2025-11-05
2025,10,d87f093e-f664-4442-ad48-e489ea7fc940,,TRADE_PROPOSAL,PENDING,10,{2C8A1B87-268B-45A5-A0E5-C4A3F61C9BC2},0,TRADE,4426385.0,Zach Charbonnet,10.0,14.0,2025-11-05
2025,10,d87f093e-f664-4442-ad48-e489ea7fc940,,TRADE_PROPOSAL,PENDING,10,{2C8A1B87-268B-45A5-A0E5-C4A3F61C9BC2},0,TRADE,4262921.0,Justin Jefferson,10.0,14.0,2025-11-05
2025,10,d87f093e-f664-4442-ad48-e489ea7fc940,,TRADE_PROPOSAL,PENDING,10,{2C8A1B87-268B-45A5-A0E5-C4A3F61C9BC2},0,TRADE,4047646.0,A.J. Brown,14.0,10.0,2025-11-05
2025,10,d87f093e-f664-4442-ad48-e489ea7fc940,,TRADE_PROPOSAL,PENDING,10,{2C8A1B87-268B-45A5-A0E5-C4A3F61C9BC2},0,TRADE,4430737.0,Kyren Williams,14.0,10.0,2025-11-05
2025,10,64c47c78-93ab-4090-af95-44345a0a4f5e,,FREEAGENT,EXECUTED,5,{77F704CF-0C76-4984-9A71-8BD39511C19F},0,ADD,3915411.0,Ty Johnson,0.0,5.0,2025-11-05
2025,10,64c47c78-93ab-4090-af95-44345a0a4f5e,,FREEAGENT,EXECUTED,5,{77F704CF-0C76-4984-9A71-8BD39511C19F},0,DROP,4362478.0,Emari Demercado,5.0,0.0,2025-11-05
2025,10,7888aeea-09ca-4a66-b4f9-7c14616055c6,,ROSTER,EXECUTED,7,{430447A7-381F-4E40-AD53-6A9C1F157A25},0,DROP,4596602.0,Brashard Smith,7.0,0.0,2025-11-05
2025,10,cb82404c-8c17-4f27-b0ba-4a10cea9e462,ca932e0d-6f0d-4a50-a4bd-bb9bfb9d4372,TRADE_DECLINE,EXECUTED,6,{FE8F6865-8A47-4C3A-8D66-0780982B48DD},0,,,,,,2025-11-05
2025,10,3caf6d30-101f-4d67-8f38-d2e732e1185e,c3b75d8c-d852-443b-843f-c06bbb050b21,WAIVER,EXECUTED,7,NightlyLeagueUpdateTaskProcessor,2,ADD,4361050.0,Isaiah Likely,0.0,7.0,2025-11-05
2025,10,0aae0bdb-cada-48e2-a072-5bac30669f69,,FREEAGENT,EXECUTED,8,{00408013-39CF-40FC-8080-1339CFD0FC06},0,ADD,4361741.0,Brock Purdy,0.0,8.0,2025-11-06
2025,10,0aae0bdb-cada-48e2-a072-5bac30669f69,,FREEAGENT,EXECUTED,8,{00408013-39CF-40FC-8080-1339CFD0FC06},0,DROP,4241463.0,Jerry Jeudy,8.0,0.0,2025-11-06
2025,10,3e95f8aa-f374-4549-83af-c2a2ac028fa8,c90a3e48-13ec-4f5c-b45d-c8563e0c4768,WAIVER,EXECUTED,7,NightlyLeagueUpdateTaskProcessor,3,ADD,4608810.0,Tez Johnson,0.0,7.0,2025-11-05
2025,10,434a56ce-bb51-4a9c-adec-43dd995ab1c6,6fe8197a-4eba-474b-b0dc-916276debf6f,TRADE_PROPOSAL,CANCELED,10,{00408013-39CF-40FC-8080-1339CFD0FC06},0,TRADE,3916433.0,Jakobi Meyers,10.0,6.0,2025-11-09
2025,10,434a56ce-bb51-4a9c-adec-43dd995ab1c6,6fe8197a-4eba-474b-b0dc-916276debf6f,TRADE_PROPOSAL,CANCELED,10,{00408013-39CF-40FC-8080-1339CFD0FC06},0,TRADE,4568490.0,RJ Harvey,6.0,10.0,2025-11-09
2025,10,f20ff4da-3a2c-44de-a2b5-f7e0aa409db1,61c4de3e-54be-440b-bbd6-20ab0d6beb35,TRADE_PROPOSAL,CANCELED,10,{2C8A1B87-268B-45A5-A0E5-C4A3F61C9BC2},0,TRADE,3916945.0,Darius Slayton,10.0,5.0,2025-11-09
2025,10,f20ff4da-3a2c-44de-a2b5-f7e0aa409db1,61c4de3e-54be-440b-bbd6-20ab0d6beb35,TRADE_PROPOSAL,CANCELED,10,{2C8A1B87-268B-45A5-A0E5-C4A3F61C9BC2},0,TRADE,4241416.0,Chuba Hubbard,10.0,5.0,2025-11-09
2025,10,f20ff4da-3a2c-44de-a2b5-f7e0aa409db1,61c4de3e-54be-440b-bbd6-20ab0d6beb35,TRADE_PROPOSAL,CANCELED,10,{2C8A1B87-268B-45A5-A0E5-C4A3F61C9BC2},0,TRADE,4596448.0,Bucky Irving,5.0,10.0,2025-11-09
2025,10,e6c31765-ba5f-48c2-afea-a2186efb5790,,FREEAGENT,EXECUTED,14,{C2BAB8A3-9ED5-425C-BAB8-A39ED5B25CC2},0,ADD,4433970.0,J.J. McCarthy,0.0,14.0,2025-11-05
2025,10,e6c31765-ba5f-48c2-afea-a2186efb5790,,FREEAGENT,EXECUTED,14,{C2BAB8A3-9ED5-425C-BAB8-A39ED5B25CC2},0,DROP,4360423.0,Michael Penix Jr.,14.0,0.0,2025-11-05
2025,10,b0f3bbd0-c91d-44b7-8f90-5ca53f679c7c,3c0dd0ea-ef77-4534-9ca5-15098d224b6c,TRADE_PROPOSAL,CANCELED,10,{2C8A1B87-268B-45A5-A0E5-C4A3F61C9BC2},0,TRADE,4567750.0,Emeka Egbuka,12.0,10.0,2025-11-06
2025,10,b0f3bbd0-c91d-44b7-8f90-5ca53f679c7c,3c0dd0ea-ef77-4534-9ca5-15098d224b6c,TRADE_PROPOSAL,CANCELED,10,{2C8A1B87-268B-45A5-A0E5-C4A3F61C9BC2},0,TRADE,4429275.0,Trey Benson,12.0,10.0,2025-11-06
2025,10,b0f3bbd0-c91d-44b7-8f90-5ca53f679c7c,3c0dd0ea-ef77-4534-9ca5-15098d224b6c,TRADE_PROPOSAL,CANCELED,10,{2C8A1B87-268B-45A5-A0E5-C4A3F61C9BC2},0,TRADE,4262921.0,Justin Jefferson,10.0,12.0,2025-11-06
2025,10,b0f3bbd0-c91d-44b7-8f90-5ca53f679c7c,3c0dd0ea-ef77-4534-9ca5-15098d224b6c,TRADE_PROPOSAL,CANCELED,10,{2C8A1B87-268B-45A5-A0E5-C4A3F61C9BC2},0,DROP,4427728.0,Bam Knight,10.0,0.0,2025-11-06
2025,10,30b1fb2d-7eb8-489e-bb9c-0f3fd32e2d97,245905b7-8015-4602-8ee0-d3f4bf258110,WAIVER,EXECUTED,2,NightlyLeagueUpdateTaskProcessor,17,ADD,4427095.0,DeMario Douglas,0.0,2.0,2025-11-05
2025,10,30b1fb2d-7eb8-489e-bb9c-0f3fd32e2d97,245905b7-8015-4602-8ee0-d3f4bf258110,WAIVER,EXECUTED,2,NightlyLeagueUpdateTaskProcessor,17,DROP,-16030.0,Jaguars D/ST,2.0,0.0,2025-11-05
2025,10,36dd42e1-cd6c-4194-a82e-451395a079fb,d2882a1e-bcd1-4fe3-b5f1-60739f3c7c50,WAIVER,FAILED_PLAYERALREADYDROPPED,1,NightlyLeagueUpdateTaskProcessor,1,ADD,3895856.0,Christian Kirk,0.0,1.0,2025-11-05
2025,10,36dd42e1-cd6c-4194-a82e-451395a079fb,d2882a1e-bcd1-4fe3-b5f1-60739f3c7c50,WAIVER,FAILED_PLAYERALREADYDROPPED,1,NightlyLeagueUpdateTaskProcessor,1,DROP,3045523.0,Kendrick Bourne,1.0,0.0,2025-11-05
2025,10,4effc3b4-546d-4c89-b87a-4945781ea61e,2ed17375-aebb-4117-992e-5bcfc4269fd5,TRADE_PROPOSAL,CANCELED,10,{77F704CF-0C76-4984-9A71-8BD39511C19F},0,TRADE,3916433.0,Jakobi Meyers,10.0,5.0,2025-11-08
2025,10,4effc3b4-546d-4c89-b87a-4945781ea61e,2ed17375-aebb-4117-992e-5bcfc4269fd5,TRADE_PROPOSAL,CANCELED,10,{77F704CF-0C76-4984-9A71-8BD39511C19F},0,TRADE,4426385.0,Zach Charbonnet,10.0,5.0,2025-11-08
2025,10,4effc3b4-546d-4c89-b87a-4945781ea61e,2ed17375-aebb-4117-992e-5bcfc4269fd5,TRADE_PROPOSAL,CANCELED,10,{77F704CF-0C76-4984-9A71-8BD39511C19F},0,TRADE,4608686.0,Kyle Monangai,10.0,5.0,2025-11-08
2025,10,4effc3b4-546d-4c89-b87a-4945781ea61e,2ed17375-aebb-4117-992e-5bcfc4269fd5,TRADE_PROPOSAL,CANCELED,10,{77F704CF-0C76-4984-9A71-8BD39511C19F},0,TRADE,4372016.0,Jaylen Waddle,5.0,10.0,2025-11-08
2025,10,4effc3b4-546d-4c89-b87a-4945781ea61e,2ed17375-aebb-4117-992e-5bcfc4269fd5,TRADE_PROPOSAL,CANCELED,10,{77F704CF-0C76-4984-9A71-8BD39511C19F},0,TRADE,4596448.0,Bucky Irving,5.0,10.0,2025-11-08
2025,10,2bb9ee90-e916-4475-913d-6f23e6e57122,,FREEAGENT,EXECUTED,8,{00408013-39CF-40FC-8080-1339CFD0FC06},0,ADD,4427728.0,Bam Knight,0.0,8.0,2025-11-08
2025,10,2bb9ee90-e916-4475-913d-6f23e6e57122,,FREEAGENT,EXECUTED,8,{00408013-39CF-40FC-8080-1339CFD0FC06},0,DROP,4361741.0,Brock Purdy,8.0,0.0,2025-11-08
2025,10,0ed96d84-0fc5-476c-96a6-6d03ab88cf66,f97bcbf9-8a61-4368-b6a2-6eda29954b90,WAIVER,FAILED_INVALIDPLAYERSOURCE,7,NightlyLeagueUpdateTaskProcessor,4,ADD,-16005.0,Browns D/ST,0.0,7.0,2025-11-05
2025,10,53911815-4b0f-4f92-a66a-7ff84e3e1ef9,0756cf3f-0d41-4a07-9f35-bd7dfce336fa,TRADE_DECLINE,EXECUTED,13,{523D9B8F-8A3C-4523-BD9B-8F8A3C852321},0,,,,,,2025-11-09
2025,10,9f506426-020d-4f83-8f15-cf78b77a7951,,FREEAGENT,EXECUTED,10,{2C8A1B87-268B-45A5-A0E5-C4A3F61C9BC2},0,ADD,4429096.0,Blake Corum,0.0,10.0,2025-11-06
2025,10,9f506426-020d-4f83-8f15-cf78b77a7951,,FREEAGENT,EXECUTED,10,{2C8A1B87-268B-45A5-A0E5-C4A3F61C9BC2},0,DROP,4427728.0,Bam Knight,10.0,0.0,2025-11-06
2025,10,1fa379df-291e-41f5-9be5-7ce3f579a569,63181659-3d18-4370-adf7-4f6af744e94c,WAIVER,FAILED_INVALIDPLAYERSOURCE,3,NightlyLeagueUpdateTaskProcessor,3,ADD,-16005.0,Browns D/ST,0.0,3.0,2025-11-05
2025,10,1fa379df-291e-41f5-9be5-7ce3f579a569,63181659-3d18-4370-adf7-4f6af744e94c,WAIVER,FAILED_INVALIDPLAYERSOURCE,3,NightlyLeagueUpdateTaskProcessor,3,DROP,4635008.0,Keon Coleman,3.0,0.0,2025-11-05
2025,10,d7eb78a8-e10f-4128-b1a1-50e3aa3e60ba,33387cca-4fae-48d9-8f8e-e3fc4619063d,WAIVER,FAILED_INVALIDPLAYERSOURCE,7,NightlyLeagueUpdateTaskProcessor,5,ADD,4040761.0,Devin Singletary,0.0,7.0,2025-11-05
2025,10,5393d178-7c15-4137-8e2a-3dc1aaf8a563,7b201eac-447e-4a93-aa4e-771eb293b8d4,TRADE_DECLINE,EXECUTED,5,{77F704CF-0C76-4984-9A71-8BD39511C19F},0,,,,,,2025-11-10
2025,10,5e385355-522d-4ebe-b468-9eae36ceef53,5173c262-f8e0-4e9b-a77d-0ea167e2d75c,WAIVER,EXECUTED,12,NightlyLeagueUpdateTaskProcessor,1,ADD,2578570.0,Jacoby Brissett,0.0,12.0,2025-11-05
2025,10,5e385355-522d-4ebe-b468-9eae36ceef53,5173c262-f8e0-4e9b-a77d-0ea167e2d75c,WAIVER,EXECUTED,12,NightlyLeagueUpdateTaskProcessor,1,DROP,4429013.0,Tank Bigsby,12.0,0.0,2025-11-05
2025,10,21f8c214-4e98-4091-9f86-7c14d072aaa9,e27dee39-6240-4eee-804f-94eeea12a5a8,TRADE_PROPOSAL,CANCELED,10,{00408013-39CF-40FC-8080-1339CFD0FC06},0,TRADE,3916433.0,Jakobi Meyers,10.0,13.0,2025-11-09
2025,10,21f8c214-4e98-4091-9f86-7c14d072aaa9,e27dee39-6240-4eee-804f-94eeea12a5a8,TRADE_PROPOSAL,CANCELED,10,{00408013-39CF-40FC-8080-1339CFD0FC06},0,TRADE,4360516.0,Tyrone Tracy Jr.,13.0,10.0,2025-11-09
2025,10,3cd1f033-140c-46e7-ad49-2b203afa442b,,TRADE_PROPOSAL,PENDING,10,{2C8A1B87-268B-45A5-A0E5-C4A3F61C9BC2},0,TRADE,3916433.0,Jakobi Meyers,10.0,8.0,2025-11-09
2025,10,3cd1f033-140c-46e7-ad49-2b203afa442b,,TRADE_PROPOSAL,PENDING,10,{2C8A1B87-268B-45A5-A0E5-C4A3F61C9BC2},0,TRADE,4241416.0,Chuba Hubbard,8.0,10.0,2025-11-09
2025,10,51ec0c17-fe9a-4c31-a7f8-21efe3eca921,d87f093e-f664-4442-ad48-e489ea7fc940,TRADE_DECLINE,EXECUTED,14,{C2BAB8A3-9ED5-425C-BAB8-A39ED5B25CC2},0,,,,,,2025-11-05
2025,10,558a1a09-2bab-426b-87ff-5a46cf5d9968,2ed17375-aebb-4117-992e-5bcfc4269fd5,TRADE_DECLINE,EXECUTED,5,{77F704CF-0C76-4984-9A71-8BD39511C19F},0,,,,,,2025-11-08
2025,10,47e589df-4dc7-4f38-8d59-6fd91fd1f346,,FREEAGENT,EXECUTED,6,{FE8F6865-8A47-4C3A-8D66-0780982B48DD},0,ADD,-16027.0,Buccaneers D/ST,0.0,6.0,2025-11-07
2025,10,47e589df-4dc7-4f38-8d59-6fd91fd1f346,,FREEAGENT,EXECUTED,6,{FE8F6865-8A47-4C3A-8D66-0780982B48DD},0,DROP,-16001.0,Falcons D/ST,6.0,0.0,2025-11-07
2025,10,0c426b28-d037-46b9-8cc8-55ac58d2f08f,,TRADE_PROPOSAL,PENDING,10,{2C8A1B87-268B-45A5-A0E5-C4A3F61C9BC2},0,TRADE,4432620.0,Parker Washington,10.0,6.0,2025-11-11
2025,10,0c426b28-d037-46b9-8cc8-55ac58d2f08f,,TRADE_PROPOSAL,PENDING,10,{2C8A1B87-268B-45A5-A0E5-C4A3F61C9BC2},0,TRADE,4568490.0,RJ Harvey,6.0,10.0,2025-11-11
2025,10,c6f3c3b8-3152-403a-b9f5-ded104e574d0,c0eb9566-e00a-4841-b4c4-b0fcd657dd5f,WAIVER,EXECUTED,1,NightlyLeagueUpdateTaskProcessor,5,ADD,4040761.0,Devin Singletary,0.0,1.0,2025-11-05
2025,10,c6f3c3b8-3152-403a-b9f5-ded104e574d0,c0eb9566-e00a-4841-b4c4-b0fcd657dd5f,WAIVER,EXECUTED,1,NightlyLeagueUpdateTaskProcessor,5,DROP,3045523.0,Kendrick Bourne,1.0,0.0,2025-11-05
2025,10,25febbe8-8d41-4e9c-8d88-e8b30b617f4c,994356e6-ba48-4900-ba4f-6a33e50c9795,TRADE_UPHOLD,EXECUTED,1,{C1E09685-96D1-4750-BA21-8BE16D3BF7CA},0,,,,,,2025-11-09
2025,10,87576fbe-49d2-4bb1-b712-6983dea0d767,0756cf3f-0d41-4a07-9f35-bd7dfce336fa,TRADE_PROPOSAL,CANCELED,10,{523D9B8F-8A3C-4523-BD9B-8F8A3C852321},0,TRADE,3916945.0,Darius Slayton,10.0,13.0,2025-11-09
2025,10,87576fbe-49d2-4bb1-b712-6983dea0d767,0756cf3f-0d41-4a07-9f35-bd7dfce336fa,TRADE_PROPOSAL,CANCELED,10,{523D9B8F-8A3C-4523-BD9B-8F8A3C852321},0,TRADE,4360516.0,Tyrone Tracy Jr.,13.0,10.0,2025-11-09
2025,10,2efa085a-9c38-44f7-a283-2ac11c0d55cd,976fec3c-648e-46d6-8912-9160c7de4f13,WAIVER,EXECUTED,6,NightlyLeagueUpdateTaskProcessor,2,ADD,4243389.0,Calvin Austin III,0.0,6.0,2025-11-05
2025,10,2efa085a-9c38-44f7-a283-2ac11c0d55cd,976fec3c-648e-46d6-8912-9160c7de4f13,WAIVER,EXECUTED,6,NightlyLeagueUpdateTaskProcessor,2,DROP,4686422.0,Xavier Hutchinson,6.0,0.0,2025-11-05
2025,10,a549cfe8-8c1a-4f7e-b271-5357e949dc52,,FREEAGENT,EXECUTED,8,{00408013-39CF-40FC-8080-1339CFD0FC06},0,ADD,4597500.0,Adonai Mitchell,0.0,8.0,2025-11-05
2025,10,a549cfe8-8c1a-4f7e-b271-5357e949dc52,,FREEAGENT,EXECUTED,8,{00408013-39CF-40FC-8080-1339CFD0FC06},0,DROP,4597703.0,Tory Horton,8.0,0.0,2025-11-05
2025,10,e27dee39-6240-4eee-804f-94eeea12a5a8,,TRADE_PROPOSAL,PENDING,10,{2C8A1B87-268B-45A5-A0E5-C4A3F61C9BC2},0,TRADE,3916433.0,Jakobi Meyers,10.0,13.0,2025-11-08
2025,10,e27dee39-6240-4eee-804f-94eeea12a5a8,,TRADE_PROPOSAL,PENDING,10,{2C8A1B87-268B-45A5-A0E5-C4A3F61C9BC2},0,TRADE,4360516.0,Tyrone Tracy Jr.,13.0,10.0,2025-11-08
2025,10,c9586251-cf7e-4468-b3a2-f8334975fa2c,3cd1f033-140c-46e7-ad49-2b203afa442b,TRADE_ACCEPT,EXECUTED,10,{C1E09685-96D1-4750-BA21-8BE16D3BF7CA},0,TRADE,3916433.0,Jakobi Meyers,10.0,8.0,2025-11-09
2025,10,c9586251-cf7e-4468-b3a2-f8334975fa2c,3cd1f033-140c-46e7-ad49-2b203afa442b,TRADE_ACCEPT,EXECUTED,10,{C1E09685-96D1-4750-BA21-8BE16D3BF7CA},0,TRADE,4241416.0,Chuba Hubbard,8.0,10.0,2025-11-09
2025,10,aaae1c45-90c9-403e-966d-90736c3eeec7,a7a148d9-8cb1-4f80-8b37-c83be73993d0,TRADE_DECLINE,EXECUTED,1,{C1E09685-96D1-4750-BA21-8BE16D3BF7CA},0,,,,,,2025-11-10
2025,10,0af1ece0-4545-4d22-81f3-ba2d9e4b01e7,16799a7d-f3ef-4746-a963-e70599860d8c,WAIVER,FAILED_AUCTIONBUDGETEXCEEDED,12,NightlyLeagueUpdateTaskProcessor,5,ADD,-16029.0,Panthers D/ST,0.0,12.0,2025-11-05
2025,10,0af1ece0-4545-4d22-81f3-ba2d9e4b01e7,16799a7d-f3ef-4746-a963-e70599860d8c,WAIVER,FAILED_AUCTIONBUDGETEXCEEDED,12,NightlyLeagueUpdateTaskProcessor,5,DROP,-16009.0,Packers D/ST,12.0,0.0,2025-11-05
2025,10,7e4f0416-0253-482e-895c-e032aa6399e8,994356e6-ba48-4900-ba4f-6a33e50c9795,TRADE_ACCEPT,EXECUTED,10,{C1E09685-96D1-4750-BA21-8BE16D3BF7CA},0,TRADE,4241416.0,Chuba Hubbard,10.0,5.0,2025-11-09
2025,10,7e4f0416-0253-482e-895c-e032aa6399e8,994356e6-ba48-4900-ba4f-6a33e50c9795,TRADE_ACCEPT,EXECUTED,10,{C1E09685-96D1-4750-BA21-8BE16D3BF7CA},0,TRADE,4426385.0,Zach Charbonnet,10.0,5.0,2025-11-09
2025,10,7e4f0416-0253-482e-895c-e032aa6399e8,994356e6-ba48-4900-ba4f-6a33e50c9795,TRADE_ACCEPT,EXECUTED,10,{C1E09685-96D1-4750-BA21-8BE16D3BF7CA},0,TRADE,4596448.0,Bucky Irving,5.0,10.0,2025-11-09
2025,10,7e4f0416-0253-482e-895c-e032aa6399e8,994356e6-ba48-4900-ba4f-6a33e50c9795,TRADE_ACCEPT,EXECUTED,10,{C1E09685-96D1-4750-BA21-8BE16D3BF7CA},0,DROP,4701936.0,Matthew Golden,5.0,0.0,2025-11-09
2025,10,138f949a-b1af-44a1-82ae-19d264009b6f,,FREEAGENT,EXECUTED,7,{430447A7-381F-4E40-AD53-6A9C1F157A25},0,ADD,4429501.0,Ray Davis,0.0,7.0,2025-11-05
2025,10,138f949a-b1af-44a1-82ae-19d264009b6f,,FREEAGENT,EXECUTED,7,{430447A7-381F-4E40-AD53-6A9C1F157A25},0,DROP,-16014.0,Rams D/ST,7.0,0.0,2025-11-05
2025,10,2b773e64-79dd-4106-bb8e-d0a09f0fe52b,70e78f57-fff5-4368-9025-21821f52e11a,WAIVER,EXECUTED,3,NightlyLeagueUpdateTaskProcessor,5,ADD,-16029.0,Panthers D/ST,0.0,3.0,2025-11-05
2025,10,2b773e64-79dd-4106-bb8e-d0a09f0fe52b,70e78f57-fff5-4368-9025-21821f52e11a,WAIVER,EXECUTED,3,NightlyLeagueUpdateTaskProcessor,5,DROP,4635008.0,Keon Coleman,3.0,0.0,2025-11-05
2025,10,72adc376-0a77-42f7-a75d-12424e65dfe1,9d52679d-d23b-4ca4-8742-decabcaca6ac,TRADE_DECLINE,EXECUTED,14,{C2BAB8A3-9ED5-425C-BAB8-A39ED5B25CC2},0,,,,,,2025-11-05
2025,10,cefcb19f-e2de-430f-b51e-003a8dfbae61,,FREEAGENT,EXECUTED,3,{C52D799E-6C1C-44B9-8371-9B6AF857D8E8},0,ADD,-16014.0,Rams D/ST,0.0,3.0,2025-11-08
2025,10,cefcb19f-e2de-430f-b51e-003a8dfbae61,,FREEAGENT,EXECUTED,3,{C52D799E-6C1C-44B9-8371-9B6AF857D8E8},0,DROP,-16029.0,Panthers D/ST,3.0,0.0,2025-11-08
2025,10,fe83dfd0-2ec3-4437-89f6-ce7f49fee7d3,,FREEAGENT,EXECUTED,14,{C2BAB8A3-9ED5-425C-BAB8-A39ED5B25CC2},0,ADD,3917914.0,Olamide Zaccheaus,0.0,14.0,2025-11-05
2025,10,fe83dfd0-2ec3-4437-89f6-ce7f49fee7d3,,FREEAGENT,EXECUTED,14,{C2BAB8A3-9ED5-425C-BAB8-A39ED5B25CC2},0,DROP,4431268.0,Chimere Dike,14.0,0.0,2025-11-05
2025,10,9d5f5d1f-fafd-4bb6-bce3-b1bf0a82fcc3,,FREEAGENT,EXECUTED,14,{C2BAB8A3-9ED5-425C-BAB8-A39ED5B25CC2},0,ADD,4241474.0,Brian Robinson Jr.,0.0,14.0,2025-11-09
2025,10,9ff8301a-e690-4ff6-b572-aab858b25bfa,a0fbd5e7-cf11-476a-ab3b-eaceaee5e676,WAIVER,EXECUTED,12,NightlyLeagueUpdateTaskProcessor,2,ADD,5081397.0,Dylan Sampson,0.0,12.0,2025-11-05
2025,10,9ff8301a-e690-4ff6-b572-aab858b25bfa,a0fbd5e7-cf11-476a-ab3b-eaceaee5e676,WAIVER,EXECUTED,12,NightlyLeagueUpdateTaskProcessor,2,DROP,3127586.0,Jeremy McNichols,12.0,0.0,2025-11-05
2025,10,2ed17375-aebb-4117-992e-5bcfc4269fd5,,TRADE_PROPOSAL,PENDING,10,{2C8A1B87-268B-45A5-A0E5-C4A3F61C9BC2},0,TRADE,3916433.0,Jakobi Meyers,10.0,5.0,2025-11-08
2025,10,2ed17375-aebb-4117-992e-5bcfc4269fd5,,TRADE_PROPOSAL,PENDING,10,{2C8A1B87-268B-45A5-A0E5-C4A3F61C9BC2},0,TRADE,4426385.0,Zach Charbonnet,10.0,5.0,2025-11-08
2025,10,2ed17375-aebb-4117-992e-5bcfc4269fd5,,TRADE_PROPOSAL,PENDING,10,{2C8A1B87-268B-45A5-A0E5-C4A3F61C9BC2},0,TRADE,4608686.0,Kyle Monangai,10.0,5.0,2025-11-08
2025,10,2ed17375-aebb-4117-992e-5bcfc4269fd5,,TRADE_PROPOSAL,PENDING,10,{2C8A1B87-268B-45A5-A0E5-C4A3F61C9BC2},0,TRADE,4372016.0,Jaylen Waddle,5.0,10.0,2025-11-08
2025,10,2ed17375-aebb-4117-992e-5bcfc4269fd5,,TRADE_PROPOSAL,PENDING,10,{2C8A1B87-268B-45A5-A0E5-C4A3F61C9BC2},0,TRADE,4596448.0,Bucky Irving,5.0,10.0,2025-11-08
2025,10,2023adee-2c3a-4d75-b68d-94a563561ae0,cf5b5652-a4fb-4997-b9f8-e557e7c5913f,TRADE_PROPOSAL,CANCELED,3,{C52D799E-6C1C-44B9-8371-9B6AF857D8E8},0,TRADE,5083076.0,Harold Fannin Jr.,3.0,5.0,2025-11-05
2025,10,2023adee-2c3a-4d75-b68d-94a563561ae0,cf5b5652-a4fb-4997-b9f8-e557e7c5913f,TRADE_PROPOSAL,CANCELED,3,{C52D799E-6C1C-44B9-8371-9B6AF857D8E8},0,TRADE,4697815.0,Rachaad White,3.0,5.0,2025-11-05
2025,10,2023adee-2c3a-4d75-b68d-94a563561ae0,cf5b5652-a4fb-4997-b9f8-e557e7c5913f,TRADE_PROPOSAL,CANCELED,3,{C52D799E-6C1C-44B9-8371-9B6AF857D8E8},0,TRADE,4428718.0,Tre Tucker,3.0,5.0,2025-11-05
2025,10,2023adee-2c3a-4d75-b68d-94a563561ae0,cf5b5652-a4fb-4997-b9f8-e557e7c5913f,TRADE_PROPOSAL,CANCELED,3,{C52D799E-6C1C-44B9-8371-9B6AF857D8E8},0,TRADE,16800.0,Davante Adams,5.0,3.0,2025-11-05
2025,10,c97b0220-3818-4495-a6f7-172bbd58987d,4fe9000a-34db-4d3b-95e1-5b0348beaed6,TRADE_DECLINE,EXECUTED,14,{C2BAB8A3-9ED5-425C-BAB8-A39ED5B25CC2},0,,,,,,2025-11-05
2025,10,e14f25ea-160c-4eec-ae1c-cd38f1b4a339,,FREEAGENT,EXECUTED,13,{523D9B8F-8A3C-4523-BD9B-8F8A3C852321},0,ADD,4241463.0,Jerry Jeudy,0.0,13.0,2025-11-06
2025,10,e14f25ea-160c-4eec-ae1c-cd38f1b4a339,,FREEAGENT,EXECUTED,13,{523D9B8F-8A3C-4523-BD9B-8F8A3C852321},0,DROP,2976592.0,Sterling Shepard,13.0,0.0,2025-11-06
2025,10,fb1214e6-d371-443f-b647-4367862c7da3,b7fcb506-be62-4267-af58-a25fdf51a102,TRADE_DECLINE,EXECUTED,5,{77F704CF-0C76-4984-9A71-8BD39511C19F},0,,,,,,2025-11-07
2025,10,265b4739-54db-443e-837b-1fb1d99fc0e6,,FREEAGENT,EXECUTED,8,{00408013-39CF-40FC-8080-1339CFD0FC06},0,ADD,4241463.0,Jerry Jeudy,0.0,8.0,2025-11-06
2025,10,265b4739-54db-443e-837b-1fb1d99fc0e6,,FREEAGENT,EXECUTED,8,{00408013-39CF-40FC-8080-1339CFD0FC06},0,DROP,4597500.0,Adonai Mitchell,8.0,0.0,2025-11-06
2025,10,21dc3710-5d37-49da-b4a5-b5091c213c97,,ROSTER,EXECUTED,5,{77F704CF-0C76-4984-9A71-8BD39511C19F},0,DROP,3116389.0,Samaje Perine,5.0,0.0,2025-11-04
2025,10,c71fe048-b1a7-406a-89ed-34523bf89ae2,,ROSTER,EXECUTED,14,{C2BAB8A3-9ED5-425C-BAB8-A39ED5B25CC2},0,LINEUP,3917914.0,Olamide Zaccheaus,0.0,0.0,2025-11-06
2025,10,c71fe048-b1a7-406a-89ed-34523bf89ae2,,ROSTER,EXECUTED,14,{C2BAB8A3-9ED5-425C-BAB8-A39ED5B25CC2},0,LINEUP,4047646.0,A.J. Brown,0.0,0.0,2025-11-06
2025,10,c71fe048-b1a7-406a-89ed-34523bf89ae2,,ROSTER,EXECUTED,14,{C2BAB8A3-9ED5-425C-BAB8-A39ED5B25CC2},0,DROP,4241372.0,Hollywood Brown,14.0,0.0,2025-11-06
2025,10,e752c4dd-a3f2-404b-86e9-3bb78cc94897,8da9caec-f579-4ab6-bf2d-94695e088976,WAIVER,EXECUTED,14,NightlyLeagueUpdateTaskProcessor,4,ADD,4360423.0,Michael Penix Jr.,0.0,14.0,2025-11-05
2025,10,e752c4dd-a3f2-404b-86e9-3bb78cc94897,8da9caec-f579-4ab6-bf2d-94695e088976,WAIVER,EXECUTED,14,NightlyLeagueUpdateTaskProcessor,4,DROP,-16011.0,Colts D/ST,14.0,0.0,2025-11-05
2025,10,ba5af889-5c5d-45b2-8d20-56550d9f2bfa,,FREEAGENT,EXECUTED,13,{523D9B8F-8A3C-4523-BD9B-8F8A3C852321},0,ADD,3117256.0,Dalton Schultz,0.0,13.0,2025-11-08
2025,10,ba5af889-5c5d-45b2-8d20-56550d9f2bfa,,FREEAGENT,EXECUTED,13,{523D9B8F-8A3C-4523-BD9B-8F8A3C852321},0,DROP,4569603.0,Malik Washington,13.0,0.0,2025-11-08
2025,10,916b1c65-44be-48fe-9026-609b1ae33232,,ROSTER,EXECUTED,7,{430447A7-381F-4E40-AD53-6A9C1F157A25},0,DROP,4572680.0,Tucker Kraft,7.0,0.0,2025-11-05
2025,10,7a0b33c8-b780-43eb-a9b2-c3d8b7d15524,3cd1f033-140c-46e7-ad49-2b203afa442b,TRADE_ACCEPT,,8,{00408013-39CF-40FC-8080-1339CFD0FC06},0,,,,,,2025-11-09
2025,10,15ba909e-d41a-409d-9b8b-114255b904f9,,FREEAGENT,EXECUTED,10,{2C8A1B87-268B-45A5-A0E5-C4A3F61C9BC2},0,ADD,-16011.0,Colts D/ST,0.0,10.0,2025-11-07
2025,10,15ba909e-d41a-409d-9b8b-114255b904f9,,FREEAGENT,EXECUTED,10,{2C8A1B87-268B-45A5-A0E5-C4A3F61C9BC2},0,DROP,-16003.0,Bears D/ST,10.0,0.0,2025-11-07
2025,10,dbcd34e8-0ec0-4b21-ae1b-dfe714bbceda,d87f093e-f664-4442-ad48-e489ea7fc940,TRADE_PROPOSAL,CANCELED,10,{C2BAB8A3-9ED5-425C-BAB8-A39ED5B25CC2},0,TRADE,3916433.0,Jakobi Meyers,10.0,14.0,2025-11-05
2025,10,dbcd34e8-0ec0-4b21-ae1b-dfe714bbceda,d87f093e-f664-4442-ad48-e489ea7fc940,TRADE_PROPOSAL,CANCELED,10,{C2BAB8A3-9ED5-425C-BAB8-A39ED5B25CC2},0,TRADE,4426385.0,Zach Charbonnet,10.0,14.0,2025-11-05
2025,10,dbcd34e8-0ec0-4b21-ae1b-dfe714bbceda,d87f093e-f664-4442-ad48-e489ea7fc940,TRADE_PROPOSAL,CANCELED,10,{C2BAB8A3-9ED5-425C-BAB8-A39ED5B25CC2},0,TRADE,4262921.0,Justin Jefferson,10.0,14.0,2025-11-05
2025,10,dbcd34e8-0ec0-4b21-ae1b-dfe714bbceda,d87f093e-f664-4442-ad48-e489ea7fc940,TRADE_PROPOSAL,CANCELED,10,{C2BAB8A3-9ED5-425C-BAB8-A39ED5B25CC2},0,TRADE,4047646.0,A.J. Brown,14.0,10.0,2025-11-05
2025,10,dbcd34e8-0ec0-4b21-ae1b-dfe714bbceda,d87f093e-f664-4442-ad48-e489ea7fc940,TRADE_PROPOSAL,CANCELED,10,{C2BAB8A3-9ED5-425C-BAB8-A39ED5B25CC2},0,TRADE,4430737.0,Kyren Williams,14.0,10.0,2025-11-05
2025,10,4baea131-1cfe-4005-8b4a-165c0234be1e,,FREEAGENT,EXECUTED,5,{77F704CF-0C76-4984-9A71-8BD39511C19F},0,ADD,4362478.0,Emari Demercado,0.0,5.0,2025-11-05
2025,10,3c0dd0ea-ef77-4534-9ca5-15098d224b6c,,TRADE_PROPOSAL,PENDING,10,{2C8A1B87-268B-45A5-A0E5-C4A3F61C9BC2},0,TRADE,4567750.0,Emeka Egbuka,12.0,10.0,2025-11-05
2025,10,3c0dd0ea-ef77-4534-9ca5-15098d224b6c,,TRADE_PROPOSAL,PENDING,10,{2C8A1B87-268B-45A5-A0E5-C4A3F61C9BC2},0,TRADE,4429275.0,Trey Benson,12.0,10.0,2025-11-05
2025,10,3c0dd0ea-ef77-4534-9ca5-15098d224b6c,,TRADE_PROPOSAL,PENDING,10,{2C8A1B87-268B-45A5-A0E5-C4A3F61C9BC2},0,TRADE,4262921.0,Justin Jefferson,10.0,12.0,2025-11-05
2025,10,3c0dd0ea-ef77-4534-9ca5-15098d224b6c,,TRADE_PROPOSAL,PENDING,10,{2C8A1B87-268B-45A5-A0E5-C4A3F61C9BC2},0,DROP,4427728.0,Bam Knight,10.0,0.0,2025-11-05
2025,10,acca8948-77f6-4c03-ad6c-59260d1d5a60,,FREEAGENT,EXECUTED,4,{8242D4C8-FCD1-4A28-9373-CD282687A8E7},0,ADD,4428085.0,Luke Musgrave,0.0,4.0,2025-11-09
2025,10,acca8948-77f6-4c03-ad6c-59260d1d5a60,,FREEAGENT,EXECUTED,4,{8242D4C8-FCD1-4A28-9373-CD282687A8E7},0,DROP,15835.0,Zach Ertz,4.0,0.0,2025-11-09
2025,10,cf6d52d8-1e96-45e1-bde8-b3b3e01598d7,b0038f5f-93d5-41e7-9f6e-5cc847f12689,WAIVER,EXECUTED,12,NightlyLeagueUpdateTaskProcessor,10,ADD,-16005.0,Browns D/ST,0.0,12.0,2025-11-05
2025,10,cf6d52d8-1e96-45e1-bde8-b3b3e01598d7,b0038f5f-93d5-41e7-9f6e-5cc847f12689,WAIVER,EXECUTED,12,NightlyLeagueUpdateTaskProcessor,10,DROP,-16009.0,Packers D/ST,12.0,0.0,2025-11-05
2025,10,b9f79a8b-08b1-46c5-8add-4886ae47865c,b3246930-795e-48aa-b70f-d928de928c71,TRADE_DECLINE,EXECUTED,5,{77F704CF-0C76-4984-9A71-8BD39511C19F},0,,,,,,2025-11-10
2025,10,3d7823da-a392-4c7e-b5f9-0aee73edb6f9,f0694f95-0075-4137-85fb-615147dba5b9,TRADE_DECLINE,EXECUTED,5,{77F704CF-0C76-4984-9A71-8BD39511C19F},0,,,,,,2025-11-05
2025,10,55455c9b-f98f-4562-9d95-2d5dc014f083,bab2b593-dafd-4600-b4cd-2ba4419a2819,WAIVER,EXECUTED,5,NightlyLeagueUpdateTaskProcessor,2,ADD,4695404.0,Isaiah Davis,0.0,5.0,2025-11-05
2025,10,55455c9b-f98f-4562-9d95-2d5dc014f083,bab2b593-dafd-4600-b4cd-2ba4419a2819,WAIVER,EXECUTED,5,NightlyLeagueUpdateTaskProcessor,2,DROP,3059915.0,Kareem Hunt,5.0,0.0,2025-11-05
2025,10,b26f1cbb-c62b-4e51-a0f6-0b5ec662e726,,FREEAGENT,EXECUTED,7,{430447A7-381F-4E40-AD53-6A9C1F157A25},0,ADD,-16020.0,Jets D/ST,0.0,7.0,2025-11-07
2025,10,f67f941c-2591-416e-b39e-32ac7b07b0e4,,FREEAGENT,EXECUTED,13,{523D9B8F-8A3C-4523-BD9B-8F8A3C852321},0,ADD,3895856.0,Christian Kirk,0.0,13.0,2025-11-08
2025,10,9b578c69-1867-4312-b1d9-27ed02734c5a,,FREEAGENT,EXECUTED,8,{00408013-39CF-40FC-8080-1339CFD0FC06},0,ADD,4635008.0,Keon Coleman,0.0,8.0,2025-11-06
2025,10,9b578c69-1867-4312-b1d9-27ed02734c5a,,FREEAGENT,EXECUTED,8,{00408013-39CF-40FC-8080-1339CFD0FC06},0,DROP,3117256.0,Dalton Schultz,8.0,0.0,2025-11-06
2025,10,f378ab51-9775-46e4-b8eb-9e457fa475d9,994356e6-ba48-4900-ba4f-6a33e50c9795,TRADE_ACCEPT,,5,{77F704CF-0C76-4984-9A71-8BD39511C19F},0,DROP,4701936.0,Matthew Golden,5.0,0.0,2025-11-09
2025,10,3bf0a98a-e947-40d8-a15e-d1b28b137e52,,FREEAGENT,EXECUTED,5,{77F704CF-0C76-4984-9A71-8BD39511C19F},0,ADD,4427600.0,Terrell Jennings,0.0,5.0,2025-11-08
2025,10,3bf0a98a-e947-40d8-a15e-d1b28b137e52,,FREEAGENT,EXECUTED,5,{77F704CF-0C76-4984-9A71-8BD39511C19F},0,DROP,3915411.0,Ty Johnson,5.0,0.0,2025-11-08
2025,10,eb20be66-5369-49c3-9de9-91d5ea19dd94,541180bd-d7c9-43ff-a9e7-23582fef3985,WAIVER,FAILED_INVALIDPLAYERSOURCE,6,NightlyLeagueUpdateTaskProcessor,7,ADD,-16005.0,Browns D/ST,0.0,6.0,2025-11-05
2025,10,eb20be66-5369-49c3-9de9-91d5ea19dd94,541180bd-d7c9-43ff-a9e7-23582fef3985,WAIVER,FAILED_INVALIDPLAYERSOURCE,6,NightlyLeagueUpdateTaskProcessor,7,DROP,-16001.0,Falcons D/ST,6.0,0.0,2025-11-05
2025,10,6fe8197a-4eba-474b-b0dc-916276debf6f,,TRADE_PROPOSAL,PENDING,10,{2C8A1B87-268B-45A5-A0E5-C4A3F61C9BC2},0,TRADE,3916433.0,Jakobi Meyers,10.0,6.0,2025-11-09
2025,10,6fe8197a-4eba-474b-b0dc-916276debf6f,,TRADE_PROPOSAL,PENDING,10,{2C8A1B87-268B-45A5-A0E5-C4A3F61C9BC2},0,TRADE,4568490.0,RJ Harvey,6.0,10.0,2025-11-09
2025,10,61c4de3e-54be-440b-bbd6-20ab0d6beb35,,TRADE_PROPOSAL,PENDING,10,{2C8A1B87-268B-45A5-A0E5-C4A3F61C9BC2},0,TRADE,3916945.0,Darius Slayton,10.0,5.0,2025-11-09
2025,10,61c4de3e-54be-440b-bbd6-20ab0d6beb35,,TRADE_PROPOSAL,PENDING,10,{2C8A1B87-268B-45A5-A0E5-C4A3F61C9BC2},0,TRADE,4241416.0,Chuba Hubbard,10.0,5.0,2025-11-09
2025,10,61c4de3e-54be-440b-bbd6-20ab0d6beb35,,TRADE_PROPOSAL,PENDING,10,{2C8A1B87-268B-45A5-A0E5-C4A3F61C9BC2},0,TRADE,4596448.0,Bucky Irving,5.0,10.0,2025-11-09
2025,10,1ca3b4e7-dda1-4700-a695-af548e74e726,ee4eb39a-f9b9-4ee6-b3b4-f96db2e384cf,WAIVER,FAILED_INVALIDPLAYERSOURCE,5,NightlyLeagueUpdateTaskProcessor,4,ADD,4040761.0,Devin Singletary,0.0,5.0,2025-11-05
2025,10,1ca3b4e7-dda1-4700-a695-af548e74e726,ee4eb39a-f9b9-4ee6-b3b4-f96db2e384cf,WAIVER,FAILED_INVALIDPLAYERSOURCE,5,NightlyLeagueUpdateTaskProcessor,4,DROP,3059915.0,Kareem Hunt,5.0,0.0,2025-11-05
2025,10,9663c03f-c394-43e6-b1e8-af2983a1aa2d,,FREEAGENT,EXECUTED,2,{6AC115FA-3A0D-4948-8115-FA3A0DD94826},0,ADD,4373626.0,Tyler Allgeier,0.0,2.0,2025-11-06
2025,10,9663c03f-c394-43e6-b1e8-af2983a1aa2d,,FREEAGENT,EXECUTED,2,{6AC115FA-3A0D-4948-8115-FA3A0DD94826},0,DROP,4686472.0,Marvin Mims Jr.,2.0,0.0,2025-11-06
2025,10,c2b65407-8b51-4890-8988-5a5e09a3dc0a,46448bae-20e1-4f79-a0e5-a1964919aa59,TRADE_DECLINE,EXECUTED,12,{5FCF8F43-6BFC-4593-9364-2E23B55B301D},0,,,,,,2025-11-06
2025,10,0756cf3f-0d41-4a07-9f35-bd7dfce336fa,,TRADE_PROPOSAL,PENDING,10,{2C8A1B87-268B-45A5-A0E5-C4A3F61C9BC2},0,TRADE,3916945.0,Darius Slayton,10.0,13.0,2025-11-09
2025,10,0756cf3f-0d41-4a07-9f35-bd7dfce336fa,,TRADE_PROPOSAL,PENDING,10,{2C8A1B87-268B-45A5-A0E5-C4A3F61C9BC2},0,TRADE,4360516.0,Tyrone Tracy Jr.,13.0,10.0,2025-11-09
2025,10,329f01a4-a7c4-4267-9079-d1c366e7a4bb,3cd1f033-140c-46e7-ad49-2b203afa442b,TRADE_UPHOLD,EXECUTED,1,{C1E09685-96D1-4750-BA21-8BE16D3BF7CA},0,,,,,,2025-11-09
2025,10,a344e995-cec3-4525-a06a-c3ce8f00dcdd,,FREEAGENT,EXECUTED,13,{523D9B8F-8A3C-4523-BD9B-8F8A3C852321},0,ADD,4362478.0,Emari Demercado,0.0,13.0,2025-11-06
2025,10,a344e995-cec3-4525-a06a-c3ce8f00dcdd,,FREEAGENT,EXECUTED,13,{523D9B8F-8A3C-4523-BD9B-8F8A3C852321},0,DROP,4040655.0,Darnell Mooney,13.0,0.0,2025-11-06
2025,10,05f405db-27e4-47c9-9f8a-9b2d010a41cd,,FREEAGENT,EXECUTED,10,{2C8A1B87-268B-45A5-A0E5-C4A3F61C9BC2},0,ADD,4432620.0,Parker Washington,0.0,10.0,2025-11-05
2025,10,05f405db-27e4-47c9-9f8a-9b2d010a41cd,,FREEAGENT,EXECUTED,10,{2C8A1B87-268B-45A5-A0E5-C4A3F61C9BC2},0,DROP,4427600.0,Terrell Jennings,10.0,0.0,2025-11-05
2025,10,994356e6-ba48-4900-ba4f-6a33e50c9795,,TRADE_PROPOSAL,PENDING,10,{2C8A1B87-268B-45A5-A0E5-C4A3F61C9BC2},0,TRADE,4241416.0,Chuba Hubbard,10.0,5.0,2025-11-09
2025,10,994356e6-ba48-4900-ba4f-6a33e50c9795,,TRADE_PROPOSAL,PENDING,10,{2C8A1B87-268B-45A5-A0E5-C4A3F61C9BC2},0,TRADE,4426385.0,Zach Charbonnet,10.0,5.0,2025-11-09
2025,10,994356e6-ba48-4900-ba4f-6a33e50c9795,,TRADE_PROPOSAL,PENDING,10,{2C8A1B87-268B-45A5-A0E5-C4A3F61C9BC2},0,TRADE,4596448.0,Bucky Irving,5.0,10.0,2025-11-09
2025,11,63b80f72-9c5c-460f-b146-e690c2d12c11,,FREEAGENT,EXECUTED,8,{00408013-39CF-40FC-8080-1339CFD0FC06},0,ADD,3116165.0,Chris Godwin Jr.,0.0,8.0,2025-11-16
2025,11,63b80f72-9c5c-460f-b146-e690c2d12c11,,FREEAGENT,EXECUTED,8,{00408013-39CF-40FC-8080-1339CFD0FC06},0,DROP,4361741.0,Brock Purdy,8.0,0.0,2025-11-16
2025,11,68894830-5f77-42b1-917b-828b75fba509,,TRADE_PROPOSAL,PENDING,10,{2C8A1B87-268B-45A5-A0E5-C4A3F61C9BC2},0,TRADE,3886598.0,Jauan Jennings,10.0,1.0,2025-11-15
2025,11,68894830-5f77-42b1-917b-828b75fba509,,TRADE_PROPOSAL,PENDING,10,{2C8A1B87-268B-45A5-A0E5-C4A3F61C9BC2},0,TRADE,4243331.0,Cade Otton,10.0,1.0,2025-11-15
2025,11,68894830-5f77-42b1-917b-828b75fba509,,TRADE_PROPOSAL,PENDING,10,{2C8A1B87-268B-45A5-A0E5-C4A3F61C9BC2},0,TRADE,4426354.0,George Pickens,1.0,10.0,2025-11-15
2025,11,82cf51c6-4f4c-4f48-9d9d-69f384f1d60e,478a8de1-197f-4e18-b30d-cb25b64cb5c0,TRADE_DECLINE,EXECUTED,3,{C52D799E-6C1C-44B9-8371-9B6AF857D8E8},0,,,,,,2025-11-15
2025,11,cf49218b-2830-4bd2-9103-4d0a7f727cc9,,FREEAGENT,EXECUTED,8,{00408013-39CF-40FC-8080-1339CFD0FC06},0,ADD,4360761.0,Michael Wilson,0.0,8.0,2025-11-12
2025,11,cf49218b-2830-4bd2-9103-4d0a7f727cc9,,FREEAGENT,EXECUTED,8,{00408013-39CF-40FC-8080-1339CFD0FC06},0,DROP,4877706.0,Jayden Higgins,8.0,0.0,2025-11-12
2025,11,af4f913f-110d-479b-9c9a-1adbace9fed3,0c426b28-d037-46b9-8cc8-55ac58d2f08f,TRADE_ACCEPT,EXECUTED,10,{C1E09685-96D1-4750-BA21-8BE16D3BF7CA},0,TRADE,4432620.0,Parker Washington,10.0,6.0,2025-11-12
2025,11,af4f913f-110d-479b-9c9a-1adbace9fed3,0c426b28-d037-46b9-8cc8-55ac58d2f08f,TRADE_ACCEPT,EXECUTED,10,{C1E09685-96D1-4750-BA21-8BE16D3BF7CA},0,TRADE,4568490.0,RJ Harvey,6.0,10.0,2025-11-12
2025,11,2fb75d1e-81a4-4539-ad88-d5e361d88a24,71b9ab44-c013-46aa-9883-6f42c5779ea5,TRADE_ACCEPT,,1,{C1E09685-96D1-4750-BA21-8BE16D3BF7CA},0,,,,,,2025-11-15
2025,11,2ccfc830-d3de-4232-85b3-d1ef7f36a6f4,adbe60c3-ee53-4995-9f07-b11a315ce056,TRADE_PROPOSAL,CANCELED,1,TradeTaskProcessor,0,TRADE,4428850.0,Dontayvion Wicks,1.0,10.0,2025-11-17
2025,11,2ccfc830-d3de-4232-85b3-d1ef7f36a6f4,adbe60c3-ee53-4995-9f07-b11a315ce056,TRADE_PROPOSAL,CANCELED,1,TradeTaskProcessor,0,TRADE,4575131.0,Jacory Croskey-Merritt,1.0,10.0,2025-11-17
2025,11,2ccfc830-d3de-4232-85b3-d1ef7f36a6f4,adbe60c3-ee53-4995-9f07-b11a315ce056,TRADE_PROPOSAL,CANCELED,1,TradeTaskProcessor,0,TRADE,3121422.0,Terry McLaurin,1.0,10.0,2025-11-17
2025,11,2ccfc830-d3de-4232-85b3-d1ef7f36a6f4,adbe60c3-ee53-4995-9f07-b11a315ce056,TRADE_PROPOSAL,CANCELED,1,TradeTaskProcessor,0,TRADE,4429160.0,De'Von Achane,1.0,10.0,2025-11-17
2025,11,2ccfc830-d3de-4232-85b3-d1ef7f36a6f4,adbe60c3-ee53-4995-9f07-b11a315ce056,TRADE_PROPOSAL,CANCELED,1,TradeTaskProcessor,0,TRADE,4429059.0,Woody Marks,10.0,1.0,2025-11-17
2025,11,2ccfc830-d3de-4232-85b3-d1ef7f36a6f4,adbe60c3-ee53-4995-9f07-b11a315ce056,TRADE_PROPOSAL,CANCELED,1,TradeTaskProcessor,0,TRADE,4568490.0,RJ Harvey,10.0,1.0,2025-11-17
2025,11,2ccfc830-d3de-4232-85b3-d1ef7f36a6f4,adbe60c3-ee53-4995-9f07-b11a315ce056,TRADE_PROPOSAL,CANCELED,1,TradeTaskProcessor,0,TRADE,4243331.0,Cade Otton,10.0,1.0,2025-11-17
2025,11,2ccfc830-d3de-4232-85b3-d1ef7f36a6f4,adbe60c3-ee53-4995-9f07-b11a315ce056,TRADE_PROPOSAL,CANCELED,1,TradeTaskProcessor,0,TRADE,4259545.0,D'Andre Swift,10.0,1.0,2025-11-17
2025,11,2ccfc830-d3de-4232-85b3-d1ef7f36a6f4,adbe60c3-ee53-4995-9f07-b11a315ce056,TRADE_PROPOSAL,CANCELED,1,TradeTaskProcessor,0,DROP,11252.0,Joe Flacco,1.0,0.0,2025-11-17
2025,11,ac35da23-48c0-453b-b059-24d61066a4ac,,FREEAGENT,EXECUTED,10,{2C8A1B87-268B-45A5-A0E5-C4A3F61C9BC2},0,ADD,4242546.0,Davis Mills,0.0,10.0,2025-11-13
2025,11,ac35da23-48c0-453b-b059-24d61066a4ac,,FREEAGENT,EXECUTED,10,{2C8A1B87-268B-45A5-A0E5-C4A3F61C9BC2},0,DROP,4362619.0,Chris Rodriguez Jr.,10.0,0.0,2025-11-13
2025,11,0b003cb1-6346-4c08-92e4-7ba8fd471a43,fee73785-4fe5-4430-a97a-0e96163bc7be,TRADE_UPHOLD,EXECUTED,1,{C1E09685-96D1-4750-BA21-8BE16D3BF7CA},0,,,,,,2025-11-11
2025,11,a595c7be-f969-4155-9d1e-3cd4fcc8f4ac,68894830-5f77-42b1-917b-828b75fba509,TRADE_PROPOSAL,CANCELED,10,TradeTaskProcessor,0,TRADE,3886598.0,Jauan Jennings,10.0,1.0,2025-11-17
2025,11,a595c7be-f969-4155-9d1e-3cd4fcc8f4ac,68894830-5f77-42b1-917b-828b75fba509,TRADE_PROPOSAL,CANCELED,10,TradeTaskProcessor,0,TRADE,4243331.0,Cade Otton,10.0,1.0,2025-11-17
2025,11,a595c7be-f969-4155-9d1e-3cd4fcc8f4ac,68894830-5f77-42b1-917b-828b75fba509,TRADE_PROPOSAL,CANCELED,10,TradeTaskProcessor,0,TRADE,4426354.0,George Pickens,1.0,10.0,2025-11-17
2025,11,638c07ed-c3b2-412e-9e04-efb5d31122e6,,FREEAGENT,EXECUTED,10,{2C8A1B87-268B-45A5-A0E5-C4A3F61C9BC2},0,ADD,-16006.0,Cowboys D/ST,0.0,10.0,2025-11-12
2025,11,ad8a4607-ffd0-46de-bc2c-c0d8b89b134c,867218f5-5f34-47e9-b9f5-5ae440347f49,TRADE_PROPOSAL,CANCELED,1,TradeTaskProcessor,0,TRADE,3886598.0,Jauan Jennings,10.0,1.0,2025-11-14
2025,11,ad8a4607-ffd0-46de-bc2c-c0d8b89b134c,867218f5-5f34-47e9-b9f5-5ae440347f49,TRADE_PROPOSAL,CANCELED,1,TradeTaskProcessor,0,TRADE,3915416.0,DJ Moore,1.0,10.0,2025-11-14
2025,11,ad8a4607-ffd0-46de-bc2c-c0d8b89b134c,867218f5-5f34-47e9-b9f5-5ae440347f49,TRADE_PROPOSAL,CANCELED,1,TradeTaskProcessor,0,TRADE,11252.0,Joe Flacco,1.0,10.0,2025-11-14
2025,11,092aa214-7cc5-447b-b4e7-dc2f87779c98,a853180d-b942-490c-a24d-71eb02394d62,TRADE_PROPOSAL,CANCELED,1,{C1E09685-96D1-4750-BA21-8BE16D3BF7CA},0,TRADE,3121422.0,Terry McLaurin,1.0,3.0,2025-11-15
2025,11,092aa214-7cc5-447b-b4e7-dc2f87779c98,a853180d-b942-490c-a24d-71eb02394d62,TRADE_PROPOSAL,CANCELED,1,{C1E09685-96D1-4750-BA21-8BE16D3BF7CA},0,TRADE,15835.0,Zach Ertz,3.0,1.0,2025-11-15
2025,11,092aa214-7cc5-447b-b4e7-dc2f87779c98,a853180d-b942-490c-a24d-71eb02394d62,TRADE_PROPOSAL,CANCELED,1,{C1E09685-96D1-4750-BA21-8BE16D3BF7CA},0,DROP,4428850.0,Dontayvion Wicks,1.0,0.0,2025-11-15
2025,11,a73c5d6f-d31d-4978-96de-8bff921d4c89,ede9e010-91f1-4978-9b32-9314d7afc6c3,WAIVER,CANCELED,7,{430447A7-381F-4E40-AD53-6A9C1F157A25},0,ADD,4430871.0,Sean Tucker,0.0,7.0,2025-11-12
2025,11,a73c5d6f-d31d-4978-96de-8bff921d4c89,ede9e010-91f1-4978-9b32-9314d7afc6c3,WAIVER,CANCELED,7,{430447A7-381F-4E40-AD53-6A9C1F157A25},0,DROP,4429501.0,Ray Davis,7.0,0.0,2025-11-12
2025,11,9d8df282-93fb-487d-8a65-c2163b8070d9,c26da4b1-6636-4a19-840e-b596aa4227fd,WAIVER,FAILED_INVALIDPLAYERSOURCE,7,NightlyLeagueUpdateTaskProcessor,2,ADD,4430871.0,Sean Tucker,0.0,7.0,2025-11-12
2025,11,819a80e5-7cf3-4dad-beeb-2cf20ec511b0,,ROSTER,EXECUTED,10,{2C8A1B87-268B-45A5-A0E5-C4A3F61C9BC2},0,DROP,-16011.0,Colts D/ST,10.0,0.0,2025-11-12
2025,11,adbe60c3-ee53-4995-9f07-b11a315ce056,,TRADE_PROPOSAL,PENDING,1,{C1E09685-96D1-4750-BA21-8BE16D3BF7CA},0,TRADE,4428850.0,Dontayvion Wicks,1.0,10.0,2025-11-15
2025,11,adbe60c3-ee53-4995-9f07-b11a315ce056,,TRADE_PROPOSAL,PENDING,1,{C1E09685-96D1-4750-BA21-8BE16D3BF7CA},0,TRADE,4575131.0,Jacory Croskey-Merritt,1.0,10.0,2025-11-15
2025,11,adbe60c3-ee53-4995-9f07-b11a315ce056,,TRADE_PROPOSAL,PENDING,1,{C1E09685-96D1-4750-BA21-8BE16D3BF7CA},0,TRADE,3121422.0,Terry McLaurin,1.0,10.0,2025-11-15
2025,11,adbe60c3-ee53-4995-9f07-b11a315ce056,,TRADE_PROPOSAL,PENDING,1,{C1E09685-96D1-4750-BA21-8BE16D3BF7CA},0,TRADE,4429160.0,De'Von Achane,1.0,10.0,2025-11-15
2025,11,adbe60c3-ee53-4995-9f07-b11a315ce056,,TRADE_PROPOSAL,PENDING,1,{C1E09685-96D1-4750-BA21-8BE16D3BF7CA},0,TRADE,4429059.0,Woody Marks,10.0,1.0,2025-11-15
2025,11,adbe60c3-ee53-4995-9f07-b11a315ce056,,TRADE_PROPOSAL,PENDING,1,{C1E09685-96D1-4750-BA21-8BE16D3BF7CA},0,TRADE,4568490.0,RJ Harvey,10.0,1.0,2025-11-15
2025,11,adbe60c3-ee53-4995-9f07-b11a315ce056,,TRADE_PROPOSAL,PENDING,1,{C1E09685-96D1-4750-BA21-8BE16D3BF7CA},0,TRADE,4243331.0,Cade Otton,10.0,1.0,2025-11-15
2025,11,adbe60c3-ee53-4995-9f07-b11a315ce056,,TRADE_PROPOSAL,PENDING,1,{C1E09685-96D1-4750-BA21-8BE16D3BF7CA},0,TRADE,4259545.0,D'Andre Swift,10.0,1.0,2025-11-15
2025,11,adbe60c3-ee53-4995-9f07-b11a315ce056,,TRADE_PROPOSAL,PENDING,1,{C1E09685-96D1-4750-BA21-8BE16D3BF7CA},0,DROP,11252.0,Joe Flacco,1.0,0.0,2025-11-15
2025,11,7e871216-4ad8-4e31-b183-5f93dd344de9,,FREEAGENT,EXECUTED,12,{5FCF8F43-6BFC-4593-9364-2E23B55B301D},0,ADD,4685278.0,Luther Burden III,0.0,12.0,2025-11-12
2025,11,cb9dbbca-4f92-462d-b82c-e8ac01699db7,,FREEAGENT,EXECUTED,12,{5FCF8F43-6BFC-4593-9364-2E23B55B301D},0,ADD,-16009.0,Packers D/ST,0.0,12.0,2025-11-12
2025,11,78062ee7-d1c6-4f86-881e-611b0d86908a,,FREEAGENT,EXECUTED,4,{8242D4C8-FCD1-4A28-9373-CD282687A8E7},0,ADD,15795.0,DeAndre Hopkins,0.0,4.0,2025-11-15
2025,11,80caa5b0-abc8-4f7a-8ef1-b86c3e1519c5,,FREEAGENT,EXECUTED,4,{8242D4C8-FCD1-4A28-9373-CD282687A8E7},0,ADD,2991662.0,Mack Hollins,0.0,4.0,2025-11-13
2025,11,80caa5b0-abc8-4f7a-8ef1-b86c3e1519c5,,FREEAGENT,EXECUTED,4,{8242D4C8-FCD1-4A28-9373-CD282687A8E7},0,DROP,2977187.0,Cooper Kupp,4.0,0.0,2025-11-13
2025,11,592f701a-06e4-4acc-ab9d-ab5ed4e28808,661f3153-f701-4e47-834f-03d5e515c7a3,TRADE_DECLINE,EXECUTED,12,{5FCF8F43-6BFC-4593-9364-2E23B55B301D},0,,,,,,2025-11-17
2025,11,ed9857c5-8e42-4aed-8b05-8e6c47776f33,d06801d1-ae91-47af-9a2c-61e6849b4462,WAIVER,CANCELED,3,{C52D799E-6C1C-44B9-8371-9B6AF857D8E8},0,ADD,4427728.0,Bam Knight,0.0,3.0,2025-11-12
2025,11,975f27b5-c9d3-4bca-ad78-e6bc3b1090f7,80fd951e-e93a-4209-bf5e-5b569d80497f,WAIVER,CANCELED,14,{C2BAB8A3-9ED5-425C-BAB8-A39ED5B25CC2},0,ADD,4882093.0,Bhayshul Tuten,0.0,14.0,2025-11-17
2025,11,975f27b5-c9d3-4bca-ad78-e6bc3b1090f7,80fd951e-e93a-4209-bf5e-5b569d80497f,WAIVER,CANCELED,14,{C2BAB8A3-9ED5-425C-BAB8-A39ED5B25CC2},0,DROP,4241474.0,Brian Robinson Jr.,14.0,0.0,2025-11-17
2025,11,382aa259-d248-4d6b-8f78-43a765e397a2,bc501346-abe1-47ee-9e3c-b2f4c0d85da1,TRADE_DECLINE,EXECUTED,2,{6AC115FA-3A0D-4948-8115-FA3A0DD94826},0,,,,,,2025-11-13
2025,11,04546349-ea72-49a0-9fc9-63fb4c3e2c0b,,ROSTER,EXECUTED,4,{8242D4C8-FCD1-4A28-9373-CD282687A8E7},0,DROP,3116165.0,Chris Godwin Jr.,4.0,0.0,2025-11-13
2025,11,0948aafc-617e-47ed-91c1-f82e3c11112f,a3351db6-a678-4cd4-84a7-81219aa5a0c1,WAIVER,FAILED_INVALIDPLAYERSOURCE,1,NightlyLeagueUpdateTaskProcessor,8,ADD,3059915.0,Kareem Hunt,0.0,1.0,2025-11-12
2025,11,0948aafc-617e-47ed-91c1-f82e3c11112f,a3351db6-a678-4cd4-84a7-81219aa5a0c1,WAIVER,FAILED_INVALIDPLAYERSOURCE,1,NightlyLeagueUpdateTaskProcessor,8,DROP,4371733.0,Kenneth Gainwell,1.0,0.0,2025-11-12
2025,11,9013b87f-4e83-4ea4-bdff-6fb8721c46f8,,FREEAGENT,EXECUTED,13,{523D9B8F-8A3C-4523-BD9B-8F8A3C852321},0,ADD,-16003.0,Bears D/ST,0.0,13.0,2025-11-13
2025,11,9013b87f-4e83-4ea4-bdff-6fb8721c46f8,,FREEAGENT,EXECUTED,13,{523D9B8F-8A3C-4523-BD9B-8F8A3C852321},0,DROP,-16002.0,Bills D/ST,13.0,0.0,2025-11-13
2025,11,61687eac-59be-463f-9b1b-08715064e0b5,a165a9b7-3b49-40c0-b8e8-d4a9bcfb8974,TRADE_PROPOSAL,CANCELED,1,{C1E09685-96D1-4750-BA21-8BE16D3BF7CA},0,TRADE,3121422.0,Terry McLaurin,1.0,14.0,2025-11-12
2025,11,61687eac-59be-463f-9b1b-08715064e0b5,a165a9b7-3b49-40c0-b8e8-d4a9bcfb8974,TRADE_PROPOSAL,CANCELED,1,{C1E09685-96D1-4750-BA21-8BE16D3BF7CA},0,TRADE,3043078.0,Derrick Henry,14.0,1.0,2025-11-12
2025,11,61687eac-59be-463f-9b1b-08715064e0b5,a165a9b7-3b49-40c0-b8e8-d4a9bcfb8974,TRADE_PROPOSAL,CANCELED,1,{C1E09685-96D1-4750-BA21-8BE16D3BF7CA},0,TRADE,4035538.0,David Montgomery,1.0,14.0,2025-11-12
2025,11,4b5d9b30-0253-4da6-9a27-bc047728c863,0c426b28-d037-46b9-8cc8-55ac58d2f08f,TRADE_UPHOLD,EXECUTED,8,{00408013-39CF-40FC-8080-1339CFD0FC06},0,,,,,,2025-11-11
2025,11,9e92d29e-d967-414a-884c-467cfa416bb3,,FREEAGENT,EXECUTED,8,{00408013-39CF-40FC-8080-1339CFD0FC06},0,ADD,4361741.0,Brock Purdy,0.0,8.0,2025-11-14
2025,11,9e92d29e-d967-414a-884c-467cfa416bb3,,FREEAGENT,EXECUTED,8,{00408013-39CF-40FC-8080-1339CFD0FC06},0,DROP,4635008.0,Keon Coleman,8.0,0.0,2025-11-14
2025,11,f838b6dd-4b40-4df1-873a-99922edc463f,75f6c0f4-91dc-4a5e-98bc-33426fa10248,TRADE_PROPOSAL,CANCELED,14,{C2BAB8A3-9ED5-425C-BAB8-A39ED5B25CC2},0,TRADE,4032473.0,Rashid Shaheed,14.0,1.0,2025-11-12
2025,11,f838b6dd-4b40-4df1-873a-99922edc463f,75f6c0f4-91dc-4a5e-98bc-33426fa10248,TRADE_PROPOSAL,CANCELED,14,{C2BAB8A3-9ED5-425C-BAB8-A39ED5B25CC2},0,TRADE,4569173.0,Rhamondre Stevenson,14.0,1.0,2025-11-12
2025,11,f838b6dd-4b40-4df1-873a-99922edc463f,75f6c0f4-91dc-4a5e-98bc-33426fa10248,TRADE_PROPOSAL,CANCELED,14,{C2BAB8A3-9ED5-425C-BAB8-A39ED5B25CC2},0,TRADE,4429160.0,De'Von Achane,1.0,14.0,2025-11-12
2025,11,0b71535d-df10-4a62-976a-df86dacb1884,526aaf63-238f-496a-a150-d0164e467cb3,WAIVER,FAILED_ROSTERLIMIT,3,NightlyLeagueUpdateTaskProcessor,1,ADD,4883647.0,Elic Ayomanor,0.0,3.0,2025-11-12
2025,11,e49b88bc-303f-4970-9762-1cc5e0636268,,FREEAGENT,EXECUTED,5,{77F704CF-0C76-4984-9A71-8BD39511C19F},0,ADD,4361411.0,Pat Freiermuth,0.0,5.0,2025-11-12
2025,11,e49b88bc-303f-4970-9762-1cc5e0636268,,FREEAGENT,EXECUTED,5,{77F704CF-0C76-4984-9A71-8BD39511C19F},0,DROP,4695404.0,Isaiah Davis,5.0,0.0,2025-11-12
2025,11,4c6e7d10-cbee-4f38-9b91-5f39b5cdf924,a3105f97-d7cb-45c9-8c46-ad0479ed0ec5,WAIVER,EXECUTED,1,NightlyLeagueUpdateTaskProcessor,5,ADD,4040655.0,Darnell Mooney,0.0,1.0,2025-11-12
2025,11,4c6e7d10-cbee-4f38-9b91-5f39b5cdf924,a3105f97-d7cb-45c9-8c46-ad0479ed0ec5,WAIVER,EXECUTED,1,NightlyLeagueUpdateTaskProcessor,5,DROP,3046439.0,Hunter Henry,1.0,0.0,2025-11-12
2025,11,a05283f4-5e7a-42de-8b0e-07756875c4eb,,FREEAGENT,EXECUTED,12,{5FCF8F43-6BFC-4593-9364-2E23B55B301D},0,ADD,4430539.0,Brenton Strange,0.0,12.0,2025-11-14
2025,11,a05283f4-5e7a-42de-8b0e-07756875c4eb,,FREEAGENT,EXECUTED,12,{5FCF8F43-6BFC-4593-9364-2E23B55B301D},0,DROP,4688813.0,Josh Downs,12.0,0.0,2025-11-14
2025,11,a82529b0-437c-4e3c-a168-0f3428d01f9e,c12e3cfb-ff70-44a1-9374-bd845d502ef2,WAIVER,FAILED_ROSTERLIMIT,3,NightlyLeagueUpdateTaskProcessor,1,ADD,4569603.0,Malik Washington,0.0,3.0,2025-11-12
2025,11,de8a95bd-ea15-42c7-b2e5-912a3165d5bb,7d9b8168-be35-4a93-981e-0e805ca7a4b3,WAIVER,FAILED_INVALIDPLAYERSOURCE,1,NightlyLeagueUpdateTaskProcessor,2,ADD,3915511.0,Joe Burrow,0.0,1.0,2025-11-12
2025,11,de8a95bd-ea15-42c7-b2e5-912a3165d5bb,7d9b8168-be35-4a93-981e-0e805ca7a4b3,WAIVER,FAILED_INVALIDPLAYERSOURCE,1,NightlyLeagueUpdateTaskProcessor,2,DROP,11252.0,Joe Flacco,1.0,0.0,2025-11-12
2025,11,e7090e3e-c9a5-43c5-8b5d-642e37237ded,,TRADE_PROPOSAL,PENDING,7,{430447A7-381F-4E40-AD53-6A9C1F157A25},0,TRADE,4239993.0,Tee Higgins,7.0,10.0,2025-11-12
2025,11,e7090e3e-c9a5-43c5-8b5d-642e37237ded,,TRADE_PROPOSAL,PENDING,7,{430447A7-381F-4E40-AD53-6A9C1F157A25},0,TRADE,3915511.0,Joe Burrow,7.0,10.0,2025-11-12
2025,11,e7090e3e-c9a5-43c5-8b5d-642e37237ded,,TRADE_PROPOSAL,PENDING,7,{430447A7-381F-4E40-AD53-6A9C1F157A25},0,TRADE,4426502.0,Drake London,10.0,7.0,2025-11-12
2025,11,3db6adea-082c-44a7-a873-caeae76b8f2a,,FREEAGENT,EXECUTED,1,{C1E09685-96D1-4750-BA21-8BE16D3BF7CA},0,ADD,4427728.0,Bam Knight,0.0,1.0,2025-11-15
2025,11,3db6adea-082c-44a7-a873-caeae76b8f2a,,FREEAGENT,EXECUTED,1,{C1E09685-96D1-4750-BA21-8BE16D3BF7CA},0,DROP,4241985.0,J.K. Dobbins,1.0,0.0,2025-11-15
2025,11,44a29dd9-80f0-4b8f-82d1-3cb568d82285,c6da6f6d-87a7-43f9-83c1-104aada40b97,WAIVER,EXECUTED,6,NightlyLeagueUpdateTaskProcessor,8,ADD,-16001.0,Falcons D/ST,0.0,6.0,2025-11-12
2025,11,44a29dd9-80f0-4b8f-82d1-3cb568d82285,c6da6f6d-87a7-43f9-83c1-104aada40b97,WAIVER,EXECUTED,6,NightlyLeagueUpdateTaskProcessor,8,DROP,-16027.0,Buccaneers D/ST,6.0,0.0,2025-11-12
2025,11,d966c910-5448-4bcc-95fe-d21814e4e6ff,,FREEAGENT,EXECUTED,2,{6AC115FA-3A0D-4948-8115-FA3A0DD94826},0,ADD,4596334.0,Keaton Mitchell,0.0,2.0,2025-11-13
2025,11,d966c910-5448-4bcc-95fe-d21814e4e6ff,,FREEAGENT,EXECUTED,2,{6AC115FA-3A0D-4948-8115-FA3A0DD94826},0,DROP,4038441.0,Justice Hill,2.0,0.0,2025-11-13
2025,11,4338d85b-83fa-4cbf-b5e2-5b09ed0755c6,30ded72d-66fe-4d02-af73-d5315e24ee00,WAIVER,FAILED_INVALIDPLAYERSOURCE,2,NightlyLeagueUpdateTaskProcessor,3,ADD,4430871.0,Sean Tucker,0.0,2.0,2025-11-12
2025,11,4338d85b-83fa-4cbf-b5e2-5b09ed0755c6,30ded72d-66fe-4d02-af73-d5315e24ee00,WAIVER,FAILED_INVALIDPLAYERSOURCE,2,NightlyLeagueUpdateTaskProcessor,3,DROP,4038441.0,Justice Hill,2.0,0.0,2025-11-12
2025,11,97c3de94-91e8-4392-91fa-82bd75fd5e8d,,FREEAGENT,EXECUTED,13,{523D9B8F-8A3C-4523-BD9B-8F8A3C852321},0,ADD,2577327.0,Tyler Lockett,0.0,13.0,2025-11-14
2025,11,97c3de94-91e8-4392-91fa-82bd75fd5e8d,,FREEAGENT,EXECUTED,13,{523D9B8F-8A3C-4523-BD9B-8F8A3C852321},0,DROP,3051876.0,Evan Engram,13.0,0.0,2025-11-14
2025,11,1b8a7a7d-c7ae-40ad-8802-514c46d2f99f,16a8dda9-fd31-4511-83b3-7fd5e1006ef5,WAIVER,FAILED_INVALIDPLAYERSOURCE,5,NightlyLeagueUpdateTaskProcessor,1,ADD,15835.0,Zach Ertz,0.0,5.0,2025-11-12
2025,11,1b8a7a7d-c7ae-40ad-8802-514c46d2f99f,16a8dda9-fd31-4511-83b3-7fd5e1006ef5,WAIVER,FAILED_INVALIDPLAYERSOURCE,5,NightlyLeagueUpdateTaskProcessor,1,DROP,4887558.0,Emanuel Wilson,5.0,0.0,2025-11-12
2025,11,514769c6-8ec9-4ffc-aacc-720f2af429f6,,FREEAGENT,EXECUTED,1,{C1E09685-96D1-4750-BA21-8BE16D3BF7CA},0,ADD,4428850.0,Dontayvion Wicks,0.0,1.0,2025-11-12
2025,11,514769c6-8ec9-4ffc-aacc-720f2af429f6,,FREEAGENT,EXECUTED,1,{C1E09685-96D1-4750-BA21-8BE16D3BF7CA},0,DROP,4371733.0,Kenneth Gainwell,1.0,0.0,2025-11-12
2025,11,d4acfd9d-3beb-4e76-bb66-14ea5cdf7bf8,71b9ab44-c013-46aa-9883-6f42c5779ea5,TRADE_UPHOLD,EXECUTED,1,{C1E09685-96D1-4750-BA21-8BE16D3BF7CA},0,,,,,,2025-11-15
2025,11,6a2e4618-358c-45ac-80eb-9fc7643f031d,68a4de90-e8cf-4037-91ba-211c220b07d0,WAIVER,EXECUTED,3,NightlyLeagueUpdateTaskProcessor,2,ADD,15835.0,Zach Ertz,0.0,3.0,2025-11-12
2025,11,867218f5-5f34-47e9-b9f5-5ae440347f49,,TRADE_PROPOSAL,PENDING,1,{C1E09685-96D1-4750-BA21-8BE16D3BF7CA},0,TRADE,3886598.0,Jauan Jennings,10.0,1.0,2025-11-12
2025,11,867218f5-5f34-47e9-b9f5-5ae440347f49,,TRADE_PROPOSAL,PENDING,1,{C1E09685-96D1-4750-BA21-8BE16D3BF7CA},0,TRADE,3915416.0,DJ Moore,1.0,10.0,2025-11-12
2025,11,867218f5-5f34-47e9-b9f5-5ae440347f49,,TRADE_PROPOSAL,PENDING,1,{C1E09685-96D1-4750-BA21-8BE16D3BF7CA},0,TRADE,11252.0,Joe Flacco,1.0,10.0,2025-11-12
2025,11,722a2080-688e-4abd-93bb-271301a1e786,aaba6883-3b62-42ed-80bc-ab9fcfdd86f1,WAIVER,FAILED_INVALIDPLAYERSOURCE,3,NightlyLeagueUpdateTaskProcessor,17,ADD,3059915.0,Kareem Hunt,0.0,3.0,2025-11-12
2025,11,9be43cce-9638-4045-bae5-03068da52447,,FREEAGENT,EXECUTED,5,{77F704CF-0C76-4984-9A71-8BD39511C19F},0,ADD,4362619.0,Chris Rodriguez Jr.,0.0,5.0,2025-11-14
2025,11,daf9d9e8-8054-4383-b561-24955c6ad673,f17229e6-2c31-47b4-909b-86ca98923f03,WAIVER,FAILED_PLAYERALREADYDROPPED,1,NightlyLeagueUpdateTaskProcessor,5,ADD,4877706.0,Jayden Higgins,0.0,1.0,2025-11-12
2025,11,daf9d9e8-8054-4383-b561-24955c6ad673,f17229e6-2c31-47b4-909b-86ca98923f03,WAIVER,FAILED_PLAYERALREADYDROPPED,1,NightlyLeagueUpdateTaskProcessor,5,DROP,3046439.0,Hunter Henry,1.0,0.0,2025-11-12
2025,11,59473c3b-4f52-4a55-bf91-d5e5920db032,13c7ca36-23dc-4e7e-87ea-8b969d3d0966,TRADE_PROPOSAL,CANCELED,1,TradeTaskProcessor,0,TRADE,4430027.0,Sam LaPorta,1.0,10.0,2025-11-16
2025,11,59473c3b-4f52-4a55-bf91-d5e5920db032,13c7ca36-23dc-4e7e-87ea-8b969d3d0966,TRADE_PROPOSAL,CANCELED,1,TradeTaskProcessor,0,TRADE,4243331.0,Cade Otton,10.0,1.0,2025-11-16
2025,11,cccd23c5-9b67-47b5-bdb3-7c04052f9d68,c60c6fe0-c40c-4f9a-95ec-a9aa97a66b1b,WAIVER,FAILED_INVALIDPLAYERSOURCE,7,NightlyLeagueUpdateTaskProcessor,2,ADD,3059915.0,Kareem Hunt,0.0,7.0,2025-11-12
2025,11,cccd23c5-9b67-47b5-bdb3-7c04052f9d68,c60c6fe0-c40c-4f9a-95ec-a9aa97a66b1b,WAIVER,FAILED_INVALIDPLAYERSOURCE,7,NightlyLeagueUpdateTaskProcessor,2,DROP,4429501.0,Ray Davis,7.0,0.0,2025-11-12
2025,11,06e23d10-6211-453c-9ced-80b557b43a14,75badaa8-b211-4cee-8b22-0175eb1feb1e,WAIVER,EXECUTED,14,NightlyLeagueUpdateTaskProcessor,25,ADD,4430871.0,Sean Tucker,0.0,14.0,2025-11-12
2025,11,06e23d10-6211-453c-9ced-80b557b43a14,75badaa8-b211-4cee-8b22-0175eb1feb1e,WAIVER,EXECUTED,14,NightlyLeagueUpdateTaskProcessor,25,DROP,3917914.0,Olamide Zaccheaus,14.0,0.0,2025-11-12
2025,11,f563d8ce-d8cc-4d70-88c3-418c45544d10,,ROSTER,EXECUTED,3,{C52D799E-6C1C-44B9-8371-9B6AF857D8E8},0,DROP,4685415.0,Travis Hunter,3.0,0.0,2025-11-11
2025,11,08e4e915-308a-44d4-9b96-9c7622aacadc,,ROSTER,EXECUTED,5,{77F704CF-0C76-4984-9A71-8BD39511C19F},0,DROP,4361529.0,Isiah Pacheco,5.0,0.0,2025-11-14
2025,11,b0c4a87d-b63e-4d1f-a86f-7c43ef60d4f6,01703af6-a262-48cb-adc7-cec96ce8aa5c,WAIVER,EXECUTED,4,NightlyLeagueUpdateTaskProcessor,28,ADD,3059915.0,Kareem Hunt,0.0,4.0,2025-11-12
2025,11,b0c4a87d-b63e-4d1f-a86f-7c43ef60d4f6,01703af6-a262-48cb-adc7-cec96ce8aa5c,WAIVER,EXECUTED,4,NightlyLeagueUpdateTaskProcessor,28,DROP,4362452.0,Jaret Patterson,4.0,0.0,2025-11-12
2025,11,7a9519f6-d9e3-477a-9825-6b1c4a1e1812,fee73785-4fe5-4430-a97a-0e96163bc7be,TRADE_ACCEPT,,8,{00408013-39CF-40FC-8080-1339CFD0FC06},0,DROP,4427728.0,Bam Knight,8.0,0.0,2025-11-11
2025,11,f49b6a83-9ce1-417d-9bca-75094f8ef7f9,0c426b28-d037-46b9-8cc8-55ac58d2f08f,TRADE_UPHOLD,EXECUTED,1,{C1E09685-96D1-4750-BA21-8BE16D3BF7CA},0,,,,,,2025-11-12
2025,11,6e4e1228-cb50-43e8-a002-2dc95c33d47c,,FREEAGENT,EXECUTED,8,{00408013-39CF-40FC-8080-1339CFD0FC06},0,ADD,4877706.0,Jayden Higgins,0.0,8.0,2025-11-12
2025,11,6e4e1228-cb50-43e8-a002-2dc95c33d47c,,FREEAGENT,EXECUTED,8,{00408013-39CF-40FC-8080-1339CFD0FC06},0,DROP,4036378.0,Jordan Love,8.0,0.0,2025-11-12
2025,11,3f250510-44ba-473b-918c-f2ea79651587,,ROSTER,EXECUTED,7,{430447A7-381F-4E40-AD53-6A9C1F157A25},0,DROP,-16020.0,Jets D/ST,7.0,0.0,2025-11-12
2025,11,b2a39e67-77a0-4466-8262-e84016bd54d8,e7090e3e-c9a5-43c5-8b5d-642e37237ded,TRADE_PROPOSAL,CANCELED,7,TradeTaskProcessor,0,TRADE,4239993.0,Tee Higgins,7.0,10.0,2025-11-14
2025,11,b2a39e67-77a0-4466-8262-e84016bd54d8,e7090e3e-c9a5-43c5-8b5d-642e37237ded,TRADE_PROPOSAL,CANCELED,7,TradeTaskProcessor,0,TRADE,3915511.0,Joe Burrow,7.0,10.0,2025-11-14
2025,11,b2a39e67-77a0-4466-8262-e84016bd54d8,e7090e3e-c9a5-43c5-8b5d-642e37237ded,TRADE_PROPOSAL,CANCELED,7,TradeTaskProcessor,0,TRADE,4426502.0,Drake London,10.0,7.0,2025-11-14
2025,11,0a541ac9-0e65-41d6-b92c-a502fad6bfbe,,FREEAGENT,EXECUTED,8,{00408013-39CF-40FC-8080-1339CFD0FC06},0,ADD,-16011.0,Colts D/ST,0.0,8.0,2025-11-17
2025,11,58343220-7397-4916-aa56-3f085c926703,,ROSTER,EXECUTED,5,{77F704CF-0C76-4984-9A71-8BD39511C19F},0,DROP,4427600.0,Terrell Jennings,5.0,0.0,2025-11-11
2025,11,688842de-9617-415d-95d5-8fc0a18bcdeb,a502a37f-24c9-49bd-bae6-38fad56638b2,WAIVER,EXECUTED,7,NightlyLeagueUpdateTaskProcessor,3,ADD,3915511.0,Joe Burrow,0.0,7.0,2025-11-12
2025,11,13c7ca36-23dc-4e7e-87ea-8b969d3d0966,,TRADE_PROPOSAL,PENDING,1,{C1E09685-96D1-4750-BA21-8BE16D3BF7CA},0,TRADE,4430027.0,Sam LaPorta,1.0,10.0,2025-11-14
2025,11,13c7ca36-23dc-4e7e-87ea-8b969d3d0966,,TRADE_PROPOSAL,PENDING,1,{C1E09685-96D1-4750-BA21-8BE16D3BF7CA},0,TRADE,4243331.0,Cade Otton,10.0,1.0,2025-11-14
2025,11,7f92abde-fa49-48ef-9594-7263778291e3,0c426b28-d037-46b9-8cc8-55ac58d2f08f,TRADE_ACCEPT,,6,{FE8F6865-8A47-4C3A-8D66-0780982B48DD},0,,,,,,2025-11-11
2025,11,14ca8cf3-7a85-4997-beae-bdb737fcc1ae,,FREEAGENT,EXECUTED,5,{77F704CF-0C76-4984-9A71-8BD39511C19F},0,ADD,-16023.0,Steelers D/ST,0.0,5.0,2025-11-12
2025,11,17b35872-663a-4ca4-bdc1-d8b0393f1377,,FREEAGENT,EXECUTED,7,{430447A7-381F-4E40-AD53-6A9C1F157A25},0,ADD,-16025.0,49ers D/ST,0.0,7.0,2025-11-12
2025,11,17b35872-663a-4ca4-bdc1-d8b0393f1377,,FREEAGENT,EXECUTED,7,{430447A7-381F-4E40-AD53-6A9C1F157A25},0,DROP,4429501.0,Ray Davis,7.0,0.0,2025-11-12
2025,11,3f384d63-55c7-4e71-b002-9ab477ea8fd0,,ROSTER,EXECUTED,12,{5FCF8F43-6BFC-4593-9364-2E23B55B301D},0,DROP,2578570.0,Jacoby Brissett,12.0,0.0,2025-11-12
2025,11,3f384d63-55c7-4e71-b002-9ab477ea8fd0,,ROSTER,EXECUTED,12,{5FCF8F43-6BFC-4593-9364-2E23B55B301D},0,DROP,5081397.0,Dylan Sampson,12.0,0.0,2025-11-12
2025,11,62fcda65-71f9-418a-b9f9-656f0c31db3e,853f1d21-2932-4079-ad38-d020d2c7e760,WAIVER,EXECUTED,2,NightlyLeagueUpdateTaskProcessor,3,ADD,4635008.0,Keon Coleman,0.0,2.0,2025-11-15
2025,11,62fcda65-71f9-418a-b9f9-656f0c31db3e,853f1d21-2932-4079-ad38-d020d2c7e760,WAIVER,EXECUTED,2,NightlyLeagueUpdateTaskProcessor,3,DROP,4596334.0,Keaton Mitchell,2.0,0.0,2025-11-15
2025,11,ff72f390-62b8-46fc-9621-fd4b51a4d61c,58b99219-5169-4849-89dc-9f806e21c8b3,WAIVER,FAILED_INVALIDPLAYERSOURCE,14,NightlyLeagueUpdateTaskProcessor,20,ADD,3059915.0,Kareem Hunt,0.0,14.0,2025-11-12
2025,11,ff72f390-62b8-46fc-9621-fd4b51a4d61c,58b99219-5169-4849-89dc-9f806e21c8b3,WAIVER,FAILED_INVALIDPLAYERSOURCE,14,NightlyLeagueUpdateTaskProcessor,20,DROP,4433970.0,J.J. McCarthy,14.0,0.0,2025-11-12
2025,12,aa0f857a-c9a5-43ee-90aa-d12a6029410b,d3d1da86-1254-45dd-95d8-f703d69483ec,TRADE_PROPOSAL,CANCELED,7,{2C8A1B87-268B-45A5-A0E5-C4A3F61C9BC2},0,TRADE,4429022.0,Kayshon Boutte,7.0,10.0,2025-11-22
2025,12,aa0f857a-c9a5-43ee-90aa-d12a6029410b,d3d1da86-1254-45dd-95d8-f703d69483ec,TRADE_PROPOSAL,CANCELED,7,{2C8A1B87-268B-45A5-A0E5-C4A3F61C9BC2},0,TRADE,3915511.0,Joe Burrow,7.0,10.0,2025-11-22
2025,12,aa0f857a-c9a5-43ee-90aa-d12a6029410b,d3d1da86-1254-45dd-95d8-f703d69483ec,TRADE_PROPOSAL,CANCELED,7,{2C8A1B87-268B-45A5-A0E5-C4A3F61C9BC2},0,TRADE,4426502.0,Drake London,10.0,7.0,2025-11-22
2025,12,b30bdc6a-35bd-40a4-af1e-7e7f92bc2713,,FREEAGENT,EXECUTED,5,{77F704CF-0C76-4984-9A71-8BD39511C19F},0,ADD,4368003.0,Andrei Iosivas,0.0,5.0,2025-11-19
2025,12,3f8f8858-edc8-40c6-bdec-f898b6c96df7,60040f91-36ca-4236-b3e2-57e1c3af328e,TRADE_DECLINE,EXECUTED,1,{C1E09685-96D1-4750-BA21-8BE16D3BF7CA},0,,,,,,2025-11-20
2025,12,7bb3dd45-636d-4317-9a6a-b32d6a424402,,FREEAGENT,EXECUTED,3,{C52D799E-6C1C-44B9-8371-9B6AF857D8E8},0,ADD,4430034.0,Xavier Legette,0.0,3.0,2025-11-21
2025,12,2a94c4ae-797b-4ed5-ad40-1bc7011520f4,8b2110d7-b5af-4c5d-947f-9be05980893e,TRADE_UPHOLD,EXECUTED,1,{C1E09685-96D1-4750-BA21-8BE16D3BF7CA},0,,,,,,2025-11-19
2025,12,fb5dc8bc-b423-4593-b87c-a74c1c0a5dee,,ROSTER,EXECUTED,4,{8242D4C8-FCD1-4A28-9373-CD282687A8E7},0,DROP,4428085.0,Luke Musgrave,4.0,0.0,2025-11-18
2025,12,1f5b980a-9196-41af-8660-dcdfb11dfc3d,ce7d8079-7739-431d-a3dc-9aed7748d04a,TRADE_PROPOSAL,CANCELED,7,{430447A7-381F-4E40-AD53-6A9C1F157A25},0,TRADE,3042519.0,Aaron Jones Sr.,7.0,2.0,2025-11-19
2025,12,1f5b980a-9196-41af-8660-dcdfb11dfc3d,ce7d8079-7739-431d-a3dc-9aed7748d04a,TRADE_PROPOSAL,CANCELED,7,{430447A7-381F-4E40-AD53-6A9C1F157A25},0,TRADE,4688813.0,Josh Downs,7.0,2.0,2025-11-19
2025,12,1f5b980a-9196-41af-8660-dcdfb11dfc3d,ce7d8079-7739-431d-a3dc-9aed7748d04a,TRADE_PROPOSAL,CANCELED,7,{430447A7-381F-4E40-AD53-6A9C1F157A25},0,TRADE,4612826.0,Ladd McConkey,2.0,7.0,2025-11-19
2025,12,1f5b980a-9196-41af-8660-dcdfb11dfc3d,ce7d8079-7739-431d-a3dc-9aed7748d04a,TRADE_PROPOSAL,CANCELED,7,{430447A7-381F-4E40-AD53-6A9C1F157A25},0,TRADE,3116365.0,Mark Andrews,2.0,7.0,2025-11-19
2025,12,5a713584-4da0-4d92-aa36-51a3d0be0c6a,,TRADE_PROPOSAL,PENDING,7,{430447A7-381F-4E40-AD53-6A9C1F157A25},0,TRADE,4882093.0,Bhayshul Tuten,7.0,10.0,2025-11-22
2025,12,5a713584-4da0-4d92-aa36-51a3d0be0c6a,,TRADE_PROPOSAL,PENDING,7,{430447A7-381F-4E40-AD53-6A9C1F157A25},0,TRADE,4429022.0,Kayshon Boutte,7.0,10.0,2025-11-22
2025,12,5a713584-4da0-4d92-aa36-51a3d0be0c6a,,TRADE_PROPOSAL,PENDING,7,{430447A7-381F-4E40-AD53-6A9C1F157A25},0,TRADE,4426502.0,Drake London,10.0,7.0,2025-11-22
2025,12,d2fcb169-7524-4e54-8bff-6beba9d04653,,FREEAGENT,EXECUTED,12,{5FCF8F43-6BFC-4593-9364-2E23B55B301D},0,ADD,4596334.0,Keaton Mitchell,0.0,12.0,2025-11-19
2025,12,d2fcb169-7524-4e54-8bff-6beba9d04653,,FREEAGENT,EXECUTED,12,{5FCF8F43-6BFC-4593-9364-2E23B55B301D},0,DROP,4430539.0,Brenton Strange,12.0,0.0,2025-11-19
2025,12,066bde82-3e64-4cd9-9b07-c9a81670d7f2,93d90cba-7910-479d-9757-c8d5a68b0b4b,TRADE_PROPOSAL,CANCELED,3,{2C8A1B87-268B-45A5-A0E5-C4A3F61C9BC2},0,TRADE,4426502.0,Drake London,10.0,3.0,2025-11-21
2025,12,066bde82-3e64-4cd9-9b07-c9a81670d7f2,93d90cba-7910-479d-9757-c8d5a68b0b4b,TRADE_PROPOSAL,CANCELED,3,{2C8A1B87-268B-45A5-A0E5-C4A3F61C9BC2},0,TRADE,4430034.0,Xavier Legette,3.0,10.0,2025-11-21
2025,12,066bde82-3e64-4cd9-9b07-c9a81670d7f2,93d90cba-7910-479d-9757-c8d5a68b0b4b,TRADE_PROPOSAL,CANCELED,3,{2C8A1B87-268B-45A5-A0E5-C4A3F61C9BC2},0,TRADE,4431268.0,Chimere Dike,3.0,10.0,2025-11-21
2025,12,066bde82-3e64-4cd9-9b07-c9a81670d7f2,93d90cba-7910-479d-9757-c8d5a68b0b4b,TRADE_PROPOSAL,CANCELED,3,{2C8A1B87-268B-45A5-A0E5-C4A3F61C9BC2},0,TRADE,16737.0,Mike Evans,3.0,10.0,2025-11-21
2025,12,b02ed422-91ca-4bc6-be78-54192ac4e228,,FREEAGENT,EXECUTED,14,{C2BAB8A3-9ED5-425C-BAB8-A39ED5B25CC2},0,ADD,4037235.0,Greg Dortch,0.0,14.0,2025-11-20
2025,12,b02ed422-91ca-4bc6-be78-54192ac4e228,,FREEAGENT,EXECUTED,14,{C2BAB8A3-9ED5-425C-BAB8-A39ED5B25CC2},0,DROP,4241474.0,Brian Robinson Jr.,14.0,0.0,2025-11-20
2025,12,7501cf73-71b8-48cc-87ef-d685cd0dc1e0,80b440e9-e0a9-4392-9b44-724bc80f4d13,TRADE_PROPOSAL,CANCELED,8,{00408013-39CF-40FC-8080-1339CFD0FC06},0,TRADE,4568490.0,RJ Harvey,10.0,8.0,2025-11-24
2025,12,7501cf73-71b8-48cc-87ef-d685cd0dc1e0,80b440e9-e0a9-4392-9b44-724bc80f4d13,TRADE_PROPOSAL,CANCELED,8,{00408013-39CF-40FC-8080-1339CFD0FC06},0,TRADE,4689114.0,Jaxson Dart,10.0,8.0,2025-11-24
2025,12,7501cf73-71b8-48cc-87ef-d685cd0dc1e0,80b440e9-e0a9-4392-9b44-724bc80f4d13,TRADE_PROPOSAL,CANCELED,8,{00408013-39CF-40FC-8080-1339CFD0FC06},0,TRADE,4431299.0,Rome Odunze,8.0,10.0,2025-11-24
2025,12,7501cf73-71b8-48cc-87ef-d685cd0dc1e0,80b440e9-e0a9-4392-9b44-724bc80f4d13,TRADE_PROPOSAL,CANCELED,8,{00408013-39CF-40FC-8080-1339CFD0FC06},0,TRADE,3116165.0,Chris Godwin Jr.,8.0,10.0,2025-11-24
2025,12,79bf99aa-515c-4231-8c73-81d6698cded9,,TRADE_PROPOSAL,PENDING,10,{2C8A1B87-268B-45A5-A0E5-C4A3F61C9BC2},0,TRADE,4688813.0,Josh Downs,7.0,10.0,2025-11-19
2025,12,79bf99aa-515c-4231-8c73-81d6698cded9,,TRADE_PROPOSAL,PENDING,10,{2C8A1B87-268B-45A5-A0E5-C4A3F61C9BC2},0,TRADE,3117256.0,Dalton Schultz,10.0,7.0,2025-11-19
2025,12,9201756f-75f8-40b9-9d0e-ff5d0628f0de,,TRADE_PROPOSAL,PENDING,3,{C52D799E-6C1C-44B9-8371-9B6AF857D8E8},0,TRADE,4431268.0,Chimere Dike,3.0,10.0,2025-11-24
2025,12,9201756f-75f8-40b9-9d0e-ff5d0628f0de,,TRADE_PROPOSAL,PENDING,3,{C52D799E-6C1C-44B9-8371-9B6AF857D8E8},0,TRADE,4428718.0,Tre Tucker,3.0,10.0,2025-11-24
2025,12,9201756f-75f8-40b9-9d0e-ff5d0628f0de,,TRADE_PROPOSAL,PENDING,3,{C52D799E-6C1C-44B9-8371-9B6AF857D8E8},0,TRADE,4371733.0,Kenneth Gainwell,3.0,10.0,2025-11-24
2025,12,9201756f-75f8-40b9-9d0e-ff5d0628f0de,,TRADE_PROPOSAL,PENDING,3,{C52D799E-6C1C-44B9-8371-9B6AF857D8E8},0,TRADE,4427366.0,Breece Hall,3.0,10.0,2025-11-24
2025,12,9201756f-75f8-40b9-9d0e-ff5d0628f0de,,TRADE_PROPOSAL,PENDING,3,{C52D799E-6C1C-44B9-8371-9B6AF857D8E8},0,TRADE,3117251.0,Christian McCaffrey,10.0,3.0,2025-11-24
2025,12,f005b151-bc16-430c-bc7c-ea637b3b0df2,,FREEAGENT,EXECUTED,7,{430447A7-381F-4E40-AD53-6A9C1F157A25},0,ADD,4688813.0,Josh Downs,0.0,7.0,2025-11-19
2025,12,f005b151-bc16-430c-bc7c-ea637b3b0df2,,FREEAGENT,EXECUTED,7,{430447A7-381F-4E40-AD53-6A9C1F157A25},0,DROP,4361050.0,Isaiah Likely,7.0,0.0,2025-11-19
2025,12,085d49a9-ec6c-42d0-a87f-150bef4996ee,e21d26b0-d627-4f01-abca-1f7f3aeacaa8,WAIVER,CANCELED,1,{C1E09685-96D1-4750-BA21-8BE16D3BF7CA},0,ADD,4688813.0,Josh Downs,0.0,1.0,2025-11-18
2025,12,085d49a9-ec6c-42d0-a87f-150bef4996ee,e21d26b0-d627-4f01-abca-1f7f3aeacaa8,WAIVER,CANCELED,1,{C1E09685-96D1-4750-BA21-8BE16D3BF7CA},0,DROP,4040655.0,Darnell Mooney,1.0,0.0,2025-11-18
2025,12,5b4cf0d5-777f-425c-aea7-b33336dc0a61,,TRADE_PROPOSAL,PENDING,10,{2C8A1B87-268B-45A5-A0E5-C4A3F61C9BC2},0,TRADE,4259545.0,D'Andre Swift,10.0,13.0,2025-11-19
2025,12,5b4cf0d5-777f-425c-aea7-b33336dc0a61,,TRADE_PROPOSAL,PENDING,10,{2C8A1B87-268B-45A5-A0E5-C4A3F61C9BC2},0,TRADE,4262921.0,Justin Jefferson,10.0,13.0,2025-11-19
2025,12,5b4cf0d5-777f-425c-aea7-b33336dc0a61,,TRADE_PROPOSAL,PENDING,10,{2C8A1B87-268B-45A5-A0E5-C4A3F61C9BC2},0,TRADE,3117256.0,Dalton Schultz,13.0,10.0,2025-11-19
2025,12,5b4cf0d5-777f-425c-aea7-b33336dc0a61,,TRADE_PROPOSAL,PENDING,10,{2C8A1B87-268B-45A5-A0E5-C4A3F61C9BC2},0,TRADE,3117251.0,Christian McCaffrey,13.0,10.0,2025-11-19
2025,12,70ed05e3-586c-4dca-8017-f0acba7acefa,,ROSTER,EXECUTED,14,{C2BAB8A3-9ED5-425C-BAB8-A39ED5B25CC2},0,LINEUP,15818.0,Keenan Allen,0.0,0.0,2025-11-18
2025,12,70ed05e3-586c-4dca-8017-f0acba7acefa,,ROSTER,EXECUTED,14,{C2BAB8A3-9ED5-425C-BAB8-A39ED5B25CC2},0,LINEUP,4569173.0,Rhamondre Stevenson,0.0,0.0,2025-11-18
2025,12,70ed05e3-586c-4dca-8017-f0acba7acefa,,ROSTER,EXECUTED,14,{C2BAB8A3-9ED5-425C-BAB8-A39ED5B25CC2},0,DROP,4433970.0,J.J. McCarthy,14.0,0.0,2025-11-18
2025,12,69ebcb41-7bf8-4f35-afab-08fca5f6b168,93d90cba-7910-479d-9757-c8d5a68b0b4b,TRADE_DECLINE,EXECUTED,10,{2C8A1B87-268B-45A5-A0E5-C4A3F61C9BC2},0,,,,,,2025-11-21
2025,12,d2a1dddf-3f24-4e58-b271-3a3e0748a692,5a713584-4da0-4d92-aa36-51a3d0be0c6a,TRADE_ACCEPT,,10,{2C8A1B87-268B-45A5-A0E5-C4A3F61C9BC2},0,DROP,4361529.0,Isiah Pacheco,10.0,0.0,2025-11-23
2025,12,e34feaf3-9867-480f-952b-4b0821b9eec6,,FREEAGENT,EXECUTED,8,{00408013-39CF-40FC-8080-1339CFD0FC06},0,ADD,4883647.0,Elic Ayomanor,0.0,8.0,2025-11-19
2025,12,e34feaf3-9867-480f-952b-4b0821b9eec6,,FREEAGENT,EXECUTED,8,{00408013-39CF-40FC-8080-1339CFD0FC06},0,DROP,-16024.0,Chargers D/ST,8.0,0.0,2025-11-19
2025,12,46197eff-6e38-4004-b180-d853a20e1095,2b8b6e88-1025-4c17-8e70-be525cd5d721,WAIVER,FAILED_INVALIDPLAYERSOURCE,8,NightlyLeagueUpdateTaskProcessor,7,ADD,4361741.0,Brock Purdy,0.0,8.0,2025-11-19
2025,12,46197eff-6e38-4004-b180-d853a20e1095,2b8b6e88-1025-4c17-8e70-be525cd5d721,WAIVER,FAILED_INVALIDPLAYERSOURCE,8,NightlyLeagueUpdateTaskProcessor,7,DROP,3128720.0,Nick Chubb,8.0,0.0,2025-11-19
2025,12,b0cd63b4-e439-49ad-8cd4-f533321a5885,,FREEAGENT,EXECUTED,2,{6AC115FA-3A0D-4948-8115-FA3A0DD94826},0,ADD,4697815.0,Rachaad White,0.0,2.0,2025-11-20
2025,12,b0cd63b4-e439-49ad-8cd4-f533321a5885,,FREEAGENT,EXECUTED,2,{6AC115FA-3A0D-4948-8115-FA3A0DD94826},0,DROP,4373626.0,Tyler Allgeier,2.0,0.0,2025-11-20
2025,12,a6917805-1cbb-4d03-a78c-f9e4200bbffa,5158bd14-be9b-43c2-9035-5fbda6e5a7de,TRADE_DECLINE,EXECUTED,1,{C1E09685-96D1-4750-BA21-8BE16D3BF7CA},0,,,,,,2025-11-19
2025,12,456833bd-c80f-4bf3-b856-6f467be1b774,79bf99aa-515c-4231-8c73-81d6698cded9,TRADE_ACCEPT,EXECUTED,10,{C1E09685-96D1-4750-BA21-8BE16D3BF7CA},0,TRADE,4688813.0,Josh Downs,7.0,10.0,2025-11-19
2025,12,456833bd-c80f-4bf3-b856-6f467be1b774,79bf99aa-515c-4231-8c73-81d6698cded9,TRADE_ACCEPT,EXECUTED,10,{C1E09685-96D1-4750-BA21-8BE16D3BF7CA},0,TRADE,3117256.0,Dalton Schultz,10.0,7.0,2025-11-19
2025,12,41774070-22a4-4e01-a046-87a5fe7cda82,,TRADE_PROPOSAL,PENDING,1,{C1E09685-96D1-4750-BA21-8BE16D3BF7CA},0,TRADE,4040761.0,Devin Singletary,1.0,10.0,2025-11-20
2025,12,41774070-22a4-4e01-a046-87a5fe7cda82,,TRADE_PROPOSAL,PENDING,1,{C1E09685-96D1-4750-BA21-8BE16D3BF7CA},0,TRADE,3886598.0,Jauan Jennings,10.0,1.0,2025-11-20
2025,12,41774070-22a4-4e01-a046-87a5fe7cda82,,TRADE_PROPOSAL,PENDING,1,{C1E09685-96D1-4750-BA21-8BE16D3BF7CA},0,TRADE,4242355.0,Jake Ferguson,10.0,1.0,2025-11-20
2025,12,41774070-22a4-4e01-a046-87a5fe7cda82,,TRADE_PROPOSAL,PENDING,1,{C1E09685-96D1-4750-BA21-8BE16D3BF7CA},0,TRADE,4596448.0,Bucky Irving,10.0,1.0,2025-11-20
2025,12,41774070-22a4-4e01-a046-87a5fe7cda82,,TRADE_PROPOSAL,PENDING,1,{C1E09685-96D1-4750-BA21-8BE16D3BF7CA},0,TRADE,4430027.0,Sam LaPorta,1.0,10.0,2025-11-20
2025,12,41774070-22a4-4e01-a046-87a5fe7cda82,,TRADE_PROPOSAL,PENDING,1,{C1E09685-96D1-4750-BA21-8BE16D3BF7CA},0,TRADE,4426388.0,Jameson Williams,1.0,10.0,2025-11-20
2025,12,e246f27b-d933-451e-97bb-4ade6018823b,,TRADE_PROPOSAL,PENDING,12,{5FCF8F43-6BFC-4593-9364-2E23B55B301D},0,TRADE,4429059.0,Woody Marks,10.0,12.0,2025-11-20
2025,12,e246f27b-d933-451e-97bb-4ade6018823b,,TRADE_PROPOSAL,PENDING,12,{5FCF8F43-6BFC-4593-9364-2E23B55B301D},0,TRADE,4429025.0,Quentin Johnston,12.0,10.0,2025-11-20
2025,12,58232332-0922-4c3a-b3b0-2ef45b62d083,,FREEAGENT,EXECUTED,7,{430447A7-381F-4E40-AD53-6A9C1F157A25},0,ADD,4241474.0,Brian Robinson Jr.,0.0,7.0,2025-11-23
2025,12,6f941bb4-385e-4370-8243-3ac7a23dee29,0692e9c1-496b-4956-a758-84f72b37b5bf,TRADE_PROPOSAL,CANCELED,3,{C52D799E-6C1C-44B9-8371-9B6AF857D8E8},0,TRADE,4362238.0,Chase Brown,3.0,1.0,2025-11-18
2025,12,6f941bb4-385e-4370-8243-3ac7a23dee29,0692e9c1-496b-4956-a758-84f72b37b5bf,TRADE_PROPOSAL,CANCELED,3,{C52D799E-6C1C-44B9-8371-9B6AF857D8E8},0,TRADE,4429160.0,De'Von Achane,1.0,3.0,2025-11-18
2025,12,6f941bb4-385e-4370-8243-3ac7a23dee29,0692e9c1-496b-4956-a758-84f72b37b5bf,TRADE_PROPOSAL,CANCELED,3,{C52D799E-6C1C-44B9-8371-9B6AF857D8E8},0,TRADE,5083076.0,Harold Fannin Jr.,3.0,1.0,2025-11-18
2025,12,6f941bb4-385e-4370-8243-3ac7a23dee29,0692e9c1-496b-4956-a758-84f72b37b5bf,TRADE_PROPOSAL,CANCELED,3,{C52D799E-6C1C-44B9-8371-9B6AF857D8E8},0,TRADE,4428718.0,Tre Tucker,3.0,1.0,2025-11-18
2025,12,0f6ffc91-0083-47c0-9b74-a364be4d89b6,,TRADE_PROPOSAL,PENDING,10,{2C8A1B87-268B-45A5-A0E5-C4A3F61C9BC2},0,TRADE,4685382.0,Omarion Hampton,12.0,10.0,2025-11-21
2025,12,0f6ffc91-0083-47c0-9b74-a364be4d89b6,,TRADE_PROPOSAL,PENDING,10,{2C8A1B87-268B-45A5-A0E5-C4A3F61C9BC2},0,TRADE,4426502.0,Drake London,10.0,12.0,2025-11-21
2025,12,ae8fc241-2053-4a9f-b48e-6fd5a42a11eb,,ROSTER,EXECUTED,5,{77F704CF-0C76-4984-9A71-8BD39511C19F},0,DROP,4361411.0,Pat Freiermuth,5.0,0.0,2025-11-18
2025,12,eaf18dcf-207c-4cb0-8a2c-121d04a932d3,973660f6-2f87-4a21-8258-d70c5aab4eec,TRADE_DECLINE,EXECUTED,12,{5FCF8F43-6BFC-4593-9364-2E23B55B301D},0,,,,,,2025-11-23
2025,12,2265ab23-d53b-4661-a67c-1ee6aca9f08b,97b0446c-141a-477c-b189-d834c38475f7,TRADE_PROPOSAL,CANCELED,10,{2C8A1B87-268B-45A5-A0E5-C4A3F61C9BC2},0,TRADE,4361529.0,Isiah Pacheco,10.0,1.0,2025-11-19
2025,12,2265ab23-d53b-4661-a67c-1ee6aca9f08b,97b0446c-141a-477c-b189-d834c38475f7,TRADE_PROPOSAL,CANCELED,10,{2C8A1B87-268B-45A5-A0E5-C4A3F61C9BC2},0,TRADE,4040655.0,Darnell Mooney,1.0,10.0,2025-11-19
2025,12,0e700196-c35c-42b3-a7ef-20542d00b40f,0c8b0194-67cb-4ccc-b983-1efccc5efba6,TRADE_PROPOSAL,CANCELED,10,{2C8A1B87-268B-45A5-A0E5-C4A3F61C9BC2},0,TRADE,4040655.0,Darnell Mooney,1.0,10.0,2025-11-19
2025,12,0e700196-c35c-42b3-a7ef-20542d00b40f,0c8b0194-67cb-4ccc-b983-1efccc5efba6,TRADE_PROPOSAL,CANCELED,10,{2C8A1B87-268B-45A5-A0E5-C4A3F61C9BC2},0,TRADE,3117256.0,Dalton Schultz,10.0,1.0,2025-11-19
2025,12,863d43ec-567f-4b52-a8a2-c242aeb9090a,,ROSTER,EXECUTED,4,{8242D4C8-FCD1-4A28-9373-CD282687A8E7},0,LINEUP,4385690.0,Dalton Kincaid,0.0,0.0,2025-11-18
2025,12,863d43ec-567f-4b52-a8a2-c242aeb9090a,,ROSTER,EXECUTED,4,{8242D4C8-FCD1-4A28-9373-CD282687A8E7},0,DROP,15795.0,DeAndre Hopkins,4.0,0.0,2025-11-18
2025,12,42af0272-48d3-449e-bcff-09f49c511169,c34bfad4-011c-479d-9b15-163e2b88ce89,TRADE_DECLINE,EXECUTED,7,{430447A7-381F-4E40-AD53-6A9C1F157A25},0,,,,,,2025-11-21
2025,12,11603cd8-bbe5-46da-b13e-b3cbf6acaa67,1bc9573f-edac-4339-9e28-e053382e3add,WAIVER,EXECUTED,3,NightlyLeagueUpdateTaskProcessor,1,ADD,4373626.0,Tyler Allgeier,0.0,3.0,2025-11-22
2025,12,11603cd8-bbe5-46da-b13e-b3cbf6acaa67,1bc9573f-edac-4339-9e28-e053382e3add,WAIVER,EXECUTED,3,NightlyLeagueUpdateTaskProcessor,1,DROP,4430034.0,Xavier Legette,3.0,0.0,2025-11-22
2025,12,31fce6c4-7f74-44af-8d2b-0ca0f21b59d3,81dfb445-ca8e-427e-a502-e3c5f8cf1786,TRADE_PROPOSAL,CANCELED,10,{C2BAB8A3-9ED5-425C-BAB8-A39ED5B25CC2},0,TRADE,4047646.0,A.J. Brown,14.0,10.0,2025-11-20
2025,12,31fce6c4-7f74-44af-8d2b-0ca0f21b59d3,81dfb445-ca8e-427e-a502-e3c5f8cf1786,TRADE_PROPOSAL,CANCELED,10,{C2BAB8A3-9ED5-425C-BAB8-A39ED5B25CC2},0,TRADE,4361529.0,Isiah Pacheco,10.0,14.0,2025-11-20
2025,12,31fce6c4-7f74-44af-8d2b-0ca0f21b59d3,81dfb445-ca8e-427e-a502-e3c5f8cf1786,TRADE_PROPOSAL,CANCELED,10,{C2BAB8A3-9ED5-425C-BAB8-A39ED5B25CC2},0,TRADE,4688813.0,Josh Downs,10.0,14.0,2025-11-20
2025,12,93d90cba-7910-479d-9757-c8d5a68b0b4b,,TRADE_PROPOSAL,PENDING,3,{C52D799E-6C1C-44B9-8371-9B6AF857D8E8},0,TRADE,4426502.0,Drake London,10.0,3.0,2025-11-21
2025,12,93d90cba-7910-479d-9757-c8d5a68b0b4b,,TRADE_PROPOSAL,PENDING,3,{C52D799E-6C1C-44B9-8371-9B6AF857D8E8},0,TRADE,4430034.0,Xavier Legette,3.0,10.0,2025-11-21
2025,12,93d90cba-7910-479d-9757-c8d5a68b0b4b,,TRADE_PROPOSAL,PENDING,3,{C52D799E-6C1C-44B9-8371-9B6AF857D8E8},0,TRADE,4431268.0,Chimere Dike,3.0,10.0,2025-11-21
2025,12,93d90cba-7910-479d-9757-c8d5a68b0b4b,,TRADE_PROPOSAL,PENDING,3,{C52D799E-6C1C-44B9-8371-9B6AF857D8E8},0,TRADE,16737.0,Mike Evans,3.0,10.0,2025-11-21
2025,12,7e9d0e63-b3d8-4b79-8308-0f0ca0aabf71,ea829b67-2dab-43eb-80fe-8e9f2361c599,TRADE_PROPOSAL,CANCELED,10,{C1E09685-96D1-4750-BA21-8BE16D3BF7CA},0,TRADE,4596448.0,Bucky Irving,10.0,1.0,2025-11-22
2025,12,7e9d0e63-b3d8-4b79-8308-0f0ca0aabf71,ea829b67-2dab-43eb-80fe-8e9f2361c599,TRADE_PROPOSAL,CANCELED,10,{C1E09685-96D1-4750-BA21-8BE16D3BF7CA},0,TRADE,4243331.0,Cade Otton,10.0,1.0,2025-11-22
2025,12,7e9d0e63-b3d8-4b79-8308-0f0ca0aabf71,ea829b67-2dab-43eb-80fe-8e9f2361c599,TRADE_PROPOSAL,CANCELED,10,{C1E09685-96D1-4750-BA21-8BE16D3BF7CA},0,TRADE,3886598.0,Jauan Jennings,10.0,1.0,2025-11-22
2025,12,7e9d0e63-b3d8-4b79-8308-0f0ca0aabf71,ea829b67-2dab-43eb-80fe-8e9f2361c599,TRADE_PROPOSAL,CANCELED,10,{C1E09685-96D1-4750-BA21-8BE16D3BF7CA},0,TRADE,4427728.0,Bam Knight,1.0,10.0,2025-11-22
2025,12,7e9d0e63-b3d8-4b79-8308-0f0ca0aabf71,ea829b67-2dab-43eb-80fe-8e9f2361c599,TRADE_PROPOSAL,CANCELED,10,{C1E09685-96D1-4750-BA21-8BE16D3BF7CA},0,TRADE,4426388.0,Jameson Williams,1.0,10.0,2025-11-22
2025,12,9bf7ff08-391f-4c2f-8998-3ca476f3acc9,,FREEAGENT,EXECUTED,10,{2C8A1B87-268B-45A5-A0E5-C4A3F61C9BC2},0,ADD,-16018.0,Saints D/ST,0.0,10.0,2025-11-19
2025,12,9bf7ff08-391f-4c2f-8998-3ca476f3acc9,,FREEAGENT,EXECUTED,10,{2C8A1B87-268B-45A5-A0E5-C4A3F61C9BC2},0,DROP,-16006.0,Cowboys D/ST,10.0,0.0,2025-11-19
2025,12,767d64ac-565d-4626-89a2-6a756da51c5c,eac70691-cb3c-4736-af79-d04e1bce7283,TRADE_DECLINE,EXECUTED,13,{523D9B8F-8A3C-4523-BD9B-8F8A3C852321},0,,,,,,2025-11-21
2025,12,25a8d4a1-bf94-4f3a-8ce8-ed52d2e920c1,,FREEAGENT,EXECUTED,10,{2C8A1B87-268B-45A5-A0E5-C4A3F61C9BC2},0,ADD,-16027.0,Buccaneers D/ST,0.0,10.0,2025-11-19
2025,12,25a8d4a1-bf94-4f3a-8ce8-ed52d2e920c1,,FREEAGENT,EXECUTED,10,{2C8A1B87-268B-45A5-A0E5-C4A3F61C9BC2},0,DROP,3916945.0,Darius Slayton,10.0,0.0,2025-11-19
2025,12,41396446-a737-4966-962c-47b83cb9fefc,a1062462-3021-4bdf-b172-d58e5ae3a0b9,TRADE_PROPOSAL,CANCELED,3,{C52D799E-6C1C-44B9-8371-9B6AF857D8E8},0,TRADE,4371733.0,Kenneth Gainwell,3.0,5.0,2025-11-19
2025,12,41396446-a737-4966-962c-47b83cb9fefc,a1062462-3021-4bdf-b172-d58e5ae3a0b9,TRADE_PROPOSAL,CANCELED,3,{C52D799E-6C1C-44B9-8371-9B6AF857D8E8},0,TRADE,3915416.0,DJ Moore,3.0,5.0,2025-11-19
2025,12,41396446-a737-4966-962c-47b83cb9fefc,a1062462-3021-4bdf-b172-d58e5ae3a0b9,TRADE_PROPOSAL,CANCELED,3,{C52D799E-6C1C-44B9-8371-9B6AF857D8E8},0,TRADE,4428718.0,Tre Tucker,3.0,5.0,2025-11-19
2025,12,41396446-a737-4966-962c-47b83cb9fefc,a1062462-3021-4bdf-b172-d58e5ae3a0b9,TRADE_PROPOSAL,CANCELED,3,{C52D799E-6C1C-44B9-8371-9B6AF857D8E8},0,TRADE,4372016.0,Jaylen Waddle,5.0,3.0,2025-11-19
2025,12,6a8d9d02-aab9-47a5-8944-9438054d449c,d3d1da86-1254-45dd-95d8-f703d69483ec,TRADE_DECLINE,EXECUTED,10,{2C8A1B87-268B-45A5-A0E5-C4A3F61C9BC2},0,,,,,,2025-11-22
2025,12,c0811340-4603-475e-a55c-b85fe858ae0f,ea2536ec-f03e-4acd-ba93-218f3bcfa433,TRADE_DECLINE,EXECUTED,10,{2C8A1B87-268B-45A5-A0E5-C4A3F61C9BC2},0,,,,,,2025-11-22
2025,12,7252d389-0005-4342-a866-683f8a17b41f,,FREEAGENT,EXECUTED,2,{6AC115FA-3A0D-4948-8115-FA3A0DD94826},0,ADD,2976592.0,Sterling Shepard,0.0,2.0,2025-11-19
2025,12,7252d389-0005-4342-a866-683f8a17b41f,,FREEAGENT,EXECUTED,2,{6AC115FA-3A0D-4948-8115-FA3A0DD94826},0,DROP,4427095.0,DeMario Douglas,2.0,0.0,2025-11-19
2025,12,ea829b67-2dab-43eb-80fe-8e9f2361c599,,TRADE_PROPOSAL,PENDING,10,{2C8A1B87-268B-45A5-A0E5-C4A3F61C9BC2},0,TRADE,4596448.0,Bucky Irving,10.0,1.0,2025-11-22
2025,12,ea829b67-2dab-43eb-80fe-8e9f2361c599,,TRADE_PROPOSAL,PENDING,10,{2C8A1B87-268B-45A5-A0E5-C4A3F61C9BC2},0,TRADE,4243331.0,Cade Otton,10.0,1.0,2025-11-22
2025,12,ea829b67-2dab-43eb-80fe-8e9f2361c599,,TRADE_PROPOSAL,PENDING,10,{2C8A1B87-268B-45A5-A0E5-C4A3F61C9BC2},0,TRADE,3886598.0,Jauan Jennings,10.0,1.0,2025-11-22
2025,12,ea829b67-2dab-43eb-80fe-8e9f2361c599,,TRADE_PROPOSAL,PENDING,10,{2C8A1B87-268B-45A5-A0E5-C4A3F61C9BC2},0,TRADE,4427728.0,Bam Knight,1.0,10.0,2025-11-22
2025,12,ea829b67-2dab-43eb-80fe-8e9f2361c599,,TRADE_PROPOSAL,PENDING,10,{2C8A1B87-268B-45A5-A0E5-C4A3F61C9BC2},0,TRADE,4426388.0,Jameson Williams,1.0,10.0,2025-11-22
2025,12,58601f57-d383-4d18-ac87-8b92487ce100,0f53a29c-1898-4322-9fdc-d04bbc4d75ef,WAIVER,FAILED_INVALIDPLAYERSOURCE,1,NightlyLeagueUpdateTaskProcessor,7,ADD,4361741.0,Brock Purdy,0.0,1.0,2025-11-19
2025,12,58601f57-d383-4d18-ac87-8b92487ce100,0f53a29c-1898-4322-9fdc-d04bbc4d75ef,WAIVER,FAILED_INVALIDPLAYERSOURCE,1,NightlyLeagueUpdateTaskProcessor,7,DROP,11252.0,Joe Flacco,1.0,0.0,2025-11-19
2025,12,e541eb8f-5ff9-4b2f-9273-fd66ac2451f6,86725e6c-6b05-464c-a714-bf95c5d52511,WAIVER,CANCELED,1,{C1E09685-96D1-4750-BA21-8BE16D3BF7CA},0,ADD,4371733.0,Kenneth Gainwell,0.0,1.0,2025-11-18
2025,12,e541eb8f-5ff9-4b2f-9273-fd66ac2451f6,86725e6c-6b05-464c-a714-bf95c5d52511,WAIVER,CANCELED,1,{C1E09685-96D1-4750-BA21-8BE16D3BF7CA},0,DROP,4040655.0,Darnell Mooney,1.0,0.0,2025-11-18
2025,12,0a833468-c5d5-4de9-947a-cff637a8ab2e,a12a5fea-b6e9-4649-a5ad-c421d016f084,WAIVER,EXECUTED,7,NightlyLeagueUpdateTaskProcessor,16,ADD,4882093.0,Bhayshul Tuten,0.0,7.0,2025-11-19
2025,12,0a833468-c5d5-4de9-947a-cff637a8ab2e,a12a5fea-b6e9-4649-a5ad-c421d016f084,WAIVER,EXECUTED,7,NightlyLeagueUpdateTaskProcessor,16,DROP,-16017.0,Patriots D/ST,7.0,0.0,2025-11-19
2025,12,54efbf89-b4d7-4550-ba2a-c506044c0140,0a6317e7-c322-4f21-8e29-cc9ef25a0b41,TRADE_DECLINE,EXECUTED,3,{C52D799E-6C1C-44B9-8371-9B6AF857D8E8},0,,,,,,2025-11-22
2025,12,404aa0f5-c64f-48e1-98b9-fb3996efd98e,,FREEAGENT,EXECUTED,8,{00408013-39CF-40FC-8080-1339CFD0FC06},0,ADD,4597500.0,Adonai Mitchell,0.0,8.0,2025-11-20
2025,12,404aa0f5-c64f-48e1-98b9-fb3996efd98e,,FREEAGENT,EXECUTED,8,{00408013-39CF-40FC-8080-1339CFD0FC06},0,DROP,4036378.0,Jordan Love,8.0,0.0,2025-11-20
2025,12,568eeb0c-4798-4f12-9da9-fbde6f71bccd,5a520e32-874a-469c-a59e-d9d353fa522b,TRADE_PROPOSAL,CANCELED,1,{C1E09685-96D1-4750-BA21-8BE16D3BF7CA},0,TRADE,4428850.0,Dontayvion Wicks,1.0,7.0,2025-11-19
2025,12,568eeb0c-4798-4f12-9da9-fbde6f71bccd,5a520e32-874a-469c-a59e-d9d353fa522b,TRADE_PROPOSAL,CANCELED,1,{C1E09685-96D1-4750-BA21-8BE16D3BF7CA},0,TRADE,4429160.0,De'Von Achane,1.0,7.0,2025-11-19
2025,12,568eeb0c-4798-4f12-9da9-fbde6f71bccd,5a520e32-874a-469c-a59e-d9d353fa522b,TRADE_PROPOSAL,CANCELED,1,{C1E09685-96D1-4750-BA21-8BE16D3BF7CA},0,TRADE,4038815.0,Rico Dowdle,7.0,1.0,2025-11-19
2025,12,568eeb0c-4798-4f12-9da9-fbde6f71bccd,5a520e32-874a-469c-a59e-d9d353fa522b,TRADE_PROPOSAL,CANCELED,1,{C1E09685-96D1-4750-BA21-8BE16D3BF7CA},0,TRADE,3042519.0,Aaron Jones Sr.,7.0,1.0,2025-11-19
2025,12,5492adf5-45bb-4334-8f7c-b8341708206b,,FREEAGENT,EXECUTED,3,{C52D799E-6C1C-44B9-8371-9B6AF857D8E8},0,ADD,4883647.0,Elic Ayomanor,0.0,3.0,2025-11-19
2025,12,91ff25cd-5ee6-41ca-bc55-ae742a79be9c,f2e95239-6b56-4895-9f1a-651e05e0b1c1,TRADE_DECLINE,EXECUTED,5,{77F704CF-0C76-4984-9A71-8BD39511C19F},0,,,,,,2025-11-19
2025,12,ea2536ec-f03e-4acd-ba93-218f3bcfa433,,TRADE_PROPOSAL,PENDING,1,{C1E09685-96D1-4750-BA21-8BE16D3BF7CA},0,TRADE,5083076.0,Harold Fannin Jr.,1.0,10.0,2025-11-22
2025,12,ea2536ec-f03e-4acd-ba93-218f3bcfa433,,TRADE_PROPOSAL,PENDING,1,{C1E09685-96D1-4750-BA21-8BE16D3BF7CA},0,TRADE,4427728.0,Bam Knight,1.0,10.0,2025-11-22
2025,12,ea2536ec-f03e-4acd-ba93-218f3bcfa433,,TRADE_PROPOSAL,PENDING,1,{C1E09685-96D1-4750-BA21-8BE16D3BF7CA},0,TRADE,4243331.0,Cade Otton,10.0,1.0,2025-11-22
2025,12,ea2536ec-f03e-4acd-ba93-218f3bcfa433,,TRADE_PROPOSAL,PENDING,1,{C1E09685-96D1-4750-BA21-8BE16D3BF7CA},0,TRADE,4596448.0,Bucky Irving,10.0,1.0,2025-11-22
2025,12,4dff707a-84b1-4afa-b80e-6b9137e35392,64ce81ca-23b1-4ba7-b74d-9db10e31a748,WAIVER,FAILED_INVALIDPLAYERSOURCE,3,NightlyLeagueUpdateTaskProcessor,1,ADD,4427728.0,Bam Knight,0.0,3.0,2025-11-21
2025,12,4dff707a-84b1-4afa-b80e-6b9137e35392,64ce81ca-23b1-4ba7-b74d-9db10e31a748,WAIVER,FAILED_INVALIDPLAYERSOURCE,3,NightlyLeagueUpdateTaskProcessor,1,DROP,4883647.0,Elic Ayomanor,3.0,0.0,2025-11-21
2025,12,ea862f8f-112c-4e72-af7d-a12c6b9d1e64,,FREEAGENT,EXECUTED,14,{C2BAB8A3-9ED5-425C-BAB8-A39ED5B25CC2},0,ADD,-16024.0,Chargers D/ST,0.0,14.0,2025-11-23
2025,12,ea862f8f-112c-4e72-af7d-a12c6b9d1e64,,FREEAGENT,EXECUTED,14,{C2BAB8A3-9ED5-425C-BAB8-A39ED5B25CC2},0,DROP,4032473.0,Rashid Shaheed,14.0,0.0,2025-11-23
2025,12,aa982a63-e66a-420a-9abc-020186a7b77b,,ROSTER,EXECUTED,5,{77F704CF-0C76-4984-9A71-8BD39511C19F},0,DROP,-16023.0,Steelers D/ST,5.0,0.0,2025-11-18
2025,12,4e962796-359b-4c30-9fc2-b95bfac6b105,5b5c4839-9c36-404c-b873-7783b271c270,WAIVER,FAILED_INVALIDPLAYERSOURCE,2,NightlyLeagueUpdateTaskProcessor,6,ADD,4371733.0,Kenneth Gainwell,0.0,2.0,2025-11-19
2025,12,4e962796-359b-4c30-9fc2-b95bfac6b105,5b5c4839-9c36-404c-b873-7783b271c270,WAIVER,FAILED_INVALIDPLAYERSOURCE,2,NightlyLeagueUpdateTaskProcessor,6,DROP,4427095.0,DeMario Douglas,2.0,0.0,2025-11-19
2025,12,fefe9988-7bb6-4e8f-84c2-1ac4d83e9798,c34bfad4-011c-479d-9b15-163e2b88ce89,TRADE_PROPOSAL,CANCELED,10,{430447A7-381F-4E40-AD53-6A9C1F157A25},0,TRADE,4239993.0,Tee Higgins,7.0,10.0,2025-11-21
2025,12,fefe9988-7bb6-4e8f-84c2-1ac4d83e9798,c34bfad4-011c-479d-9b15-163e2b88ce89,TRADE_PROPOSAL,CANCELED,10,{430447A7-381F-4E40-AD53-6A9C1F157A25},0,TRADE,4426502.0,Drake London,10.0,7.0,2025-11-21
2025,12,ad535c4e-2a38-4aaf-a150-b02f23bc4ba5,ac4b58e7-e39b-41fe-9842-306b17213156,WAIVER,FAILED_PLAYERALREADYDROPPED,3,NightlyLeagueUpdateTaskProcessor,10,ADD,4688813.0,Josh Downs,0.0,3.0,2025-11-19
2025,12,ad535c4e-2a38-4aaf-a150-b02f23bc4ba5,ac4b58e7-e39b-41fe-9842-306b17213156,WAIVER,FAILED_PLAYERALREADYDROPPED,3,NightlyLeagueUpdateTaskProcessor,10,DROP,4697815.0,Rachaad White,3.0,0.0,2025-11-19
2025,12,9a96be5d-5332-4a9e-8952-3bb8d06986fa,,FREEAGENT,EXECUTED,10,{2C8A1B87-268B-45A5-A0E5-C4A3F61C9BC2},0,ADD,-16017.0,Patriots D/ST,0.0,10.0,2025-11-21
2025,12,9a96be5d-5332-4a9e-8952-3bb8d06986fa,,FREEAGENT,EXECUTED,10,{2C8A1B87-268B-45A5-A0E5-C4A3F61C9BC2},0,DROP,-16018.0,Saints D/ST,10.0,0.0,2025-11-21
2025,12,9cf1f395-b286-4a7d-9414-72cef709eea8,e246f27b-d933-451e-97bb-4ade6018823b,TRADE_PROPOSAL,CANCELED,12,{5FCF8F43-6BFC-4593-9364-2E23B55B301D},0,TRADE,4429059.0,Woody Marks,10.0,12.0,2025-11-20
2025,12,9cf1f395-b286-4a7d-9414-72cef709eea8,e246f27b-d933-451e-97bb-4ade6018823b,TRADE_PROPOSAL,CANCELED,12,{5FCF8F43-6BFC-4593-9364-2E23B55B301D},0,TRADE,4429025.0,Quentin Johnston,12.0,10.0,2025-11-20
2025,12,b88fcdb6-a5f8-4e7e-a537-91061ea80cc0,973660f6-2f87-4a21-8258-d70c5aab4eec,TRADE_PROPOSAL,CANCELED,10,{5FCF8F43-6BFC-4593-9364-2E23B55B301D},0,TRADE,4429096.0,Blake Corum,10.0,12.0,2025-11-23
2025,12,b88fcdb6-a5f8-4e7e-a537-91061ea80cc0,973660f6-2f87-4a21-8258-d70c5aab4eec,TRADE_PROPOSAL,CANCELED,10,{5FCF8F43-6BFC-4593-9364-2E23B55B301D},0,TRADE,4685278.0,Luther Burden III,12.0,10.0,2025-11-23
2025,12,81dfb445-ca8e-427e-a502-e3c5f8cf1786,,TRADE_PROPOSAL,PENDING,10,{2C8A1B87-268B-45A5-A0E5-C4A3F61C9BC2},0,TRADE,4047646.0,A.J. Brown,14.0,10.0,2025-11-20
2025,12,81dfb445-ca8e-427e-a502-e3c5f8cf1786,,TRADE_PROPOSAL,PENDING,10,{2C8A1B87-268B-45A5-A0E5-C4A3F61C9BC2},0,TRADE,4361529.0,Isiah Pacheco,10.0,14.0,2025-11-20
2025,12,81dfb445-ca8e-427e-a502-e3c5f8cf1786,,TRADE_PROPOSAL,PENDING,10,{2C8A1B87-268B-45A5-A0E5-C4A3F61C9BC2},0,TRADE,4688813.0,Josh Downs,10.0,14.0,2025-11-20
2025,12,27fff3d1-d2fd-45f7-a8ee-0ce7c37660b2,,FREEAGENT,EXECUTED,12,{5FCF8F43-6BFC-4593-9364-2E23B55B301D},0,ADD,3916945.0,Darius Slayton,0.0,12.0,2025-11-21
2025,12,27fff3d1-d2fd-45f7-a8ee-0ce7c37660b2,,FREEAGENT,EXECUTED,12,{5FCF8F43-6BFC-4593-9364-2E23B55B301D},0,DROP,-16009.0,Packers D/ST,12.0,0.0,2025-11-21
2025,12,1bb67bd1-c8ca-4e72-a076-10a656fdc90e,,TRADE_PROPOSAL,PENDING,12,{5FCF8F43-6BFC-4593-9364-2E23B55B301D},0,TRADE,4429059.0,Woody Marks,10.0,12.0,2025-11-20
2025,12,1bb67bd1-c8ca-4e72-a076-10a656fdc90e,,TRADE_PROPOSAL,PENDING,12,{5FCF8F43-6BFC-4593-9364-2E23B55B301D},0,TRADE,4429025.0,Quentin Johnston,12.0,10.0,2025-11-20
2025,12,1bb67bd1-c8ca-4e72-a076-10a656fdc90e,,TRADE_PROPOSAL,PENDING,12,{5FCF8F43-6BFC-4593-9364-2E23B55B301D},0,TRADE,-16009.0,Packers D/ST,12.0,10.0,2025-11-20
2025,12,0a816947-351c-41fd-9c62-b7d649efb298,92ecf3c5-acfa-428f-99ff-3ced2e19e766,WAIVER,EXECUTED,5,NightlyLeagueUpdateTaskProcessor,6,ADD,3046439.0,Hunter Henry,0.0,5.0,2025-11-19
2025,12,4703664c-411a-4201-83b0-c1e0eb89e145,,FREEAGENT,EXECUTED,3,{C52D799E-6C1C-44B9-8371-9B6AF857D8E8},0,ADD,16737.0,Mike Evans,0.0,3.0,2025-11-21
2025,12,4f64f787-51ab-45d8-83d3-7ca036cfb0c6,9201756f-75f8-40b9-9d0e-ff5d0628f0de,TRADE_PROPOSAL,CANCELED,3,{2C8A1B87-268B-45A5-A0E5-C4A3F61C9BC2},0,TRADE,4431268.0,Chimere Dike,3.0,10.0,2025-11-26
2025,12,4f64f787-51ab-45d8-83d3-7ca036cfb0c6,9201756f-75f8-40b9-9d0e-ff5d0628f0de,TRADE_PROPOSAL,CANCELED,3,{2C8A1B87-268B-45A5-A0E5-C4A3F61C9BC2},0,TRADE,4428718.0,Tre Tucker,3.0,10.0,2025-11-26
2025,12,4f64f787-51ab-45d8-83d3-7ca036cfb0c6,9201756f-75f8-40b9-9d0e-ff5d0628f0de,TRADE_PROPOSAL,CANCELED,3,{2C8A1B87-268B-45A5-A0E5-C4A3F61C9BC2},0,TRADE,4371733.0,Kenneth Gainwell,3.0,10.0,2025-11-26
2025,12,4f64f787-51ab-45d8-83d3-7ca036cfb0c6,9201756f-75f8-40b9-9d0e-ff5d0628f0de,TRADE_PROPOSAL,CANCELED,3,{2C8A1B87-268B-45A5-A0E5-C4A3F61C9BC2},0,TRADE,4427366.0,Breece Hall,3.0,10.0,2025-11-26
2025,12,4f64f787-51ab-45d8-83d3-7ca036cfb0c6,9201756f-75f8-40b9-9d0e-ff5d0628f0de,TRADE_PROPOSAL,CANCELED,3,{2C8A1B87-268B-45A5-A0E5-C4A3F61C9BC2},0,TRADE,3117251.0,Christian McCaffrey,10.0,3.0,2025-11-26
2025,12,6e33341b-8083-4614-b68c-a31ac6f01028,,FREEAGENT,EXECUTED,8,{00408013-39CF-40FC-8080-1339CFD0FC06},0,ADD,-16002.0,Bills D/ST,0.0,8.0,2025-11-19
2025,12,6e33341b-8083-4614-b68c-a31ac6f01028,,FREEAGENT,EXECUTED,8,{00408013-39CF-40FC-8080-1339CFD0FC06},0,DROP,-16011.0,Colts D/ST,8.0,0.0,2025-11-19
2025,12,d30bbca3-1308-40df-8862-6b59fc42a608,,FREEAGENT,EXECUTED,3,{C52D799E-6C1C-44B9-8371-9B6AF857D8E8},0,ADD,4431268.0,Chimere Dike,0.0,3.0,2025-11-19
2025,12,1544836a-b169-481b-ba70-6406b6554862,aa85e8af-60ed-4943-8694-bc5962cfc5f3,TRADE_DECLINE,EXECUTED,7,{430447A7-381F-4E40-AD53-6A9C1F157A25},0,,,,,,2025-11-19
2025,12,15d3775e-bc3b-4ace-8b57-15ef282a7ee4,,TRADE_PROPOSAL,PENDING,10,{2C8A1B87-268B-45A5-A0E5-C4A3F61C9BC2},0,TRADE,4243331.0,Cade Otton,10.0,1.0,2025-11-19
2025,12,15d3775e-bc3b-4ace-8b57-15ef282a7ee4,,TRADE_PROPOSAL,PENDING,10,{2C8A1B87-268B-45A5-A0E5-C4A3F61C9BC2},0,TRADE,4040655.0,Darnell Mooney,1.0,10.0,2025-11-19
2025,12,165c5a5b-24e0-4f1a-8310-b82d6588e642,,FREEAGENT,EXECUTED,10,{2C8A1B87-268B-45A5-A0E5-C4A3F61C9BC2},0,ADD,4360689.0,Tyler Shough,0.0,10.0,2025-11-21
2025,12,165c5a5b-24e0-4f1a-8310-b82d6588e642,,FREEAGENT,EXECUTED,10,{2C8A1B87-268B-45A5-A0E5-C4A3F61C9BC2},0,DROP,-16027.0,Buccaneers D/ST,10.0,0.0,2025-11-21
2025,12,06341ab3-014f-414f-ab94-2712bbc965d4,12339ee2-e453-442e-9192-58b52fac4ec3,TRADE_PROPOSAL,CANCELED,8,{00408013-39CF-40FC-8080-1339CFD0FC06},0,TRADE,4428557.0,Tyjae Spears,8.0,13.0,2025-11-19
2025,12,06341ab3-014f-414f-ab94-2712bbc965d4,12339ee2-e453-442e-9192-58b52fac4ec3,TRADE_PROPOSAL,CANCELED,8,{00408013-39CF-40FC-8080-1339CFD0FC06},0,TRADE,4379399.0,James Cook III,13.0,8.0,2025-11-19
2025,12,06341ab3-014f-414f-ab94-2712bbc965d4,12339ee2-e453-442e-9192-58b52fac4ec3,TRADE_PROPOSAL,CANCELED,8,{00408013-39CF-40FC-8080-1339CFD0FC06},0,TRADE,4432665.0,Brock Bowers,13.0,8.0,2025-11-19
2025,12,06341ab3-014f-414f-ab94-2712bbc965d4,12339ee2-e453-442e-9192-58b52fac4ec3,TRADE_PROPOSAL,CANCELED,8,{00408013-39CF-40FC-8080-1339CFD0FC06},0,TRADE,3054850.0,Alvin Kamara,8.0,13.0,2025-11-19
2025,12,06341ab3-014f-414f-ab94-2712bbc965d4,12339ee2-e453-442e-9192-58b52fac4ec3,TRADE_PROPOSAL,CANCELED,8,{00408013-39CF-40FC-8080-1339CFD0FC06},0,TRADE,3121023.0,Dallas Goedert,8.0,13.0,2025-11-19
2025,12,fd706167-7b12-44a4-8d71-12a7e487a0cc,81dfb445-ca8e-427e-a502-e3c5f8cf1786,TRADE_DECLINE,EXECUTED,14,{C2BAB8A3-9ED5-425C-BAB8-A39ED5B25CC2},0,,,,,,2025-11-20
2025,12,798a2eaa-3d0f-4111-905d-9bfd4020cebb,1bb67bd1-c8ca-4e72-a076-10a656fdc90e,TRADE_PROPOSAL,CANCELED,12,{5FCF8F43-6BFC-4593-9364-2E23B55B301D},0,TRADE,4429059.0,Woody Marks,10.0,12.0,2025-11-21
2025,12,798a2eaa-3d0f-4111-905d-9bfd4020cebb,1bb67bd1-c8ca-4e72-a076-10a656fdc90e,TRADE_PROPOSAL,CANCELED,12,{5FCF8F43-6BFC-4593-9364-2E23B55B301D},0,TRADE,4429025.0,Quentin Johnston,12.0,10.0,2025-11-21
2025,12,798a2eaa-3d0f-4111-905d-9bfd4020cebb,1bb67bd1-c8ca-4e72-a076-10a656fdc90e,TRADE_PROPOSAL,CANCELED,12,{5FCF8F43-6BFC-4593-9364-2E23B55B301D},0,TRADE,-16009.0,Packers D/ST,12.0,10.0,2025-11-21
2025,12,0f231abc-49f2-4181-9949-4a3446c14356,,ROSTER,EXECUTED,8,{00408013-39CF-40FC-8080-1339CFD0FC06},0,DROP,4597500.0,Adonai Mitchell,8.0,0.0,2025-11-23
2025,12,65ba22d7-985d-4ae5-976f-1c09d3e5b755,d978e086-eb0c-4656-bcee-b8105f74b35c,WAIVER,EXECUTED,4,NightlyLeagueUpdateTaskProcessor,6,ADD,-16013.0,Raiders D/ST,0.0,4.0,2025-11-19
2025,12,fb7110fb-2749-420b-941e-dabf4d62661a,de0fe4ef-7672-4bcc-9d9c-a027c80cf83d,WAIVER,FAILED_INVALIDPLAYERSOURCE,5,NightlyLeagueUpdateTaskProcessor,9,ADD,4371733.0,Kenneth Gainwell,0.0,5.0,2025-11-19
2025,12,838a253a-7ce8-45ea-8a4d-887324391387,f2e95239-6b56-4895-9f1a-651e05e0b1c1,TRADE_PROPOSAL,CANCELED,10,{77F704CF-0C76-4984-9A71-8BD39511C19F},0,TRADE,3117256.0,Dalton Schultz,10.0,5.0,2025-11-19
2025,12,838a253a-7ce8-45ea-8a4d-887324391387,f2e95239-6b56-4895-9f1a-651e05e0b1c1,TRADE_PROPOSAL,CANCELED,10,{77F704CF-0C76-4984-9A71-8BD39511C19F},0,TRADE,4373678.0,Khalil Shakir,5.0,10.0,2025-11-19
2025,12,4c1117d7-aaf2-45ab-81ad-b41a99171930,346dbc10-e0db-4265-ac1c-421ecea4adad,WAIVER,CANCELED,2,{6AC115FA-3A0D-4948-8115-FA3A0DD94826},0,ADD,4371733.0,Kenneth Gainwell,0.0,2.0,2025-11-18
2025,12,4c1117d7-aaf2-45ab-81ad-b41a99171930,346dbc10-e0db-4265-ac1c-421ecea4adad,WAIVER,CANCELED,2,{6AC115FA-3A0D-4948-8115-FA3A0DD94826},0,DROP,4427095.0,DeMario Douglas,2.0,0.0,2025-11-18
2025,12,268e5770-28eb-4198-8663-e03493fe0229,5b4cf0d5-777f-425c-aea7-b33336dc0a61,TRADE_ACCEPT,,13,{523D9B8F-8A3C-4523-BD9B-8F8A3C852321},0,,,,,,2025-11-19
2025,12,eac70691-cb3c-4736-af79-d04e1bce7283,,TRADE_PROPOSAL,PENDING,10,{2C8A1B87-268B-45A5-A0E5-C4A3F61C9BC2},0,TRADE,3046779.0,Jared Goff,13.0,10.0,2025-11-21
2025,12,eac70691-cb3c-4736-af79-d04e1bce7283,,TRADE_PROPOSAL,PENDING,10,{2C8A1B87-268B-45A5-A0E5-C4A3F61C9BC2},0,TRADE,4608686.0,Kyle Monangai,10.0,13.0,2025-11-21
2025,12,82afe1a7-bb0d-4372-b0ce-4db348986a88,fe66c185-f410-4ca8-a89c-3aecd70e19a5,WAIVER,CANCELED,8,{00408013-39CF-40FC-8080-1339CFD0FC06},0,ADD,4361741.0,Brock Purdy,0.0,8.0,2025-11-18
2025,12,82afe1a7-bb0d-4372-b0ce-4db348986a88,fe66c185-f410-4ca8-a89c-3aecd70e19a5,WAIVER,CANCELED,8,{00408013-39CF-40FC-8080-1339CFD0FC06},0,DROP,-16024.0,Chargers D/ST,8.0,0.0,2025-11-18
2025,12,d86e9b34-42d3-4e84-a99f-0ad8182f3048,60040f91-36ca-4236-b3e2-57e1c3af328e,TRADE_PROPOSAL,CANCELED,10,{C1E09685-96D1-4750-BA21-8BE16D3BF7CA},0,TRADE,4426388.0,Jameson Williams,1.0,10.0,2025-11-20
2025,12,d86e9b34-42d3-4e84-a99f-0ad8182f3048,60040f91-36ca-4236-b3e2-57e1c3af328e,TRADE_PROPOSAL,CANCELED,10,{C1E09685-96D1-4750-BA21-8BE16D3BF7CA},0,TRADE,3886598.0,Jauan Jennings,10.0,1.0,2025-11-20
2025,12,d86e9b34-42d3-4e84-a99f-0ad8182f3048,60040f91-36ca-4236-b3e2-57e1c3af328e,TRADE_PROPOSAL,CANCELED,10,{C1E09685-96D1-4750-BA21-8BE16D3BF7CA},0,TRADE,4242355.0,Jake Ferguson,10.0,1.0,2025-11-20
2025,12,69c5063a-f66c-4ecf-a8c2-296da3f10417,de62f9ca-5a60-43cd-8ab2-4a9fb79be34d,WAIVER,EXECUTED,6,NightlyLeagueUpdateTaskProcessor,8,ADD,-16030.0,Jaguars D/ST,0.0,6.0,2025-11-19
2025,12,69c5063a-f66c-4ecf-a8c2-296da3f10417,de62f9ca-5a60-43cd-8ab2-4a9fb79be34d,WAIVER,EXECUTED,6,NightlyLeagueUpdateTaskProcessor,8,DROP,4243389.0,Calvin Austin III,6.0,0.0,2025-11-19
2025,12,1157b39c-daa2-4cb5-a7ee-0e5c7dad57d5,c448a1dd-d71b-4883-8e58-aa41e06313cf,WAIVER,EXECUTED,1,NightlyLeagueUpdateTaskProcessor,2,ADD,4427728.0,Bam Knight,0.0,1.0,2025-11-21
2025,12,1157b39c-daa2-4cb5-a7ee-0e5c7dad57d5,c448a1dd-d71b-4883-8e58-aa41e06313cf,WAIVER,EXECUTED,1,NightlyLeagueUpdateTaskProcessor,2,DROP,4430027.0,Sam LaPorta,1.0,0.0,2025-11-21
2025,12,1a42ac0c-9dcb-48fa-97f8-a6b7ac82f09a,93c244db-d62a-4ce9-a78c-a3f37aceea85,TRADE_DECLINE,EXECUTED,7,{430447A7-381F-4E40-AD53-6A9C1F157A25},0,,,,,,2025-11-19
2025,12,92473c6b-3004-475b-80b4-7331ec836d5a,ea2536ec-f03e-4acd-ba93-218f3bcfa433,TRADE_PROPOSAL,CANCELED,1,{2C8A1B87-268B-45A5-A0E5-C4A3F61C9BC2},0,TRADE,5083076.0,Harold Fannin Jr.,1.0,10.0,2025-11-22
2025,12,92473c6b-3004-475b-80b4-7331ec836d5a,ea2536ec-f03e-4acd-ba93-218f3bcfa433,TRADE_PROPOSAL,CANCELED,1,{2C8A1B87-268B-45A5-A0E5-C4A3F61C9BC2},0,TRADE,4427728.0,Bam Knight,1.0,10.0,2025-11-22
2025,12,92473c6b-3004-475b-80b4-7331ec836d5a,ea2536ec-f03e-4acd-ba93-218f3bcfa433,TRADE_PROPOSAL,CANCELED,1,{2C8A1B87-268B-45A5-A0E5-C4A3F61C9BC2},0,TRADE,4243331.0,Cade Otton,10.0,1.0,2025-11-22
2025,12,92473c6b-3004-475b-80b4-7331ec836d5a,ea2536ec-f03e-4acd-ba93-218f3bcfa433,TRADE_PROPOSAL,CANCELED,1,{2C8A1B87-268B-45A5-A0E5-C4A3F61C9BC2},0,TRADE,4596448.0,Bucky Irving,10.0,1.0,2025-11-22
2025,12,57b69a9f-728c-43ab-bb07-b58bdd8a0e22,,ROSTER,EXECUTED,13,{523D9B8F-8A3C-4523-BD9B-8F8A3C852321},0,DROP,4362478.0,Emari Demercado,13.0,0.0,2025-11-19
2025,12,b77e3161-6bf7-45cb-b651-8df8b3e44c76,87d0aeca-7c46-44c5-b7cf-52ce2d99b5cf,WAIVER,EXECUTED,13,NightlyLeagueUpdateTaskProcessor,15,ADD,4242540.0,Isaiah Hodgins,0.0,13.0,2025-11-19
2025,12,b77e3161-6bf7-45cb-b651-8df8b3e44c76,87d0aeca-7c46-44c5-b7cf-52ce2d99b5cf,WAIVER,EXECUTED,13,NightlyLeagueUpdateTaskProcessor,15,DROP,2577327.0,Tyler Lockett,13.0,0.0,2025-11-19
2025,12,6f4e0089-6c71-403a-a938-d0e4ff159e15,,FREEAGENT,EXECUTED,10,{2C8A1B87-268B-45A5-A0E5-C4A3F61C9BC2},0,ADD,4036378.0,Jordan Love,0.0,10.0,2025-11-21
2025,12,6f4e0089-6c71-403a-a938-d0e4ff159e15,,FREEAGENT,EXECUTED,10,{2C8A1B87-268B-45A5-A0E5-C4A3F61C9BC2},0,DROP,4360689.0,Tyler Shough,10.0,0.0,2025-11-21
2025,12,c3ae85a0-7de5-4b2d-b123-175ca0fd936c,5a713584-4da0-4d92-aa36-51a3d0be0c6a,TRADE_UPHOLD,EXECUTED,1,{C1E09685-96D1-4750-BA21-8BE16D3BF7CA},0,,,,,,2025-11-23
2025,12,9eaf1067-b40a-4e5d-ab42-c63ed6b3b483,ea829b67-2dab-43eb-80fe-8e9f2361c599,TRADE_DECLINE,EXECUTED,1,{C1E09685-96D1-4750-BA21-8BE16D3BF7CA},0,,,,,,2025-11-22
2025,12,6aa473d5-b458-4a69-a20a-336faf26bbd7,15d3775e-bc3b-4ace-8b57-15ef282a7ee4,TRADE_DECLINE,EXECUTED,1,{C1E09685-96D1-4750-BA21-8BE16D3BF7CA},0,,,,,,2025-11-19
2025,12,b01641d6-267b-4bc6-a8dc-183bfc25dfe3,41774070-22a4-4e01-a046-87a5fe7cda82,TRADE_PROPOSAL,CANCELED,1,NightlyLeagueUpdateTaskProcessor,0,TRADE,4040761.0,Devin Singletary,1.0,10.0,2025-11-21
2025,12,b01641d6-267b-4bc6-a8dc-183bfc25dfe3,41774070-22a4-4e01-a046-87a5fe7cda82,TRADE_PROPOSAL,CANCELED,1,NightlyLeagueUpdateTaskProcessor,0,TRADE,3886598.0,Jauan Jennings,10.0,1.0,2025-11-21
2025,12,b01641d6-267b-4bc6-a8dc-183bfc25dfe3,41774070-22a4-4e01-a046-87a5fe7cda82,TRADE_PROPOSAL,CANCELED,1,NightlyLeagueUpdateTaskProcessor,0,TRADE,4242355.0,Jake Ferguson,10.0,1.0,2025-11-21
2025,12,b01641d6-267b-4bc6-a8dc-183bfc25dfe3,41774070-22a4-4e01-a046-87a5fe7cda82,TRADE_PROPOSAL,CANCELED,1,NightlyLeagueUpdateTaskProcessor,0,TRADE,4596448.0,Bucky Irving,10.0,1.0,2025-11-21
2025,12,b01641d6-267b-4bc6-a8dc-183bfc25dfe3,41774070-22a4-4e01-a046-87a5fe7cda82,TRADE_PROPOSAL,CANCELED,1,NightlyLeagueUpdateTaskProcessor,0,TRADE,4430027.0,Sam LaPorta,1.0,10.0,2025-11-21
2025,12,b01641d6-267b-4bc6-a8dc-183bfc25dfe3,41774070-22a4-4e01-a046-87a5fe7cda82,TRADE_PROPOSAL,CANCELED,1,NightlyLeagueUpdateTaskProcessor,0,TRADE,4426388.0,Jameson Williams,1.0,10.0,2025-11-21
2025,12,e8a4738d-7100-44d7-bd93-3bc33f878a3d,,FREEAGENT,EXECUTED,10,{2C8A1B87-268B-45A5-A0E5-C4A3F61C9BC2},0,ADD,4360689.0,Tyler Shough,0.0,10.0,2025-11-22
2025,12,e8a4738d-7100-44d7-bd93-3bc33f878a3d,,FREEAGENT,EXECUTED,10,{2C8A1B87-268B-45A5-A0E5-C4A3F61C9BC2},0,DROP,4685720.0,Bryce Young,10.0,0.0,2025-11-22
2025,12,383eb2e7-0845-46bc-ac12-b05e0aba4700,,FREEAGENT,EXECUTED,14,{C2BAB8A3-9ED5-425C-BAB8-A39ED5B25CC2},0,ADD,2977187.0,Cooper Kupp,0.0,14.0,2025-11-21
2025,12,383eb2e7-0845-46bc-ac12-b05e0aba4700,,FREEAGENT,EXECUTED,14,{C2BAB8A3-9ED5-425C-BAB8-A39ED5B25CC2},0,DROP,3123076.0,David Njoku,14.0,0.0,2025-11-21
2025,12,c0763f48-9e3a-4c5b-b9c2-66630bd8f7f5,7c9c838e-2fa9-4cdf-a1ab-50d03ee0e18e,TRADE_PROPOSAL,CANCELED,10,{2C8A1B87-268B-45A5-A0E5-C4A3F61C9BC2},0,TRADE,4426388.0,Jameson Williams,1.0,10.0,2025-11-22
2025,12,c0763f48-9e3a-4c5b-b9c2-66630bd8f7f5,7c9c838e-2fa9-4cdf-a1ab-50d03ee0e18e,TRADE_PROPOSAL,CANCELED,10,{2C8A1B87-268B-45A5-A0E5-C4A3F61C9BC2},0,TRADE,3886598.0,Jauan Jennings,10.0,1.0,2025-11-22
2025,12,c0763f48-9e3a-4c5b-b9c2-66630bd8f7f5,7c9c838e-2fa9-4cdf-a1ab-50d03ee0e18e,TRADE_PROPOSAL,CANCELED,10,{2C8A1B87-268B-45A5-A0E5-C4A3F61C9BC2},0,TRADE,4242355.0,Jake Ferguson,10.0,1.0,2025-11-22
2025,12,29242cc7-324c-4d39-a905-3ced25024b5e,0497312c-2d4d-4a55-b983-c80020257313,TRADE_DECLINE,EXECUTED,8,{00408013-39CF-40FC-8080-1339CFD0FC06},0,,,,,,2025-11-24
2025,12,f2e95239-6b56-4895-9f1a-651e05e0b1c1,,TRADE_PROPOSAL,PENDING,10,{2C8A1B87-268B-45A5-A0E5-C4A3F61C9BC2},0,TRADE,3117256.0,Dalton Schultz,10.0,5.0,2025-11-19
2025,12,f2e95239-6b56-4895-9f1a-651e05e0b1c1,,TRADE_PROPOSAL,PENDING,10,{2C8A1B87-268B-45A5-A0E5-C4A3F61C9BC2},0,TRADE,4373678.0,Khalil Shakir,5.0,10.0,2025-11-19
2025,12,ccf97283-a7ce-4b13-91e5-fdf461f1ee7c,,FREEAGENT,EXECUTED,2,{6AC115FA-3A0D-4948-8115-FA3A0DD94826},0,ADD,4241372.0,Hollywood Brown,0.0,2.0,2025-11-20
2025,12,ccf97283-a7ce-4b13-91e5-fdf461f1ee7c,,FREEAGENT,EXECUTED,2,{6AC115FA-3A0D-4948-8115-FA3A0DD94826},0,DROP,2976592.0,Sterling Shepard,2.0,0.0,2025-11-20
2025,12,8772777f-e596-428b-b246-a513f61e9c79,0f6ffc91-0083-47c0-9b74-a364be4d89b6,TRADE_DECLINE,EXECUTED,12,{5FCF8F43-6BFC-4593-9364-2E23B55B301D},0,,,,,,2025-11-23
2025,12,cc2bff22-1a9a-4e57-b308-b15d69685bc4,19c56706-e016-4921-9ab2-efb5854a5f86,WAIVER,CANCELED,2,{6AC115FA-3A0D-4948-8115-FA3A0DD94826},0,ADD,4697815.0,Rachaad White,0.0,2.0,2025-11-19
2025,12,cc2bff22-1a9a-4e57-b308-b15d69685bc4,19c56706-e016-4921-9ab2-efb5854a5f86,WAIVER,CANCELED,2,{6AC115FA-3A0D-4948-8115-FA3A0DD94826},0,DROP,4373626.0,Tyler Allgeier,2.0,0.0,2025-11-19
2025,12,5c29088e-2929-4f3e-abd9-77ba6bd98b4a,8b2110d7-b5af-4c5d-947f-9be05980893e,TRADE_ACCEPT,,1,{C1E09685-96D1-4750-BA21-8BE16D3BF7CA},0,DROP,4427728.0,Bam Knight,1.0,0.0,2025-11-19
2025,12,5c29088e-2929-4f3e-abd9-77ba6bd98b4a,8b2110d7-b5af-4c5d-947f-9be05980893e,TRADE_ACCEPT,,1,{C1E09685-96D1-4750-BA21-8BE16D3BF7CA},0,DROP,4428850.0,Dontayvion Wicks,1.0,0.0,2025-11-19
2025,12,bb1ef730-4885-4b59-b0b4-06bf2e8f6a74,,FREEAGENT,EXECUTED,2,{6AC115FA-3A0D-4948-8115-FA3A0DD94826},0,ADD,4877706.0,Jayden Higgins,0.0,2.0,2025-11-19
2025,12,bb1ef730-4885-4b59-b0b4-06bf2e8f6a74,,FREEAGENT,EXECUTED,2,{6AC115FA-3A0D-4948-8115-FA3A0DD94826},0,DROP,4635008.0,Keon Coleman,2.0,0.0,2025-11-19
2025,12,f5f3dd1a-2208-4cf8-a03e-39fcf10b341f,4a57e631-cdf9-4347-b9b6-f8b65ab5c03f,WAIVER,EXECUTED,7,NightlyLeagueUpdateTaskProcessor,1,ADD,-16009.0,Packers D/ST,0.0,7.0,2025-11-23
2025,12,f5f3dd1a-2208-4cf8-a03e-39fcf10b341f,4a57e631-cdf9-4347-b9b6-f8b65ab5c03f,WAIVER,EXECUTED,7,NightlyLeagueUpdateTaskProcessor,1,DROP,4608810.0,Tez Johnson,7.0,0.0,2025-11-23
2025,12,c34bfad4-011c-479d-9b15-163e2b88ce89,,TRADE_PROPOSAL,PENDING,10,{2C8A1B87-268B-45A5-A0E5-C4A3F61C9BC2},0,TRADE,4239993.0,Tee Higgins,7.0,10.0,2025-11-21
2025,12,c34bfad4-011c-479d-9b15-163e2b88ce89,,TRADE_PROPOSAL,PENDING,10,{2C8A1B87-268B-45A5-A0E5-C4A3F61C9BC2},0,TRADE,4426502.0,Drake London,10.0,7.0,2025-11-21
2025,12,514205e4-0e57-4e0d-863f-910dc02c00ac,eac70691-cb3c-4736-af79-d04e1bce7283,TRADE_PROPOSAL,CANCELED,10,{523D9B8F-8A3C-4523-BD9B-8F8A3C852321},0,TRADE,3046779.0,Jared Goff,13.0,10.0,2025-11-21
2025,12,514205e4-0e57-4e0d-863f-910dc02c00ac,eac70691-cb3c-4736-af79-d04e1bce7283,TRADE_PROPOSAL,CANCELED,10,{523D9B8F-8A3C-4523-BD9B-8F8A3C852321},0,TRADE,4608686.0,Kyle Monangai,10.0,13.0,2025-11-21
2025,12,0a6317e7-c322-4f21-8e29-cc9ef25a0b41,,TRADE_PROPOSAL,PENDING,10,{2C8A1B87-268B-45A5-A0E5-C4A3F61C9BC2},0,TRADE,3886598.0,Jauan Jennings,10.0,3.0,2025-11-21
2025,12,0a6317e7-c322-4f21-8e29-cc9ef25a0b41,,TRADE_PROPOSAL,PENDING,10,{2C8A1B87-268B-45A5-A0E5-C4A3F61C9BC2},0,TRADE,4242355.0,Jake Ferguson,10.0,3.0,2025-11-21
2025,12,0a6317e7-c322-4f21-8e29-cc9ef25a0b41,,TRADE_PROPOSAL,PENDING,10,{2C8A1B87-268B-45A5-A0E5-C4A3F61C9BC2},0,TRADE,4361307.0,Trey McBride,3.0,10.0,2025-11-21
2025,12,72c22bae-79ea-429b-bcf5-7caad98f65e5,79bf99aa-515c-4231-8c73-81d6698cded9,TRADE_ACCEPT,,7,{430447A7-381F-4E40-AD53-6A9C1F157A25},0,,,,,,2025-11-19
2025,12,60040f91-36ca-4236-b3e2-57e1c3af328e,,TRADE_PROPOSAL,PENDING,10,{2C8A1B87-268B-45A5-A0E5-C4A3F61C9BC2},0,TRADE,4426388.0,Jameson Williams,1.0,10.0,2025-11-20
2025,12,60040f91-36ca-4236-b3e2-57e1c3af328e,,TRADE_PROPOSAL,PENDING,10,{2C8A1B87-268B-45A5-A0E5-C4A3F61C9BC2},0,TRADE,3886598.0,Jauan Jennings,10.0,1.0,2025-11-20
2025,12,60040f91-36ca-4236-b3e2-57e1c3af328e,,TRADE_PROPOSAL,PENDING,10,{2C8A1B87-268B-45A5-A0E5-C4A3F61C9BC2},0,TRADE,4242355.0,Jake Ferguson,10.0,1.0,2025-11-20
2025,12,472fec4e-d7f6-40a3-b9e5-dd31dbadec00,0f6ffc91-0083-47c0-9b74-a364be4d89b6,TRADE_PROPOSAL,CANCELED,10,{5FCF8F43-6BFC-4593-9364-2E23B55B301D},0,TRADE,4685382.0,Omarion Hampton,12.0,10.0,2025-11-23
2025,12,472fec4e-d7f6-40a3-b9e5-dd31dbadec00,0f6ffc91-0083-47c0-9b74-a364be4d89b6,TRADE_PROPOSAL,CANCELED,10,{5FCF8F43-6BFC-4593-9364-2E23B55B301D},0,TRADE,4426502.0,Drake London,10.0,12.0,2025-11-23
2025,12,8f968822-b151-4e0c-b0bc-bcd56e6e5999,ff5a1b9f-e068-4a21-8f12-22b6222cfa16,TRADE_DECLINE,EXECUTED,14,{C2BAB8A3-9ED5-425C-BAB8-A39ED5B25CC2},0,,,,,,2025-11-19
2025,12,add5b590-d77f-40ee-b072-0ab391215308,15e8284a-214e-48d7-a07a-fbeb73dd1d6e,WAIVER,CANCELED,8,{00408013-39CF-40FC-8080-1339CFD0FC06},0,ADD,4361741.0,Brock Purdy,0.0,8.0,2025-11-18
2025,12,78034aee-037b-4f2a-abd7-d80dc5a3d89d,5b4cf0d5-777f-425c-aea7-b33336dc0a61,TRADE_ACCEPT,EXECUTED,10,{C1E09685-96D1-4750-BA21-8BE16D3BF7CA},0,TRADE,4259545.0,D'Andre Swift,10.0,13.0,2025-11-19
2025,12,78034aee-037b-4f2a-abd7-d80dc5a3d89d,5b4cf0d5-777f-425c-aea7-b33336dc0a61,TRADE_ACCEPT,EXECUTED,10,{C1E09685-96D1-4750-BA21-8BE16D3BF7CA},0,TRADE,4262921.0,Justin Jefferson,10.0,13.0,2025-11-19
2025,12,78034aee-037b-4f2a-abd7-d80dc5a3d89d,5b4cf0d5-777f-425c-aea7-b33336dc0a61,TRADE_ACCEPT,EXECUTED,10,{C1E09685-96D1-4750-BA21-8BE16D3BF7CA},0,TRADE,3117256.0,Dalton Schultz,13.0,10.0,2025-11-19
2025,12,78034aee-037b-4f2a-abd7-d80dc5a3d89d,5b4cf0d5-777f-425c-aea7-b33336dc0a61,TRADE_ACCEPT,EXECUTED,10,{C1E09685-96D1-4750-BA21-8BE16D3BF7CA},0,TRADE,3117251.0,Christian McCaffrey,13.0,10.0,2025-11-19
2025,12,bc9a6644-9dff-465e-a7df-87b0680b9fa9,25d92ef6-9fa0-40a0-b5e4-d91b4be29cbf,WAIVER,CANCELED,8,{00408013-39CF-40FC-8080-1339CFD0FC06},0,ADD,-16017.0,Patriots D/ST,0.0,8.0,2025-11-20
2025,12,bc9a6644-9dff-465e-a7df-87b0680b9fa9,25d92ef6-9fa0-40a0-b5e4-d91b4be29cbf,WAIVER,CANCELED,8,{00408013-39CF-40FC-8080-1339CFD0FC06},0,DROP,-16002.0,Bills D/ST,8.0,0.0,2025-11-20
2025,12,c330bbc5-05e8-4ddb-9c54-e82a1705ccff,93ec292f-a1ff-4d8c-b261-0c861faacab2,WAIVER,CANCELED,7,{430447A7-381F-4E40-AD53-6A9C1F157A25},0,ADD,3046439.0,Hunter Henry,0.0,7.0,2025-11-19
2025,12,c330bbc5-05e8-4ddb-9c54-e82a1705ccff,93ec292f-a1ff-4d8c-b261-0c861faacab2,WAIVER,CANCELED,7,{430447A7-381F-4E40-AD53-6A9C1F157A25},0,DROP,4361050.0,Isaiah Likely,7.0,0.0,2025-11-19
2025,12,b396f141-65f9-430e-a545-c4635b2e3b74,bba3cba2-1fee-42a1-a877-764edb8b509f,WAIVER,FAILED_INVALIDPLAYERSOURCE,14,NightlyLeagueUpdateTaskProcessor,5,ADD,-16030.0,Jaguars D/ST,0.0,14.0,2025-11-19
2025,12,b396f141-65f9-430e-a545-c4635b2e3b74,bba3cba2-1fee-42a1-a877-764edb8b509f,WAIVER,FAILED_INVALIDPLAYERSOURCE,14,NightlyLeagueUpdateTaskProcessor,5,DROP,-16034.0,Texans D/ST,14.0,0.0,2025-11-19
2025,12,a38d4f1e-2d2e-49fd-b98e-1aaec3039822,15d3775e-bc3b-4ace-8b57-15ef282a7ee4,TRADE_PROPOSAL,CANCELED,10,{C1E09685-96D1-4750-BA21-8BE16D3BF7CA},0,TRADE,4243331.0,Cade Otton,10.0,1.0,2025-11-19
2025,12,a38d4f1e-2d2e-49fd-b98e-1aaec3039822,15d3775e-bc3b-4ace-8b57-15ef282a7ee4,TRADE_PROPOSAL,CANCELED,10,{C1E09685-96D1-4750-BA21-8BE16D3BF7CA},0,TRADE,4040655.0,Darnell Mooney,1.0,10.0,2025-11-19
2025,12,975f9036-b715-4aaa-8241-8351eff05671,,TRADE_PROPOSAL,PENDING,10,{2C8A1B87-268B-45A5-A0E5-C4A3F61C9BC2},0,TRADE,4882093.0,Bhayshul Tuten,10.0,2.0,2025-11-23
2025,12,975f9036-b715-4aaa-8241-8351eff05671,,TRADE_PROPOSAL,PENDING,10,{2C8A1B87-268B-45A5-A0E5-C4A3F61C9BC2},0,TRADE,4612826.0,Ladd McConkey,2.0,10.0,2025-11-23
2025,12,97361db0-8fa4-4381-aff5-ba14f1e192f0,79bf99aa-515c-4231-8c73-81d6698cded9,TRADE_UPHOLD,EXECUTED,1,{C1E09685-96D1-4750-BA21-8BE16D3BF7CA},0,,,,,,2025-11-19
2025,12,950dd46e-fcbb-4b09-be53-c68a2c194e51,0a6317e7-c322-4f21-8e29-cc9ef25a0b41,TRADE_PROPOSAL,CANCELED,10,{C52D799E-6C1C-44B9-8371-9B6AF857D8E8},0,TRADE,3886598.0,Jauan Jennings,10.0,3.0,2025-11-22
2025,12,950dd46e-fcbb-4b09-be53-c68a2c194e51,0a6317e7-c322-4f21-8e29-cc9ef25a0b41,TRADE_PROPOSAL,CANCELED,10,{C52D799E-6C1C-44B9-8371-9B6AF857D8E8},0,TRADE,4242355.0,Jake Ferguson,10.0,3.0,2025-11-22
2025,12,950dd46e-fcbb-4b09-be53-c68a2c194e51,0a6317e7-c322-4f21-8e29-cc9ef25a0b41,TRADE_PROPOSAL,CANCELED,10,{C52D799E-6C1C-44B9-8371-9B6AF857D8E8},0,TRADE,4361307.0,Trey McBride,3.0,10.0,2025-11-22
2025,12,009fa11f-ffc7-4dab-a233-9e0012bffd11,,FREEAGENT,EXECUTED,10,{2C8A1B87-268B-45A5-A0E5-C4A3F61C9BC2},0,ADD,4685720.0,Bryce Young,0.0,10.0,2025-11-22
2025,12,009fa11f-ffc7-4dab-a233-9e0012bffd11,,FREEAGENT,EXECUTED,10,{2C8A1B87-268B-45A5-A0E5-C4A3F61C9BC2},0,DROP,4036378.0,Jordan Love,10.0,0.0,2025-11-22
2025,12,80b440e9-e0a9-4392-9b44-724bc80f4d13,,TRADE_PROPOSAL,PENDING,8,{00408013-39CF-40FC-8080-1339CFD0FC06},0,TRADE,4568490.0,RJ Harvey,10.0,8.0,2025-11-24
2025,12,80b440e9-e0a9-4392-9b44-724bc80f4d13,,TRADE_PROPOSAL,PENDING,8,{00408013-39CF-40FC-8080-1339CFD0FC06},0,TRADE,4689114.0,Jaxson Dart,10.0,8.0,2025-11-24
2025,12,80b440e9-e0a9-4392-9b44-724bc80f4d13,,TRADE_PROPOSAL,PENDING,8,{00408013-39CF-40FC-8080-1339CFD0FC06},0,TRADE,4431299.0,Rome Odunze,8.0,10.0,2025-11-24
2025,12,80b440e9-e0a9-4392-9b44-724bc80f4d13,,TRADE_PROPOSAL,PENDING,8,{00408013-39CF-40FC-8080-1339CFD0FC06},0,TRADE,3116165.0,Chris Godwin Jr.,8.0,10.0,2025-11-24
2025,12,53000e66-7e6d-48f5-8ef4-5f793906b63d,8dcb561a-0792-4f12-b636-81c5f5047840,WAIVER,EXECUTED,3,NightlyLeagueUpdateTaskProcessor,10,ADD,4371733.0,Kenneth Gainwell,0.0,3.0,2025-11-19
2025,12,53000e66-7e6d-48f5-8ef4-5f793906b63d,8dcb561a-0792-4f12-b636-81c5f5047840,WAIVER,EXECUTED,3,NightlyLeagueUpdateTaskProcessor,10,DROP,4697815.0,Rachaad White,3.0,0.0,2025-11-19
2025,12,9efba235-d6e1-4312-92aa-ce2a658dba79,975f9036-b715-4aaa-8241-8351eff05671,TRADE_PROPOSAL,CANCELED,10,{2C8A1B87-268B-45A5-A0E5-C4A3F61C9BC2},0,TRADE,4882093.0,Bhayshul Tuten,10.0,2.0,2025-11-25
2025,12,9efba235-d6e1-4312-92aa-ce2a658dba79,975f9036-b715-4aaa-8241-8351eff05671,TRADE_PROPOSAL,CANCELED,10,{2C8A1B87-268B-45A5-A0E5-C4A3F61C9BC2},0,TRADE,4612826.0,Ladd McConkey,2.0,10.0,2025-11-25
2025,12,0b43def0-15f0-4329-a8e2-b8b579b7f7d2,79bf99aa-515c-4231-8c73-81d6698cded9,TRADE_VETO,EXECUTED,3,{C52D799E-6C1C-44B9-8371-9B6AF857D8E8},0,,,,,,2025-11-19
2025,12,5085125e-6c54-4abb-95b9-f00e7330e4f2,,ROSTER,EXECUTED,3,{C52D799E-6C1C-44B9-8371-9B6AF857D8E8},0,DROP,4883647.0,Elic Ayomanor,3.0,0.0,2025-11-21
2025,12,39d73bce-62a3-4b2b-9cf4-ebf51fa0ac98,5a713584-4da0-4d92-aa36-51a3d0be0c6a,TRADE_ACCEPT,EXECUTED,7,{C1E09685-96D1-4750-BA21-8BE16D3BF7CA},0,TRADE,4882093.0,Bhayshul Tuten,7.0,10.0,2025-11-23
2025,12,39d73bce-62a3-4b2b-9cf4-ebf51fa0ac98,5a713584-4da0-4d92-aa36-51a3d0be0c6a,TRADE_ACCEPT,EXECUTED,7,{C1E09685-96D1-4750-BA21-8BE16D3BF7CA},0,TRADE,4429022.0,Kayshon Boutte,7.0,10.0,2025-11-23
2025,12,39d73bce-62a3-4b2b-9cf4-ebf51fa0ac98,5a713584-4da0-4d92-aa36-51a3d0be0c6a,TRADE_ACCEPT,EXECUTED,7,{C1E09685-96D1-4750-BA21-8BE16D3BF7CA},0,TRADE,4426502.0,Drake London,10.0,7.0,2025-11-23
2025,12,39d73bce-62a3-4b2b-9cf4-ebf51fa0ac98,5a713584-4da0-4d92-aa36-51a3d0be0c6a,TRADE_ACCEPT,EXECUTED,7,{C1E09685-96D1-4750-BA21-8BE16D3BF7CA},0,DROP,4361529.0,Isiah Pacheco,10.0,0.0,2025-11-23
2025,12,d3d1da86-1254-45dd-95d8-f703d69483ec,,TRADE_PROPOSAL,PENDING,7,{430447A7-381F-4E40-AD53-6A9C1F157A25},0,TRADE,4429022.0,Kayshon Boutte,7.0,10.0,2025-11-21
2025,12,d3d1da86-1254-45dd-95d8-f703d69483ec,,TRADE_PROPOSAL,PENDING,7,{430447A7-381F-4E40-AD53-6A9C1F157A25},0,TRADE,3915511.0,Joe Burrow,7.0,10.0,2025-11-21
2025,12,d3d1da86-1254-45dd-95d8-f703d69483ec,,TRADE_PROPOSAL,PENDING,7,{430447A7-381F-4E40-AD53-6A9C1F157A25},0,TRADE,4426502.0,Drake London,10.0,7.0,2025-11-21
2025,12,ca056c7f-7d10-4ec0-86ff-fabe09fd7a7a,ba9eae9d-86bd-4d2e-9fe9-37b32b3c21a3,TRADE_DECLINE,EXECUTED,4,{8242D4C8-FCD1-4A28-9373-CD282687A8E7},0,,,,,,2025-11-18
2025,12,0c8b0194-67cb-4ccc-b983-1efccc5efba6,,TRADE_PROPOSAL,PENDING,10,{2C8A1B87-268B-45A5-A0E5-C4A3F61C9BC2},0,TRADE,4040655.0,Darnell Mooney,1.0,10.0,2025-11-19
2025,12,0c8b0194-67cb-4ccc-b983-1efccc5efba6,,TRADE_PROPOSAL,PENDING,10,{2C8A1B87-268B-45A5-A0E5-C4A3F61C9BC2},0,TRADE,3117256.0,Dalton Schultz,10.0,1.0,2025-11-19
2025,12,7f15c16e-27e6-4ddf-88de-7f92bd49c837,5b4cf0d5-777f-425c-aea7-b33336dc0a61,TRADE_UPHOLD,EXECUTED,1,{C1E09685-96D1-4750-BA21-8BE16D3BF7CA},0,,,,,,2025-11-19
2025,12,973660f6-2f87-4a21-8258-d70c5aab4eec,,TRADE_PROPOSAL,PENDING,10,{2C8A1B87-268B-45A5-A0E5-C4A3F61C9BC2},0,TRADE,4429096.0,Blake Corum,10.0,12.0,2025-11-22
2025,12,973660f6-2f87-4a21-8258-d70c5aab4eec,,TRADE_PROPOSAL,PENDING,10,{2C8A1B87-268B-45A5-A0E5-C4A3F61C9BC2},0,TRADE,4685278.0,Luther Burden III,12.0,10.0,2025-11-22
2025,12,97b0446c-141a-477c-b189-d834c38475f7,,TRADE_PROPOSAL,PENDING,10,{2C8A1B87-268B-45A5-A0E5-C4A3F61C9BC2},0,TRADE,4361529.0,Isiah Pacheco,10.0,1.0,2025-11-19
2025,12,97b0446c-141a-477c-b189-d834c38475f7,,TRADE_PROPOSAL,PENDING,10,{2C8A1B87-268B-45A5-A0E5-C4A3F61C9BC2},0,TRADE,4040655.0,Darnell Mooney,1.0,10.0,2025-11-19
2025,12,7e854d74-5269-4956-a78d-98bc90fd7266,,FREEAGENT,EXECUTED,8,{00408013-39CF-40FC-8080-1339CFD0FC06},0,ADD,4036378.0,Jordan Love,0.0,8.0,2025-11-20
2025,12,7e854d74-5269-4956-a78d-98bc90fd7266,,FREEAGENT,EXECUTED,8,{00408013-39CF-40FC-8080-1339CFD0FC06},0,DROP,4576297.0,AJ Barner,8.0,0.0,2025-11-20
2025,12,ee564d00-b4ed-4902-a583-87762dc6e1e1,10b0b045-4173-4e91-812e-38da9ddb9b69,WAIVER,FAILED_INVALIDPLAYERSOURCE,1,NightlyLeagueUpdateTaskProcessor,1,ADD,3046439.0,Hunter Henry,0.0,1.0,2025-11-19
2025,12,ee564d00-b4ed-4902-a583-87762dc6e1e1,10b0b045-4173-4e91-812e-38da9ddb9b69,WAIVER,FAILED_INVALIDPLAYERSOURCE,1,NightlyLeagueUpdateTaskProcessor,1,DROP,15835.0,Zach Ertz,1.0,0.0,2025-11-19
2025,12,b08236fb-f10d-4a33-becd-2daeeb571e1e,fd70a705-3df6-46a3-9f2b-9b061b911c87,WAIVER,EXECUTED,6,NightlyLeagueUpdateTaskProcessor,10,ADD,4361741.0,Brock Purdy,0.0,6.0,2025-11-19
2025,12,b08236fb-f10d-4a33-becd-2daeeb571e1e,fd70a705-3df6-46a3-9f2b-9b061b911c87,WAIVER,EXECUTED,6,NightlyLeagueUpdateTaskProcessor,10,DROP,3925357.0,Calvin Ridley,6.0,0.0,2025-11-19
2025,12,1f3b723b-d062-4c55-b869-aefe503801ec,,FREEAGENT,EXECUTED,4,{8242D4C8-FCD1-4A28-9373-CD282687A8E7},0,ADD,4576297.0,AJ Barner,0.0,4.0,2025-11-20
2025,12,7c9c838e-2fa9-4cdf-a1ab-50d03ee0e18e,,TRADE_PROPOSAL,PENDING,10,{2C8A1B87-268B-45A5-A0E5-C4A3F61C9BC2},0,TRADE,4426388.0,Jameson Williams,1.0,10.0,2025-11-21
2025,12,7c9c838e-2fa9-4cdf-a1ab-50d03ee0e18e,,TRADE_PROPOSAL,PENDING,10,{2C8A1B87-268B-45A5-A0E5-C4A3F61C9BC2},0,TRADE,3886598.0,Jauan Jennings,10.0,1.0,2025-11-21
2025,12,7c9c838e-2fa9-4cdf-a1ab-50d03ee0e18e,,TRADE_PROPOSAL,PENDING,10,{2C8A1B87-268B-45A5-A0E5-C4A3F61C9BC2},0,TRADE,4242355.0,Jake Ferguson,10.0,1.0,2025-11-21
2025,12,a23cd8a0-3ab7-46b3-b105-54c7a174ec58,,FREEAGENT,EXECUTED,10,{2C8A1B87-268B-45A5-A0E5-C4A3F61C9BC2},0,ADD,4361529.0,Isiah Pacheco,0.0,10.0,2025-11-19
2025,12,a23cd8a0-3ab7-46b3-b105-54c7a174ec58,,FREEAGENT,EXECUTED,10,{2C8A1B87-268B-45A5-A0E5-C4A3F61C9BC2},0,DROP,4242546.0,Davis Mills,10.0,0.0,2025-11-19
2025,12,b525da2d-137c-46bc-88d0-cf408dcd599b,,FREEAGENT,EXECUTED,1,{C1E09685-96D1-4750-BA21-8BE16D3BF7CA},0,ADD,2578570.0,Jacoby Brissett,0.0,1.0,2025-11-19
2025,12,b525da2d-137c-46bc-88d0-cf408dcd599b,,FREEAGENT,EXECUTED,1,{C1E09685-96D1-4750-BA21-8BE16D3BF7CA},0,DROP,11252.0,Joe Flacco,1.0,0.0,2025-11-19
2025,12,cdbe49b0-b500-4b02-b070-8049a670ab36,,FREEAGENT,EXECUTED,8,{00408013-39CF-40FC-8080-1339CFD0FC06},0,ADD,4576297.0,AJ Barner,0.0,8.0,2025-11-19
2025,12,cdbe49b0-b500-4b02-b070-8049a670ab36,,FREEAGENT,EXECUTED,8,{00408013-39CF-40FC-8080-1339CFD0FC06},0,DROP,4883647.0,Elic Ayomanor,8.0,0.0,2025-11-19
2025,12,f9b95c95-5a12-4725-b809-07756a1ab20a,5e4cb7c0-661b-492c-8d60-716e63dec27b,WAIVER,CANCELED,1,{C1E09685-96D1-4750-BA21-8BE16D3BF7CA},0,ADD,4361741.0,Brock Purdy,0.0,1.0,2025-11-18
2025,12,f9b95c95-5a12-4725-b809-07756a1ab20a,5e4cb7c0-661b-492c-8d60-716e63dec27b,WAIVER,CANCELED,1,{C1E09685-96D1-4750-BA21-8BE16D3BF7CA},0,DROP,4428850.0,Dontayvion Wicks,1.0,0.0,2025-11-18
2025,12,b67f5632-6407-4f8f-81c9-400e1fcdd4b8,124d59c7-7b13-46c8-adf3-a00dbfe8f97e,WAIVER,CANCELED,1,{C1E09685-96D1-4750-BA21-8BE16D3BF7CA},0,ADD,4361529.0,Isiah Pacheco,0.0,1.0,2025-11-18
2025,12,b67f5632-6407-4f8f-81c9-400e1fcdd4b8,124d59c7-7b13-46c8-adf3-a00dbfe8f97e,WAIVER,CANCELED,1,{C1E09685-96D1-4750-BA21-8BE16D3BF7CA},0,DROP,4040655.0,Darnell Mooney,1.0,0.0,2025-11-18
2025,13,df802abb-07c2-4996-95ce-3554b1e8bd89,,ROSTER,EXECUTED,5,{77F704CF-0C76-4984-9A71-8BD39511C19F},0,DROP,4368003.0,Andrei Iosivas,5.0,0.0,2025-11-25
2025,13,8a2d58a1-7388-4a4c-a21f-83af3ba7dde6,ced306fe-60a2-4dc4-ad92-0d40de9e8b5c,TRADE_PROPOSAL,CANCELED,10,{77F704CF-0C76-4984-9A71-8BD39511C19F},0,TRADE,4608686.0,Kyle Monangai,10.0,5.0,2025-11-26
2025,13,8a2d58a1-7388-4a4c-a21f-83af3ba7dde6,ced306fe-60a2-4dc4-ad92-0d40de9e8b5c,TRADE_PROPOSAL,CANCELED,10,{77F704CF-0C76-4984-9A71-8BD39511C19F},0,TRADE,4426338.0,Bo Nix,5.0,10.0,2025-11-26
2025,13,352c34dd-5493-45a6-a2b9-c2cd3bca5de2,9ee1a322-9ba6-4e09-b70c-281663dcbb69,TRADE_UPHOLD,EXECUTED,1,{C1E09685-96D1-4750-BA21-8BE16D3BF7CA},0,,,,,,2025-11-26
2025,13,bd354300-fc50-4d7d-9fb3-82a9c9b39aad,9ee1a322-9ba6-4e09-b70c-281663dcbb69,TRADE_UPHOLD,EXECUTED,1,{C1E09685-96D1-4750-BA21-8BE16D3BF7CA},0,,,,,,2025-11-26
2025,13,912276eb-18d9-41b8-b403-863ff6ab4d84,,FREEAGENT,EXECUTED,5,{77F704CF-0C76-4984-9A71-8BD39511C19F},0,ADD,4722893.0,Jaleel McLaughlin,0.0,5.0,2025-11-27
2025,13,1754b1c8-0dc8-4bdc-8cea-c3b21b3d36e9,9201756f-75f8-40b9-9d0e-ff5d0628f0de,TRADE_DECLINE,EXECUTED,10,{2C8A1B87-268B-45A5-A0E5-C4A3F61C9BC2},0,,,,,,2025-11-26
2025,13,9ddb5bd3-c1ad-4b6d-92f6-9619198dba8d,,FREEAGENT,EXECUTED,2,{6AC115FA-3A0D-4948-8115-FA3A0DD94826},0,ADD,4597500.0,Adonai Mitchell,0.0,2.0,2025-11-27
2025,13,120bd72f-849d-45c0-a839-74fa13f196cd,e37a387e-03c2-4271-8afb-9119e3311c49,WAIVER,EXECUTED,8,NightlyLeagueUpdateTaskProcessor,7,ADD,4432577.0,C.J. Stroud,0.0,8.0,2025-11-26
2025,13,120bd72f-849d-45c0-a839-74fa13f196cd,e37a387e-03c2-4271-8afb-9119e3311c49,WAIVER,EXECUTED,8,NightlyLeagueUpdateTaskProcessor,7,DROP,3128720.0,Nick Chubb,8.0,0.0,2025-11-26
2025,13,8ef8969e-bb73-4809-8ced-d3a316602b2a,c8fc76e2-a5fb-4e62-a97f-d048409f0b67,WAIVER,EXECUTED,14,NightlyLeagueUpdateTaskProcessor,10,ADD,4567096.0,John Metchie III,0.0,14.0,2025-11-26
2025,13,8ef8969e-bb73-4809-8ced-d3a316602b2a,c8fc76e2-a5fb-4e62-a97f-d048409f0b67,WAIVER,EXECUTED,14,NightlyLeagueUpdateTaskProcessor,10,DROP,2977187.0,Cooper Kupp,14.0,0.0,2025-11-26
2025,13,67b56152-259a-4ef0-a1cf-9f2ab51acaf0,c5171124-7a98-49b7-a8e4-28a4ab6a5837,WAIVER,EXECUTED,2,NightlyLeagueUpdateTaskProcessor,7,ADD,4430871.0,Sean Tucker,0.0,2.0,2025-11-28
2025,13,67b56152-259a-4ef0-a1cf-9f2ab51acaf0,c5171124-7a98-49b7-a8e4-28a4ab6a5837,WAIVER,EXECUTED,2,NightlyLeagueUpdateTaskProcessor,7,DROP,4697815.0,Rachaad White,2.0,0.0,2025-11-28
2025,13,7614cf4c-1d91-4f7e-8edc-a3b4f1ba2d00,e19f7917-851d-4ca8-931b-d0683dadbb24,WAIVER,EXECUTED,14,NightlyLeagueUpdateTaskProcessor,15,ADD,4682652.0,Devin Neal,0.0,14.0,2025-11-26
2025,13,7614cf4c-1d91-4f7e-8edc-a3b4f1ba2d00,e19f7917-851d-4ca8-931b-d0683dadbb24,WAIVER,EXECUTED,14,NightlyLeagueUpdateTaskProcessor,15,DROP,-16034.0,Texans D/ST,14.0,0.0,2025-11-26
2025,13,76cd52dd-79f0-44e5-b582-e586a4f9714f,,FREEAGENT,EXECUTED,12,{5FCF8F43-6BFC-4593-9364-2E23B55B301D},0,ADD,-16018.0,Saints D/ST,0.0,12.0,2025-11-29
2025,13,76cd52dd-79f0-44e5-b582-e586a4f9714f,,FREEAGENT,EXECUTED,12,{5FCF8F43-6BFC-4593-9364-2E23B55B301D},0,DROP,-16027.0,Buccaneers D/ST,12.0,0.0,2025-11-29
2025,13,da829d75-1b8b-4649-b9ec-666dee70df13,,FREEAGENT,EXECUTED,14,{C2BAB8A3-9ED5-425C-BAB8-A39ED5B25CC2},0,ADD,4361529.0,Isiah Pacheco,0.0,14.0,2025-11-26
2025,13,da829d75-1b8b-4649-b9ec-666dee70df13,,FREEAGENT,EXECUTED,14,{C2BAB8A3-9ED5-425C-BAB8-A39ED5B25CC2},0,DROP,4430871.0,Sean Tucker,14.0,0.0,2025-11-26
2025,13,0a9b1f6e-76a3-4967-9665-20c925d66474,3f88f1e9-6d5c-4cb0-aa13-336a222e5f85,WAIVER,FAILED_INVALIDPLAYERSOURCE,4,NightlyLeagueUpdateTaskProcessor,5,ADD,4682652.0,Devin Neal,0.0,4.0,2025-11-26
2025,13,6db20830-c79d-4a11-9404-4a23b5066092,76e00b45-331f-4e77-b7d5-fb2342a31ae1,WAIVER,FAILED_AUCTIONBUDGETEXCEEDED,8,NightlyLeagueUpdateTaskProcessor,7,ADD,4361529.0,Isiah Pacheco,0.0,8.0,2025-11-26
2025,13,6db20830-c79d-4a11-9404-4a23b5066092,76e00b45-331f-4e77-b7d5-fb2342a31ae1,WAIVER,FAILED_AUCTIONBUDGETEXCEEDED,8,NightlyLeagueUpdateTaskProcessor,7,DROP,3128720.0,Nick Chubb,8.0,0.0,2025-11-26
2025,13,45dcd464-1d9e-4630-a4f6-f429c8870ed8,,FREEAGENT,EXECUTED,5,{77F704CF-0C76-4984-9A71-8BD39511C19F},0,ADD,4711533.0,Ollie Gordon II,0.0,5.0,2025-11-26
2025,13,c4dbe1d4-3b9b-49ec-abe9-53687463063e,,FREEAGENT,EXECUTED,12,{5FCF8F43-6BFC-4593-9364-2E23B55B301D},0,ADD,4368003.0,Andrei Iosivas,0.0,12.0,2025-11-27
2025,13,c4dbe1d4-3b9b-49ec-abe9-53687463063e,,FREEAGENT,EXECUTED,12,{5FCF8F43-6BFC-4593-9364-2E23B55B301D},0,DROP,3916945.0,Darius Slayton,12.0,0.0,2025-11-27
2025,13,cf33abb9-2eee-4e41-ac17-2c0dcc47e8c4,,FREEAGENT,EXECUTED,5,{77F704CF-0C76-4984-9A71-8BD39511C19F},0,ADD,4240657.0,Michael Carter,0.0,5.0,2025-11-29
2025,13,cf33abb9-2eee-4e41-ac17-2c0dcc47e8c4,,FREEAGENT,EXECUTED,5,{77F704CF-0C76-4984-9A71-8BD39511C19F},0,DROP,4722893.0,Jaleel McLaughlin,5.0,0.0,2025-11-29
2025,13,6aa31b52-4d54-49ad-a3cd-261fbf4e698a,b49afec4-cb19-4364-93ec-6ba8d7c9c80d,WAIVER,FAILED_INVALIDPLAYERSOURCE,7,NightlyLeagueUpdateTaskProcessor,3,ADD,4682652.0,Devin Neal,0.0,7.0,2025-11-26
2025,13,6aa31b52-4d54-49ad-a3cd-261fbf4e698a,b49afec4-cb19-4364-93ec-6ba8d7c9c80d,WAIVER,FAILED_INVALIDPLAYERSOURCE,7,NightlyLeagueUpdateTaskProcessor,3,DROP,-16009.0,Packers D/ST,7.0,0.0,2025-11-26
2025,13,1f061e71-99ab-48da-b1d8-87da7b4733fc,bdb049dd-0891-4294-ad2c-4cda30b4dc15,WAIVER,FAILED_INVALIDPLAYERSOURCE,8,NightlyLeagueUpdateTaskProcessor,7,ADD,4682652.0,Devin Neal,0.0,8.0,2025-11-26
2025,13,1f061e71-99ab-48da-b1d8-87da7b4733fc,bdb049dd-0891-4294-ad2c-4cda30b4dc15,WAIVER,FAILED_INVALIDPLAYERSOURCE,8,NightlyLeagueUpdateTaskProcessor,7,DROP,3128720.0,Nick Chubb,8.0,0.0,2025-11-26
2025,13,c6edb22a-31b9-45a2-9f8d-025b7f2d7203,,FREEAGENT,EXECUTED,4,{8242D4C8-FCD1-4A28-9373-CD282687A8E7},0,ADD,3871102.0,David Sills V,0.0,4.0,2025-11-27
2025,13,c6edb22a-31b9-45a2-9f8d-025b7f2d7203,,FREEAGENT,EXECUTED,4,{8242D4C8-FCD1-4A28-9373-CD282687A8E7},0,DROP,2991662.0,Mack Hollins,4.0,0.0,2025-11-27
2025,13,61e0e6a3-d62a-4119-8fc0-3a695ecd46ac,a3e48694-a444-4e9c-a1a3-def66cfa4f4c,WAIVER,FAILED_INVALIDPLAYERSOURCE,2,NightlyLeagueUpdateTaskProcessor,14,ADD,4682652.0,Devin Neal,0.0,2.0,2025-11-26
2025,13,61e0e6a3-d62a-4119-8fc0-3a695ecd46ac,a3e48694-a444-4e9c-a1a3-def66cfa4f4c,WAIVER,FAILED_INVALIDPLAYERSOURCE,2,NightlyLeagueUpdateTaskProcessor,14,DROP,4241372.0,Hollywood Brown,2.0,0.0,2025-11-26
2025,13,927cc9c4-3409-4b4e-992f-85467f51b886,,ROSTER,EXECUTED,10,{2C8A1B87-268B-45A5-A0E5-C4A3F61C9BC2},0,DROP,4360689.0,Tyler Shough,10.0,0.0,2025-11-25
2025,13,e9aab274-4675-4940-878a-3df4a7030d2b,,ROSTER,EXECUTED,5,{77F704CF-0C76-4984-9A71-8BD39511C19F},0,DROP,2969939.0,Jameis Winston,5.0,0.0,2025-11-27
2025,13,e40eaf6d-e397-40ce-857a-3c22b4dade0e,6e86b5b0-663e-4e61-a133-242be9fb6837,WAIVER,EXECUTED,5,NightlyLeagueUpdateTaskProcessor,5,ADD,-16015.0,Dolphins D/ST,0.0,5.0,2025-11-26
2025,13,e40eaf6d-e397-40ce-857a-3c22b4dade0e,6e86b5b0-663e-4e61-a133-242be9fb6837,WAIVER,EXECUTED,5,NightlyLeagueUpdateTaskProcessor,5,DROP,-16008.0,Lions D/ST,5.0,0.0,2025-11-26
2025,13,ec708d24-fda9-4800-9393-67daba356733,423f50bb-34a2-4b37-aeaa-977305d4169e,TRADE_DECLINE,EXECUTED,2,{6AC115FA-3A0D-4948-8115-FA3A0DD94826},0,,,,,,2025-11-25
2025,13,42ce5b94-81fe-447a-9425-e6b8d92309c2,ccc930fb-a555-4683-91f7-834bdc3237c6,TRADE_DECLINE,EXECUTED,1,{C1E09685-96D1-4750-BA21-8BE16D3BF7CA},0,,,,,,2025-11-27
2025,13,bf88b66d-8b70-4a31-aef8-cacf8328a665,ca6ac38e-32a5-46a2-9be9-8511f3a6e1a5,TRADE_PROPOSAL,CANCELED,14,{C2BAB8A3-9ED5-425C-BAB8-A39ED5B25CC2},0,TRADE,4037235.0,Greg Dortch,14.0,1.0,2025-11-26
2025,13,bf88b66d-8b70-4a31-aef8-cacf8328a665,ca6ac38e-32a5-46a2-9be9-8511f3a6e1a5,TRADE_PROPOSAL,CANCELED,14,{C2BAB8A3-9ED5-425C-BAB8-A39ED5B25CC2},0,TRADE,4683062.0,Xavier Worthy,14.0,1.0,2025-11-26
2025,13,bf88b66d-8b70-4a31-aef8-cacf8328a665,ca6ac38e-32a5-46a2-9be9-8511f3a6e1a5,TRADE_PROPOSAL,CANCELED,14,{C2BAB8A3-9ED5-425C-BAB8-A39ED5B25CC2},0,TRADE,4569173.0,Rhamondre Stevenson,14.0,1.0,2025-11-26
2025,13,bf88b66d-8b70-4a31-aef8-cacf8328a665,ca6ac38e-32a5-46a2-9be9-8511f3a6e1a5,TRADE_PROPOSAL,CANCELED,14,{C2BAB8A3-9ED5-425C-BAB8-A39ED5B25CC2},0,TRADE,4426354.0,George Pickens,1.0,14.0,2025-11-26
2025,13,1ce7a5b1-cec1-457c-b355-9733346264a3,ced306fe-60a2-4dc4-ad92-0d40de9e8b5c,TRADE_DECLINE,EXECUTED,5,{77F704CF-0C76-4984-9A71-8BD39511C19F},0,,,,,,2025-11-26
2025,13,d938303c-da68-419b-bd68-ac610ce87d59,,FREEAGENT,EXECUTED,10,{2C8A1B87-268B-45A5-A0E5-C4A3F61C9BC2},0,ADD,4360310.0,Trevor Lawrence,0.0,10.0,2025-11-27
2025,13,d938303c-da68-419b-bd68-ac610ce87d59,,FREEAGENT,EXECUTED,10,{2C8A1B87-268B-45A5-A0E5-C4A3F61C9BC2},0,DROP,2576414.0,Raheem Mostert,10.0,0.0,2025-11-27
2025,13,ca145975-fab9-4865-89b2-5fa4d653f2a1,1ef9c8f0-285b-47e9-8da8-4417f5d991e0,TRADE_DECLINE,EXECUTED,12,{5FCF8F43-6BFC-4593-9364-2E23B55B301D},0,,,,,,2025-11-28
2025,13,987af3a9-4f45-4c96-a34e-fcfec2e97f9d,,FREEAGENT,EXECUTED,7,{430447A7-381F-4E40-AD53-6A9C1F157A25},0,ADD,-16034.0,Texans D/ST,0.0,7.0,2025-11-27
2025,13,987af3a9-4f45-4c96-a34e-fcfec2e97f9d,,FREEAGENT,EXECUTED,7,{430447A7-381F-4E40-AD53-6A9C1F157A25},0,DROP,-16009.0,Packers D/ST,7.0,0.0,2025-11-27
2025,13,debb1be5-c2ef-4e98-a33f-673e15aa5dd0,,FREEAGENT,EXECUTED,12,{5FCF8F43-6BFC-4593-9364-2E23B55B301D},0,ADD,-16027.0,Buccaneers D/ST,0.0,12.0,2025-11-26
2025,13,debb1be5-c2ef-4e98-a33f-673e15aa5dd0,,FREEAGENT,EXECUTED,12,{5FCF8F43-6BFC-4593-9364-2E23B55B301D},0,DROP,4596334.0,Keaton Mitchell,12.0,0.0,2025-11-26
2025,13,80fabc32-47ac-4995-923a-1d5bbf408991,,ROSTER,EXECUTED,2,{6AC115FA-3A0D-4948-8115-FA3A0DD94826},0,DROP,4241372.0,Hollywood Brown,2.0,0.0,2025-11-26
2025,13,30aa3a93-12f7-4177-9c0b-250b376df39c,,FREEAGENT,EXECUTED,2,{6AC115FA-3A0D-4948-8115-FA3A0DD94826},0,ADD,-16011.0,Colts D/ST,0.0,2.0,2025-11-26
2025,13,30aa3a93-12f7-4177-9c0b-250b376df39c,,FREEAGENT,EXECUTED,2,{6AC115FA-3A0D-4948-8115-FA3A0DD94826},0,DROP,-16021.0,Eagles D/ST,2.0,0.0,2025-11-26
2025,13,e60b7c75-0ef0-4aaf-b62d-5521f710685b,5f147949-aaa8-444b-bd58-1bef3e2c1f2f,TRADE_PROPOSAL,CANCELED,10,{6AC115FA-3A0D-4948-8115-FA3A0DD94826},0,TRADE,4374302.0,Amon-Ra St. Brown,8.0,10.0,2025-11-26
2025,13,e60b7c75-0ef0-4aaf-b62d-5521f710685b,5f147949-aaa8-444b-bd58-1bef3e2c1f2f,TRADE_PROPOSAL,CANCELED,10,{6AC115FA-3A0D-4948-8115-FA3A0DD94826},0,TRADE,3916433.0,Jakobi Meyers,8.0,10.0,2025-11-26
2025,13,e60b7c75-0ef0-4aaf-b62d-5521f710685b,5f147949-aaa8-444b-bd58-1bef3e2c1f2f,TRADE_PROPOSAL,CANCELED,10,{6AC115FA-3A0D-4948-8115-FA3A0DD94826},0,TRADE,3886598.0,Jauan Jennings,10.0,8.0,2025-11-26
2025,13,e60b7c75-0ef0-4aaf-b62d-5521f710685b,5f147949-aaa8-444b-bd58-1bef3e2c1f2f,TRADE_PROPOSAL,CANCELED,10,{6AC115FA-3A0D-4948-8115-FA3A0DD94826},0,TRADE,4568490.0,RJ Harvey,10.0,8.0,2025-11-26
2025,13,e60b7c75-0ef0-4aaf-b62d-5521f710685b,5f147949-aaa8-444b-bd58-1bef3e2c1f2f,TRADE_PROPOSAL,CANCELED,10,{6AC115FA-3A0D-4948-8115-FA3A0DD94826},0,TRADE,4608686.0,Kyle Monangai,10.0,8.0,2025-11-26
2025,13,64a67a45-2995-4955-a376-8f8bd9f9ae68,baf4aa52-1f01-4a8b-88a3-e4e4ae0c7871,TRADE_DECLINE,EXECUTED,5,{77F704CF-0C76-4984-9A71-8BD39511C19F},0,,,,,,2025-11-28
2025,13,9ee1a322-9ba6-4e09-b70c-281663dcbb69,,TRADE_PROPOSAL,PENDING,10,{2C8A1B87-268B-45A5-A0E5-C4A3F61C9BC2},0,TRADE,4877706.0,Jayden Higgins,2.0,10.0,2025-11-26
2025,13,9ee1a322-9ba6-4e09-b70c-281663dcbb69,,TRADE_PROPOSAL,PENDING,10,{2C8A1B87-268B-45A5-A0E5-C4A3F61C9BC2},0,TRADE,4608686.0,Kyle Monangai,10.0,2.0,2025-11-26
2025,13,2a722121-668f-4819-8a40-237634e27d87,,FREEAGENT,EXECUTED,5,{77F704CF-0C76-4984-9A71-8BD39511C19F},0,ADD,2969939.0,Jameis Winston,0.0,5.0,2025-11-26
2025,13,2a722121-668f-4819-8a40-237634e27d87,,FREEAGENT,EXECUTED,5,{77F704CF-0C76-4984-9A71-8BD39511C19F},0,DROP,4711533.0,Ollie Gordon II,5.0,0.0,2025-11-26
2025,13,67014ddb-bbf4-4165-a11e-b943117ba983,,ROSTER,EXECUTED,3,{C52D799E-6C1C-44B9-8371-9B6AF857D8E8},0,DROP,16737.0,Mike Evans,3.0,0.0,2025-11-30
2025,13,02a1d27b-4a85-4804-b1e0-cd759b5b838c,c11dd874-3754-4a1f-a7cf-8d6d539e24b1,WAIVER,CANCELED,2,{6AC115FA-3A0D-4948-8115-FA3A0DD94826},0,ADD,4430871.0,Sean Tucker,0.0,2.0,2025-11-27
2025,13,4d148a0a-7893-41f9-bef1-35fd983b653a,8eecb902-379f-4a38-a901-985e39e93cc9,TRADE_DECLINE,EXECUTED,3,{C52D799E-6C1C-44B9-8371-9B6AF857D8E8},0,,,,,,2025-11-27
2025,13,ced306fe-60a2-4dc4-ad92-0d40de9e8b5c,,TRADE_PROPOSAL,PENDING,10,{2C8A1B87-268B-45A5-A0E5-C4A3F61C9BC2},0,TRADE,4608686.0,Kyle Monangai,10.0,5.0,2025-11-26
2025,13,ced306fe-60a2-4dc4-ad92-0d40de9e8b5c,,TRADE_PROPOSAL,PENDING,10,{2C8A1B87-268B-45A5-A0E5-C4A3F61C9BC2},0,TRADE,4426338.0,Bo Nix,5.0,10.0,2025-11-26
2025,13,0bfccc3c-f97e-4e64-aec6-23d352bcfb21,f3edc350-1ba1-4c55-8882-c545a03b4f30,TRADE_DECLINE,EXECUTED,5,{77F704CF-0C76-4984-9A71-8BD39511C19F},0,,,,,,2025-11-26
2025,13,7891d9ce-9312-4509-83bc-17f736646b0e,,ROSTER,EXECUTED,4,{8242D4C8-FCD1-4A28-9373-CD282687A8E7},0,DROP,-16013.0,Raiders D/ST,4.0,0.0,2025-11-25
2025,13,eef31428-971d-4f95-8b16-1653edae9ea4,5918f681-adf4-4f79-a8cb-489cd36be0a4,TRADE_PROPOSAL,CANCELED,4,{8242D4C8-FCD1-4A28-9373-CD282687A8E7},0,TRADE,3059915.0,Kareem Hunt,4.0,1.0,2025-11-26
2025,13,eef31428-971d-4f95-8b16-1653edae9ea4,5918f681-adf4-4f79-a8cb-489cd36be0a4,TRADE_PROPOSAL,CANCELED,4,{8242D4C8-FCD1-4A28-9373-CD282687A8E7},0,TRADE,4426388.0,Jameson Williams,1.0,4.0,2025-11-26
2025,13,c8666ac6-81c1-4313-a17b-3da061acee5d,9ee1a322-9ba6-4e09-b70c-281663dcbb69,TRADE_ACCEPT,EXECUTED,10,{C1E09685-96D1-4750-BA21-8BE16D3BF7CA},0,TRADE,4877706.0,Jayden Higgins,2.0,10.0,2025-11-26
2025,13,c8666ac6-81c1-4313-a17b-3da061acee5d,9ee1a322-9ba6-4e09-b70c-281663dcbb69,TRADE_ACCEPT,EXECUTED,10,{C1E09685-96D1-4750-BA21-8BE16D3BF7CA},0,TRADE,4608686.0,Kyle Monangai,10.0,2.0,2025-11-26
2025,13,e687aa7e-b841-4adb-b076-7db0de95a0f5,,FREEAGENT,EXECUTED,8,{00408013-39CF-40FC-8080-1339CFD0FC06},0,ADD,4430539.0,Brenton Strange,0.0,8.0,2025-11-29
2025,13,e296f6d8-c773-435c-8035-93afed408d52,9ee1a322-9ba6-4e09-b70c-281663dcbb69,TRADE_ACCEPT,,2,{6AC115FA-3A0D-4948-8115-FA3A0DD94826},0,,,,,,2025-11-26
2025,13,f86b3152-6826-4051-9e8e-834870d19e3c,,FREEAGENT,EXECUTED,10,{2C8A1B87-268B-45A5-A0E5-C4A3F61C9BC2},0,ADD,2576414.0,Raheem Mostert,0.0,10.0,2025-11-26
2025,13,f86b3152-6826-4051-9e8e-834870d19e3c,,FREEAGENT,EXECUTED,10,{2C8A1B87-268B-45A5-A0E5-C4A3F61C9BC2},0,DROP,4688813.0,Josh Downs,10.0,0.0,2025-11-26
2025,13,5f147949-aaa8-444b-bd58-1bef3e2c1f2f,,TRADE_PROPOSAL,PENDING,10,{2C8A1B87-268B-45A5-A0E5-C4A3F61C9BC2},0,TRADE,4374302.0,Amon-Ra St. Brown,8.0,10.0,2025-11-25
2025,13,5f147949-aaa8-444b-bd58-1bef3e2c1f2f,,TRADE_PROPOSAL,PENDING,10,{2C8A1B87-268B-45A5-A0E5-C4A3F61C9BC2},0,TRADE,3916433.0,Jakobi Meyers,8.0,10.0,2025-11-25
2025,13,5f147949-aaa8-444b-bd58-1bef3e2c1f2f,,TRADE_PROPOSAL,PENDING,10,{2C8A1B87-268B-45A5-A0E5-C4A3F61C9BC2},0,TRADE,3886598.0,Jauan Jennings,10.0,8.0,2025-11-25
2025,13,5f147949-aaa8-444b-bd58-1bef3e2c1f2f,,TRADE_PROPOSAL,PENDING,10,{2C8A1B87-268B-45A5-A0E5-C4A3F61C9BC2},0,TRADE,4568490.0,RJ Harvey,10.0,8.0,2025-11-25
2025,13,5f147949-aaa8-444b-bd58-1bef3e2c1f2f,,TRADE_PROPOSAL,PENDING,10,{2C8A1B87-268B-45A5-A0E5-C4A3F61C9BC2},0,TRADE,4608686.0,Kyle Monangai,10.0,8.0,2025-11-25
2025,14,9a96d4e5-7d3d-4daa-a0e2-01926b7d1fe2,,ROSTER,EXECUTED,10,{2C8A1B87-268B-45A5-A0E5-C4A3F61C9BC2},0,DROP,4243331.0,Cade Otton,10.0,0.0,2025-12-02
2025,14,a25d5887-2752-476a-a3a4-9fafb88ed4f5,,FREEAGENT,EXECUTED,10,{2C8A1B87-268B-45A5-A0E5-C4A3F61C9BC2},0,ADD,4428850.0,Dontayvion Wicks,0.0,10.0,2025-12-03
2025,14,0e240ae9-1e19-45a3-8785-3d2bb99dfd55,,FREEAGENT,EXECUTED,7,{430447A7-381F-4E40-AD53-6A9C1F157A25},0,ADD,4361050.0,Isaiah Likely,0.0,7.0,2025-12-05
2025,14,0e240ae9-1e19-45a3-8785-3d2bb99dfd55,,FREEAGENT,EXECUTED,7,{430447A7-381F-4E40-AD53-6A9C1F157A25},0,DROP,4711533.0,Ollie Gordon II,7.0,0.0,2025-12-05
2025,14,1d32a880-59b1-41ba-939e-6d50fe647d1d,,FREEAGENT,EXECUTED,7,{430447A7-381F-4E40-AD53-6A9C1F157A25},0,ADD,-16023.0,Steelers D/ST,0.0,7.0,2025-12-03
2025,14,1d32a880-59b1-41ba-939e-6d50fe647d1d,,FREEAGENT,EXECUTED,7,{430447A7-381F-4E40-AD53-6A9C1F157A25},0,DROP,4241474.0,Brian Robinson Jr.,7.0,0.0,2025-12-03
2025,14,ca8b8155-5a43-4df2-bb51-42812a783824,,ROSTER,EXECUTED,5,{77F704CF-0C76-4984-9A71-8BD39511C19F},0,DROP,4240657.0,Michael Carter,5.0,0.0,2025-12-02
2025,14,9f768db4-590e-4db1-a083-00cd0e91dab4,,FREEAGENT,EXECUTED,14,{C2BAB8A3-9ED5-425C-BAB8-A39ED5B25CC2},0,ADD,4688813.0,Josh Downs,0.0,14.0,2025-12-03
2025,14,9f768db4-590e-4db1-a083-00cd0e91dab4,,FREEAGENT,EXECUTED,14,{C2BAB8A3-9ED5-425C-BAB8-A39ED5B25CC2},0,DROP,4037235.0,Greg Dortch,14.0,0.0,2025-12-03
2025,14,2ce206ed-9920-4296-a998-2f693644d11f,4c10f0a7-601d-481a-91f5-146fc02bb6b1,WAIVER,EXECUTED,1,NightlyLeagueUpdateTaskProcessor,7,ADD,4036378.0,Jordan Love,0.0,1.0,2025-12-03
2025,14,2ce206ed-9920-4296-a998-2f693644d11f,4c10f0a7-601d-481a-91f5-146fc02bb6b1,WAIVER,EXECUTED,1,NightlyLeagueUpdateTaskProcessor,7,DROP,4038941.0,Justin Herbert,1.0,0.0,2025-12-03
2025,14,a9327894-cf98-4546-be7d-13a107fd69cc,,FREEAGENT,EXECUTED,10,{2C8A1B87-268B-45A5-A0E5-C4A3F61C9BC2},0,ADD,3128720.0,Nick Chubb,0.0,10.0,2025-12-04
2025,14,a9327894-cf98-4546-be7d-13a107fd69cc,,FREEAGENT,EXECUTED,10,{2C8A1B87-268B-45A5-A0E5-C4A3F61C9BC2},0,DROP,4882093.0,Bhayshul Tuten,10.0,0.0,2025-12-04
2025,14,6238615b-4887-4844-a9f0-d2a754130f76,,FREEAGENT,EXECUTED,10,{2C8A1B87-268B-45A5-A0E5-C4A3F61C9BC2},0,ADD,4431268.0,Chimere Dike,0.0,10.0,2025-12-04
2025,14,6238615b-4887-4844-a9f0-d2a754130f76,,FREEAGENT,EXECUTED,10,{2C8A1B87-268B-45A5-A0E5-C4A3F61C9BC2},0,DROP,3128720.0,Nick Chubb,10.0,0.0,2025-12-04
2025,14,95be00e5-73d3-4108-b052-4ca734825363,e17665db-bb39-4a64-90aa-65b9797161c8,WAIVER,CANCELED,1,{C1E09685-96D1-4750-BA21-8BE16D3BF7CA},0,ADD,4036378.0,Jordan Love,0.0,1.0,2025-12-02
2025,14,95be00e5-73d3-4108-b052-4ca734825363,e17665db-bb39-4a64-90aa-65b9797161c8,WAIVER,CANCELED,1,{C1E09685-96D1-4750-BA21-8BE16D3BF7CA},0,DROP,4040761.0,Devin Singletary,1.0,0.0,2025-12-02
2025,14,0d196ac3-71ab-4f3b-97e2-af0bd918f809,a591e1ba-95c0-41d7-98ec-70bc5ed531ba,WAIVER,FAILED_AUCTIONBUDGETEXCEEDED,1,NightlyLeagueUpdateTaskProcessor,6,ADD,-16027.0,Buccaneers D/ST,0.0,1.0,2025-12-03
2025,14,0d196ac3-71ab-4f3b-97e2-af0bd918f809,a591e1ba-95c0-41d7-98ec-70bc5ed531ba,WAIVER,FAILED_AUCTIONBUDGETEXCEEDED,1,NightlyLeagueUpdateTaskProcessor,6,DROP,-16033.0,Ravens D/ST,1.0,0.0,2025-12-03
2025,14,c11c66c3-66c3-4722-8818-8b7a7c29c44a,,FREEAGENT,EXECUTED,6,{FE8F6865-8A47-4C3A-8D66-0780982B48DD},0,ADD,-16021.0,Eagles D/ST,0.0,6.0,2025-12-04
2025,14,c11c66c3-66c3-4722-8818-8b7a7c29c44a,,FREEAGENT,EXECUTED,6,{FE8F6865-8A47-4C3A-8D66-0780982B48DD},0,DROP,-16001.0,Falcons D/ST,6.0,0.0,2025-12-04
2025,14,53e83a04-c011-4db9-82ef-0dbb6574a852,,FREEAGENT,EXECUTED,10,{2C8A1B87-268B-45A5-A0E5-C4A3F61C9BC2},0,ADD,3930086.0,Dawson Knox,0.0,10.0,2025-12-03
2025,14,53e83a04-c011-4db9-82ef-0dbb6574a852,,FREEAGENT,EXECUTED,10,{2C8A1B87-268B-45A5-A0E5-C4A3F61C9BC2},0,DROP,4600981.0,Pat Bryant,10.0,0.0,2025-12-03
2025,14,6cdfc21a-bba8-4c9d-b3e0-c5c8faa60bdc,,FREEAGENT,EXECUTED,10,{2C8A1B87-268B-45A5-A0E5-C4A3F61C9BC2},0,ADD,-16009.0,Packers D/ST,0.0,10.0,2025-12-03
2025,14,6cdfc21a-bba8-4c9d-b3e0-c5c8faa60bdc,,FREEAGENT,EXECUTED,10,{2C8A1B87-268B-45A5-A0E5-C4A3F61C9BC2},0,DROP,4429096.0,Blake Corum,10.0,0.0,2025-12-03
2025,14,ea241399-0206-49b2-8f2e-29d48c1f204a,,ROSTER,EXECUTED,1,{C1E09685-96D1-4750-BA21-8BE16D3BF7CA},0,LINEUP,3121422.0,Terry McLaurin,0.0,0.0,2025-12-02
2025,14,ea241399-0206-49b2-8f2e-29d48c1f204a,,ROSTER,EXECUTED,1,{C1E09685-96D1-4750-BA21-8BE16D3BF7CA},0,DROP,4575131.0,Jacory Croskey-Merritt,1.0,0.0,2025-12-02
2025,14,7597b2a6-8d5e-4aed-b70c-361c82ec6577,,FREEAGENT,EXECUTED,10,{2C8A1B87-268B-45A5-A0E5-C4A3F61C9BC2},0,ADD,5123663.0,Isaac TeSlaa,0.0,10.0,2025-12-03
2025,14,2834974b-7396-462a-925c-a8473352c9dc,,ROSTER,EXECUTED,7,{430447A7-381F-4E40-AD53-6A9C1F157A25},0,DROP,-16025.0,49ers D/ST,7.0,0.0,2025-12-02
2025,14,5c2a5a03-5fb9-4683-94b3-32d40db0ad36,,FREEAGENT,EXECUTED,10,{2C8A1B87-268B-45A5-A0E5-C4A3F61C9BC2},0,ADD,-16023.0,Steelers D/ST,0.0,10.0,2025-12-05
2025,14,5c2a5a03-5fb9-4683-94b3-32d40db0ad36,,FREEAGENT,EXECUTED,10,{2C8A1B87-268B-45A5-A0E5-C4A3F61C9BC2},0,DROP,-16009.0,Packers D/ST,10.0,0.0,2025-12-05
2025,14,e8cf38ca-4ccc-42e6-a7c7-344a5908bb77,,FREEAGENT,EXECUTED,2,{6AC115FA-3A0D-4948-8115-FA3A0DD94826},0,ADD,16737.0,Mike Evans,0.0,2.0,2025-12-03
2025,14,e8cf38ca-4ccc-42e6-a7c7-344a5908bb77,,FREEAGENT,EXECUTED,2,{6AC115FA-3A0D-4948-8115-FA3A0DD94826},0,DROP,4430871.0,Sean Tucker,2.0,0.0,2025-12-03
2025,14,76981198-a92f-42dc-91b4-d8f915fc6c83,1d218aed-47bc-41f4-8319-2860e304b88f,WAIVER,CANCELED,1,{C1E09685-96D1-4750-BA21-8BE16D3BF7CA},0,ADD,4036378.0,Jordan Love,0.0,1.0,2025-12-02
2025,14,76981198-a92f-42dc-91b4-d8f915fc6c83,1d218aed-47bc-41f4-8319-2860e304b88f,WAIVER,CANCELED,1,{C1E09685-96D1-4750-BA21-8BE16D3BF7CA},0,DROP,4038941.0,Justin Herbert,1.0,0.0,2025-12-02
2025,14,7b2a57a5-0ef4-499f-9be3-cda4673e9ac6,9d605499-7506-465c-8aea-8509c8d4a4e3,WAIVER,EXECUTED,3,NightlyLeagueUpdateTaskProcessor,4,ADD,4569559.0,Devaughn Vele,0.0,3.0,2025-12-03
2025,14,7b2a57a5-0ef4-499f-9be3-cda4673e9ac6,9d605499-7506-465c-8aea-8509c8d4a4e3,WAIVER,EXECUTED,3,NightlyLeagueUpdateTaskProcessor,4,DROP,4431268.0,Chimere Dike,3.0,0.0,2025-12-03
2025,14,8561bace-038b-4d80-8aa6-0debe6468075,,FREEAGENT,EXECUTED,10,{2C8A1B87-268B-45A5-A0E5-C4A3F61C9BC2},0,ADD,4600981.0,Pat Bryant,0.0,10.0,2025-12-04
2025,14,8561bace-038b-4d80-8aa6-0debe6468075,,FREEAGENT,EXECUTED,10,{2C8A1B87-268B-45A5-A0E5-C4A3F61C9BC2},0,DROP,5123663.0,Isaac TeSlaa,10.0,0.0,2025-12-04
2025,14,a993d002-a856-4e23-b812-0ecef992c74f,,FREEAGENT,EXECUTED,10,{2C8A1B87-268B-45A5-A0E5-C4A3F61C9BC2},0,ADD,4600981.0,Pat Bryant,0.0,10.0,2025-12-03
2025,14,a993d002-a856-4e23-b812-0ecef992c74f,,FREEAGENT,EXECUTED,10,{2C8A1B87-268B-45A5-A0E5-C4A3F61C9BC2},0,DROP,4428850.0,Dontayvion Wicks,10.0,0.0,2025-12-03
2025,14,7a6a6ffd-5f1b-4db9-b024-9dd4a6b98bd4,,FREEAGENT,EXECUTED,7,{430447A7-381F-4E40-AD53-6A9C1F157A25},0,ADD,4711533.0,Ollie Gordon II,0.0,7.0,2025-12-03
2025,14,7a6a6ffd-5f1b-4db9-b024-9dd4a6b98bd4,,FREEAGENT,EXECUTED,7,{430447A7-381F-4E40-AD53-6A9C1F157A25},0,DROP,-16023.0,Steelers D/ST,7.0,0.0,2025-12-03
2025,14,fc0e8789-86f7-403c-9ff3-a3bc731c8242,1e011d22-2541-405a-b97e-a37a27e4900f,WAIVER,CANCELED,1,{C1E09685-96D1-4750-BA21-8BE16D3BF7CA},0,ADD,-16027.0,Buccaneers D/ST,0.0,1.0,2025-12-02
2025,14,fc0e8789-86f7-403c-9ff3-a3bc731c8242,1e011d22-2541-405a-b97e-a37a27e4900f,WAIVER,CANCELED,1,{C1E09685-96D1-4750-BA21-8BE16D3BF7CA},0,DROP,4040761.0,Devin Singletary,1.0,0.0,2025-12-02
2025,14,28715f0f-27d3-483f-8797-e0001e3778d0,,FREEAGENT,EXECUTED,8,{00408013-39CF-40FC-8080-1339CFD0FC06},0,ADD,-16028.0,Commanders D/ST,0.0,8.0,2025-12-04
2025,14,28715f0f-27d3-483f-8797-e0001e3778d0,,FREEAGENT,EXECUTED,8,{00408013-39CF-40FC-8080-1339CFD0FC06},0,DROP,-16002.0,Bills D/ST,8.0,0.0,2025-12-04
2025,14,13584616-3c1a-4b56-997e-cf63c4c1f70c,,ROSTER,EXECUTED,4,{8242D4C8-FCD1-4A28-9373-CD282687A8E7},0,DROP,4576297.0,AJ Barner,4.0,0.0,2025-12-02
2025,14,63ea598f-e33b-4007-8841-9ac91c5c32f9,,FREEAGENT,EXECUTED,5,{77F704CF-0C76-4984-9A71-8BD39511C19F},0,ADD,4808766.0,Mason Taylor,0.0,5.0,2025-12-03
2025,14,63ea598f-e33b-4007-8841-9ac91c5c32f9,,FREEAGENT,EXECUTED,5,{77F704CF-0C76-4984-9A71-8BD39511C19F},0,DROP,4887558.0,Emanuel Wilson,5.0,0.0,2025-12-03
2025,14,2b8478b1-10ba-4fd9-b77e-a01860787f99,d504679d-36e2-4890-b6a3-46838d72e260,WAIVER,CANCELED,5,{77F704CF-0C76-4984-9A71-8BD39511C19F},0,ADD,4429096.0,Blake Corum,0.0,5.0,2025-12-05
2025,14,2b8478b1-10ba-4fd9-b77e-a01860787f99,d504679d-36e2-4890-b6a3-46838d72e260,WAIVER,CANCELED,5,{77F704CF-0C76-4984-9A71-8BD39511C19F},0,DROP,3046439.0,Hunter Henry,5.0,0.0,2025-12-05
2025,14,6cb60e89-5549-4f1a-935a-013034c15bbb,26d8be12-dfa8-4a31-b68c-57a1129275c6,WAIVER,EXECUTED,14,NightlyLeagueUpdateTaskProcessor,2,ADD,-16027.0,Buccaneers D/ST,0.0,14.0,2025-12-03
2025,14,6cb60e89-5549-4f1a-935a-013034c15bbb,26d8be12-dfa8-4a31-b68c-57a1129275c6,WAIVER,EXECUTED,14,NightlyLeagueUpdateTaskProcessor,2,DROP,-16024.0,Chargers D/ST,14.0,0.0,2025-12-03
2025,14,d57b8e7c-aa34-4093-9193-87ee5882e7c1,,FREEAGENT,EXECUTED,5,{77F704CF-0C76-4984-9A71-8BD39511C19F},0,ADD,4887558.0,Emanuel Wilson,0.0,5.0,2025-12-05
2025,14,38470bfa-02e9-4197-99ae-47b6f819195a,29eeea21-d63d-4854-aa77-d992bc8c9f67,WAIVER,CANCELED,1,{C1E09685-96D1-4750-BA21-8BE16D3BF7CA},0,ADD,-16027.0,Buccaneers D/ST,0.0,1.0,2025-12-02
2025,14,38470bfa-02e9-4197-99ae-47b6f819195a,29eeea21-d63d-4854-aa77-d992bc8c9f67,WAIVER,CANCELED,1,{C1E09685-96D1-4750-BA21-8BE16D3BF7CA},0,DROP,4040761.0,Devin Singletary,1.0,0.0,2025-12-02
2025,14,1ea841bf-49ee-47c8-87bf-59edb368d976,,FREEAGENT,EXECUTED,12,{5FCF8F43-6BFC-4593-9364-2E23B55B301D},0,ADD,2576925.0,Darren Waller,0.0,12.0,2025-12-03
2025,14,1ea841bf-49ee-47c8-87bf-59edb368d976,,FREEAGENT,EXECUTED,12,{5FCF8F43-6BFC-4593-9364-2E23B55B301D},0,DROP,4368003.0,Andrei Iosivas,12.0,0.0,2025-12-03
2025,14,514edd39-96ab-4b23-a501-c380eb072138,,FREEAGENT,EXECUTED,8,{00408013-39CF-40FC-8080-1339CFD0FC06},0,ADD,4882093.0,Bhayshul Tuten,0.0,8.0,2025-12-07
2025,14,514edd39-96ab-4b23-a501-c380eb072138,,FREEAGENT,EXECUTED,8,{00408013-39CF-40FC-8080-1339CFD0FC06},0,DROP,4038941.0,Justin Herbert,8.0,0.0,2025-12-07
2025,14,e3076f84-c604-45b4-808e-db65122dfc35,,ROSTER,EXECUTED,10,{2C8A1B87-268B-45A5-A0E5-C4A3F61C9BC2},0,DROP,-16017.0,Patriots D/ST,10.0,0.0,2025-12-02
2025,14,4faa4e07-4897-4239-87b2-533a3ee3dc22,,FREEAGENT,EXECUTED,4,{8242D4C8-FCD1-4A28-9373-CD282687A8E7},0,ADD,3051876.0,Evan Engram,0.0,4.0,2025-12-05
2025,14,03aada3c-7ba3-4912-b91f-74a49c0d8f64,334abb88-7796-49fc-bb1f-f8cf7519b202,WAIVER,FAILED_PLAYERALREADYDROPPED,3,NightlyLeagueUpdateTaskProcessor,1,ADD,4688813.0,Josh Downs,0.0,3.0,2025-12-03
2025,14,03aada3c-7ba3-4912-b91f-74a49c0d8f64,334abb88-7796-49fc-bb1f-f8cf7519b202,WAIVER,FAILED_PLAYERALREADYDROPPED,3,NightlyLeagueUpdateTaskProcessor,1,DROP,4431268.0,Chimere Dike,3.0,0.0,2025-12-03
2025,14,4eb3d516-0b20-4b33-89c6-ed694fdff731,,FREEAGENT,EXECUTED,8,{00408013-39CF-40FC-8080-1339CFD0FC06},0,ADD,4038941.0,Justin Herbert,0.0,8.0,2025-12-04
2025,14,4eb3d516-0b20-4b33-89c6-ed694fdff731,,FREEAGENT,EXECUTED,8,{00408013-39CF-40FC-8080-1339CFD0FC06},0,DROP,4432577.0,C.J. Stroud,8.0,0.0,2025-12-04
2025,14,0b2832ed-e27a-4b3e-81e8-98d5db1c006e,6a9bf3e4-d297-4bd7-829f-09496cc8df15,WAIVER,EXECUTED,14,NightlyLeagueUpdateTaskProcessor,3,ADD,4429096.0,Blake Corum,0.0,14.0,2025-12-05
2025,14,0b2832ed-e27a-4b3e-81e8-98d5db1c006e,6a9bf3e4-d297-4bd7-829f-09496cc8df15,WAIVER,EXECUTED,14,NightlyLeagueUpdateTaskProcessor,3,DROP,4429148.0,Theo Johnson,14.0,0.0,2025-12-05
2025,14,cb47e6e7-b0e4-49b5-a561-9bd13eb64810,,FREEAGENT,EXECUTED,7,{430447A7-381F-4E40-AD53-6A9C1F157A25},0,ADD,-16010.0,Titans D/ST,0.0,7.0,2025-12-03
2025,15,5c577aac-f1f6-4407-b8b0-1ed39a652f38,,FREEAGENT,EXECUTED,12,{5FCF8F43-6BFC-4593-9364-2E23B55B301D},0,ADD,3116389.0,Samaje Perine,0.0,12.0,2025-12-14
2025,15,95f77dfd-8fe8-4cb4-93a3-1081a5ac3395,5527ba27-2fe7-4b5c-a35a-d223dc8168bf,WAIVER,EXECUTED,3,NightlyLeagueUpdateTaskProcessor,1,ADD,4569603.0,Malik Washington,0.0,3.0,2025-12-10
2025,15,95f77dfd-8fe8-4cb4-93a3-1081a5ac3395,5527ba27-2fe7-4b5c-a35a-d223dc8168bf,WAIVER,EXECUTED,3,NightlyLeagueUpdateTaskProcessor,1,DROP,4569559.0,Devaughn Vele,3.0,0.0,2025-12-10
2025,15,9786ec13-a54d-4c8f-9c72-3ff25e580f58,,FREEAGENT,EXECUTED,3,{C52D799E-6C1C-44B9-8371-9B6AF857D8E8},0,ADD,4569559.0,Devaughn Vele,0.0,3.0,2025-12-14
2025,15,9786ec13-a54d-4c8f-9c72-3ff25e580f58,,FREEAGENT,EXECUTED,3,{C52D799E-6C1C-44B9-8371-9B6AF857D8E8},0,DROP,4368003.0,Andrei Iosivas,3.0,0.0,2025-12-14
2025,15,2e592562-e427-419c-97f1-73e9fd31e9e8,,FREEAGENT,EXECUTED,10,{2C8A1B87-268B-45A5-A0E5-C4A3F61C9BC2},0,ADD,-16016.0,Vikings D/ST,0.0,10.0,2025-12-10
2025,15,2e592562-e427-419c-97f1-73e9fd31e9e8,,FREEAGENT,EXECUTED,10,{2C8A1B87-268B-45A5-A0E5-C4A3F61C9BC2},0,DROP,4431268.0,Chimere Dike,10.0,0.0,2025-12-10
2025,15,5834e15e-fe31-4673-b970-8f976fd694c9,4f331770-96b7-45be-be12-5fcaa2017769,WAIVER,EXECUTED,3,NightlyLeagueUpdateTaskProcessor,1,ADD,-16002.0,Bills D/ST,0.0,3.0,2025-12-10
2025,15,5834e15e-fe31-4673-b970-8f976fd694c9,4f331770-96b7-45be-be12-5fcaa2017769,WAIVER,EXECUTED,3,NightlyLeagueUpdateTaskProcessor,1,DROP,4428718.0,Tre Tucker,3.0,0.0,2025-12-10
2025,15,74c99e2d-5871-4333-86c7-81ceb5e0b04c,,ROSTER,EXECUTED,2,{6AC115FA-3A0D-4948-8115-FA3A0DD94826},0,DROP,-16029.0,Panthers D/ST,2.0,0.0,2025-12-14
2025,15,06b7a00a-f22e-4e65-b311-2c71b44faabc,,FREEAGENT,EXECUTED,12,{5FCF8F43-6BFC-4593-9364-2E23B55B301D},0,ADD,-16025.0,49ers D/ST,0.0,12.0,2025-12-10
2025,15,06b7a00a-f22e-4e65-b311-2c71b44faabc,,FREEAGENT,EXECUTED,12,{5FCF8F43-6BFC-4593-9364-2E23B55B301D},0,DROP,4685278.0,Luther Burden III,12.0,0.0,2025-12-10
2025,15,57cf3bdf-52c8-4142-8a21-ba0fe4b4ef9c,,FREEAGENT,EXECUTED,3,{C52D799E-6C1C-44B9-8371-9B6AF857D8E8},0,ADD,4431268.0,Chimere Dike,0.0,3.0,2025-12-12
2025,15,57cf3bdf-52c8-4142-8a21-ba0fe4b4ef9c,,FREEAGENT,EXECUTED,3,{C52D799E-6C1C-44B9-8371-9B6AF857D8E8},0,DROP,4569603.0,Malik Washington,3.0,0.0,2025-12-12
2025,15,d521457c-6e14-4cd8-890f-136d72d8bf75,1d9066cc-7552-469f-9408-54e6b4e16585,WAIVER,CANCELED,3,{C52D799E-6C1C-44B9-8371-9B6AF857D8E8},0,ADD,4431268.0,Chimere Dike,0.0,3.0,2025-12-11
2025,15,d521457c-6e14-4cd8-890f-136d72d8bf75,1d9066cc-7552-469f-9408-54e6b4e16585,WAIVER,CANCELED,3,{C52D799E-6C1C-44B9-8371-9B6AF857D8E8},0,DROP,4373626.0,Tyler Allgeier,3.0,0.0,2025-12-11
2025,15,324c35ed-37b3-4ab4-a2ab-2e99d94ac055,,FREEAGENT,EXECUTED,2,{6AC115FA-3A0D-4948-8115-FA3A0DD94826},0,ADD,-16011.0,Colts D/ST,0.0,2.0,2025-12-14
2025,15,d5974481-394d-4d78-b6f0-84669912eff4,,FREEAGENT,EXECUTED,2,{6AC115FA-3A0D-4948-8115-FA3A0DD94826},0,ADD,-16029.0,Panthers D/ST,0.0,2.0,2025-12-11
2025,15,b27ad2a9-8153-405d-84d9-7fc569ea7e7f,f90ab2c5-c552-4305-8424-f4a26d5717db,WAIVER,EXECUTED,7,NightlyLeagueUpdateTaskProcessor,1,ADD,-16017.0,Patriots D/ST,0.0,7.0,2025-12-10
2025,15,b27ad2a9-8153-405d-84d9-7fc569ea7e7f,f90ab2c5-c552-4305-8424-f4a26d5717db,WAIVER,EXECUTED,7,NightlyLeagueUpdateTaskProcessor,1,DROP,-16010.0,Titans D/ST,7.0,0.0,2025-12-10
2025,15,d7154bda-24ff-49ce-bc5c-4b60fd6b2338,3b182e67-3b8f-4179-aafc-e27d38362e86,WAIVER,EXECUTED,4,NightlyLeagueUpdateTaskProcessor,4,ADD,4032473.0,Rashid Shaheed,0.0,4.0,2025-12-10
2025,15,d7154bda-24ff-49ce-bc5c-4b60fd6b2338,3b182e67-3b8f-4179-aafc-e27d38362e86,WAIVER,EXECUTED,4,NightlyLeagueUpdateTaskProcessor,4,DROP,3871102.0,David Sills V,4.0,0.0,2025-12-10
2025,15,3a4c7441-d632-4a9f-a020-12d5688bc59f,,FREEAGENT,EXECUTED,10,{2C8A1B87-268B-45A5-A0E5-C4A3F61C9BC2},0,ADD,3916945.0,Darius Slayton,0.0,10.0,2025-12-10
2025,15,3a4c7441-d632-4a9f-a020-12d5688bc59f,,FREEAGENT,EXECUTED,10,{2C8A1B87-268B-45A5-A0E5-C4A3F61C9BC2},0,DROP,4600981.0,Pat Bryant,10.0,0.0,2025-12-10
2025,15,74e273fb-635f-455d-a2c6-5dc352be4703,46c3e680-8dc0-4b6f-a028-996a89b4db21,WAIVER,CANCELED,3,{C52D799E-6C1C-44B9-8371-9B6AF857D8E8},0,ADD,4373626.0,Tyler Allgeier,0.0,3.0,2025-12-11
2025,15,74e273fb-635f-455d-a2c6-5dc352be4703,46c3e680-8dc0-4b6f-a028-996a89b4db21,WAIVER,CANCELED,3,{C52D799E-6C1C-44B9-8371-9B6AF857D8E8},0,DROP,4368003.0,Andrei Iosivas,3.0,0.0,2025-12-11
2025,15,5b2a86e3-5064-4e82-8d00-5a8673bd78bc,,FREEAGENT,EXECUTED,3,{C52D799E-6C1C-44B9-8371-9B6AF857D8E8},0,ADD,8439.0,Aaron Rodgers,0.0,3.0,2025-12-13
2025,15,5b2a86e3-5064-4e82-8d00-5a8673bd78bc,,FREEAGENT,EXECUTED,3,{C52D799E-6C1C-44B9-8371-9B6AF857D8E8},0,DROP,-16014.0,Rams D/ST,3.0,0.0,2025-12-13
2025,15,cd2647fb-cbb0-4738-acb7-2248ede9fdbd,,ROSTER,EXECUTED,12,{5FCF8F43-6BFC-4593-9364-2E23B55B301D},0,DROP,4429275.0,Trey Benson,12.0,0.0,2025-12-10
2025,15,adea6a1e-55c1-4db8-924b-cb3c1c860154,6477928b-6343-40be-8e82-40528e7ba27f,WAIVER,CANCELED,3,{C52D799E-6C1C-44B9-8371-9B6AF857D8E8},0,ADD,-16014.0,Rams D/ST,0.0,3.0,2025-12-14
2025,15,adea6a1e-55c1-4db8-924b-cb3c1c860154,6477928b-6343-40be-8e82-40528e7ba27f,WAIVER,CANCELED,3,{C52D799E-6C1C-44B9-8371-9B6AF857D8E8},0,DROP,-16002.0,Bills D/ST,3.0,0.0,2025-12-14
2025,15,f2097bd5-3321-4ee3-8bfc-bcd8d1d35b43,,FREEAGENT,EXECUTED,10,{2C8A1B87-268B-45A5-A0E5-C4A3F61C9BC2},0,ADD,4242557.0,Colby Parkinson,0.0,10.0,2025-12-10
2025,15,c1bd9be1-c7bb-45a7-9002-8d48f4d7c18e,,ROSTER,EXECUTED,2,{6AC115FA-3A0D-4948-8115-FA3A0DD94826},0,DROP,3917792.0,Daniel Jones,2.0,0.0,2025-12-11
2025,15,06518743-5400-4934-b635-a19bfe75c56d,9e763b4b-407b-46eb-bc09-cac2e4451d7a,WAIVER,CANCELED,3,{C52D799E-6C1C-44B9-8371-9B6AF857D8E8},0,ADD,4038941.0,Justin Herbert,0.0,3.0,2025-12-10
2025,15,06518743-5400-4934-b635-a19bfe75c56d,9e763b4b-407b-46eb-bc09-cac2e4451d7a,WAIVER,CANCELED,3,{C52D799E-6C1C-44B9-8371-9B6AF857D8E8},0,DROP,4428718.0,Tre Tucker,3.0,0.0,2025-12-10
2025,15,2a48be65-0737-4cfe-978c-61a295bda730,,ROSTER,EXECUTED,2,{6AC115FA-3A0D-4948-8115-FA3A0DD94826},0,DROP,-16011.0,Colts D/ST,2.0,0.0,2025-12-11
2025,15,a1584306-a159-4f10-97b2-9da8e586f0f1,,FREEAGENT,EXECUTED,3,{C52D799E-6C1C-44B9-8371-9B6AF857D8E8},1,ADD,4368003.0,Andrei Iosivas,0.0,3.0,2025-12-11
2025,15,a1584306-a159-4f10-97b2-9da8e586f0f1,,FREEAGENT,EXECUTED,3,{C52D799E-6C1C-44B9-8371-9B6AF857D8E8},1,DROP,4373626.0,Tyler Allgeier,3.0,0.0,2025-12-11
2025,15,b2e3c203-e63e-4de4-9124-095056283099,,FREEAGENT,EXECUTED,10,{2C8A1B87-268B-45A5-A0E5-C4A3F61C9BC2},0,ADD,4685720.0,Bryce Young,0.0,10.0,2025-12-10
2025,15,b2e3c203-e63e-4de4-9124-095056283099,,FREEAGENT,EXECUTED,10,{2C8A1B87-268B-45A5-A0E5-C4A3F61C9BC2},0,DROP,4360310.0,Trevor Lawrence,10.0,0.0,2025-12-10
2025,15,1edcc3c4-8ac3-45fb-a2b5-a9a230f3dfa8,d994795a-3c78-4e06-9a47-b7964b9d4f56,WAIVER,EXECUTED,3,NightlyLeagueUpdateTaskProcessor,10,ADD,4682745.0,Jaylen Wright,0.0,3.0,2025-12-10
2025,15,1edcc3c4-8ac3-45fb-a2b5-a9a230f3dfa8,d994795a-3c78-4e06-9a47-b7964b9d4f56,WAIVER,EXECUTED,3,NightlyLeagueUpdateTaskProcessor,10,DROP,3915416.0,DJ Moore,3.0,0.0,2025-12-10
2025,15,932bf693-b6b9-47f0-b5bb-727fae0746f9,,ROSTER,EXECUTED,10,{2C8A1B87-268B-45A5-A0E5-C4A3F61C9BC2},0,DROP,3930086.0,Dawson Knox,10.0,0.0,2025-12-09
2025,15,1284bb06-2d0a-4f9b-b16a-567fb9a021a5,ae900694-3422-49c5-8563-dbfd66825746,WAIVER,EXECUTED,4,NightlyLeagueUpdateTaskProcessor,4,ADD,4429148.0,Theo Johnson,0.0,4.0,2025-12-10
2025,15,1284bb06-2d0a-4f9b-b16a-567fb9a021a5,ae900694-3422-49c5-8563-dbfd66825746,WAIVER,EXECUTED,4,NightlyLeagueUpdateTaskProcessor,4,DROP,3051876.0,Evan Engram,4.0,0.0,2025-12-10
2025,15,4f9935b7-bbed-420c-bbde-3e4fc8e3e435,,FREEAGENT,EXECUTED,10,{2C8A1B87-268B-45A5-A0E5-C4A3F61C9BC2},0,ADD,4241474.0,Brian Robinson Jr.,0.0,10.0,2025-12-13
2025,15,4f9935b7-bbed-420c-bbde-3e4fc8e3e435,,FREEAGENT,EXECUTED,10,{2C8A1B87-268B-45A5-A0E5-C4A3F61C9BC2},0,DROP,4685720.0,Bryce Young,10.0,0.0,2025-12-13
2025,16,45f6f5dd-db6b-4202-9f6b-2db69e1b795e,c7e960fe-b8af-4cb4-b99c-03317f65fc3a,WAIVER,FAILED_AUCTIONBUDGETEXCEEDED,3,NightlyLeagueUpdateTaskProcessor,1,ADD,4695883.0,Jalen Coker,0.0,3.0,2025-12-17
2025,16,45f6f5dd-db6b-4202-9f6b-2db69e1b795e,c7e960fe-b8af-4cb4-b99c-03317f65fc3a,WAIVER,FAILED_AUCTIONBUDGETEXCEEDED,3,NightlyLeagueUpdateTaskProcessor,1,DROP,4569559.0,Devaughn Vele,3.0,0.0,2025-12-17
2025,16,193dfb3d-5729-4d63-a1c1-49ba514e593f,,FREEAGENT,EXECUTED,3,{C52D799E-6C1C-44B9-8371-9B6AF857D8E8},0,ADD,4373626.0,Tyler Allgeier,0.0,3.0,2025-12-18
2025,16,15369ed3-5916-442f-91e0-bc2fe32d1278,4f7ca4ee-4361-401a-aa23-5bf0058815cc,WAIVER,CANCELED,3,{C52D799E-6C1C-44B9-8371-9B6AF857D8E8},0,ADD,4240657.0,Michael Carter,0.0,3.0,2025-12-16
2025,16,15369ed3-5916-442f-91e0-bc2fe32d1278,4f7ca4ee-4361-401a-aa23-5bf0058815cc,WAIVER,CANCELED,3,{C52D799E-6C1C-44B9-8371-9B6AF857D8E8},0,DROP,8439.0,Aaron Rodgers,3.0,0.0,2025-12-16
2025,16,3517d739-3500-4bed-a0ec-4b08184bcdf1,5dc8e503-6e06-4955-8458-b7a9f29c060d,WAIVER,EXECUTED,3,NightlyLeagueUpdateTaskProcessor,14,ADD,4240657.0,Michael Carter,0.0,3.0,2025-12-17
2025,16,3517d739-3500-4bed-a0ec-4b08184bcdf1,5dc8e503-6e06-4955-8458-b7a9f29c060d,WAIVER,EXECUTED,3,NightlyLeagueUpdateTaskProcessor,14,DROP,8439.0,Aaron Rodgers,3.0,0.0,2025-12-17
2025,16,527d7ac9-5134-41d9-bdb0-bd53e5ee06cc,aaf49265-1c8e-4617-8cb7-3431d5c68d00,WAIVER,FAILED_INVALIDPLAYERSOURCE,4,NightlyLeagueUpdateTaskProcessor,2,ADD,3915416.0,DJ Moore,0.0,4.0,2025-12-17
2025,16,527d7ac9-5134-41d9-bdb0-bd53e5ee06cc,aaf49265-1c8e-4617-8cb7-3431d5c68d00,WAIVER,FAILED_INVALIDPLAYERSOURCE,4,NightlyLeagueUpdateTaskProcessor,2,DROP,4032473.0,Rashid Shaheed,4.0,0.0,2025-12-17
2025,16,a4c87927-d4b1-493d-b81a-315e556fb6a5,abcd06be-7ea1-44c3-8a86-4f47cd02e4dc,WAIVER,CANCELED,3,{C52D799E-6C1C-44B9-8371-9B6AF857D8E8},0,ADD,3915416.0,DJ Moore,0.0,3.0,2025-12-16
2025,16,a4c87927-d4b1-493d-b81a-315e556fb6a5,abcd06be-7ea1-44c3-8a86-4f47cd02e4dc,WAIVER,CANCELED,3,{C52D799E-6C1C-44B9-8371-9B6AF857D8E8},0,DROP,8439.0,Aaron Rodgers,3.0,0.0,2025-12-16
2025,16,eda1054c-d8ff-4be4-abe9-0f4158d0d76e,,ROSTER,EXECUTED,3,{C52D799E-6C1C-44B9-8371-9B6AF857D8E8},0,DROP,4685278.0,Luther Burden III,3.0,0.0,2025-12-18
2025,16,bf7c06ab-ffff-4799-b08c-5868672904c8,02285e3e-29fa-47ea-916f-78c549198e4f,WAIVER,FAILED_INVALIDPLAYERSOURCE,7,NightlyLeagueUpdateTaskProcessor,6,ADD,4240657.0,Michael Carter,0.0,7.0,2025-12-17
2025,16,bf7c06ab-ffff-4799-b08c-5868672904c8,02285e3e-29fa-47ea-916f-78c549198e4f,WAIVER,FAILED_INVALIDPLAYERSOURCE,7,NightlyLeagueUpdateTaskProcessor,6,DROP,4361050.0,Isaiah Likely,7.0,0.0,2025-12-17
2025,16,8b180018-0a35-4db8-9c4c-7e9b80ff3ffc,,FREEAGENT,EXECUTED,7,{430447A7-381F-4E40-AD53-6A9C1F157A25},0,ADD,4695883.0,Jalen Coker,0.0,7.0,2025-12-17
2025,16,8b180018-0a35-4db8-9c4c-7e9b80ff3ffc,,FREEAGENT,EXECUTED,7,{430447A7-381F-4E40-AD53-6A9C1F157A25},0,DROP,4361050.0,Isaiah Likely,7.0,0.0,2025-12-17
2025,16,cdb742bd-9f93-4679-a92a-e5558aaa7f0b,41e40f31-81ff-46a8-a5c5-694c4408175d,WAIVER,EXECUTED,3,NightlyLeagueUpdateTaskProcessor,5,ADD,3915416.0,DJ Moore,0.0,3.0,2025-12-17
2025,16,cdb742bd-9f93-4679-a92a-e5558aaa7f0b,41e40f31-81ff-46a8-a5c5-694c4408175d,WAIVER,EXECUTED,3,NightlyLeagueUpdateTaskProcessor,5,DROP,4569559.0,Devaughn Vele,3.0,0.0,2025-12-17
2025,16,78fd7dca-86e8-4d2e-bf39-8b53759b533a,c79f78a0-e431-4f88-ba75-ba957a69ab24,WAIVER,EXECUTED,3,NightlyLeagueUpdateTaskProcessor,3,ADD,4685278.0,Luther Burden III,0.0,3.0,2025-12-17
2025,16,78fd7dca-86e8-4d2e-bf39-8b53759b533a,c79f78a0-e431-4f88-ba75-ba957a69ab24,WAIVER,EXECUTED,3,NightlyLeagueUpdateTaskProcessor,3,DROP,4682745.0,Jaylen Wright,3.0,0.0,2025-12-17
2025,16,bbfb90a1-0373-4d50-b1c9-e1bfafdfe57a,bf40ca44-fabb-4e87-9804-26a11c6c9605,WAIVER,FAILED_AUCTIONBUDGETEXCEEDED,3,NightlyLeagueUpdateTaskProcessor,1,ADD,4373626.0,Tyler Allgeier,0.0,3.0,2025-12-17
2025,16,bbfb90a1-0373-4d50-b1c9-e1bfafdfe57a,bf40ca44-fabb-4e87-9804-26a11c6c9605,WAIVER,FAILED_AUCTIONBUDGETEXCEEDED,3,NightlyLeagueUpdateTaskProcessor,1,DROP,4569559.0,Devaughn Vele,3.0,0.0,2025-12-17
2025,16,dfa122e1-cd5b-4c03-9d22-c16b076e08d1,dcb8d2af-7e73-480d-88db-35a8c1ca3a3a,WAIVER,CANCELED,3,{C52D799E-6C1C-44B9-8371-9B6AF857D8E8},0,ADD,3915416.0,DJ Moore,0.0,3.0,2025-12-16
2025,16,dfa122e1-cd5b-4c03-9d22-c16b076e08d1,dcb8d2af-7e73-480d-88db-35a8c1ca3a3a,WAIVER,CANCELED,3,{C52D799E-6C1C-44B9-8371-9B6AF857D8E8},0,DROP,4569559.0,Devaughn Vele,3.0,0.0,2025-12-16
2025,16,bff24cc2-fbde-4716-b8d9-587f73cd023a,,FREEAGENT,EXECUTED,3,{C52D799E-6C1C-44B9-8371-9B6AF857D8E8},0,ADD,4432577.0,C.J. Stroud,0.0,3.0,2025-12-18
2025,16,bff24cc2-fbde-4716-b8d9-587f73cd023a,,FREEAGENT,EXECUTED,3,{C52D799E-6C1C-44B9-8371-9B6AF857D8E8},0,DROP,4431268.0,Chimere Dike,3.0,0.0,2025-12-18
2025,17,1d8929d0-1b73-40d1-bc9e-8f877476bf27,,FREEAGENT,EXECUTED,6,{FE8F6865-8A47-4C3A-8D66-0780982B48DD},0,ADD,-16014.0,Rams D/ST,0.0,6.0,2025-12-24
2025,17,1d8929d0-1b73-40d1-bc9e-8f877476bf27,,FREEAGENT,EXECUTED,6,{FE8F6865-8A47-4C3A-8D66-0780982B48DD},0,DROP,4426348.0,Jayden Daniels,6.0,0.0,2025-12-24
2025,17,77dcfbf5-f163-431f-a1de-2358ed7ba4fc,,FREEAGENT,EXECUTED,4,{8242D4C8-FCD1-4A28-9373-CD282687A8E7},0,ADD,4696981.0,Cam Skattebo,0.0,4.0,2025-12-28
2025,17,77dcfbf5-f163-431f-a1de-2358ed7ba4fc,,FREEAGENT,EXECUTED,4,{8242D4C8-FCD1-4A28-9373-CD282687A8E7},0,DROP,4385690.0,Dalton Kincaid,4.0,0.0,2025-12-28
2025,17,728aa5f6-6531-4a21-8e51-de697bdc7a19,,FREEAGENT,EXECUTED,4,{8242D4C8-FCD1-4A28-9373-CD282687A8E7},0,ADD,4685278.0,Luther Burden III,0.0,4.0,2025-12-27
2025,17,728aa5f6-6531-4a21-8e51-de697bdc7a19,,FREEAGENT,EXECUTED,4,{8242D4C8-FCD1-4A28-9373-CD282687A8E7},0,DROP,4429148.0,Theo Johnson,4.0,0.0,2025-12-27
2025,17,0c1487c8-9ced-4ded-b711-4a89da74d42e,514bf79e-2a66-4758-8919-e6594f253b36,WAIVER,EXECUTED,4,NightlyLeagueUpdateTaskProcessor,3,ADD,4360310.0,Trevor Lawrence,0.0,4.0,2025-12-24
2025,17,0c1487c8-9ced-4ded-b711-4a89da74d42e,514bf79e-2a66-4758-8919-e6594f253b36,WAIVER,EXECUTED,4,NightlyLeagueUpdateTaskProcessor,3,DROP,3059915.0,Kareem Hunt,4.0,0.0,2025-12-24
2025,17,7c8758d7-804c-475b-8790-42f90df08ea4,,FREEAGENT,EXECUTED,4,{8242D4C8-FCD1-4A28-9373-CD282687A8E7},0,ADD,2977187.0,Cooper Kupp,0.0,4.0,2025-12-28
