season,week,transaction_id,related_transaction_id,transaction_type,status,espn_team_id,member_id,bid_amount,item_type,player_id,player_name,from_team_id,to_team_id,date
2022,1,721db251-4d4a-41a8-abcc-8967055b66fc,,ROSTER,EXECUTED,7,{430447A7-381F-4E40-AD53-6A9C1F157A25},0,DROP,3051926.0,Gus Edwards,7.0,0.0,2022-09-11
2022,1,76d7667b-b363-40f9-ab2e-a729ca50cca6,,FREEAGENT,EXECUTED,14,{C2BAB8A3-9ED5-425C-BAB8-A39ED5B25CC2},0,ADD,13981.0,Mark Ingram II,0.0,14.0,2022-09-08
2022,1,76d7667b-b363-40f9-ab2e-a729ca50cca6,,FREEAGENT,EXECUTED,14,{C2BAB8A3-9ED5-425C-BAB8-A39ED5B25CC2},0,DROP,2577417.0,Dak Prescott,14.0,0.0,2022-09-08
2022,1,3af1caf9-4fc7-4339-8bc8-c74c8ca95b2f,98552654-56c9-4f5e-b253-8cceca606333,WAIVER,CANCELED,1,{C1E09685-96D1-4750-BA21-8BE16D3BF7CA},0,ADD,-16007.0,Broncos D/ST,0.0,1.0,2022-09-07
2022,1,3af1caf9-4fc7-4339-8bc8-c74c8ca95b2f,98552654-56c9-4f5e-b253-8cceca606333,WAIVER,CANCELED,1,{C1E09685-96D1-4750-BA21-8BE16D3BF7CA},0,DROP,4035004.0,Mecole Hardman,1.0,0.0,2022-09-07
2022,1,d6e73f60-0b4e-4623-bc18-5fc4db313524,,FREEAGENT,EXECUTED,5,{77F704CF-0C76-4984-9A71-8BD39511C19F},0,ADD,-16021.0,Eagles D/ST,0.0,5.0,2022-09-08
2022,1,d6e73f60-0b4e-4623-bc18-5fc4db313524,,FREEAGENT,EXECUTED,5,{77F704CF-0C76-4984-9A71-8BD39511C19F},0,DROP,-16024.0,Chargers D/ST,5.0,0.0,2022-09-08
2022,1,f9ce8705-b415-4562-a2be-053b1743064d,,FREEAGENT,EXECUTED,7,{430447A7-381F-4E40-AD53-6A9C1F157A25},0,ADD,3128724.0,Isaiah McKenzie,0.0,7.0,2022-09-08
2022,1,f9ce8705-b415-4562-a2be-053b1743064d,,FREEAGENT,EXECUTED,7,{430447A7-381F-4E40-AD53-6A9C1F157A25},0,DROP,2974858.0,Kenny Golladay,7.0,0.0,2022-09-08
2022,1,19cfff12-343b-4a53-b187-050363f986fb,2271bf81-e04f-44fb-a70e-67da614a9058,WAIVER,EXECUTED,13,NightlyLeagueUpdateTaskProcessor,1,ADD,4697815.0,Rachaad White,0.0,13.0,2022-09-08
2022,1,36935353-50c4-4957-81a3-4e90166c2453,,FREEAGENT,EXECUTED,14,{C2BAB8A3-9ED5-425C-BAB8-A39ED5B25CC2},0,ADD,4569587.0,Wan'Dale Robinson,0.0,14.0,2022-09-08
2022,1,36935353-50c4-4957-81a3-4e90166c2453,,FREEAGENT,EXECUTED,14,{C2BAB8A3-9ED5-425C-BAB8-A39ED5B25CC2},0,DROP,16757.0,Derek Carr,14.0,0.0,2022-09-08
2022,1,45799e83-d0e4-431c-849e-d0065cc85d60,,FREEAGENT,EXECUTED,7,{430447A7-381F-4E40-AD53-6A9C1F157A25},0,ADD,2974858.0,Kenny Golladay,0.0,7.0,2022-09-08
2022,1,c68d1353-6e9f-4a7b-a17e-5976cfcb2dd3,ff225c9c-29cc-4c7b-9df8-37a4748d9c88,WAIVER,EXECUTED,5,NightlyLeagueUpdateTaskProcessor,5,ADD,2577417.0,Dak Prescott,0.0,5.0,2022-09-10
2022,1,c68d1353-6e9f-4a7b-a17e-5976cfcb2dd3,ff225c9c-29cc-4c7b-9df8-37a4748d9c88,WAIVER,EXECUTED,5,NightlyLeagueUpdateTaskProcessor,5,DROP,2576623.0,DeVante Parker,5.0,0.0,2022-09-10
2022,1,c7948d95-679d-49a8-b766-1fddf2a8c51d,,FREEAGENT,EXECUTED,14,{C2BAB8A3-9ED5-425C-BAB8-A39ED5B25CC2},0,ADD,2974858.0,Kenny Golladay,0.0,14.0,2022-09-08
2022,1,c7948d95-679d-49a8-b766-1fddf2a8c51d,,FREEAGENT,EXECUTED,14,{C2BAB8A3-9ED5-425C-BAB8-A39ED5B25CC2},0,DROP,13981.0,Mark Ingram II,14.0,0.0,2022-09-08
2022,1,f961824e-a912-442f-b53a-6c7ef663496a,,FREEAGENT,EXECUTED,3,{C52D799E-6C1C-44B9-8371-9B6AF857D8E8},0,ADD,2969939.0,Jameis Winston,0.0,3.0,2022-09-11
2022,1,2cbbd194-eeea-4305-b932-545c14fe062a,,FREEAGENT,EXECUTED,1,{C1E09685-96D1-4750-BA21-8BE16D3BF7CA},0,ADD,13983.0,A.J. Green,0.0,1.0,2022-09-10
2022,1,2cbbd194-eeea-4305-b932-545c14fe062a,,FREEAGENT,EXECUTED,1,{C1E09685-96D1-4750-BA21-8BE16D3BF7CA},0,DROP,4035004.0,Mecole Hardman,1.0,0.0,2022-09-10
2022,1,a4dac9e3-cfe4-4ad3-9b53-a1f73a3b0ce7,,FREEAGENT,EXECUTED,13,{85A6A0E4-D846-4046-B7F8-487FAD9165E0},0,ADD,-16007.0,Broncos D/ST,0.0,13.0,2022-09-08
2022,1,a4dac9e3-cfe4-4ad3-9b53-a1f73a3b0ce7,,FREEAGENT,EXECUTED,13,{85A6A0E4-D846-4046-B7F8-487FAD9165E0},0,DROP,-16015.0,Dolphins D/ST,13.0,0.0,2022-09-08
2022,1,e5dd5af4-141c-42a3-a6f0-13f381fa7b29,79b9ce81-6a0f-4c9c-8bb0-a4031fbea026,WAIVER,CANCELED,7,{430447A7-381F-4E40-AD53-6A9C1F157A25},0,ADD,3128724.0,Isaiah McKenzie,0.0,7.0,2022-09-07
2022,1,c4cfe60f-4e03-4379-af8c-560c435f5e31,,FREEAGENT,EXECUTED,14,{C2BAB8A3-9ED5-425C-BAB8-A39ED5B25CC2},0,ADD,-16010.0,Titans D/ST,0.0,14.0,2022-09-08
2022,1,c4cfe60f-4e03-4379-af8c-560c435f5e31,,FREEAGENT,EXECUTED,14,{C2BAB8A3-9ED5-425C-BAB8-A39ED5B25CC2},0,DROP,-16023.0,Steelers D/ST,14.0,0.0,2022-09-08
2022,1,d3088971-93e2-4c86-8490-e8a9d2015949,f4d16ddd-019e-4676-8fe4-33e78fa8efc0,WAIVER,EXECUTED,12,NightlyLeagueUpdateTaskProcessor,1,ADD,-16004.0,Bengals D/ST,0.0,12.0,2022-09-08
2022,1,ee64149a-3b4f-4dc5-8d83-d76fcd2bc73a,dede898e-ec9c-4f27-afe6-8ab1b5dde001,WAIVER,EXECUTED,1,NightlyLeagueUpdateTaskProcessor,1,ADD,3043275.0,Austin Hooper,0.0,1.0,2022-09-08
2022,1,ee64149a-3b4f-4dc5-8d83-d76fcd2bc73a,dede898e-ec9c-4f27-afe6-8ab1b5dde001,WAIVER,EXECUTED,1,NightlyLeagueUpdateTaskProcessor,1,DROP,16782.0,Jerick McKinnon,1.0,0.0,2022-09-08
2022,2,b8e1852d-9d4a-41d2-ad55-ad73697a1d83,,FREEAGENT,EXECUTED,12,{91D28B99-9234-408F-ACE7-32AEC03EE9E2},0,ADD,4035004.0,Mecole Hardman,0.0,12.0,2022-09-14
2022,2,b8e1852d-9d4a-41d2-ad55-ad73697a1d83,,FREEAGENT,EXECUTED,12,{91D28B99-9234-408F-ACE7-32AEC03EE9E2},0,DROP,4379399.0,James Cook,12.0,0.0,2022-09-14
2022,2,6353c77a-ff28-43fa-b72a-6507b5cec12f,,FREEAGENT,EXECUTED,7,{430447A7-381F-4E40-AD53-6A9C1F157A25},0,ADD,3918639.0,Gerald Everett,0.0,7.0,2022-09-14
2022,2,6353c77a-ff28-43fa-b72a-6507b5cec12f,,FREEAGENT,EXECUTED,7,{430447A7-381F-4E40-AD53-6A9C1F157A25},0,DROP,3128724.0,Isaiah McKenzie,7.0,0.0,2022-09-14
2022,2,975e151d-5574-4cda-b948-a77ced5ddcff,,FREEAGENT,EXECUTED,13,{85A6A0E4-D846-4046-B7F8-487FAD9165E0},0,ADD,4361370.0,Chris Olave,0.0,13.0,2022-09-18
2022,2,975e151d-5574-4cda-b948-a77ced5ddcff,,FREEAGENT,EXECUTED,13,{85A6A0E4-D846-4046-B7F8-487FAD9165E0},0,DROP,4361432.0,Romeo Doubs,13.0,0.0,2022-09-18
2022,2,b861b801-519b-443e-9978-0e7666709140,,TRADE_PROPOSAL,PENDING,10,{2C8A1B87-268B-45A5-A0E5-C4A3F61C9BC2},0,TRADE,3059915.0,Kareem Hunt,10.0,14.0,2022-09-17
2022,2,b861b801-519b-443e-9978-0e7666709140,,TRADE_PROPOSAL,PENDING,10,{2C8A1B87-268B-45A5-A0E5-C4A3F61C9BC2},0,TRADE,3932905.0,Diontae Johnson,10.0,14.0,2022-09-17
2022,2,b861b801-519b-443e-9978-0e7666709140,,TRADE_PROPOSAL,PENDING,10,{2C8A1B87-268B-45A5-A0E5-C4A3F61C9BC2},0,TRADE,16800.0,Davante Adams,14.0,10.0,2022-09-17
2022,2,b861b801-519b-443e-9978-0e7666709140,,TRADE_PROPOSAL,PENDING,10,{2C8A1B87-268B-45A5-A0E5-C4A3F61C9BC2},0,TRADE,4426502.0,Drake London,14.0,10.0,2022-09-17
2022,2,3c0e9a6b-6338-454e-a6f7-fcffa9cf9dd6,cbae9210-ade4-4bac-ac20-0c0a63ded61c,WAIVER,FAILED_INVALIDPLAYERSOURCE,14,NightlyLeagueUpdateTaskProcessor,8,ADD,3121427.0,Curtis Samuel,0.0,14.0,2022-09-14
2022,2,3c0e9a6b-6338-454e-a6f7-fcffa9cf9dd6,cbae9210-ade4-4bac-ac20-0c0a63ded61c,WAIVER,FAILED_INVALIDPLAYERSOURCE,14,NightlyLeagueUpdateTaskProcessor,8,DROP,2974858.0,Kenny Golladay,14.0,0.0,2022-09-14
2022,2,164919a2-820f-4a07-8a4d-8377fc91b3cb,,FREEAGENT,EXECUTED,4,{8242D4C8-FCD1-4A28-9373-CD282687A8E7},0,ADD,2979843.0,Kenyan Drake,0.0,4.0,2022-09-15
2022,2,164919a2-820f-4a07-8a4d-8377fc91b3cb,,FREEAGENT,EXECUTED,4,{8242D4C8-FCD1-4A28-9373-CD282687A8E7},0,DROP,3025433.0,Mike Davis,4.0,0.0,2022-09-15
2022,2,8e8d29af-46df-418b-8e66-775676652e3d,,FREEAGENT,EXECUTED,7,{430447A7-381F-4E40-AD53-6A9C1F157A25},0,ADD,-16014.0,Rams D/ST,0.0,7.0,2022-09-14
2022,2,8e8d29af-46df-418b-8e66-775676652e3d,,FREEAGENT,EXECUTED,7,{430447A7-381F-4E40-AD53-6A9C1F157A25},0,DROP,-16011.0,Colts D/ST,7.0,0.0,2022-09-14
2022,2,70648487-49e2-47cf-8347-4c286d8da382,a018ee1b-51a6-4d4a-96bc-712f8fcfce2c,WAIVER,FAILED_INVALIDPLAYERSOURCE,3,NightlyLeagueUpdateTaskProcessor,5,ADD,3122976.0,Jeff Wilson Jr.,0.0,3.0,2022-09-14
2022,2,70648487-49e2-47cf-8347-4c286d8da382,a018ee1b-51a6-4d4a-96bc-712f8fcfce2c,WAIVER,FAILED_INVALIDPLAYERSOURCE,3,NightlyLeagueUpdateTaskProcessor,5,DROP,4362887.0,Justin Fields,3.0,0.0,2022-09-14
2022,2,deed6a9c-c465-4eb0-9c88-e463bb68874f,b82c8d59-e08d-4f47-ba4a-fc3fc81f7cfe,TRADE_PROPOSAL,CANCELED,10,TradeTaskProcessor,0,TRADE,3930086.0,Dawson Knox,10.0,4.0,2022-09-16
2022,2,deed6a9c-c465-4eb0-9c88-e463bb68874f,b82c8d59-e08d-4f47-ba4a-fc3fc81f7cfe,TRADE_PROPOSAL,CANCELED,10,TradeTaskProcessor,0,TRADE,3128390.0,Allen Lazard,4.0,10.0,2022-09-16
2022,2,8213ad9b-7191-4951-86b7-319299bbd944,,FREEAGENT,EXECUTED,5,{77F704CF-0C76-4984-9A71-8BD39511C19F},0,ADD,2573401.0,Tyler Higbee,0.0,5.0,2022-09-14
2022,2,8213ad9b-7191-4951-86b7-319299bbd944,,FREEAGENT,EXECUTED,5,{77F704CF-0C76-4984-9A71-8BD39511C19F},0,DROP,4258595.0,Cole Kmet,5.0,0.0,2022-09-14
2022,2,f186eacc-685e-43db-a4c1-f36bac4a282b,,FREEAGENT,EXECUTED,14,{C2BAB8A3-9ED5-425C-BAB8-A39ED5B25CC2},0,ADD,3059722.0,Zay Jones,0.0,14.0,2022-09-16
2022,2,fe5503da-fc60-43aa-bb31-4c53b6572174,f904595a-a8ac-4a1c-880d-8211ccf3f52a,WAIVER,EXECUTED,13,NightlyLeagueUpdateTaskProcessor,6,ADD,8439.0,Aaron Rodgers,0.0,13.0,2022-09-15
2022,2,fe5503da-fc60-43aa-bb31-4c53b6572174,f904595a-a8ac-4a1c-880d-8211ccf3f52a,WAIVER,EXECUTED,13,NightlyLeagueUpdateTaskProcessor,6,DROP,4426475.0,Tyrion Davis-Price,13.0,0.0,2022-09-15
2022,2,b82c8d59-e08d-4f47-ba4a-fc3fc81f7cfe,,TRADE_PROPOSAL,PENDING,10,{2C8A1B87-268B-45A5-A0E5-C4A3F61C9BC2},0,TRADE,3930086.0,Dawson Knox,10.0,4.0,2022-09-14
2022,2,b82c8d59-e08d-4f47-ba4a-fc3fc81f7cfe,,TRADE_PROPOSAL,PENDING,10,{2C8A1B87-268B-45A5-A0E5-C4A3F61C9BC2},0,TRADE,3128390.0,Allen Lazard,4.0,10.0,2022-09-14
2022,2,5c762ad9-c8d8-4b62-851b-92e6ade60da6,,FREEAGENT,EXECUTED,10,{2C8A1B87-268B-45A5-A0E5-C4A3F61C9BC2},0,ADD,4035115.0,Albert Okwuegbunam,0.0,10.0,2022-09-14
2022,2,5c762ad9-c8d8-4b62-851b-92e6ade60da6,,FREEAGENT,EXECUTED,10,{2C8A1B87-268B-45A5-A0E5-C4A3F61C9BC2},0,DROP,4373626.0,Tyler Allgeier,10.0,0.0,2022-09-14
2022,2,2ccec225-e716-4f31-be8b-48d6ca89354a,,ROSTER,EXECUTED,12,{91D28B99-9234-408F-ACE7-32AEC03EE9E2},0,DROP,-16006.0,Cowboys D/ST,12.0,0.0,2022-09-13
2022,2,4d9d3f38-240d-4508-9dbb-2a368b771ef1,7689e1e2-6a17-49f0-bdf1-5f06f74a81a7,WAIVER,EXECUTED,6,NightlyLeagueUpdateTaskProcessor,12,ADD,15971.0,Rex Burkhead,0.0,6.0,2022-09-14
2022,2,4d9d3f38-240d-4508-9dbb-2a368b771ef1,7689e1e2-6a17-49f0-bdf1-5f06f74a81a7,WAIVER,EXECUTED,6,NightlyLeagueUpdateTaskProcessor,12,DROP,4036131.0,Noah Fant,6.0,0.0,2022-09-14
2022,2,b5eeec0b-336b-486e-99f4-fdb4c3c949c9,ed2ffbb2-c51a-4726-b453-a313509bac58,WAIVER,FAILED_INVALIDPLAYERSOURCE,7,NightlyLeagueUpdateTaskProcessor,8,ADD,15971.0,Rex Burkhead,0.0,7.0,2022-09-14
2022,2,b5eeec0b-336b-486e-99f4-fdb4c3c949c9,ed2ffbb2-c51a-4726-b453-a313509bac58,WAIVER,FAILED_INVALIDPLAYERSOURCE,7,NightlyLeagueUpdateTaskProcessor,8,DROP,3128724.0,Isaiah McKenzie,7.0,0.0,2022-09-14
2022,2,ea78480f-e85b-4ef9-88e0-935bd29063dd,1b77a92b-d127-483b-9cf4-13d4dead6fce,TRADE_PROPOSAL,CANCELED,10,{EC970810-E14F-4307-8FA6-3BAE92CC1B4E},0,TRADE,3116365.0,Mark Andrews,2.0,10.0,2022-09-19
2022,2,ea78480f-e85b-4ef9-88e0-935bd29063dd,1b77a92b-d127-483b-9cf4-13d4dead6fce,TRADE_PROPOSAL,CANCELED,10,{EC970810-E14F-4307-8FA6-3BAE92CC1B4E},0,TRADE,3059915.0,Kareem Hunt,10.0,2.0,2022-09-19
2022,2,47a9956b-2407-4202-be21-7044aa5d29d9,84253c19-3165-47ad-9ac7-cbd863d96725,WAIVER,FAILED_INVALIDPLAYERSOURCE,3,NightlyLeagueUpdateTaskProcessor,2,ADD,15971.0,Rex Burkhead,0.0,3.0,2022-09-14
2022,2,47a9956b-2407-4202-be21-7044aa5d29d9,84253c19-3165-47ad-9ac7-cbd863d96725,WAIVER,FAILED_INVALIDPLAYERSOURCE,3,NightlyLeagueUpdateTaskProcessor,2,DROP,2969939.0,Jameis Winston,3.0,0.0,2022-09-14
2022,2,280f3f0c-5587-4af1-9d4b-2616a2ad86b6,,ROSTER,EXECUTED,5,{77F704CF-0C76-4984-9A71-8BD39511C19F},0,DROP,2577417.0,Dak Prescott,5.0,0.0,2022-09-13
2022,2,8e12eb23-1524-417a-8a22-98f6240eef9e,,FREEAGENT,EXECUTED,10,{2C8A1B87-268B-45A5-A0E5-C4A3F61C9BC2},0,ADD,4037235.0,Greg Dortch,0.0,10.0,2022-09-17
2022,2,8e12eb23-1524-417a-8a22-98f6240eef9e,,FREEAGENT,EXECUTED,10,{2C8A1B87-268B-45A5-A0E5-C4A3F61C9BC2},0,DROP,3916566.0,K.J. Osborn,10.0,0.0,2022-09-17
2022,2,7c886689-9232-4c0a-afce-619a76d8f185,75be2f45-308f-4615-bae5-2dc53b886850,WAIVER,EXECUTED,5,NightlyLeagueUpdateTaskProcessor,11,ADD,3121427.0,Curtis Samuel,0.0,5.0,2022-09-14
2022,2,ca8c56d8-efd8-4431-9564-aaf328f9d69b,,ROSTER,EXECUTED,3,{C52D799E-6C1C-44B9-8371-9B6AF857D8E8},0,DROP,4362887.0,Justin Fields,3.0,0.0,2022-09-17
2022,2,78991f70-bfa4-4031-9bea-f2c15e734b72,cb46aa8f-bd76-4f5d-a017-e7fc173975ab,WAIVER,EXECUTED,5,NightlyLeagueUpdateTaskProcessor,4,ADD,-16023.0,Steelers D/ST,0.0,5.0,2022-09-14
2022,2,78991f70-bfa4-4031-9bea-f2c15e734b72,cb46aa8f-bd76-4f5d-a017-e7fc173975ab,WAIVER,EXECUTED,5,NightlyLeagueUpdateTaskProcessor,4,DROP,-16021.0,Eagles D/ST,5.0,0.0,2022-09-14
2022,2,04c0d9af-8e93-4a00-8597-b22b7dce015d,,FREEAGENT,EXECUTED,8,{00408013-39CF-40FC-8080-1339CFD0FC06},0,ADD,4242433.0,Joshua Palmer,0.0,8.0,2022-09-14
2022,2,04c0d9af-8e93-4a00-8597-b22b7dce015d,,FREEAGENT,EXECUTED,8,{00408013-39CF-40FC-8080-1339CFD0FC06},0,DROP,4040980.0,Irv Smith Jr.,8.0,0.0,2022-09-14
2022,2,c34041e6-08b0-4822-8d6d-aaca26254375,,FREEAGENT,EXECUTED,3,{C52D799E-6C1C-44B9-8371-9B6AF857D8E8},0,ADD,4035676.0,Zack Moss,0.0,3.0,2022-09-18
2022,2,c34041e6-08b0-4822-8d6d-aaca26254375,,FREEAGENT,EXECUTED,3,{C52D799E-6C1C-44B9-8371-9B6AF857D8E8},0,DROP,16757.0,Derek Carr,3.0,0.0,2022-09-18
2022,2,cdd741e4-8292-4762-a2ca-b4f5d78cf527,c155f869-143c-40fa-b65d-4f5713d75126,WAIVER,EXECUTED,12,NightlyLeagueUpdateTaskProcessor,18,ADD,3122976.0,Jeff Wilson Jr.,0.0,12.0,2022-09-14
2022,2,f839c2d3-0dd3-4872-a860-f3f4c78f100c,,FREEAGENT,EXECUTED,3,{C52D799E-6C1C-44B9-8371-9B6AF857D8E8},0,ADD,16757.0,Derek Carr,0.0,3.0,2022-09-18
2022,2,be3e4a64-6216-4c66-8520-ab3ade8f106e,6709f0af-c147-4e3b-b61e-e3483e05677a,WAIVER,EXECUTED,14,NightlyLeagueUpdateTaskProcessor,2,ADD,13981.0,Mark Ingram II,0.0,14.0,2022-09-14
2022,2,be3e4a64-6216-4c66-8520-ab3ade8f106e,6709f0af-c147-4e3b-b61e-e3483e05677a,WAIVER,EXECUTED,14,NightlyLeagueUpdateTaskProcessor,2,DROP,8439.0,Aaron Rodgers,14.0,0.0,2022-09-14
2022,2,fa52110c-0604-40f5-b456-c470e868becd,33431fcc-df47-40dc-b1b3-93707999b792,WAIVER,FAILED_INVALIDPLAYERSOURCE,7,NightlyLeagueUpdateTaskProcessor,8,ADD,3122976.0,Jeff Wilson Jr.,0.0,7.0,2022-09-14
2022,2,fa52110c-0604-40f5-b456-c470e868becd,33431fcc-df47-40dc-b1b3-93707999b792,WAIVER,FAILED_INVALIDPLAYERSOURCE,7,NightlyLeagueUpdateTaskProcessor,8,DROP,3128724.0,Isaiah McKenzie,7.0,0.0,2022-09-14
2022,2,a7b1da8a-f358-4248-b187-1c8c8ff36414,58c8c989-e358-4f46-babf-b44704488e0e,WAIVER,FAILED_INVALIDPLAYERSOURCE,5,NightlyLeagueUpdateTaskProcessor,7,ADD,3122976.0,Jeff Wilson Jr.,0.0,5.0,2022-09-14
2022,2,c5d470fd-08d4-4176-86fd-7f142e315d36,,FREEAGENT,EXECUTED,12,{91D28B99-9234-408F-ACE7-32AEC03EE9E2},0,ADD,3128724.0,Isaiah McKenzie,0.0,12.0,2022-09-18
2022,2,c5d470fd-08d4-4176-86fd-7f142e315d36,,FREEAGENT,EXECUTED,12,{91D28B99-9234-408F-ACE7-32AEC03EE9E2},0,DROP,4036348.0,Michael Gallup,12.0,0.0,2022-09-18
2022,2,89e34d4f-ebeb-480c-b87f-1012dd672501,27997709-865e-410e-b25d-73953826c5b5,WAIVER,EXECUTED,13,NightlyLeagueUpdateTaskProcessor,6,ADD,3924365.0,Hayden Hurst,0.0,13.0,2022-09-14
2022,2,89e34d4f-ebeb-480c-b87f-1012dd672501,27997709-865e-410e-b25d-73953826c5b5,WAIVER,EXECUTED,13,NightlyLeagueUpdateTaskProcessor,6,DROP,3046439.0,Hunter Henry,13.0,0.0,2022-09-14
2022,2,7f5136f7-1f07-4fef-98d2-5a1999c811a7,67c9385b-c01b-4a81-bd3f-6a9b2e156792,WAIVER,EXECUTED,13,NightlyLeagueUpdateTaskProcessor,1,ADD,4426475.0,Tyrion Davis-Price,0.0,13.0,2022-09-14
2022,2,7f5136f7-1f07-4fef-98d2-5a1999c811a7,67c9385b-c01b-4a81-bd3f-6a9b2e156792,WAIVER,EXECUTED,13,NightlyLeagueUpdateTaskProcessor,1,DROP,4372485.0,Rondale Moore,13.0,0.0,2022-09-14
2022,2,d0673cdf-e0fe-4f62-9b56-45afc0082bb6,b861b801-519b-443e-9978-0e7666709140,TRADE_PROPOSAL,CANCELED,10,{2C8A1B87-268B-45A5-A0E5-C4A3F61C9BC2},0,TRADE,3059915.0,Kareem Hunt,10.0,14.0,2022-09-18
2022,2,d0673cdf-e0fe-4f62-9b56-45afc0082bb6,b861b801-519b-443e-9978-0e7666709140,TRADE_PROPOSAL,CANCELED,10,{2C8A1B87-268B-45A5-A0E5-C4A3F61C9BC2},0,TRADE,3932905.0,Diontae Johnson,10.0,14.0,2022-09-18
2022,2,d0673cdf-e0fe-4f62-9b56-45afc0082bb6,b861b801-519b-443e-9978-0e7666709140,TRADE_PROPOSAL,CANCELED,10,{2C8A1B87-268B-45A5-A0E5-C4A3F61C9BC2},0,TRADE,16800.0,Davante Adams,14.0,10.0,2022-09-18
2022,2,d0673cdf-e0fe-4f62-9b56-45afc0082bb6,b861b801-519b-443e-9978-0e7666709140,TRADE_PROPOSAL,CANCELED,10,{2C8A1B87-268B-45A5-A0E5-C4A3F61C9BC2},0,TRADE,4426502.0,Drake London,14.0,10.0,2022-09-18
2022,2,56f33d9e-36c5-4947-a9f8-9d8ce12d635a,6d25a782-777e-480b-8143-9efce6ccf39b,TRADE_DECLINE,EXECUTED,5,{77F704CF-0C76-4984-9A71-8BD39511C19F},0,,,,,,2022-09-14
2022,2,ee48bb29-f59c-4dc7-977e-83f96d003e5a,,FREEAGENT,EXECUTED,5,{77F704CF-0C76-4984-9A71-8BD39511C19F},0,ADD,2573079.0,Carson Wentz,0.0,5.0,2022-09-15
2022,2,ee48bb29-f59c-4dc7-977e-83f96d003e5a,,FREEAGENT,EXECUTED,5,{77F704CF-0C76-4984-9A71-8BD39511C19F},0,DROP,4241479.0,Tua Tagovailoa,5.0,0.0,2022-09-15
2022,2,1b146c0a-3131-4edd-b397-530ba395f18a,48e0c6f2-8e67-4ca3-a1bc-365b8451dbd9,WAIVER,FAILED_INVALIDPLAYERSOURCE,7,NightlyLeagueUpdateTaskProcessor,8,ADD,3121427.0,Curtis Samuel,0.0,7.0,2022-09-14
2022,2,1b146c0a-3131-4edd-b397-530ba395f18a,48e0c6f2-8e67-4ca3-a1bc-365b8451dbd9,WAIVER,FAILED_INVALIDPLAYERSOURCE,7,NightlyLeagueUpdateTaskProcessor,8,DROP,3128724.0,Isaiah McKenzie,7.0,0.0,2022-09-14
2022,2,05b0da03-0862-4b25-8cc4-2828201754f3,399e9245-a0b5-4742-8685-4e526231f754,WAIVER,EXECUTED,14,NightlyLeagueUpdateTaskProcessor,7,ADD,3126246.0,Dontrell Hilliard,0.0,14.0,2022-09-14
2022,2,05b0da03-0862-4b25-8cc4-2828201754f3,399e9245-a0b5-4742-8685-4e526231f754,WAIVER,EXECUTED,14,NightlyLeagueUpdateTaskProcessor,7,DROP,3123076.0,David Njoku,14.0,0.0,2022-09-14
2022,2,7c496f35-24fd-4eb3-932c-4b85db1ad17f,be6f11e2-102f-400b-abfa-c4c14a9f6ce2,WAIVER,FAILED_INVALIDPLAYERSOURCE,3,NightlyLeagueUpdateTaskProcessor,3,ADD,8439.0,Aaron Rodgers,0.0,3.0,2022-09-15
2022,2,7c496f35-24fd-4eb3-932c-4b85db1ad17f,be6f11e2-102f-400b-abfa-c4c14a9f6ce2,WAIVER,FAILED_INVALIDPLAYERSOURCE,3,NightlyLeagueUpdateTaskProcessor,3,DROP,4362887.0,Justin Fields,3.0,0.0,2022-09-15
2022,2,b1e907c7-e5d0-4b79-ae7a-732e4bf0fddb,00585f58-b609-4889-b531-57df7e103d3a,WAIVER,FAILED_INVALIDPLAYERSOURCE,2,NightlyLeagueUpdateTaskProcessor,5,ADD,3121427.0,Curtis Samuel,0.0,2.0,2022-09-14
2022,2,b1e907c7-e5d0-4b79-ae7a-732e4bf0fddb,00585f58-b609-4889-b531-57df7e103d3a,WAIVER,FAILED_INVALIDPLAYERSOURCE,2,NightlyLeagueUpdateTaskProcessor,5,DROP,15072.0,Marvin Jones Jr.,2.0,0.0,2022-09-14
2022,2,1b77a92b-d127-483b-9cf4-13d4dead6fce,,TRADE_PROPOSAL,PENDING,10,{2C8A1B87-268B-45A5-A0E5-C4A3F61C9BC2},0,TRADE,3116365.0,Mark Andrews,2.0,10.0,2022-09-18
2022,2,1b77a92b-d127-483b-9cf4-13d4dead6fce,,TRADE_PROPOSAL,PENDING,10,{2C8A1B87-268B-45A5-A0E5-C4A3F61C9BC2},0,TRADE,3059915.0,Kareem Hunt,10.0,2.0,2022-09-18
2022,2,09cc2c22-1dd4-475a-849a-fbc114aca0dd,,FREEAGENT,EXECUTED,1,{C1E09685-96D1-4750-BA21-8BE16D3BF7CA},0,ADD,3046439.0,Hunter Henry,0.0,1.0,2022-09-16
2022,2,09cc2c22-1dd4-475a-849a-fbc114aca0dd,,FREEAGENT,EXECUTED,1,{C1E09685-96D1-4750-BA21-8BE16D3BF7CA},0,DROP,3043275.0,Austin Hooper,1.0,0.0,2022-09-16
2022,2,cf9dd09d-37b8-4f8c-8c2b-8902f101f692,,FREEAGENT,EXECUTED,14,{C2BAB8A3-9ED5-425C-BAB8-A39ED5B25CC2},0,ADD,2976592.0,Sterling Shepard,0.0,14.0,2022-09-14
2022,2,cf9dd09d-37b8-4f8c-8c2b-8902f101f692,,FREEAGENT,EXECUTED,14,{C2BAB8A3-9ED5-425C-BAB8-A39ED5B25CC2},0,DROP,2974858.0,Kenny Golladay,14.0,0.0,2022-09-14
2022,2,ccfea1bb-9427-472f-95c8-e8f43c93c3ea,6c167918-6a26-45be-a89e-ecd67d679c74,WAIVER,EXECUTED,13,NightlyLeagueUpdateTaskProcessor,2,ADD,2468609.0,Taysom Hill,0.0,13.0,2022-09-14
2022,2,ccfea1bb-9427-472f-95c8-e8f43c93c3ea,6c167918-6a26-45be-a89e-ecd67d679c74,WAIVER,EXECUTED,13,NightlyLeagueUpdateTaskProcessor,2,DROP,4361370.0,Chris Olave,13.0,0.0,2022-09-14
2022,2,e7d03e85-7736-4f4a-8973-05426c6cc082,1b77a92b-d127-483b-9cf4-13d4dead6fce,TRADE_DECLINE,EXECUTED,2,{EC970810-E14F-4307-8FA6-3BAE92CC1B4E},0,,,,,,2022-09-19
2022,3,12437f56-a6a2-41b7-82ad-5938c0827b01,4a657ab1-88a0-445d-9220-29f3264323cc,WAIVER,FAILED_PLAYERALREADYDROPPED,5,NightlyLeagueUpdateTaskProcessor,1,ADD,3915486.0,Tyler Conklin,0.0,5.0,2022-09-21
2022,3,12437f56-a6a2-41b7-82ad-5938c0827b01,4a657ab1-88a0-445d-9220-29f3264323cc,WAIVER,FAILED_PLAYERALREADYDROPPED,5,NightlyLeagueUpdateTaskProcessor,1,DROP,4240600.0,Kadarius Toney,5.0,0.0,2022-09-21
2022,3,2dec88af-7f95-449c-a69d-af2d9e55af63,,FREEAGENT,EXECUTED,5,{77F704CF-0C76-4984-9A71-8BD39511C19F},0,ADD,4242873.0,Eno Benjamin,0.0,5.0,2022-09-23
2022,3,e0bc79e8-3e6d-4e16-abc1-1bdac16230e6,696aa320-362b-4350-8b5d-ba70d31d9833,WAIVER,CANCELED,7,{430447A7-381F-4E40-AD53-6A9C1F157A25},0,ADD,4372485.0,Rondale Moore,0.0,7.0,2022-09-20
2022,3,05c5bd5b-9e41-4080-9568-5e8038c6482c,,FREEAGENT,EXECUTED,8,{00408013-39CF-40FC-8080-1339CFD0FC06},0,ADD,3051876.0,Evan Engram,0.0,8.0,2022-09-22
2022,3,9e82e0b2-2b9c-45c2-819a-fb4764cc45ae,0b952e60-e87f-4173-893f-f28ded1ea3d5,WAIVER,EXECUTED,3,NightlyLeagueUpdateTaskProcessor,3,ADD,4039050.0,Devin Duvernay,0.0,3.0,2022-09-21
2022,3,9e82e0b2-2b9c-45c2-819a-fb4764cc45ae,0b952e60-e87f-4173-893f-f28ded1ea3d5,WAIVER,EXECUTED,3,NightlyLeagueUpdateTaskProcessor,3,DROP,4430191.0,Skyy Moore,3.0,0.0,2022-09-21
2022,3,b661606b-8fa5-407b-8c27-c9a8da23e7ac,ad0c1113-98b1-4a2f-964a-3741956710ee,WAIVER,CANCELED,10,{2C8A1B87-268B-45A5-A0E5-C4A3F61C9BC2},0,ADD,3123076.0,David Njoku,0.0,10.0,2022-09-26
2022,3,b661606b-8fa5-407b-8c27-c9a8da23e7ac,ad0c1113-98b1-4a2f-964a-3741956710ee,WAIVER,CANCELED,10,{2C8A1B87-268B-45A5-A0E5-C4A3F61C9BC2},0,DROP,3915486.0,Tyler Conklin,10.0,0.0,2022-09-26
2022,3,a698fd6c-a60d-4fd9-84b8-021704d56963,,FREEAGENT,EXECUTED,1,{C1E09685-96D1-4750-BA21-8BE16D3BF7CA},0,ADD,2576980.0,Marcus Mariota,0.0,1.0,2022-09-25
2022,3,a698fd6c-a60d-4fd9-84b8-021704d56963,,FREEAGENT,EXECUTED,1,{C1E09685-96D1-4750-BA21-8BE16D3BF7CA},0,DROP,3046439.0,Hunter Henry,1.0,0.0,2022-09-25
2022,3,92d6af43-ce66-4850-a033-d7e9238e0d92,,FREEAGENT,EXECUTED,5,{77F704CF-0C76-4984-9A71-8BD39511C19F},0,ADD,-16024.0,Chargers D/ST,0.0,5.0,2022-09-21
2022,3,92d6af43-ce66-4850-a033-d7e9238e0d92,,FREEAGENT,EXECUTED,5,{77F704CF-0C76-4984-9A71-8BD39511C19F},0,DROP,4361529.0,Isiah Pacheco,5.0,0.0,2022-09-21
2022,3,be56b1b9-8725-45a3-bb5a-c9ca68876d59,,FREEAGENT,EXECUTED,14,{C2BAB8A3-9ED5-425C-BAB8-A39ED5B25CC2},0,ADD,-16034.0,Texans D/ST,0.0,14.0,2022-09-23
2022,3,be56b1b9-8725-45a3-bb5a-c9ca68876d59,,FREEAGENT,EXECUTED,14,{C2BAB8A3-9ED5-425C-BAB8-A39ED5B25CC2},0,DROP,4569587.0,Wan'Dale Robinson,14.0,0.0,2022-09-23
2022,3,be56b1b9-8725-45a3-bb5a-c9ca68876d59,,FREEAGENT,EXECUTED,14,{C2BAB8A3-9ED5-425C-BAB8-A39ED5B25CC2},0,DROP,-16006.0,Cowboys D/ST,14.0,0.0,2022-09-23
2022,3,81795f87-7770-4af4-9ee2-a97294a2ae62,56c2674e-c2a3-4188-8b72-a3b552907f90,WAIVER,FAILED_INVALIDPLAYERSOURCE,5,NightlyLeagueUpdateTaskProcessor,1,ADD,4241479.0,Tua Tagovailoa,0.0,5.0,2022-09-21
2022,3,81795f87-7770-4af4-9ee2-a97294a2ae62,56c2674e-c2a3-4188-8b72-a3b552907f90,WAIVER,FAILED_INVALIDPLAYERSOURCE,5,NightlyLeagueUpdateTaskProcessor,1,DROP,4240600.0,Kadarius Toney,5.0,0.0,2022-09-21
2022,3,cb9d3084-6c54-4abc-845e-e149e6c39421,0aa5c854-1d58-4294-bfe8-f7c19605136a,WAIVER,FAILED_PLAYERALREADYDROPPED,14,NightlyLeagueUpdateTaskProcessor,1,ADD,-16019.0,Giants D/ST,0.0,14.0,2022-09-21
2022,3,cb9d3084-6c54-4abc-845e-e149e6c39421,0aa5c854-1d58-4294-bfe8-f7c19605136a,WAIVER,FAILED_PLAYERALREADYDROPPED,14,NightlyLeagueUpdateTaskProcessor,1,DROP,-16010.0,Titans D/ST,14.0,0.0,2022-09-21
2022,3,7c47a54b-7ed5-4cd8-904f-2c3993bff691,f02c6b27-2386-4ca0-9114-2b5e85263787,WAIVER,FAILED_ROSTERLIMIT,7,NightlyLeagueUpdateTaskProcessor,9,ADD,3046779.0,Jared Goff,0.0,7.0,2022-09-21
2022,3,ad0c1113-98b1-4a2f-964a-3741956710ee,,WAIVER,PENDING,10,{2C8A1B87-268B-45A5-A0E5-C4A3F61C9BC2},10,ADD,3123076.0,David Njoku,0.0,10.0,2022-09-23
2022,3,ad0c1113-98b1-4a2f-964a-3741956710ee,,WAIVER,PENDING,10,{2C8A1B87-268B-45A5-A0E5-C4A3F61C9BC2},10,DROP,3915486.0,Tyler Conklin,10.0,0.0,2022-09-23
2022,3,aab66ff9-0c45-4912-a573-1b110d458f99,17a56660-9b00-4dc4-a965-4cf8f23322f0,WAIVER,EXECUTED,14,NightlyLeagueUpdateTaskProcessor,1,ADD,-16006.0,Cowboys D/ST,0.0,14.0,2022-09-21
2022,3,aab66ff9-0c45-4912-a573-1b110d458f99,17a56660-9b00-4dc4-a965-4cf8f23322f0,WAIVER,EXECUTED,14,NightlyLeagueUpdateTaskProcessor,1,DROP,-16010.0,Titans D/ST,14.0,0.0,2022-09-21
2022,3,1fee8103-1034-4972-83c2-bd4abb8daabb,ab810190-d9c2-4de8-a377-6b986560b16c,WAIVER,EXECUTED,13,NightlyLeagueUpdateTaskProcessor,16,ADD,4373626.0,Tyler Allgeier,0.0,13.0,2022-09-21
2022,3,1fee8103-1034-4972-83c2-bd4abb8daabb,ab810190-d9c2-4de8-a377-6b986560b16c,WAIVER,EXECUTED,13,NightlyLeagueUpdateTaskProcessor,16,DROP,2468609.0,Taysom Hill,13.0,0.0,2022-09-21
2022,3,d45d32e5-573f-4457-ba2c-acaccbe57d8d,d60366fd-cedd-4299-9cdd-eba5b5a3e6c7,WAIVER,EXECUTED,5,NightlyLeagueUpdateTaskProcessor,1,ADD,4040980.0,Irv Smith Jr.,0.0,5.0,2022-09-21
2022,3,d45d32e5-573f-4457-ba2c-acaccbe57d8d,d60366fd-cedd-4299-9cdd-eba5b5a3e6c7,WAIVER,EXECUTED,5,NightlyLeagueUpdateTaskProcessor,1,DROP,4240600.0,Kadarius Toney,5.0,0.0,2022-09-21
2022,3,a6443e5e-d5c0-4c00-bf78-2d5baa46e6af,6a1fa25f-3c60-4792-a84e-e71695261521,WAIVER,EXECUTED,7,NightlyLeagueUpdateTaskProcessor,8,ADD,4372485.0,Rondale Moore,0.0,7.0,2022-09-21
2022,3,a6443e5e-d5c0-4c00-bf78-2d5baa46e6af,6a1fa25f-3c60-4792-a84e-e71695261521,WAIVER,EXECUTED,7,NightlyLeagueUpdateTaskProcessor,8,DROP,4048244.0,Alexander Mattison,7.0,0.0,2022-09-21
2022,3,06c83735-9987-40f3-8bd4-838f64f26690,,FREEAGENT,EXECUTED,4,{8242D4C8-FCD1-4A28-9373-CD282687A8E7},0,ADD,16813.0,Logan Thomas,0.0,4.0,2022-09-25
2022,3,06c83735-9987-40f3-8bd4-838f64f26690,,FREEAGENT,EXECUTED,4,{8242D4C8-FCD1-4A28-9373-CD282687A8E7},0,DROP,2979843.0,Kenyan Drake,4.0,0.0,2022-09-25
2022,3,f130463b-bebf-416e-a20b-447b5984845c,,FREEAGENT,EXECUTED,7,{430447A7-381F-4E40-AD53-6A9C1F157A25},0,ADD,-16006.0,Cowboys D/ST,0.0,7.0,2022-09-25
2022,3,f130463b-bebf-416e-a20b-447b5984845c,,FREEAGENT,EXECUTED,7,{430447A7-381F-4E40-AD53-6A9C1F157A25},0,DROP,-16014.0,Rams D/ST,7.0,0.0,2022-09-25
2022,3,7b7e545e-a206-46e1-80c4-53095acfd712,,ROSTER,EXECUTED,7,{430447A7-381F-4E40-AD53-6A9C1F157A25},0,DROP,4383351.0,Trey Lance,7.0,0.0,2022-09-20
2022,3,2e27899c-553a-4533-8240-bac15e802995,767b8dc9-7626-4787-b63e-6dc0da8b516c,WAIVER,EXECUTED,4,NightlyLeagueUpdateTaskProcessor,5,ADD,16782.0,Jerick McKinnon,0.0,4.0,2022-09-21
2022,3,2e27899c-553a-4533-8240-bac15e802995,767b8dc9-7626-4787-b63e-6dc0da8b516c,WAIVER,EXECUTED,4,NightlyLeagueUpdateTaskProcessor,5,DROP,4371733.0,Kenneth Gainwell,4.0,0.0,2022-09-21
2022,3,0f89afc7-afee-4ba1-9b00-8dcb6de476d1,8744b755-64f7-465d-80dc-ddce0cae0f8e,WAIVER,FAILED_INVALIDPLAYERSOURCE,3,NightlyLeagueUpdateTaskProcessor,7,ADD,4241479.0,Tua Tagovailoa,0.0,3.0,2022-09-21
2022,3,0f89afc7-afee-4ba1-9b00-8dcb6de476d1,8744b755-64f7-465d-80dc-ddce0cae0f8e,WAIVER,FAILED_INVALIDPLAYERSOURCE,3,NightlyLeagueUpdateTaskProcessor,7,DROP,2969939.0,Jameis Winston,3.0,0.0,2022-09-21
2022,3,6aab7246-6fb5-43bb-be72-253cea1a5c8d,,FREEAGENT,EXECUTED,12,{91D28B99-9234-408F-ACE7-32AEC03EE9E2},0,ADD,2971618.0,Nelson Agholor,0.0,12.0,2022-09-25
2022,3,6aab7246-6fb5-43bb-be72-253cea1a5c8d,,FREEAGENT,EXECUTED,12,{91D28B99-9234-408F-ACE7-32AEC03EE9E2},0,DROP,3128724.0,Isaiah McKenzie,12.0,0.0,2022-09-25
2022,3,a23e3d02-8a9a-4c15-a993-a36b41b16cbb,9adea940-05d6-4730-a6a3-025f407d459f,WAIVER,EXECUTED,2,NightlyLeagueUpdateTaskProcessor,5,ADD,3121409.0,Noah Brown,0.0,2.0,2022-09-21
2022,3,a23e3d02-8a9a-4c15-a993-a36b41b16cbb,9adea940-05d6-4730-a6a3-025f407d459f,WAIVER,EXECUTED,2,NightlyLeagueUpdateTaskProcessor,5,DROP,15072.0,Marvin Jones Jr.,2.0,0.0,2022-09-21
2022,3,f21a516e-0cbc-4d9a-ab17-4dbe42de692a,,FREEAGENT,EXECUTED,10,{2C8A1B87-268B-45A5-A0E5-C4A3F61C9BC2},0,ADD,3915486.0,Tyler Conklin,0.0,10.0,2022-09-21
2022,3,f21a516e-0cbc-4d9a-ab17-4dbe42de692a,,FREEAGENT,EXECUTED,10,{2C8A1B87-268B-45A5-A0E5-C4A3F61C9BC2},0,DROP,4035115.0,Albert Okwuegbunam,10.0,0.0,2022-09-21
2022,3,5425d9dc-5cdd-46a5-ba6d-3aa967d26857,cf76983d-761f-4835-969e-fa738843baac,WAIVER,FAILED_PLAYERALREADYDROPPED,7,NightlyLeagueUpdateTaskProcessor,5,ADD,4036348.0,Michael Gallup,0.0,7.0,2022-09-21
2022,3,5425d9dc-5cdd-46a5-ba6d-3aa967d26857,cf76983d-761f-4835-969e-fa738843baac,WAIVER,FAILED_PLAYERALREADYDROPPED,7,NightlyLeagueUpdateTaskProcessor,5,DROP,4048244.0,Alexander Mattison,7.0,0.0,2022-09-21
2022,3,a47ea95c-e603-4055-b8a8-080e9d73556f,,FREEAGENT,EXECUTED,8,{00408013-39CF-40FC-8080-1339CFD0FC06},0,ADD,2577417.0,Dak Prescott,0.0,8.0,2022-09-22
2022,3,a47ea95c-e603-4055-b8a8-080e9d73556f,,FREEAGENT,EXECUTED,8,{00408013-39CF-40FC-8080-1339CFD0FC06},0,DROP,4242433.0,Joshua Palmer,8.0,0.0,2022-09-22
2022,3,3679dfeb-1232-4301-8be3-d2c60ade9f7f,,FREEAGENT,EXECUTED,7,{430447A7-381F-4E40-AD53-6A9C1F157A25},0,ADD,3046779.0,Jared Goff,0.0,7.0,2022-09-23
2022,3,3ec75c4b-2556-4b38-a24b-da4200395b99,,ROSTER,EXECUTED,3,{C52D799E-6C1C-44B9-8371-9B6AF857D8E8},0,DROP,4035676.0,Zack Moss,3.0,0.0,2022-09-22
2022,3,d7795c06-f049-4fdc-9c42-43c1b3893e0b,,FREEAGENT,EXECUTED,3,{C52D799E-6C1C-44B9-8371-9B6AF857D8E8},0,ADD,16757.0,Derek Carr,0.0,3.0,2022-09-21
2022,3,d7795c06-f049-4fdc-9c42-43c1b3893e0b,,FREEAGENT,EXECUTED,3,{C52D799E-6C1C-44B9-8371-9B6AF857D8E8},0,DROP,2969939.0,Jameis Winston,3.0,0.0,2022-09-21
2022,3,6ac50153-000b-4917-b884-a5f623737663,b4c0b355-1bde-4d96-8d13-136f80f81629,WAIVER,EXECUTED,7,NightlyLeagueUpdateTaskProcessor,12,ADD,4241479.0,Tua Tagovailoa,0.0,7.0,2022-09-21
2022,4,d3e10d30-d45c-4755-bd7f-30a0ea755947,,TRADE_PROPOSAL,PENDING,10,{2C8A1B87-268B-45A5-A0E5-C4A3F61C9BC2},0,TRADE,4037235.0,Greg Dortch,10.0,12.0,2022-09-28
2022,4,d3e10d30-d45c-4755-bd7f-30a0ea755947,,TRADE_PROPOSAL,PENDING,10,{2C8A1B87-268B-45A5-A0E5-C4A3F61C9BC2},0,TRADE,2980453.0,Jamaal Williams,12.0,10.0,2022-09-28
2022,4,b7beba78-f79a-49bf-a3eb-35b7a2edcc9e,1344576a-5a40-4381-8989-b62c507aa7eb,WAIVER,EXECUTED,1,NightlyLeagueUpdateTaskProcessor,1,ADD,15072.0,Marvin Jones Jr.,0.0,1.0,2022-09-28
2022,4,b7beba78-f79a-49bf-a3eb-35b7a2edcc9e,1344576a-5a40-4381-8989-b62c507aa7eb,WAIVER,EXECUTED,1,NightlyLeagueUpdateTaskProcessor,1,DROP,13983.0,A.J. Green,1.0,0.0,2022-09-28
2022,4,d5354c40-8528-4a29-b369-4f5ff96b2691,,FREEAGENT,EXECUTED,7,{430447A7-381F-4E40-AD53-6A9C1F157A25},0,ADD,3115306.0,Josh Reynolds,0.0,7.0,2022-09-30
2022,4,d5354c40-8528-4a29-b369-4f5ff96b2691,,FREEAGENT,EXECUTED,7,{430447A7-381F-4E40-AD53-6A9C1F157A25},0,DROP,3918639.0,Gerald Everett,7.0,0.0,2022-09-30
2022,4,833aa059-3417-4412-9a80-09cef7b6aaec,6dbdb5b1-d3c2-4bad-9342-a6b2c96b3650,WAIVER,FAILED_INVALIDPLAYERSOURCE,14,NightlyLeagueUpdateTaskProcessor,7,ADD,4048244.0,Alexander Mattison,0.0,14.0,2022-09-28
2022,4,833aa059-3417-4412-9a80-09cef7b6aaec,6dbdb5b1-d3c2-4bad-9342-a6b2c96b3650,WAIVER,FAILED_INVALIDPLAYERSOURCE,14,NightlyLeagueUpdateTaskProcessor,7,DROP,2976592.0,Sterling Shepard,14.0,0.0,2022-09-28
2022,4,6e12ca98-91f4-46af-acf6-26f2c4e31583,,WAIVER,PENDING,10,{2C8A1B87-268B-45A5-A0E5-C4A3F61C9BC2},10,ADD,3123076.0,David Njoku,0.0,10.0,2022-09-28
2022,4,6e12ca98-91f4-46af-acf6-26f2c4e31583,,WAIVER,PENDING,10,{2C8A1B87-268B-45A5-A0E5-C4A3F61C9BC2},10,DROP,3930086.0,Dawson Knox,10.0,0.0,2022-09-28
2022,4,afdefbb4-6328-46fa-a66b-591c8ee258ed,2b75bfa3-0bcf-4bf9-a0b2-6498d8c4d429,WAIVER,FAILED_INVALIDPLAYERSOURCE,12,NightlyLeagueUpdateTaskProcessor,1,ADD,-16019.0,Giants D/ST,0.0,12.0,2022-09-28
2022,4,afdefbb4-6328-46fa-a66b-591c8ee258ed,2b75bfa3-0bcf-4bf9-a0b2-6498d8c4d429,WAIVER,FAILED_INVALIDPLAYERSOURCE,12,NightlyLeagueUpdateTaskProcessor,1,DROP,-16004.0,Bengals D/ST,12.0,0.0,2022-09-28
2022,4,0cefc15a-1fb0-4e67-8d1d-bef398f96b8c,c4476554-7e4e-4eb2-a445-dac244b4525d,WAIVER,EXECUTED,3,NightlyLeagueUpdateTaskProcessor,50,ADD,4048244.0,Alexander Mattison,0.0,3.0,2022-09-28
2022,4,0cefc15a-1fb0-4e67-8d1d-bef398f96b8c,c4476554-7e4e-4eb2-a445-dac244b4525d,WAIVER,EXECUTED,3,NightlyLeagueUpdateTaskProcessor,50,DROP,4039050.0,Devin Duvernay,3.0,0.0,2022-09-28
2022,4,f0d71d83-8b34-41eb-877f-57612141c212,,FREEAGENT,EXECUTED,14,{C2BAB8A3-9ED5-425C-BAB8-A39ED5B25CC2},0,ADD,4242873.0,Eno Benjamin,0.0,14.0,2022-10-02
2022,4,28054860-4bd7-44c5-bb66-3c13c0fafc3a,d3e10d30-d45c-4755-bd7f-30a0ea755947,TRADE_DECLINE,EXECUTED,12,{91D28B99-9234-408F-ACE7-32AEC03EE9E2},0,,,,,,2022-09-29
2022,4,3cc41c07-7d19-41c4-b694-b7f13fd09a66,,FREEAGENT,EXECUTED,5,{77F704CF-0C76-4984-9A71-8BD39511C19F},0,ADD,4242433.0,Joshua Palmer,0.0,5.0,2022-10-01
2022,4,dbf4648a-158d-4efc-a89a-1d73d3700609,,FREEAGENT,EXECUTED,12,{91D28B99-9234-408F-ACE7-32AEC03EE9E2},0,ADD,-16011.0,Colts D/ST,0.0,12.0,2022-09-28
2022,4,dbf4648a-158d-4efc-a89a-1d73d3700609,,FREEAGENT,EXECUTED,12,{91D28B99-9234-408F-ACE7-32AEC03EE9E2},0,DROP,-16004.0,Bengals D/ST,12.0,0.0,2022-09-28
2022,4,2bb54e6c-7eb9-462d-9799-73d4d9319e14,,ROSTER,EXECUTED,5,{77F704CF-0C76-4984-9A71-8BD39511C19F},0,DROP,4242873.0,Eno Benjamin,5.0,0.0,2022-09-27
2022,4,82038f40-fa98-4fd2-b298-5e312fd6c932,918821b9-6c95-44d4-a353-613bb83ec374,TRADE_DECLINE,EXECUTED,4,{8242D4C8-FCD1-4A28-9373-CD282687A8E7},0,,,,,,2022-09-28
2022,4,81423f3f-87c4-467e-9b17-850f86f71b35,a816472f-8b4c-44c0-ba95-9baa24e9f755,WAIVER,FAILED_INVALIDPLAYERSOURCE,5,NightlyLeagueUpdateTaskProcessor,4,ADD,4361432.0,Romeo Doubs,0.0,5.0,2022-09-28
2022,4,81423f3f-87c4-467e-9b17-850f86f71b35,a816472f-8b4c-44c0-ba95-9baa24e9f755,WAIVER,FAILED_INVALIDPLAYERSOURCE,5,NightlyLeagueUpdateTaskProcessor,4,DROP,4040980.0,Irv Smith Jr.,5.0,0.0,2022-09-28
2022,4,e9a80a46-0bec-4e39-930f-501674693d16,8c98a30c-176a-4373-9f23-ad27e5568e6d,TRADE_DECLINE,EXECUTED,12,{91D28B99-9234-408F-ACE7-32AEC03EE9E2},0,,,,,,2022-09-29
2022,4,d73c862e-7208-4ad3-9887-9d73aee23fda,a285943a-1b8d-4cc9-a9cc-301e9db5fa72,TRADE_PROPOSAL,CANCELED,7,{430447A7-381F-4E40-AD53-6A9C1F157A25},0,TRADE,3119195.0,Chase Edmonds,7.0,14.0,2022-09-27
2022,4,d73c862e-7208-4ad3-9887-9d73aee23fda,a285943a-1b8d-4cc9-a9cc-301e9db5fa72,TRADE_PROPOSAL,CANCELED,7,{430447A7-381F-4E40-AD53-6A9C1F157A25},0,TRADE,3121422.0,Terry McLaurin,14.0,7.0,2022-09-27
2022,4,30cb6262-3003-43af-980e-56eb60a577a3,,FREEAGENT,EXECUTED,14,{C2BAB8A3-9ED5-425C-BAB8-A39ED5B25CC2},0,ADD,-16022.0,Cardinals D/ST,0.0,14.0,2022-09-28
2022,4,30cb6262-3003-43af-980e-56eb60a577a3,,FREEAGENT,EXECUTED,14,{C2BAB8A3-9ED5-425C-BAB8-A39ED5B25CC2},0,DROP,-16034.0,Texans D/ST,14.0,0.0,2022-09-28
2022,4,d599419c-79bb-400f-922e-2dce09eb1894,8fb1ee1d-71ab-4ab4-86b3-65ed9acea6a9,TRADE_DECLINE,EXECUTED,3,{C52D799E-6C1C-44B9-8371-9B6AF857D8E8},0,,,,,,2022-09-28
2022,4,98b5b42e-78af-4387-a4b9-410783a6228a,,FREEAGENT,EXECUTED,5,{77F704CF-0C76-4984-9A71-8BD39511C19F},0,ADD,-16014.0,Rams D/ST,0.0,5.0,2022-09-29
2022,4,98b5b42e-78af-4387-a4b9-410783a6228a,,FREEAGENT,EXECUTED,5,{77F704CF-0C76-4984-9A71-8BD39511C19F},0,DROP,-16024.0,Chargers D/ST,5.0,0.0,2022-09-29
2022,4,74bea119-9ae4-4d4e-a4c0-d60cd15609ac,,FREEAGENT,EXECUTED,6,{FE8F6865-8A47-4C3A-8D66-0780982B48DD},0,ADD,4039050.0,Devin Duvernay,0.0,6.0,2022-10-02
2022,4,ca1a16cd-6902-47a0-8560-4138b457ec81,c4356433-d953-4cf0-b657-3550a227a66d,WAIVER,EXECUTED,5,NightlyLeagueUpdateTaskProcessor,3,ADD,3122899.0,Richie James,0.0,5.0,2022-09-28
2022,4,ca1a16cd-6902-47a0-8560-4138b457ec81,c4356433-d953-4cf0-b657-3550a227a66d,WAIVER,EXECUTED,5,NightlyLeagueUpdateTaskProcessor,3,DROP,4040980.0,Irv Smith Jr.,5.0,0.0,2022-09-28
2022,4,22a5013c-15bc-4b7e-9018-cd159659f56b,f001f772-7eac-4874-ab1c-c5dcacd35b6d,TRADE_PROPOSAL,CANCELED,7,{430447A7-381F-4E40-AD53-6A9C1F157A25},0,TRADE,3119195.0,Chase Edmonds,7.0,14.0,2022-09-28
2022,4,22a5013c-15bc-4b7e-9018-cd159659f56b,f001f772-7eac-4874-ab1c-c5dcacd35b6d,TRADE_PROPOSAL,CANCELED,7,{430447A7-381F-4E40-AD53-6A9C1F157A25},0,TRADE,-16006.0,Cowboys D/ST,7.0,14.0,2022-09-28
2022,4,22a5013c-15bc-4b7e-9018-cd159659f56b,f001f772-7eac-4874-ab1c-c5dcacd35b6d,TRADE_PROPOSAL,CANCELED,7,{430447A7-381F-4E40-AD53-6A9C1F157A25},0,TRADE,3121422.0,Terry McLaurin,14.0,7.0,2022-09-28
2022,4,c730fa0e-c4fa-4d82-b48a-f0d6a73f5b44,d3e10d30-d45c-4755-bd7f-30a0ea755947,TRADE_PROPOSAL,CANCELED,10,{91D28B99-9234-408F-ACE7-32AEC03EE9E2},0,TRADE,4037235.0,Greg Dortch,10.0,12.0,2022-09-29
2022,4,c730fa0e-c4fa-4d82-b48a-f0d6a73f5b44,d3e10d30-d45c-4755-bd7f-30a0ea755947,TRADE_PROPOSAL,CANCELED,10,{91D28B99-9234-408F-ACE7-32AEC03EE9E2},0,TRADE,2980453.0,Jamaal Williams,12.0,10.0,2022-09-29
2022,4,397326fd-8978-4e03-9560-87b4d946f5c4,ec4ffaa8-e901-431c-8fb1-951358c44bb4,WAIVER,EXECUTED,2,NightlyLeagueUpdateTaskProcessor,5,ADD,-16003.0,Bears D/ST,0.0,2.0,2022-09-28
2022,4,397326fd-8978-4e03-9560-87b4d946f5c4,ec4ffaa8-e901-431c-8fb1-951358c44bb4,WAIVER,EXECUTED,2,NightlyLeagueUpdateTaskProcessor,5,DROP,16790.0,Jarvis Landry,2.0,0.0,2022-09-28
2022,4,ce503326-511c-4f4a-919b-f38f88999d08,,FREEAGENT,EXECUTED,8,{00408013-39CF-40FC-8080-1339CFD0FC06},0,ADD,16790.0,Jarvis Landry,0.0,8.0,2022-09-30
2022,4,ce503326-511c-4f4a-919b-f38f88999d08,,FREEAGENT,EXECUTED,8,{00408013-39CF-40FC-8080-1339CFD0FC06},0,DROP,3051876.0,Evan Engram,8.0,0.0,2022-09-30
2022,4,8cb96e00-9194-4dfb-a836-7f0dd89dd9c2,,FREEAGENT,EXECUTED,14,{C2BAB8A3-9ED5-425C-BAB8-A39ED5B25CC2},0,ADD,-16024.0,Chargers D/ST,0.0,14.0,2022-10-02
2022,4,8cb96e00-9194-4dfb-a836-7f0dd89dd9c2,,FREEAGENT,EXECUTED,14,{C2BAB8A3-9ED5-425C-BAB8-A39ED5B25CC2},0,DROP,-16022.0,Cardinals D/ST,14.0,0.0,2022-10-02
2022,4,1c33f652-0d01-4503-b62e-aec6671e2fef,20c702b9-1056-4498-999e-fd37cd011ccd,WAIVER,EXECUTED,12,NightlyLeagueUpdateTaskProcessor,3,ADD,2991662.0,Mack Hollins,0.0,12.0,2022-09-28
2022,4,1c33f652-0d01-4503-b62e-aec6671e2fef,20c702b9-1056-4498-999e-fd37cd011ccd,WAIVER,EXECUTED,12,NightlyLeagueUpdateTaskProcessor,3,DROP,2971618.0,Nelson Agholor,12.0,0.0,2022-09-28
2022,4,3346b460-cb69-49db-8e4a-c248381bb36a,b3a726a5-5bcd-4a45-a5dd-e023e60cf1ee,WAIVER,EXECUTED,12,NightlyLeagueUpdateTaskProcessor,2,ADD,4036348.0,Michael Gallup,0.0,12.0,2022-09-28
2022,4,3346b460-cb69-49db-8e4a-c248381bb36a,b3a726a5-5bcd-4a45-a5dd-e023e60cf1ee,WAIVER,EXECUTED,12,NightlyLeagueUpdateTaskProcessor,2,DROP,4035004.0,Mecole Hardman,12.0,0.0,2022-09-28
2022,4,3266e274-a074-4826-8e04-4c8ca06a7ec6,e7986631-2a25-473b-b3d2-73828fd8db10,WAIVER,FAILED_PLAYERALREADYDROPPED,7,NightlyLeagueUpdateTaskProcessor,5,ADD,2576623.0,DeVante Parker,0.0,7.0,2022-09-28
2022,4,3266e274-a074-4826-8e04-4c8ca06a7ec6,e7986631-2a25-473b-b3d2-73828fd8db10,WAIVER,FAILED_PLAYERALREADYDROPPED,7,NightlyLeagueUpdateTaskProcessor,5,DROP,2574808.0,Robbie Anderson,7.0,0.0,2022-09-28
2022,4,d0b4d77e-dc59-4446-aceb-9d739faa3061,1f32ad43-d467-4af6-8454-f24f9bcea549,TRADE_DECLINE,EXECUTED,6,{FE8F6865-8A47-4C3A-8D66-0780982B48DD},0,,,,,,2022-09-29
2022,4,7a1db059-d86e-4543-8e20-761fb390f887,dcf5cf5b-7973-41bd-a229-f03fa4684d7d,WAIVER,EXECUTED,3,NightlyLeagueUpdateTaskProcessor,3,ADD,-16021.0,Eagles D/ST,0.0,3.0,2022-09-28
2022,4,7a1db059-d86e-4543-8e20-761fb390f887,dcf5cf5b-7973-41bd-a229-f03fa4684d7d,WAIVER,EXECUTED,3,NightlyLeagueUpdateTaskProcessor,3,DROP,-16018.0,Saints D/ST,3.0,0.0,2022-09-28
2022,4,6cf580e4-815f-4146-8187-d6dc36cba9e3,,FREEAGENT,EXECUTED,4,{8242D4C8-FCD1-4A28-9373-CD282687A8E7},0,ADD,3128724.0,Isaiah McKenzie,0.0,4.0,2022-09-28
2022,4,6cf580e4-815f-4146-8187-d6dc36cba9e3,,FREEAGENT,EXECUTED,4,{8242D4C8-FCD1-4A28-9373-CD282687A8E7},0,DROP,16813.0,Logan Thomas,4.0,0.0,2022-09-28
2022,4,4d07bd83-d456-4df8-91cb-286b5900b2a7,0a10acaf-0252-4de1-86ce-915e79693bdc,WAIVER,EXECUTED,7,NightlyLeagueUpdateTaskProcessor,27,ADD,4361432.0,Romeo Doubs,0.0,7.0,2022-09-28
2022,4,4d07bd83-d456-4df8-91cb-286b5900b2a7,0a10acaf-0252-4de1-86ce-915e79693bdc,WAIVER,EXECUTED,7,NightlyLeagueUpdateTaskProcessor,27,DROP,2574808.0,Robbie Anderson,7.0,0.0,2022-09-28
2022,4,e85ee6c5-d96b-4429-8a31-165bebc79348,012630d2-75c6-46ab-a733-596ab154aaee,TRADE_DECLINE,EXECUTED,4,{8242D4C8-FCD1-4A28-9373-CD282687A8E7},0,,,,,,2022-09-28
2022,4,edb8bd7a-ee04-46b9-8c66-c2bdbb0a24cc,,FREEAGENT,EXECUTED,5,{77F704CF-0C76-4984-9A71-8BD39511C19F},0,ADD,2576980.0,Marcus Mariota,0.0,5.0,2022-09-30
2022,4,edb8bd7a-ee04-46b9-8c66-c2bdbb0a24cc,,FREEAGENT,EXECUTED,5,{77F704CF-0C76-4984-9A71-8BD39511C19F},0,DROP,3051738.0,Marquez Valdes-Scantling,5.0,0.0,2022-09-30
2022,4,9fa00fc3-6cc6-4de9-8f42-41e2214aa2a9,6eaa31c5-e08e-4567-9d21-f72bfb627333,WAIVER,EXECUTED,14,NightlyLeagueUpdateTaskProcessor,4,ADD,3116389.0,Samaje Perine,0.0,14.0,2022-09-28
2022,4,9fa00fc3-6cc6-4de9-8f42-41e2214aa2a9,6eaa31c5-e08e-4567-9d21-f72bfb627333,WAIVER,EXECUTED,14,NightlyLeagueUpdateTaskProcessor,4,DROP,2976592.0,Sterling Shepard,14.0,0.0,2022-09-28
2022,4,d87c0059-e699-4dda-b428-e8aa1a92c51b,7adfaf1d-0be9-4c00-a830-e59252f65173,TRADE_PROPOSAL,CANCELED,8,{00408013-39CF-40FC-8080-1339CFD0FC06},0,TRADE,4360438.0,Brandon Aiyuk,8.0,7.0,2022-09-28
2022,4,d87c0059-e699-4dda-b428-e8aa1a92c51b,7adfaf1d-0be9-4c00-a830-e59252f65173,TRADE_PROPOSAL,CANCELED,8,{00408013-39CF-40FC-8080-1339CFD0FC06},0,TRADE,4239993.0,Tee Higgins,8.0,7.0,2022-09-28
2022,4,d87c0059-e699-4dda-b428-e8aa1a92c51b,7adfaf1d-0be9-4c00-a830-e59252f65173,TRADE_PROPOSAL,CANCELED,8,{00408013-39CF-40FC-8080-1339CFD0FC06},0,TRADE,4360939.0,Rashod Bateman,7.0,8.0,2022-09-28
2022,4,d87c0059-e699-4dda-b428-e8aa1a92c51b,7adfaf1d-0be9-4c00-a830-e59252f65173,TRADE_PROPOSAL,CANCELED,8,{00408013-39CF-40FC-8080-1339CFD0FC06},0,TRADE,3042519.0,Aaron Jones,7.0,8.0,2022-09-28
2022,4,9f430546-87f2-4fbb-853a-e5775ebc1252,6e12ca98-91f4-46af-acf6-26f2c4e31583,WAIVER,EXECUTED,10,NightlyLeagueUpdateTaskProcessor,10,ADD,3123076.0,David Njoku,0.0,10.0,2022-09-28
2022,4,9f430546-87f2-4fbb-853a-e5775ebc1252,6e12ca98-91f4-46af-acf6-26f2c4e31583,WAIVER,EXECUTED,10,NightlyLeagueUpdateTaskProcessor,10,DROP,3930086.0,Dawson Knox,10.0,0.0,2022-09-28
2022,4,17445226-4518-4060-910e-e7b955b444da,9a494e10-2c1b-4d4a-829b-77b8e286318f,WAIVER,EXECUTED,1,NightlyLeagueUpdateTaskProcessor,1,ADD,-16019.0,Giants D/ST,0.0,1.0,2022-09-28
2022,4,17445226-4518-4060-910e-e7b955b444da,9a494e10-2c1b-4d4a-829b-77b8e286318f,WAIVER,EXECUTED,1,NightlyLeagueUpdateTaskProcessor,1,DROP,2576980.0,Marcus Mariota,1.0,0.0,2022-09-28
2022,4,e23f01b3-4a51-4be9-8bc5-149ceb1e7650,,FREEAGENT,EXECUTED,4,{8242D4C8-FCD1-4A28-9373-CD282687A8E7},0,ADD,2975674.0,Robert Tonyan,0.0,4.0,2022-09-28
2022,4,e23f01b3-4a51-4be9-8bc5-149ceb1e7650,,FREEAGENT,EXECUTED,4,{8242D4C8-FCD1-4A28-9373-CD282687A8E7},0,DROP,3116164.0,Mike Gesicki,4.0,0.0,2022-09-28
2022,5,11fc753e-3e9b-4ae4-8e5e-398195a68179,926a837c-a328-4fe4-ab32-e4c28665728e,WAIVER,FAILED_INVALIDPLAYERSOURCE,14,NightlyLeagueUpdateTaskProcessor,3,ADD,-16030.0,Jaguars D/ST,0.0,14.0,2022-10-05
2022,5,11fc753e-3e9b-4ae4-8e5e-398195a68179,926a837c-a328-4fe4-ab32-e4c28665728e,WAIVER,FAILED_INVALIDPLAYERSOURCE,14,NightlyLeagueUpdateTaskProcessor,3,DROP,-16024.0,Chargers D/ST,14.0,0.0,2022-10-05
2022,5,04381c2d-89d8-48ee-b02c-7905cd9f55ac,,TRADE_PROPOSAL,PENDING,10,{2C8A1B87-268B-45A5-A0E5-C4A3F61C9BC2},0,TRADE,4374302.0,Amon-Ra St. Brown,6.0,10.0,2022-10-05
2022,5,04381c2d-89d8-48ee-b02c-7905cd9f55ac,,TRADE_PROPOSAL,PENDING,10,{2C8A1B87-268B-45A5-A0E5-C4A3F61C9BC2},0,TRADE,3120348.0,JuJu Smith-Schuster,10.0,6.0,2022-10-05
2022,5,04381c2d-89d8-48ee-b02c-7905cd9f55ac,,TRADE_PROPOSAL,PENDING,10,{2C8A1B87-268B-45A5-A0E5-C4A3F61C9BC2},0,TRADE,3139925.0,Rashaad Penny,10.0,6.0,2022-10-05
2022,5,464b8d38-2443-4869-847a-d7789aa7e879,0a031ddf-6f40-42f2-b685-5680357f90da,WAIVER,FAILED_INVALIDPLAYERSOURCE,5,NightlyLeagueUpdateTaskProcessor,9,ADD,3139033.0,Mike Boone,0.0,5.0,2022-10-05
2022,5,fe01d467-bb87-4599-8d3d-6f149fde1615,7216aa3d-75fd-40ac-860c-d1e8e1ca53f1,TRADE_PROPOSAL,CANCELED,2,{EC970810-E14F-4307-8FA6-3BAE92CC1B4E},0,TRADE,3115364.0,Leonard Fournette,10.0,2.0,2022-10-05
2022,5,fe01d467-bb87-4599-8d3d-6f149fde1615,7216aa3d-75fd-40ac-860c-d1e8e1ca53f1,TRADE_PROPOSAL,CANCELED,2,{EC970810-E14F-4307-8FA6-3BAE92CC1B4E},0,TRADE,3045144.0,Tyler Boyd,2.0,10.0,2022-10-05
2022,5,fe01d467-bb87-4599-8d3d-6f149fde1615,7216aa3d-75fd-40ac-860c-d1e8e1ca53f1,TRADE_PROPOSAL,CANCELED,2,{EC970810-E14F-4307-8FA6-3BAE92CC1B4E},0,TRADE,3045147.0,James Conner,2.0,10.0,2022-10-05
2022,5,d21464b2-6c0e-4e06-b193-ff0951d101f1,29bae71f-296e-409c-ab3d-271da1adf3da,WAIVER,FAILED_INVALIDPLAYERSOURCE,14,NightlyLeagueUpdateTaskProcessor,11,ADD,3139033.0,Mike Boone,0.0,14.0,2022-10-05
2022,5,d21464b2-6c0e-4e06-b193-ff0951d101f1,29bae71f-296e-409c-ab3d-271da1adf3da,WAIVER,FAILED_INVALIDPLAYERSOURCE,14,NightlyLeagueUpdateTaskProcessor,11,DROP,4242873.0,Eno Benjamin,14.0,0.0,2022-10-05
2022,5,d4d2165e-1ed4-4407-bf86-e0b6925ada21,f3e47baf-649c-4e2a-a939-a0fce90b2aab,WAIVER,EXECUTED,4,NightlyLeagueUpdateTaskProcessor,4,ADD,4244732.0,Caleb Huntley,0.0,4.0,2022-10-05
2022,5,04f6acdf-5776-47c9-84b1-13962b8ac332,,ROSTER,EXECUTED,5,{77F704CF-0C76-4984-9A71-8BD39511C19F},0,DROP,4242433.0,Joshua Palmer,5.0,0.0,2022-10-04
2022,5,28d616f7-d61a-4492-ba65-4757e497d61e,2f395b71-881f-42e9-9ad6-1bacfae11803,TRADE_PROPOSAL,CANCELED,10,{8242D4C8-FCD1-4A28-9373-CD282687A8E7},0,TRADE,3128390.0,Allen Lazard,4.0,10.0,2022-10-04
2022,5,28d616f7-d61a-4492-ba65-4757e497d61e,2f395b71-881f-42e9-9ad6-1bacfae11803,TRADE_PROPOSAL,CANCELED,10,{8242D4C8-FCD1-4A28-9373-CD282687A8E7},0,TRADE,4569618.0,Garrett Wilson,4.0,10.0,2022-10-04
2022,5,28d616f7-d61a-4492-ba65-4757e497d61e,2f395b71-881f-42e9-9ad6-1bacfae11803,TRADE_PROPOSAL,CANCELED,10,{8242D4C8-FCD1-4A28-9373-CD282687A8E7},0,TRADE,3915486.0,Tyler Conklin,10.0,4.0,2022-10-04
2022,5,28d616f7-d61a-4492-ba65-4757e497d61e,2f395b71-881f-42e9-9ad6-1bacfae11803,TRADE_PROPOSAL,CANCELED,10,{8242D4C8-FCD1-4A28-9373-CD282687A8E7},0,TRADE,3120348.0,JuJu Smith-Schuster,10.0,4.0,2022-10-04
2022,5,fd940114-4330-4d76-b934-f4607865ed77,,FREEAGENT,EXECUTED,1,{C1E09685-96D1-4750-BA21-8BE16D3BF7CA},0,ADD,4569987.0,Jaylen Warren,0.0,1.0,2022-10-09
2022,5,98d8addc-ba16-4e5d-a8f3-15ce694252a5,84dfcdad-f205-4513-9d0c-146eea125951,WAIVER,EXECUTED,10,NightlyLeagueUpdateTaskProcessor,8,ADD,15920.0,Latavius Murray,0.0,10.0,2022-10-05
2022,5,98d8addc-ba16-4e5d-a8f3-15ce694252a5,84dfcdad-f205-4513-9d0c-146eea125951,WAIVER,EXECUTED,10,NightlyLeagueUpdateTaskProcessor,8,DROP,4037235.0,Greg Dortch,10.0,0.0,2022-10-05
2022,5,f9c4eddc-2bf5-4bbd-a052-bfe533ef403d,,FREEAGENT,EXECUTED,5,{77F704CF-0C76-4984-9A71-8BD39511C19F},0,ADD,3915486.0,Tyler Conklin,0.0,5.0,2022-10-06
2022,5,f9c4eddc-2bf5-4bbd-a052-bfe533ef403d,,FREEAGENT,EXECUTED,5,{77F704CF-0C76-4984-9A71-8BD39511C19F},0,DROP,3122899.0,Richie James,5.0,0.0,2022-10-06
2022,5,0650fa40-fd3e-4905-b424-6f81d95bb9f9,,WAIVER,PENDING,10,{2C8A1B87-268B-45A5-A0E5-C4A3F61C9BC2},27,ADD,3139033.0,Mike Boone,0.0,10.0,2022-10-04
2022,5,0650fa40-fd3e-4905-b424-6f81d95bb9f9,,WAIVER,PENDING,10,{2C8A1B87-268B-45A5-A0E5-C4A3F61C9BC2},27,DROP,4037235.0,Greg Dortch,10.0,0.0,2022-10-04
2022,5,bd04d681-7ff3-4560-b92e-b6c415462067,841f4723-2bb8-4b98-9ef7-ecea49d22b93,WAIVER,FAILED_INVALIDPLAYERSOURCE,7,NightlyLeagueUpdateTaskProcessor,6,ADD,3042778.0,Corey Davis,0.0,7.0,2022-10-05
2022,5,bd04d681-7ff3-4560-b92e-b6c415462067,841f4723-2bb8-4b98-9ef7-ecea49d22b93,WAIVER,FAILED_INVALIDPLAYERSOURCE,7,NightlyLeagueUpdateTaskProcessor,6,DROP,16799.0,Allen Robinson II,7.0,0.0,2022-10-05
2022,5,5b733eec-ac0f-484f-815d-6f17f8a48403,,WAIVER,PENDING,10,{2C8A1B87-268B-45A5-A0E5-C4A3F61C9BC2},13,ADD,3042778.0,Corey Davis,0.0,10.0,2022-10-04
2022,5,5b733eec-ac0f-484f-815d-6f17f8a48403,,WAIVER,PENDING,10,{2C8A1B87-268B-45A5-A0E5-C4A3F61C9BC2},13,DROP,3915486.0,Tyler Conklin,10.0,0.0,2022-10-04
2022,5,ad4222eb-4c3e-4eed-9501-add4c384a289,0650fa40-fd3e-4905-b424-6f81d95bb9f9,WAIVER,CANCELED,10,{2C8A1B87-268B-45A5-A0E5-C4A3F61C9BC2},0,ADD,3139033.0,Mike Boone,0.0,10.0,2022-10-04
2022,5,ad4222eb-4c3e-4eed-9501-add4c384a289,0650fa40-fd3e-4905-b424-6f81d95bb9f9,WAIVER,CANCELED,10,{2C8A1B87-268B-45A5-A0E5-C4A3F61C9BC2},0,DROP,4037235.0,Greg Dortch,10.0,0.0,2022-10-04
2022,5,59ad3471-2e3c-4504-ac5e-e2ac12e3aecb,3214a607-a5c8-4d73-ba44-e986076fdbde,TRADE_DECLINE,EXECUTED,6,{FE8F6865-8A47-4C3A-8D66-0780982B48DD},0,,,,,,2022-10-06
2022,5,2e032b02-1719-4708-a693-37ae8ec8a7dc,c3a0ee7b-ef7d-4b0f-9898-99dad0797db7,WAIVER,FAILED_INVALIDPLAYERSOURCE,5,NightlyLeagueUpdateTaskProcessor,7,ADD,3042778.0,Corey Davis,0.0,5.0,2022-10-05
2022,5,0f7ca139-c55f-44b0-b0bf-0545c79126e2,04381c2d-89d8-48ee-b02c-7905cd9f55ac,TRADE_DECLINE,EXECUTED,6,{FE8F6865-8A47-4C3A-8D66-0780982B48DD},0,,,,,,2022-10-06
2022,5,cee5c365-dcf0-40af-854b-5adfdc6bf49a,,FREEAGENT,EXECUTED,10,{2C8A1B87-268B-45A5-A0E5-C4A3F61C9BC2},0,ADD,-16010.0,Titans D/ST,0.0,10.0,2022-10-05
2022,5,cee5c365-dcf0-40af-854b-5adfdc6bf49a,,FREEAGENT,EXECUTED,10,{2C8A1B87-268B-45A5-A0E5-C4A3F61C9BC2},0,DROP,-16005.0,Browns D/ST,10.0,0.0,2022-10-05
2022,5,fea83aff-309b-42d1-9e1b-b9323b38ffb0,2f395b71-881f-42e9-9ad6-1bacfae11803,TRADE_DECLINE,EXECUTED,4,{8242D4C8-FCD1-4A28-9373-CD282687A8E7},0,,,,,,2022-10-04
2022,5,84dfcdad-f205-4513-9d0c-146eea125951,,WAIVER,PENDING,10,{2C8A1B87-268B-45A5-A0E5-C4A3F61C9BC2},8,ADD,15920.0,Latavius Murray,0.0,10.0,2022-10-04
2022,5,84dfcdad-f205-4513-9d0c-146eea125951,,WAIVER,PENDING,10,{2C8A1B87-268B-45A5-A0E5-C4A3F61C9BC2},8,DROP,4037235.0,Greg Dortch,10.0,0.0,2022-10-04
2022,5,ab03acfc-14d5-4f0f-be83-78b314ac888c,,ROSTER,EXECUTED,14,{C2BAB8A3-9ED5-425C-BAB8-A39ED5B25CC2},0,DROP,3116389.0,Samaje Perine,14.0,0.0,2022-10-04
2022,5,286d9db3-c06c-4d4f-b88a-da2ded96c3e0,,ROSTER,EXECUTED,5,{77F704CF-0C76-4984-9A71-8BD39511C19F},0,DROP,-16023.0,Steelers D/ST,5.0,0.0,2022-10-04
2022,5,2f395b71-881f-42e9-9ad6-1bacfae11803,,TRADE_PROPOSAL,PENDING,10,{2C8A1B87-268B-45A5-A0E5-C4A3F61C9BC2},0,TRADE,3128390.0,Allen Lazard,4.0,10.0,2022-10-04
2022,5,2f395b71-881f-42e9-9ad6-1bacfae11803,,TRADE_PROPOSAL,PENDING,10,{2C8A1B87-268B-45A5-A0E5-C4A3F61C9BC2},0,TRADE,4569618.0,Garrett Wilson,4.0,10.0,2022-10-04
2022,5,2f395b71-881f-42e9-9ad6-1bacfae11803,,TRADE_PROPOSAL,PENDING,10,{2C8A1B87-268B-45A5-A0E5-C4A3F61C9BC2},0,TRADE,3915486.0,Tyler Conklin,10.0,4.0,2022-10-04
2022,5,2f395b71-881f-42e9-9ad6-1bacfae11803,,TRADE_PROPOSAL,PENDING,10,{2C8A1B87-268B-45A5-A0E5-C4A3F61C9BC2},0,TRADE,3120348.0,JuJu Smith-Schuster,10.0,4.0,2022-10-04
2022,5,994842cc-2329-42a2-9da9-41c2cbfdc8bf,75084e4e-a1f0-49a2-bb2c-30073af8454d,TRADE_DECLINE,EXECUTED,3,{C52D799E-6C1C-44B9-8371-9B6AF857D8E8},0,,,,,,2022-10-07
2022,5,be531f94-9134-4b20-b2b5-944c96813ce5,b00a2e0f-c2df-45f3-9fd5-7fd03375b493,TRADE_PROPOSAL,CANCELED,8,{00408013-39CF-40FC-8080-1339CFD0FC06},0,TRADE,4239993.0,Tee Higgins,8.0,7.0,2022-10-05
2022,5,be531f94-9134-4b20-b2b5-944c96813ce5,b00a2e0f-c2df-45f3-9fd5-7fd03375b493,TRADE_PROPOSAL,CANCELED,8,{00408013-39CF-40FC-8080-1339CFD0FC06},0,TRADE,3042519.0,Aaron Jones,7.0,8.0,2022-10-05
2022,5,ec88573e-9fb3-4aad-b2c1-0d340e829ce3,db1ac3ac-3234-497d-b707-48e15be881e8,WAIVER,FAILED_INVALIDPLAYERSOURCE,14,NightlyLeagueUpdateTaskProcessor,3,ADD,3918639.0,Gerald Everett,0.0,14.0,2022-10-05
2022,5,ec88573e-9fb3-4aad-b2c1-0d340e829ce3,db1ac3ac-3234-497d-b707-48e15be881e8,WAIVER,FAILED_INVALIDPLAYERSOURCE,14,NightlyLeagueUpdateTaskProcessor,3,DROP,3115394.0,DJ Chark,14.0,0.0,2022-10-05
2022,5,065ccd1e-d88b-4b56-8bcf-b352dbf9c7b7,,FREEAGENT,EXECUTED,8,{00408013-39CF-40FC-8080-1339CFD0FC06},0,ADD,3051926.0,Gus Edwards,0.0,8.0,2022-10-05
2022,5,7ea7fae7-8e4f-4748-b2a9-2c6e8efc12c8,720fd9b7-1efb-429d-b805-65f3f9d968f6,WAIVER,EXECUTED,12,NightlyLeagueUpdateTaskProcessor,1,ADD,-16015.0,Dolphins D/ST,0.0,12.0,2022-10-05
2022,5,7ea7fae7-8e4f-4748-b2a9-2c6e8efc12c8,720fd9b7-1efb-429d-b805-65f3f9d968f6,WAIVER,EXECUTED,12,NightlyLeagueUpdateTaskProcessor,1,DROP,-16011.0,Colts D/ST,12.0,0.0,2022-10-05
2022,5,126453d5-deb4-45a4-bcb1-660378e44c39,04381c2d-89d8-48ee-b02c-7905cd9f55ac,TRADE_PROPOSAL,CANCELED,10,{FE8F6865-8A47-4C3A-8D66-0780982B48DD},0,TRADE,4374302.0,Amon-Ra St. Brown,6.0,10.0,2022-10-06
2022,5,126453d5-deb4-45a4-bcb1-660378e44c39,04381c2d-89d8-48ee-b02c-7905cd9f55ac,TRADE_PROPOSAL,CANCELED,10,{FE8F6865-8A47-4C3A-8D66-0780982B48DD},0,TRADE,3120348.0,JuJu Smith-Schuster,10.0,6.0,2022-10-06
2022,5,126453d5-deb4-45a4-bcb1-660378e44c39,04381c2d-89d8-48ee-b02c-7905cd9f55ac,TRADE_PROPOSAL,CANCELED,10,{FE8F6865-8A47-4C3A-8D66-0780982B48DD},0,TRADE,3139925.0,Rashaad Penny,10.0,6.0,2022-10-06
2022,5,7bd42f76-2213-4edc-bfeb-a212c50490d3,413f51c6-5ae9-4bae-a79d-1c61909fe554,WAIVER,EXECUTED,14,NightlyLeagueUpdateTaskProcessor,2,ADD,4426475.0,Tyrion Davis-Price,0.0,14.0,2022-10-05
2022,5,7bd42f76-2213-4edc-bfeb-a212c50490d3,413f51c6-5ae9-4bae-a79d-1c61909fe554,WAIVER,EXECUTED,14,NightlyLeagueUpdateTaskProcessor,2,DROP,3126246.0,Dontrell Hilliard,14.0,0.0,2022-10-05
2022,5,4dae6d03-5ca5-4470-829c-6ef8dcccf217,,FREEAGENT,EXECUTED,8,{00408013-39CF-40FC-8080-1339CFD0FC06},0,ADD,4242433.0,Joshua Palmer,0.0,8.0,2022-10-09
2022,5,4dae6d03-5ca5-4470-829c-6ef8dcccf217,,FREEAGENT,EXECUTED,8,{00408013-39CF-40FC-8080-1339CFD0FC06},0,DROP,3051926.0,Gus Edwards,8.0,0.0,2022-10-09
2022,5,7216aa3d-75fd-40ac-860c-d1e8e1ca53f1,,TRADE_PROPOSAL,PENDING,2,{EC970810-E14F-4307-8FA6-3BAE92CC1B4E},0,TRADE,3115364.0,Leonard Fournette,10.0,2.0,2022-10-04
2022,5,7216aa3d-75fd-40ac-860c-d1e8e1ca53f1,,TRADE_PROPOSAL,PENDING,2,{EC970810-E14F-4307-8FA6-3BAE92CC1B4E},0,TRADE,3045144.0,Tyler Boyd,2.0,10.0,2022-10-04
2022,5,7216aa3d-75fd-40ac-860c-d1e8e1ca53f1,,TRADE_PROPOSAL,PENDING,2,{EC970810-E14F-4307-8FA6-3BAE92CC1B4E},0,TRADE,3045147.0,James Conner,2.0,10.0,2022-10-04
2022,5,894e6437-9751-4942-9369-7b683033773d,f082b2e2-6a18-4032-8e5c-9f73a1c150de,WAIVER,FAILED_INVALIDPLAYERSOURCE,4,NightlyLeagueUpdateTaskProcessor,3,ADD,3042778.0,Corey Davis,0.0,4.0,2022-10-05
2022,5,894e6437-9751-4942-9369-7b683033773d,f082b2e2-6a18-4032-8e5c-9f73a1c150de,WAIVER,FAILED_INVALIDPLAYERSOURCE,4,NightlyLeagueUpdateTaskProcessor,3,DROP,3128724.0,Isaiah McKenzie,4.0,0.0,2022-10-05
2022,5,d62c0ba5-9952-4537-b76c-4d12afb97b84,5b733eec-ac0f-484f-815d-6f17f8a48403,WAIVER,EXECUTED,10,NightlyLeagueUpdateTaskProcessor,13,ADD,3042778.0,Corey Davis,0.0,10.0,2022-10-05
2022,5,d62c0ba5-9952-4537-b76c-4d12afb97b84,5b733eec-ac0f-484f-815d-6f17f8a48403,WAIVER,EXECUTED,10,NightlyLeagueUpdateTaskProcessor,13,DROP,3915486.0,Tyler Conklin,10.0,0.0,2022-10-05
2022,5,70e95ef1-b655-4da3-853e-aced11bf9046,,ROSTER,EXECUTED,8,{00408013-39CF-40FC-8080-1339CFD0FC06},0,DROP,4361579.0,Javonte Williams,8.0,0.0,2022-10-04
2022,5,cee0e864-1e29-4499-a8e1-543db12912a0,a03f4a1d-cfbd-4e3c-9b94-99c507e746a9,WAIVER,EXECUTED,1,NightlyLeagueUpdateTaskProcessor,2,ADD,3930086.0,Dawson Knox,0.0,1.0,2022-10-05
2022,5,cee0e864-1e29-4499-a8e1-543db12912a0,a03f4a1d-cfbd-4e3c-9b94-99c507e746a9,WAIVER,EXECUTED,1,NightlyLeagueUpdateTaskProcessor,2,DROP,-16019.0,Giants D/ST,1.0,0.0,2022-10-05
2022,5,28a6805b-deb6-405f-af47-c2e4daffba69,f43d05b1-27a4-4793-8148-e829dfb2bd1c,WAIVER,EXECUTED,2,NightlyLeagueUpdateTaskProcessor,10,ADD,15864.0,Geno Smith,0.0,2.0,2022-10-05
2022,5,28a6805b-deb6-405f-af47-c2e4daffba69,f43d05b1-27a4-4793-8148-e829dfb2bd1c,WAIVER,EXECUTED,2,NightlyLeagueUpdateTaskProcessor,10,DROP,3121409.0,Noah Brown,2.0,0.0,2022-10-05
2022,5,748d5b4d-e96b-4d6a-a90a-7d87e625fb8a,5e6521f1-7322-4d51-b573-50c2ef3e6643,WAIVER,EXECUTED,5,NightlyLeagueUpdateTaskProcessor,3,ADD,-16030.0,Jaguars D/ST,0.0,5.0,2022-10-05
2022,5,1d2b9cbc-206f-4c3e-ac07-8244a5c5ada1,,FREEAGENT,EXECUTED,14,{C2BAB8A3-9ED5-425C-BAB8-A39ED5B25CC2},0,ADD,-16016.0,Vikings D/ST,0.0,14.0,2022-10-05
2022,5,1d2b9cbc-206f-4c3e-ac07-8244a5c5ada1,,FREEAGENT,EXECUTED,14,{C2BAB8A3-9ED5-425C-BAB8-A39ED5B25CC2},0,DROP,-16024.0,Chargers D/ST,14.0,0.0,2022-10-05
2022,5,c2a02489-afa9-4f9c-8edb-d564b7bc7ceb,,FREEAGENT,EXECUTED,5,{77F704CF-0C76-4984-9A71-8BD39511C19F},0,ADD,4361259.0,Zach Wilson,0.0,5.0,2022-10-05
2022,5,88d8ef56-be35-4385-8b6f-d14fcd6c5d0f,,ROSTER,EXECUTED,13,{85A6A0E4-D846-4046-B7F8-487FAD9165E0},0,DROP,4697815.0,Rachaad White,13.0,0.0,2022-10-08
2022,5,25486637-6f29-4d25-9752-8751a81ed312,7c8cc082-03fa-467d-abe3-22a07280df85,WAIVER,FAILED_INVALIDPLAYERSOURCE,13,NightlyLeagueUpdateTaskProcessor,8,ADD,3918639.0,Gerald Everett,0.0,13.0,2022-10-05
2022,5,25486637-6f29-4d25-9752-8751a81ed312,7c8cc082-03fa-467d-abe3-22a07280df85,WAIVER,FAILED_INVALIDPLAYERSOURCE,13,NightlyLeagueUpdateTaskProcessor,8,DROP,3924365.0,Hayden Hurst,13.0,0.0,2022-10-05
2022,5,af2844ab-2bd1-49a1-808a-584c0d93dc50,a1e7fbac-f9d6-4b45-8adb-be52fd6ca9a0,WAIVER,EXECUTED,8,NightlyLeagueUpdateTaskProcessor,30,ADD,3139033.0,Mike Boone,0.0,8.0,2022-10-05
2022,5,af2844ab-2bd1-49a1-808a-584c0d93dc50,a1e7fbac-f9d6-4b45-8adb-be52fd6ca9a0,WAIVER,EXECUTED,8,NightlyLeagueUpdateTaskProcessor,30,DROP,16790.0,Jarvis Landry,8.0,0.0,2022-10-05
2022,5,753aabbc-b8af-4bd4-a087-47186acfb4ce,,FREEAGENT,EXECUTED,1,{C1E09685-96D1-4750-BA21-8BE16D3BF7CA},0,ADD,3051738.0,Marquez Valdes-Scantling,0.0,1.0,2022-10-06
2022,5,753aabbc-b8af-4bd4-a087-47186acfb4ce,,FREEAGENT,EXECUTED,1,{C1E09685-96D1-4750-BA21-8BE16D3BF7CA},0,DROP,15072.0,Marvin Jones Jr.,1.0,0.0,2022-10-06
2022,5,e7e4afaa-d2df-430c-bd7b-a7b3ed5b2e15,d05d089c-2b94-4225-859a-9f90eea7edce,WAIVER,EXECUTED,8,NightlyLeagueUpdateTaskProcessor,35,ADD,3918639.0,Gerald Everett,0.0,8.0,2022-10-05
2022,5,e7e4afaa-d2df-430c-bd7b-a7b3ed5b2e15,d05d089c-2b94-4225-859a-9f90eea7edce,WAIVER,EXECUTED,8,NightlyLeagueUpdateTaskProcessor,35,DROP,3115378.0,Russell Gage,8.0,0.0,2022-10-05
2022,5,6b4ce615-e27a-4c9a-ae58-52465602276e,cb4812aa-8c9f-46fc-a44a-fbcc0fc14cc1,WAIVER,FAILED_INVALIDPLAYERSOURCE,1,NightlyLeagueUpdateTaskProcessor,3,ADD,3918639.0,Gerald Everett,0.0,1.0,2022-10-05
2022,5,6b4ce615-e27a-4c9a-ae58-52465602276e,cb4812aa-8c9f-46fc-a44a-fbcc0fc14cc1,WAIVER,FAILED_INVALIDPLAYERSOURCE,1,NightlyLeagueUpdateTaskProcessor,3,DROP,-16019.0,Giants D/ST,1.0,0.0,2022-10-05
2022,5,af1545cd-455a-46ec-b433-2d6ff01e746d,50a065af-686b-4ad7-b52a-31506d64f610,WAIVER,FAILED_INVALIDPLAYERSOURCE,1,NightlyLeagueUpdateTaskProcessor,2,ADD,15920.0,Latavius Murray,0.0,1.0,2022-10-05
2022,5,af1545cd-455a-46ec-b433-2d6ff01e746d,50a065af-686b-4ad7-b52a-31506d64f610,WAIVER,FAILED_INVALIDPLAYERSOURCE,1,NightlyLeagueUpdateTaskProcessor,2,DROP,4567156.0,Treylon Burks,1.0,0.0,2022-10-05
2022,5,a84789fa-4692-490f-9d8c-60ba92aab45c,26ab65f2-ac6a-4dc3-965e-ccd070d3834a,WAIVER,FAILED_INVALIDPLAYERSOURCE,1,NightlyLeagueUpdateTaskProcessor,3,ADD,3139033.0,Mike Boone,0.0,1.0,2022-10-05
2022,5,a84789fa-4692-490f-9d8c-60ba92aab45c,26ab65f2-ac6a-4dc3-965e-ccd070d3834a,WAIVER,FAILED_INVALIDPLAYERSOURCE,1,NightlyLeagueUpdateTaskProcessor,3,DROP,15072.0,Marvin Jones Jr.,1.0,0.0,2022-10-05
2022,5,b778ae4c-5518-4b91-8c3a-825e17cce0f6,,ROSTER,EXECUTED,5,{77F704CF-0C76-4984-9A71-8BD39511C19F},0,DROP,2576980.0,Marcus Mariota,5.0,0.0,2022-10-04
2022,6,cc089265-def2-40df-9f6c-3f8f2d500364,0c6f4655-1a19-430b-af40-570f5b7a2083,TRADE_UPHOLD,EXECUTED,14,{C2BAB8A3-9ED5-425C-BAB8-A39ED5B25CC2},0,,,,,,2022-10-13
2022,6,5fb64c71-e77f-4961-8aaf-23129d2ad9d8,,FREEAGENT,EXECUTED,7,{430447A7-381F-4E40-AD53-6A9C1F157A25},0,ADD,4362887.0,Justin Fields,0.0,7.0,2022-10-12
2022,6,ebac445f-870b-4c42-9efe-f07a33defff7,a3fb3b42-bcee-4b4d-9a05-f2fc4a2e9f03,WAIVER,FAILED_INVALIDPLAYERSOURCE,13,NightlyLeagueUpdateTaskProcessor,13,ADD,4697815.0,Rachaad White,0.0,13.0,2022-10-12
2022,6,ebac445f-870b-4c42-9efe-f07a33defff7,a3fb3b42-bcee-4b4d-9a05-f2fc4a2e9f03,WAIVER,FAILED_INVALIDPLAYERSOURCE,13,NightlyLeagueUpdateTaskProcessor,13,DROP,-16007.0,Broncos D/ST,13.0,0.0,2022-10-12
2022,6,e6102a4e-bf0d-4e7f-b6cb-be0b0f88eedc,0c6f4655-1a19-430b-af40-570f5b7a2083,TRADE_UPHOLD,EXECUTED,1,{C1E09685-96D1-4750-BA21-8BE16D3BF7CA},0,,,,,,2022-10-13
2022,6,1d44aaa3-629d-41a9-b9f8-4f37880c018c,,FREEAGENT,EXECUTED,5,{77F704CF-0C76-4984-9A71-8BD39511C19F},0,ADD,3051876.0,Evan Engram,0.0,5.0,2022-10-13
2022,6,1d44aaa3-629d-41a9-b9f8-4f37880c018c,,FREEAGENT,EXECUTED,5,{77F704CF-0C76-4984-9A71-8BD39511C19F},0,DROP,4361259.0,Zach Wilson,5.0,0.0,2022-10-13
2022,6,de461ad3-58ee-44c8-9cb4-b5c58aeadd56,,ROSTER,EXECUTED,5,{77F704CF-0C76-4984-9A71-8BD39511C19F},0,DROP,3915486.0,Tyler Conklin,5.0,0.0,2022-10-11
2022,6,e79f2f40-1daa-49f4-bd00-2c649cb4274c,,FREEAGENT,EXECUTED,3,{C52D799E-6C1C-44B9-8371-9B6AF857D8E8},0,ADD,4040980.0,Irv Smith Jr.,0.0,3.0,2022-10-15
2022,6,2723e092-6863-463e-9c1d-43d3228fcea9,0c6f4655-1a19-430b-af40-570f5b7a2083,TRADE_ACCEPT,,6,{FE8F6865-8A47-4C3A-8D66-0780982B48DD},0,,,,,,2022-10-13
2022,6,3beaf534-7742-49f5-91cf-b3c2b04adc3c,1369b93d-a329-4e96-94de-22a096d15e6b,WAIVER,FAILED_INVALIDPLAYERSOURCE,4,NightlyLeagueUpdateTaskProcessor,5,ADD,2468609.0,Taysom Hill,0.0,4.0,2022-10-12
2022,6,3beaf534-7742-49f5-91cf-b3c2b04adc3c,1369b93d-a329-4e96-94de-22a096d15e6b,WAIVER,FAILED_INVALIDPLAYERSOURCE,4,NightlyLeagueUpdateTaskProcessor,5,DROP,16782.0,Jerick McKinnon,4.0,0.0,2022-10-12
2022,6,1dc7cbbe-fceb-4255-bf2d-8a0dfbca053d,80ade454-4993-4f8a-ac53-fbfe150b4260,WAIVER,FAILED_INVALIDPLAYERSOURCE,7,NightlyLeagueUpdateTaskProcessor,2,ADD,4697815.0,Rachaad White,0.0,7.0,2022-10-12
2022,6,563fb35e-c576-4ddc-9d8c-adae16516cb8,,FREEAGENT,EXECUTED,5,{77F704CF-0C76-4984-9A71-8BD39511C19F},0,ADD,3916945.0,Darius Slayton,0.0,5.0,2022-10-15
2022,6,edef76f2-7037-41a7-b55d-9f87ddc05e37,,FREEAGENT,EXECUTED,2,{EC970810-E14F-4307-8FA6-3BAE92CC1B4E},0,ADD,14053.0,Randall Cobb,0.0,2.0,2022-10-14
2022,6,edef76f2-7037-41a7-b55d-9f87ddc05e37,,FREEAGENT,EXECUTED,2,{EC970810-E14F-4307-8FA6-3BAE92CC1B4E},0,DROP,12483.0,Matthew Stafford,2.0,0.0,2022-10-14
2022,6,ae51a360-ddc5-476d-9cf8-3b0222980fd0,,ROSTER,EXECUTED,6,{FE8F6865-8A47-4C3A-8D66-0780982B48DD},0,LINEUP,15818.0,Keenan Allen,0.0,0.0,2022-10-11
2022,6,ae51a360-ddc5-476d-9cf8-3b0222980fd0,,ROSTER,EXECUTED,6,{FE8F6865-8A47-4C3A-8D66-0780982B48DD},0,LINEUP,4374302.0,Amon-Ra St. Brown,0.0,0.0,2022-10-11
2022,6,ae51a360-ddc5-476d-9cf8-3b0222980fd0,,ROSTER,EXECUTED,6,{FE8F6865-8A47-4C3A-8D66-0780982B48DD},0,LINEUP,4039050.0,Devin Duvernay,0.0,0.0,2022-10-11
2022,6,ae51a360-ddc5-476d-9cf8-3b0222980fd0,,ROSTER,EXECUTED,6,{FE8F6865-8A47-4C3A-8D66-0780982B48DD},0,LINEUP,4567048.0,Kenneth Walker III,0.0,0.0,2022-10-11
2022,6,ae51a360-ddc5-476d-9cf8-3b0222980fd0,,ROSTER,EXECUTED,6,{FE8F6865-8A47-4C3A-8D66-0780982B48DD},0,LINEUP,2576414.0,Raheem Mostert,0.0,0.0,2022-10-11
2022,6,ae51a360-ddc5-476d-9cf8-3b0222980fd0,,ROSTER,EXECUTED,6,{FE8F6865-8A47-4C3A-8D66-0780982B48DD},0,LINEUP,4242335.0,Jonathan Taylor,0.0,0.0,2022-10-11
2022,6,ae51a360-ddc5-476d-9cf8-3b0222980fd0,,ROSTER,EXECUTED,6,{FE8F6865-8A47-4C3A-8D66-0780982B48DD},0,DROP,15971.0,Rex Burkhead,6.0,0.0,2022-10-11
2022,6,4d5bb6f0-a85a-4ee8-8ec4-14ec68da2332,5ac968b5-8499-44b5-97d7-4d98eb473eeb,WAIVER,EXECUTED,14,NightlyLeagueUpdateTaskProcessor,1,ADD,-16028.0,Commanders D/ST,0.0,14.0,2022-10-12
2022,6,4d5bb6f0-a85a-4ee8-8ec4-14ec68da2332,5ac968b5-8499-44b5-97d7-4d98eb473eeb,WAIVER,EXECUTED,14,NightlyLeagueUpdateTaskProcessor,1,DROP,-16016.0,Vikings D/ST,14.0,0.0,2022-10-12
2022,6,10d95457-a1b8-4e5a-81cb-a262e4aa0fde,5ee75bf6-d1f6-486e-b9fb-a511bd04a3dd,WAIVER,EXECUTED,5,NightlyLeagueUpdateTaskProcessor,3,ADD,15072.0,Marvin Jones Jr.,0.0,5.0,2022-10-12
2022,6,27f99e92-dfa9-473f-8346-3f04d8f33ce4,,ROSTER,EXECUTED,5,{77F704CF-0C76-4984-9A71-8BD39511C19F},0,DROP,3916945.0,Darius Slayton,5.0,0.0,2022-10-16
2022,6,28e0935b-132d-4814-93b9-29cc857675b6,ea220625-c436-43c6-8202-d19d430fdda8,WAIVER,EXECUTED,12,NightlyLeagueUpdateTaskProcessor,1,ADD,-16004.0,Bengals D/ST,0.0,12.0,2022-10-12
2022,6,28e0935b-132d-4814-93b9-29cc857675b6,ea220625-c436-43c6-8202-d19d430fdda8,WAIVER,EXECUTED,12,NightlyLeagueUpdateTaskProcessor,1,DROP,-16015.0,Dolphins D/ST,12.0,0.0,2022-10-12
2022,6,161ff409-7b89-4031-84fb-248ea3c2f226,,ROSTER,EXECUTED,5,{77F704CF-0C76-4984-9A71-8BD39511C19F},0,DROP,15072.0,Marvin Jones Jr.,5.0,0.0,2022-10-15
2022,6,b7d63a26-87e2-4e3f-a9e5-4b886945bc58,,FREEAGENT,EXECUTED,8,{00408013-39CF-40FC-8080-1339CFD0FC06},0,ADD,4242433.0,Joshua Palmer,0.0,8.0,2022-10-14
2022,6,b7d63a26-87e2-4e3f-a9e5-4b886945bc58,,FREEAGENT,EXECUTED,8,{00408013-39CF-40FC-8080-1339CFD0FC06},0,DROP,3051926.0,Gus Edwards,8.0,0.0,2022-10-14
2022,6,567ade97-d960-4fc0-bd7c-6cfb766f1081,a96c0297-3c7d-4e1c-abee-fd1f6094698a,WAIVER,FAILED_INVALIDPLAYERSOURCE,5,NightlyLeagueUpdateTaskProcessor,7,ADD,2979477.0,Tevin Coleman,0.0,5.0,2022-10-12
2022,6,b544ae37-82f2-41bd-b571-adabdb7df480,422ad6b5-da92-4912-869f-ea773f27de80,WAIVER,FAILED_INVALIDPLAYERSOURCE,3,NightlyLeagueUpdateTaskProcessor,3,ADD,2468609.0,Taysom Hill,0.0,3.0,2022-10-12
2022,6,b544ae37-82f2-41bd-b571-adabdb7df480,422ad6b5-da92-4912-869f-ea773f27de80,WAIVER,FAILED_INVALIDPLAYERSOURCE,3,NightlyLeagueUpdateTaskProcessor,3,DROP,4040655.0,Darnell Mooney,3.0,0.0,2022-10-12
2022,6,5bd88f7a-06c8-4744-b64a-e28ab323b4e5,,ROSTER,EXECUTED,7,{430447A7-381F-4E40-AD53-6A9C1F157A25},0,DROP,16799.0,Allen Robinson II,7.0,0.0,2022-10-11
2022,6,f7a9e7a7-ec39-4e69-964a-81819beeca59,,FREEAGENT,EXECUTED,5,{77F704CF-0C76-4984-9A71-8BD39511C19F},0,ADD,3127292.0,Will Dissly,0.0,5.0,2022-10-16
2022,6,239800d3-5378-4e03-a165-94d41b5121a6,,FREEAGENT,EXECUTED,8,{00408013-39CF-40FC-8080-1339CFD0FC06},0,ADD,3052117.0,Phillip Lindsay,0.0,8.0,2022-10-15
2022,6,239800d3-5378-4e03-a165-94d41b5121a6,,FREEAGENT,EXECUTED,8,{00408013-39CF-40FC-8080-1339CFD0FC06},0,DROP,2577417.0,Dak Prescott,8.0,0.0,2022-10-15
2022,6,328e6ef2-365a-4880-9fa7-c8dd8bb0a23d,,FREEAGENT,EXECUTED,10,{2C8A1B87-268B-45A5-A0E5-C4A3F61C9BC2},0,ADD,-16029.0,Panthers D/ST,0.0,10.0,2022-10-12
2022,6,328e6ef2-365a-4880-9fa7-c8dd8bb0a23d,,FREEAGENT,EXECUTED,10,{2C8A1B87-268B-45A5-A0E5-C4A3F61C9BC2},0,DROP,-16010.0,Titans D/ST,10.0,0.0,2022-10-12
2022,6,201f6513-a87d-4e01-846e-5f4abdc770d6,ceb3a3e7-5501-4a08-b45c-e6f09fa64b61,TRADE_PROPOSAL,CANCELED,8,{00408013-39CF-40FC-8080-1339CFD0FC06},0,TRADE,4262921.0,Justin Jefferson,8.0,6.0,2022-10-12
2022,6,201f6513-a87d-4e01-846e-5f4abdc770d6,ceb3a3e7-5501-4a08-b45c-e6f09fa64b61,TRADE_PROPOSAL,CANCELED,8,{00408013-39CF-40FC-8080-1339CFD0FC06},0,TRADE,4427366.0,Breece Hall,6.0,8.0,2022-10-12
2022,6,201f6513-a87d-4e01-846e-5f4abdc770d6,ceb3a3e7-5501-4a08-b45c-e6f09fa64b61,TRADE_PROPOSAL,CANCELED,8,{00408013-39CF-40FC-8080-1339CFD0FC06},0,TRADE,4374302.0,Amon-Ra St. Brown,6.0,8.0,2022-10-12
2022,6,201f6513-a87d-4e01-846e-5f4abdc770d6,ceb3a3e7-5501-4a08-b45c-e6f09fa64b61,TRADE_PROPOSAL,CANCELED,8,{00408013-39CF-40FC-8080-1339CFD0FC06},0,DROP,3051926.0,Gus Edwards,8.0,0.0,2022-10-12
2022,6,3605f97d-bac9-4097-a813-76c6e21a5abb,0c6f4655-1a19-430b-af40-570f5b7a2083,TRADE_UPHOLD,EXECUTED,8,{00408013-39CF-40FC-8080-1339CFD0FC06},0,,,,,,2022-10-13
2022,6,1b04906a-025b-4a9d-aaa0-2c301d252758,510a8699-e53f-40c1-9e5c-5ea1742a3176,WAIVER,EXECUTED,1,NightlyLeagueUpdateTaskProcessor,3,ADD,3910544.0,Joshua Kelley,0.0,1.0,2022-10-12
2022,6,1b04906a-025b-4a9d-aaa0-2c301d252758,510a8699-e53f-40c1-9e5c-5ea1742a3176,WAIVER,EXECUTED,1,NightlyLeagueUpdateTaskProcessor,3,DROP,4569987.0,Jaylen Warren,1.0,0.0,2022-10-12
2022,6,012142fa-cc3b-4e27-b066-872db86fee23,,ROSTER,EXECUTED,5,{77F704CF-0C76-4984-9A71-8BD39511C19F},0,DROP,16799.0,Allen Robinson II,5.0,0.0,2022-10-16
2022,6,5b61eb50-bd76-4d2b-87b5-4b14db50e05b,,FREEAGENT,EXECUTED,5,{77F704CF-0C76-4984-9A71-8BD39511C19F},0,ADD,3115378.0,Russell Gage,0.0,5.0,2022-10-16
2022,6,afda9340-16e8-41f8-8625-2b28cf47602b,19ae4740-d930-430b-985f-52dd43476294,WAIVER,EXECUTED,10,NightlyLeagueUpdateTaskProcessor,13,ADD,4697815.0,Rachaad White,0.0,10.0,2022-10-12
2022,6,afda9340-16e8-41f8-8625-2b28cf47602b,19ae4740-d930-430b-985f-52dd43476294,WAIVER,EXECUTED,10,NightlyLeagueUpdateTaskProcessor,13,DROP,3139925.0,Rashaad Penny,10.0,0.0,2022-10-12
2022,6,e0cb5870-0460-4222-b479-e446ba9e2da3,db1185e0-475f-4b0e-8191-d37592ef8af2,WAIVER,EXECUTED,8,NightlyLeagueUpdateTaskProcessor,1,ADD,3051926.0,Gus Edwards,0.0,8.0,2022-10-12
2022,6,e0cb5870-0460-4222-b479-e446ba9e2da3,db1185e0-475f-4b0e-8191-d37592ef8af2,WAIVER,EXECUTED,8,NightlyLeagueUpdateTaskProcessor,1,DROP,4242433.0,Joshua Palmer,8.0,0.0,2022-10-12
2022,6,702329d8-684a-45b3-8e2e-aca0043458eb,b8d0b736-3e94-4d88-a387-37b6a2492ecb,WAIVER,FAILED_INVALIDPLAYERSOURCE,7,NightlyLeagueUpdateTaskProcessor,6,ADD,2468609.0,Taysom Hill,0.0,7.0,2022-10-12
2022,6,2a6e1373-2980-4abc-887a-e5ffb6fc943b,3e2280df-57aa-40d0-9204-2362ca3aac02,WAIVER,CANCELED,14,{C2BAB8A3-9ED5-425C-BAB8-A39ED5B25CC2},0,ADD,16799.0,Allen Robinson II,0.0,14.0,2022-10-12
2022,6,5483f919-ea25-47ab-b8c2-577304bee9ff,,FREEAGENT,EXECUTED,13,{85A6A0E4-D846-4046-B7F8-487FAD9165E0},0,ADD,4426388.0,Jameson Williams,0.0,13.0,2022-10-12
2022,6,5483f919-ea25-47ab-b8c2-577304bee9ff,,FREEAGENT,EXECUTED,13,{85A6A0E4-D846-4046-B7F8-487FAD9165E0},0,DROP,-16007.0,Broncos D/ST,13.0,0.0,2022-10-12
2022,6,954674aa-c5a0-435d-b829-6f473c8fc806,,FREEAGENT,EXECUTED,10,{2C8A1B87-268B-45A5-A0E5-C4A3F61C9BC2},0,ADD,4360078.0,Alec Pierce,0.0,10.0,2022-10-12
2022,6,35e8a26a-c7f0-4d09-ba4a-d43b6b7ce793,,FREEAGENT,EXECUTED,13,{85A6A0E4-D846-4046-B7F8-487FAD9165E0},0,ADD,-16005.0,Browns D/ST,0.0,13.0,2022-10-12
2022,6,19ae4740-d930-430b-985f-52dd43476294,,WAIVER,PENDING,10,{2C8A1B87-268B-45A5-A0E5-C4A3F61C9BC2},13,ADD,4697815.0,Rachaad White,0.0,10.0,2022-10-11
2022,6,19ae4740-d930-430b-985f-52dd43476294,,WAIVER,PENDING,10,{2C8A1B87-268B-45A5-A0E5-C4A3F61C9BC2},13,DROP,3139925.0,Rashaad Penny,10.0,0.0,2022-10-11
2022,6,592fcbc6-3207-4d81-b844-81a8c4784c18,,FREEAGENT,EXECUTED,5,{77F704CF-0C76-4984-9A71-8BD39511C19F},0,ADD,16799.0,Allen Robinson II,0.0,5.0,2022-10-14
2022,6,bfc8736e-966d-478c-945f-ada8af9a29ec,71b05c13-9180-4c08-9da5-8398c809f3b3,WAIVER,EXECUTED,2,NightlyLeagueUpdateTaskProcessor,10,ADD,2979477.0,Tevin Coleman,0.0,2.0,2022-10-12
2022,6,bfc8736e-966d-478c-945f-ada8af9a29ec,71b05c13-9180-4c08-9da5-8398c809f3b3,WAIVER,EXECUTED,2,NightlyLeagueUpdateTaskProcessor,10,DROP,-16003.0,Bears D/ST,2.0,0.0,2022-10-12
2022,6,7f9ca891-d79e-4c17-bf65-3d67d70b5e7a,,FREEAGENT,EXECUTED,6,{FE8F6865-8A47-4C3A-8D66-0780982B48DD},0,ADD,4240455.0,Deon Jackson,0.0,6.0,2022-10-15
2022,6,634ff382-82f2-46df-9f27-689ab234d09c,d6ddda69-0627-4d97-a529-235fd61a9084,WAIVER,EXECUTED,14,NightlyLeagueUpdateTaskProcessor,19,ADD,2468609.0,Taysom Hill,0.0,14.0,2022-10-12
2022,6,634ff382-82f2-46df-9f27-689ab234d09c,d6ddda69-0627-4d97-a529-235fd61a9084,WAIVER,EXECUTED,14,NightlyLeagueUpdateTaskProcessor,19,DROP,4426475.0,Tyrion Davis-Price,14.0,0.0,2022-10-12
2022,7,268e789e-1a6c-4949-b2d1-51ef51fd48e1,,ROSTER,EXECUTED,3,{C52D799E-6C1C-44B9-8371-9B6AF857D8E8},0,DROP,4040980.0,Irv Smith Jr.,3.0,0.0,2022-10-18
2022,7,39ce6dce-77a9-4f6f-b68b-786d1635c3a9,,FREEAGENT,EXECUTED,12,{91D28B99-9234-408F-ACE7-32AEC03EE9E2},0,ADD,-16013.0,Raiders D/ST,0.0,12.0,2022-10-19
2022,7,39ce6dce-77a9-4f6f-b68b-786d1635c3a9,,FREEAGENT,EXECUTED,12,{91D28B99-9234-408F-ACE7-32AEC03EE9E2},0,DROP,-16004.0,Bengals D/ST,12.0,0.0,2022-10-19
2022,7,d87bad5b-603a-4b89-bfcd-6c608df48535,,TRADE_PROPOSAL,PENDING,10,{2C8A1B87-268B-45A5-A0E5-C4A3F61C9BC2},0,TRADE,3116385.0,Joe Mixon,5.0,10.0,2022-10-24
2022,7,d87bad5b-603a-4b89-bfcd-6c608df48535,,TRADE_PROPOSAL,PENDING,10,{2C8A1B87-268B-45A5-A0E5-C4A3F61C9BC2},0,TRADE,2976212.0,Stefon Diggs,5.0,10.0,2022-10-24
2022,7,d87bad5b-603a-4b89-bfcd-6c608df48535,,TRADE_PROPOSAL,PENDING,10,{2C8A1B87-268B-45A5-A0E5-C4A3F61C9BC2},0,TRADE,3115364.0,Leonard Fournette,10.0,5.0,2022-10-24
2022,7,d87bad5b-603a-4b89-bfcd-6c608df48535,,TRADE_PROPOSAL,PENDING,10,{2C8A1B87-268B-45A5-A0E5-C4A3F61C9BC2},0,TRADE,3932905.0,Diontae Johnson,10.0,5.0,2022-10-24
2022,7,d87bad5b-603a-4b89-bfcd-6c608df48535,,TRADE_PROPOSAL,PENDING,10,{2C8A1B87-268B-45A5-A0E5-C4A3F61C9BC2},0,TRADE,3051926.0,Gus Edwards,10.0,5.0,2022-10-24
2022,7,03bdb4fe-099b-4ddb-92b6-757004b74179,,FREEAGENT,EXECUTED,5,{77F704CF-0C76-4984-9A71-8BD39511C19F},0,ADD,3916430.0,Nyheim Hines,0.0,5.0,2022-10-21
2022,7,03bdb4fe-099b-4ddb-92b6-757004b74179,,FREEAGENT,EXECUTED,5,{77F704CF-0C76-4984-9A71-8BD39511C19F},0,DROP,15971.0,Rex Burkhead,5.0,0.0,2022-10-21
2022,7,6c4ee950-c065-48f7-ad87-65674a2eacd3,e17cce58-9ad6-41c1-a2a2-bf6c4d2353ee,WAIVER,FAILED_INVALIDPLAYERSOURCE,12,NightlyLeagueUpdateTaskProcessor,14,ADD,2577417.0,Dak Prescott,0.0,12.0,2022-10-19
2022,7,6c4ee950-c065-48f7-ad87-65674a2eacd3,e17cce58-9ad6-41c1-a2a2-bf6c4d2353ee,WAIVER,FAILED_INVALIDPLAYERSOURCE,12,NightlyLeagueUpdateTaskProcessor,14,DROP,2991662.0,Mack Hollins,12.0,0.0,2022-10-19
2022,7,27582ea9-bb18-48ca-8c14-a41db784c919,cd10cf33-68ee-4e98-97ed-9fbb53a51cc5,WAIVER,EXECUTED,8,NightlyLeagueUpdateTaskProcessor,10,ADD,16757.0,Derek Carr,0.0,8.0,2022-10-21
2022,7,27582ea9-bb18-48ca-8c14-a41db784c919,cd10cf33-68ee-4e98-97ed-9fbb53a51cc5,WAIVER,EXECUTED,8,NightlyLeagueUpdateTaskProcessor,10,DROP,3918639.0,Gerald Everett,8.0,0.0,2022-10-21
2022,7,86e4c028-152a-4401-a815-fd9b91f63f1c,,FREEAGENT,EXECUTED,5,{77F704CF-0C76-4984-9A71-8BD39511C19F},0,ADD,3918639.0,Gerald Everett,0.0,5.0,2022-10-23
2022,7,0b4e5893-15b8-4d54-b6e4-3391d564a6a7,d87bad5b-603a-4b89-bfcd-6c608df48535,TRADE_PROPOSAL,CANCELED,10,{77F704CF-0C76-4984-9A71-8BD39511C19F},0,TRADE,3116385.0,Joe Mixon,5.0,10.0,2022-10-25
2022,7,0b4e5893-15b8-4d54-b6e4-3391d564a6a7,d87bad5b-603a-4b89-bfcd-6c608df48535,TRADE_PROPOSAL,CANCELED,10,{77F704CF-0C76-4984-9A71-8BD39511C19F},0,TRADE,2976212.0,Stefon Diggs,5.0,10.0,2022-10-25
2022,7,0b4e5893-15b8-4d54-b6e4-3391d564a6a7,d87bad5b-603a-4b89-bfcd-6c608df48535,TRADE_PROPOSAL,CANCELED,10,{77F704CF-0C76-4984-9A71-8BD39511C19F},0,TRADE,3115364.0,Leonard Fournette,10.0,5.0,2022-10-25
2022,7,0b4e5893-15b8-4d54-b6e4-3391d564a6a7,d87bad5b-603a-4b89-bfcd-6c608df48535,TRADE_PROPOSAL,CANCELED,10,{77F704CF-0C76-4984-9A71-8BD39511C19F},0,TRADE,3932905.0,Diontae Johnson,10.0,5.0,2022-10-25
2022,7,0b4e5893-15b8-4d54-b6e4-3391d564a6a7,d87bad5b-603a-4b89-bfcd-6c608df48535,TRADE_PROPOSAL,CANCELED,10,{77F704CF-0C76-4984-9A71-8BD39511C19F},0,TRADE,3051926.0,Gus Edwards,10.0,5.0,2022-10-25
2022,7,1875db41-ec25-4c4b-849e-6b2d56d8c435,,FREEAGENT,EXECUTED,10,{2C8A1B87-268B-45A5-A0E5-C4A3F61C9BC2},0,ADD,3125116.0,D'Onta Foreman,0.0,10.0,2022-10-21
2022,7,1875db41-ec25-4c4b-849e-6b2d56d8c435,,FREEAGENT,EXECUTED,10,{2C8A1B87-268B-45A5-A0E5-C4A3F61C9BC2},0,DROP,15920.0,Latavius Murray,10.0,0.0,2022-10-21
2022,7,ee3e4e44-763b-4a96-a210-d2d04db1ca43,c325f60a-d3e6-4511-9893-e95a2a2b1bd9,WAIVER,FAILED_INVALIDPLAYERSOURCE,12,NightlyLeagueUpdateTaskProcessor,1,ADD,16757.0,Derek Carr,0.0,12.0,2022-10-21
2022,7,ee3e4e44-763b-4a96-a210-d2d04db1ca43,c325f60a-d3e6-4511-9893-e95a2a2b1bd9,WAIVER,FAILED_INVALIDPLAYERSOURCE,12,NightlyLeagueUpdateTaskProcessor,1,DROP,11237.0,Matt Ryan,12.0,0.0,2022-10-21
2022,7,b97b6465-cb38-4d46-a8d4-fb78073ffb1c,d87bad5b-603a-4b89-bfcd-6c608df48535,TRADE_DECLINE,EXECUTED,5,{77F704CF-0C76-4984-9A71-8BD39511C19F},0,,,,,,2022-10-25
2022,7,37537cc9-7ac4-4a07-a74d-7af328b2c234,,FREEAGENT,EXECUTED,3,{C52D799E-6C1C-44B9-8371-9B6AF857D8E8},0,ADD,-16011.0,Colts D/ST,0.0,3.0,2022-10-19
2022,7,37537cc9-7ac4-4a07-a74d-7af328b2c234,,FREEAGENT,EXECUTED,3,{C52D799E-6C1C-44B9-8371-9B6AF857D8E8},0,DROP,16757.0,Derek Carr,3.0,0.0,2022-10-19
2022,7,df08b614-537f-4a57-add2-f7b69b6b6f14,,FREEAGENT,EXECUTED,8,{00408013-39CF-40FC-8080-1339CFD0FC06},0,ADD,4241416.0,Chuba Hubbard,0.0,8.0,2022-10-21
2022,7,df08b614-537f-4a57-add2-f7b69b6b6f14,,FREEAGENT,EXECUTED,8,{00408013-39CF-40FC-8080-1339CFD0FC06},0,DROP,3052117.0,Phillip Lindsay,8.0,0.0,2022-10-21
2022,7,f976b9bd-93c1-422f-9598-6b998d462777,,ROSTER,EXECUTED,6,{FE8F6865-8A47-4C3A-8D66-0780982B48DD},0,LINEUP,4374302.0,Amon-Ra St. Brown,0.0,0.0,2022-10-19
2022,7,f976b9bd-93c1-422f-9598-6b998d462777,,ROSTER,EXECUTED,6,{FE8F6865-8A47-4C3A-8D66-0780982B48DD},0,LINEUP,4262921.0,Justin Jefferson,0.0,0.0,2022-10-19
2022,7,f976b9bd-93c1-422f-9598-6b998d462777,,ROSTER,EXECUTED,6,{FE8F6865-8A47-4C3A-8D66-0780982B48DD},0,LINEUP,4242335.0,Jonathan Taylor,0.0,0.0,2022-10-19
2022,7,f976b9bd-93c1-422f-9598-6b998d462777,,ROSTER,EXECUTED,6,{FE8F6865-8A47-4C3A-8D66-0780982B48DD},0,LINEUP,2576414.0,Raheem Mostert,0.0,0.0,2022-10-19
2022,7,f976b9bd-93c1-422f-9598-6b998d462777,,ROSTER,EXECUTED,6,{FE8F6865-8A47-4C3A-8D66-0780982B48DD},0,LINEUP,4372414.0,Elijah Moore,0.0,0.0,2022-10-19
2022,7,f976b9bd-93c1-422f-9598-6b998d462777,,ROSTER,EXECUTED,6,{FE8F6865-8A47-4C3A-8D66-0780982B48DD},0,DROP,3916430.0,Nyheim Hines,6.0,0.0,2022-10-19
2022,7,5b2332d2-3b12-435a-aa8a-028096c5707a,,FREEAGENT,EXECUTED,10,{2C8A1B87-268B-45A5-A0E5-C4A3F61C9BC2},0,ADD,16760.0,Jimmy Garoppolo,0.0,10.0,2022-10-19
2022,7,5b2332d2-3b12-435a-aa8a-028096c5707a,,FREEAGENT,EXECUTED,10,{2C8A1B87-268B-45A5-A0E5-C4A3F61C9BC2},0,DROP,3042778.0,Corey Davis,10.0,0.0,2022-10-19
2022,7,adcb81a7-cbc4-4cdf-92b7-1b95e57c2607,16ed00e1-a9ac-4d1f-88bc-7abfe244f8f6,WAIVER,FAILED_ROSTERLIMIT,5,NightlyLeagueUpdateTaskProcessor,1,ADD,3126246.0,Dontrell Hilliard,0.0,5.0,2022-10-19
2022,7,f36cd80c-92f8-45b6-938e-caaf2c6ba160,abb721fd-2d44-4e9e-b362-23230855550a,TRADE_ACCEPT,,14,{C2BAB8A3-9ED5-425C-BAB8-A39ED5B25CC2},0,,,,,,2022-10-19
2022,7,dc622102-11bc-49ba-82ae-da89c180e76a,5c9ed183-8ecd-481d-83c6-ebbc67110119,WAIVER,FAILED_INVALIDPLAYERSOURCE,5,NightlyLeagueUpdateTaskProcessor,4,ADD,-16017.0,Patriots D/ST,0.0,5.0,2022-10-19
2022,7,dc622102-11bc-49ba-82ae-da89c180e76a,5c9ed183-8ecd-481d-83c6-ebbc67110119,WAIVER,FAILED_INVALIDPLAYERSOURCE,5,NightlyLeagueUpdateTaskProcessor,4,DROP,-16014.0,Rams D/ST,5.0,0.0,2022-10-19
2022,7,4125c5c2-a4f9-4e0b-8e4a-8242318f8548,,FREEAGENT,EXECUTED,8,{00408013-39CF-40FC-8080-1339CFD0FC06},0,ADD,3042778.0,Corey Davis,0.0,8.0,2022-10-21
2022,7,4125c5c2-a4f9-4e0b-8e4a-8242318f8548,,FREEAGENT,EXECUTED,8,{00408013-39CF-40FC-8080-1339CFD0FC06},0,DROP,4242433.0,Joshua Palmer,8.0,0.0,2022-10-21
2022,7,dc969a67-622f-4b32-932d-4860f0b8352c,,FREEAGENT,EXECUTED,6,{FE8F6865-8A47-4C3A-8D66-0780982B48DD},0,ADD,-16020.0,Jets D/ST,0.0,6.0,2022-10-19
2022,7,dc969a67-622f-4b32-932d-4860f0b8352c,,FREEAGENT,EXECUTED,6,{FE8F6865-8A47-4C3A-8D66-0780982B48DD},0,DROP,4372414.0,Elijah Moore,6.0,0.0,2022-10-19
2022,7,ab574fca-e621-4b96-8610-15b0ce7618d2,,ROSTER,EXECUTED,5,{77F704CF-0C76-4984-9A71-8BD39511C19F},0,DROP,2573079.0,Carson Wentz,5.0,0.0,2022-10-18
2022,7,15fa1d43-b874-4b7f-aff5-ae0970eb2cf5,,FREEAGENT,EXECUTED,10,{2C8A1B87-268B-45A5-A0E5-C4A3F61C9BC2},0,ADD,3051926.0,Gus Edwards,0.0,10.0,2022-10-21
2022,7,15fa1d43-b874-4b7f-aff5-ae0970eb2cf5,,FREEAGENT,EXECUTED,10,{2C8A1B87-268B-45A5-A0E5-C4A3F61C9BC2},0,DROP,3125116.0,D'Onta Foreman,10.0,0.0,2022-10-21
2022,7,aedcda70-cc10-4e94-a62d-a07343b58c1e,82bdadad-545a-45cd-b282-aa284e220188,WAIVER,FAILED_INVALIDPLAYERSOURCE,1,NightlyLeagueUpdateTaskProcessor,3,ADD,-16017.0,Patriots D/ST,0.0,1.0,2022-10-19
2022,7,aedcda70-cc10-4e94-a62d-a07343b58c1e,82bdadad-545a-45cd-b282-aa284e220188,WAIVER,FAILED_INVALIDPLAYERSOURCE,1,NightlyLeagueUpdateTaskProcessor,3,DROP,3910544.0,Joshua Kelley,1.0,0.0,2022-10-19
2022,7,68efe5cc-5178-41f0-ad2f-91221a0eb536,,ROSTER,EXECUTED,5,{77F704CF-0C76-4984-9A71-8BD39511C19F},0,DROP,3127292.0,Will Dissly,5.0,0.0,2022-10-18
2022,7,a77bb25b-9b57-4752-82d5-33f7958d5994,0a61e119-155f-4164-bddd-50429178768d,WAIVER,CANCELED,8,{00408013-39CF-40FC-8080-1339CFD0FC06},0,ADD,16757.0,Derek Carr,0.0,8.0,2022-10-21
2022,7,a77bb25b-9b57-4752-82d5-33f7958d5994,0a61e119-155f-4164-bddd-50429178768d,WAIVER,CANCELED,8,{00408013-39CF-40FC-8080-1339CFD0FC06},0,DROP,3139033.0,Mike Boone,8.0,0.0,2022-10-21
2022,7,654d9595-8e91-4a2f-a6c9-b0ebfaa53bf6,3a382702-e260-48e6-8ddf-766ecab1f375,WAIVER,FAILED_INVALIDPLAYERSOURCE,12,NightlyLeagueUpdateTaskProcessor,1,ADD,-16017.0,Patriots D/ST,0.0,12.0,2022-10-19
2022,7,654d9595-8e91-4a2f-a6c9-b0ebfaa53bf6,3a382702-e260-48e6-8ddf-766ecab1f375,WAIVER,FAILED_INVALIDPLAYERSOURCE,12,NightlyLeagueUpdateTaskProcessor,1,DROP,-16004.0,Bengals D/ST,12.0,0.0,2022-10-19
2022,7,068188f4-43f4-4f74-a93c-356e9071f94e,,FREEAGENT,EXECUTED,5,{77F704CF-0C76-4984-9A71-8BD39511C19F},0,ADD,2576623.0,DeVante Parker,0.0,5.0,2022-10-23
2022,7,a7e1e59d-b6ba-4ffd-ad65-878ae3fe8b93,,FREEAGENT,EXECUTED,5,{77F704CF-0C76-4984-9A71-8BD39511C19F},0,ADD,14876.0,Ryan Tannehill,0.0,5.0,2022-10-19
2022,7,a7e1e59d-b6ba-4ffd-ad65-878ae3fe8b93,,FREEAGENT,EXECUTED,5,{77F704CF-0C76-4984-9A71-8BD39511C19F},0,DROP,-16014.0,Rams D/ST,5.0,0.0,2022-10-19
2022,7,eac7e2bd-2f72-4e25-9f2a-c87714315147,abb721fd-2d44-4e9e-b362-23230855550a,TRADE_UPHOLD,EXECUTED,1,{C1E09685-96D1-4750-BA21-8BE16D3BF7CA},0,,,,,,2022-10-19
2022,7,3983d8ca-84b4-4048-abdc-283a79b240cf,50a32b73-40ef-4d02-990a-a7c9d0721920,WAIVER,EXECUTED,5,NightlyLeagueUpdateTaskProcessor,14,ADD,2577417.0,Dak Prescott,0.0,5.0,2022-10-19
2022,7,d5f0f600-a768-4fb1-bf36-2bcef979b393,,ROSTER,EXECUTED,5,{77F704CF-0C76-4984-9A71-8BD39511C19F},0,DROP,3916430.0,Nyheim Hines,5.0,0.0,2022-10-23
2022,7,5dd3d054-2259-481f-8d3e-4f7554a5ee08,,FREEAGENT,EXECUTED,5,{77F704CF-0C76-4984-9A71-8BD39511C19F},0,ADD,3121410.0,Parris Campbell,0.0,5.0,2022-10-20
2022,7,5dd3d054-2259-481f-8d3e-4f7554a5ee08,,FREEAGENT,EXECUTED,5,{77F704CF-0C76-4984-9A71-8BD39511C19F},0,DROP,14876.0,Ryan Tannehill,5.0,0.0,2022-10-20
2022,7,55a2d093-bdd5-4847-b841-45a116d4b691,,ROSTER,EXECUTED,5,{77F704CF-0C76-4984-9A71-8BD39511C19F},0,DROP,3121410.0,Parris Campbell,5.0,0.0,2022-10-23
2022,7,4b3d6737-075f-4340-880d-75010173e6da,,FREEAGENT,EXECUTED,8,{00408013-39CF-40FC-8080-1339CFD0FC06},0,ADD,3125116.0,D'Onta Foreman,0.0,8.0,2022-10-21
2022,7,4b3d6737-075f-4340-880d-75010173e6da,,FREEAGENT,EXECUTED,8,{00408013-39CF-40FC-8080-1339CFD0FC06},0,DROP,3139033.0,Mike Boone,8.0,0.0,2022-10-21
2022,7,44bc2019-2c44-49ad-b95e-986b7d9a29d3,,ROSTER,EXECUTED,13,{85A6A0E4-D846-4046-B7F8-487FAD9165E0},0,DROP,4426388.0,Jameson Williams,13.0,0.0,2022-10-19
2022,7,4bdf1724-34b9-47c8-a2ae-7c27fa345c07,25d54b55-40bf-41d8-a152-4769a1a85be4,WAIVER,CANCELED,8,{00408013-39CF-40FC-8080-1339CFD0FC06},0,ADD,3916430.0,Nyheim Hines,0.0,8.0,2022-10-20
2022,7,4bdf1724-34b9-47c8-a2ae-7c27fa345c07,25d54b55-40bf-41d8-a152-4769a1a85be4,WAIVER,CANCELED,8,{00408013-39CF-40FC-8080-1339CFD0FC06},0,DROP,3139033.0,Mike Boone,8.0,0.0,2022-10-20
2022,7,92832cf6-e77f-472f-89c0-d6582f399e44,e09b93c4-26d1-4e31-be52-645c73e3aac8,WAIVER,CANCELED,7,{430447A7-381F-4E40-AD53-6A9C1F157A25},0,ADD,2577417.0,Dak Prescott,0.0,7.0,2022-10-18
2022,7,92832cf6-e77f-472f-89c0-d6582f399e44,e09b93c4-26d1-4e31-be52-645c73e3aac8,WAIVER,CANCELED,7,{430447A7-381F-4E40-AD53-6A9C1F157A25},0,DROP,4241479.0,Tua Tagovailoa,7.0,0.0,2022-10-18
2022,7,bece04f7-db9f-4734-90af-18b72b9f961d,33a5be44-7e72-4309-a27f-1b2d2f0a9d7a,WAIVER,FAILED_INVALIDPLAYERSOURCE,3,NightlyLeagueUpdateTaskProcessor,2,ADD,-16007.0,Broncos D/ST,0.0,3.0,2022-10-19
2022,7,bece04f7-db9f-4734-90af-18b72b9f961d,33a5be44-7e72-4309-a27f-1b2d2f0a9d7a,WAIVER,FAILED_INVALIDPLAYERSOURCE,3,NightlyLeagueUpdateTaskProcessor,2,DROP,16757.0,Derek Carr,3.0,0.0,2022-10-19
2022,7,6ad8ba39-cf17-4874-8439-d7fb8da5b3aa,,TRADE_PROPOSAL,PENDING,1,{C1E09685-96D1-4750-BA21-8BE16D3BF7CA},0,TRADE,3051738.0,Marquez Valdes-Scantling,1.0,10.0,2022-10-24
2022,7,6ad8ba39-cf17-4874-8439-d7fb8da5b3aa,,TRADE_PROPOSAL,PENDING,1,{C1E09685-96D1-4750-BA21-8BE16D3BF7CA},0,TRADE,16737.0,Mike Evans,1.0,10.0,2022-10-24
2022,7,6ad8ba39-cf17-4874-8439-d7fb8da5b3aa,,TRADE_PROPOSAL,PENDING,1,{C1E09685-96D1-4750-BA21-8BE16D3BF7CA},0,TRADE,3040151.0,George Kittle,1.0,10.0,2022-10-24
2022,7,6ad8ba39-cf17-4874-8439-d7fb8da5b3aa,,TRADE_PROPOSAL,PENDING,1,{C1E09685-96D1-4750-BA21-8BE16D3BF7CA},0,TRADE,3932905.0,Diontae Johnson,10.0,1.0,2022-10-24
2022,7,6ad8ba39-cf17-4874-8439-d7fb8da5b3aa,,TRADE_PROPOSAL,PENDING,1,{C1E09685-96D1-4750-BA21-8BE16D3BF7CA},0,TRADE,3051926.0,Gus Edwards,10.0,1.0,2022-10-24
2022,7,6ad8ba39-cf17-4874-8439-d7fb8da5b3aa,,TRADE_PROPOSAL,PENDING,1,{C1E09685-96D1-4750-BA21-8BE16D3BF7CA},0,TRADE,3120348.0,JuJu Smith-Schuster,10.0,1.0,2022-10-24
2022,7,f63e4667-9e72-4e37-87cd-d2977830d33a,e6f68ffc-f257-4bdc-af11-ca97b4644776,WAIVER,FAILED_INVALIDPLAYERSOURCE,2,NightlyLeagueUpdateTaskProcessor,10,ADD,2577417.0,Dak Prescott,0.0,2.0,2022-10-19
2022,7,f63e4667-9e72-4e37-87cd-d2977830d33a,e6f68ffc-f257-4bdc-af11-ca97b4644776,WAIVER,FAILED_INVALIDPLAYERSOURCE,2,NightlyLeagueUpdateTaskProcessor,10,DROP,2979477.0,Tevin Coleman,2.0,0.0,2022-10-19
2022,7,a39ef0b1-01b1-4a7e-9528-98bbc4ef99cc,e7e93457-0a67-416c-9733-aae65284319f,WAIVER,FAILED_INVALIDPLAYERSOURCE,7,NightlyLeagueUpdateTaskProcessor,13,ADD,2577417.0,Dak Prescott,0.0,7.0,2022-10-19
2022,7,a39ef0b1-01b1-4a7e-9528-98bbc4ef99cc,e7e93457-0a67-416c-9733-aae65284319f,WAIVER,FAILED_INVALIDPLAYERSOURCE,7,NightlyLeagueUpdateTaskProcessor,13,DROP,4362887.0,Justin Fields,7.0,0.0,2022-10-19
2022,7,75bb2759-c4f7-4251-8fc2-93623d4a1664,,FREEAGENT,EXECUTED,1,{C1E09685-96D1-4750-BA21-8BE16D3BF7CA},0,ADD,4038441.0,Justice Hill,0.0,1.0,2022-10-22
2022,7,75bb2759-c4f7-4251-8fc2-93623d4a1664,,FREEAGENT,EXECUTED,1,{C1E09685-96D1-4750-BA21-8BE16D3BF7CA},0,DROP,4361409.0,Jahan Dotson,1.0,0.0,2022-10-22
2022,7,501245fa-6aa7-44f2-8444-edcfa7b3c8d4,2f7cf797-4ac0-44c6-be80-aaea4487d25f,WAIVER,EXECUTED,14,NightlyLeagueUpdateTaskProcessor,4,ADD,-16007.0,Broncos D/ST,0.0,14.0,2022-10-19
2022,7,501245fa-6aa7-44f2-8444-edcfa7b3c8d4,2f7cf797-4ac0-44c6-be80-aaea4487d25f,WAIVER,EXECUTED,14,NightlyLeagueUpdateTaskProcessor,4,DROP,-16028.0,Commanders D/ST,14.0,0.0,2022-10-19
2022,7,cc154734-f433-4b86-8837-0c40dbd9b97f,,FREEAGENT,EXECUTED,12,{91D28B99-9234-408F-ACE7-32AEC03EE9E2},0,ADD,4258195.0,Donovan Peoples-Jones,0.0,12.0,2022-10-20
2022,7,cc154734-f433-4b86-8837-0c40dbd9b97f,,FREEAGENT,EXECUTED,12,{91D28B99-9234-408F-ACE7-32AEC03EE9E2},0,DROP,13982.0,Julio Jones,12.0,0.0,2022-10-20
2022,7,9d687e49-66b6-47e9-afc5-0fcc20f2bed0,,FREEAGENT,EXECUTED,1,{C1E09685-96D1-4750-BA21-8BE16D3BF7CA},0,ADD,-16015.0,Dolphins D/ST,0.0,1.0,2022-10-19
2022,7,9d687e49-66b6-47e9-afc5-0fcc20f2bed0,,FREEAGENT,EXECUTED,1,{C1E09685-96D1-4750-BA21-8BE16D3BF7CA},0,DROP,3910544.0,Joshua Kelley,1.0,0.0,2022-10-19
2022,7,1ebe8885-d053-4892-9e31-075e00261ae7,6ad8ba39-cf17-4874-8439-d7fb8da5b3aa,TRADE_PROPOSAL,CANCELED,1,{91D28B99-9234-408F-ACE7-32AEC03EE9E2},0,TRADE,3051738.0,Marquez Valdes-Scantling,1.0,10.0,2022-10-26
2022,7,1ebe8885-d053-4892-9e31-075e00261ae7,6ad8ba39-cf17-4874-8439-d7fb8da5b3aa,TRADE_PROPOSAL,CANCELED,1,{91D28B99-9234-408F-ACE7-32AEC03EE9E2},0,TRADE,16737.0,Mike Evans,1.0,10.0,2022-10-26
2022,7,1ebe8885-d053-4892-9e31-075e00261ae7,6ad8ba39-cf17-4874-8439-d7fb8da5b3aa,TRADE_PROPOSAL,CANCELED,1,{91D28B99-9234-408F-ACE7-32AEC03EE9E2},0,TRADE,3040151.0,George Kittle,1.0,10.0,2022-10-26
2022,7,1ebe8885-d053-4892-9e31-075e00261ae7,6ad8ba39-cf17-4874-8439-d7fb8da5b3aa,TRADE_PROPOSAL,CANCELED,1,{91D28B99-9234-408F-ACE7-32AEC03EE9E2},0,TRADE,3932905.0,Diontae Johnson,10.0,1.0,2022-10-26
2022,7,1ebe8885-d053-4892-9e31-075e00261ae7,6ad8ba39-cf17-4874-8439-d7fb8da5b3aa,TRADE_PROPOSAL,CANCELED,1,{91D28B99-9234-408F-ACE7-32AEC03EE9E2},0,TRADE,3051926.0,Gus Edwards,10.0,1.0,2022-10-26
2022,7,1ebe8885-d053-4892-9e31-075e00261ae7,6ad8ba39-cf17-4874-8439-d7fb8da5b3aa,TRADE_PROPOSAL,CANCELED,1,{91D28B99-9234-408F-ACE7-32AEC03EE9E2},0,TRADE,3120348.0,JuJu Smith-Schuster,10.0,1.0,2022-10-26
2022,7,eeffd1b4-862c-4d0b-a6c8-392fc5421a1e,,FREEAGENT,EXECUTED,7,{430447A7-381F-4E40-AD53-6A9C1F157A25},0,ADD,4569587.0,Wan'Dale Robinson,0.0,7.0,2022-10-19
2022,7,8f43f30b-192e-44c1-8512-aa6c8edb0aaf,,FREEAGENT,EXECUTED,12,{91D28B99-9234-408F-ACE7-32AEC03EE9E2},0,ADD,16733.0,Odell Beckham Jr.,0.0,12.0,2022-10-22
2022,7,8f43f30b-192e-44c1-8512-aa6c8edb0aaf,,FREEAGENT,EXECUTED,12,{91D28B99-9234-408F-ACE7-32AEC03EE9E2},0,DROP,4258195.0,Donovan Peoples-Jones,12.0,0.0,2022-10-22
2022,7,4f1e5517-bfd7-4c88-b0dc-97e07cac1e92,7b9c6b27-c277-4987-a710-636b87b47afb,TRADE_PROPOSAL,CANCELED,1,{C1E09685-96D1-4750-BA21-8BE16D3BF7CA},0,TRADE,3930086.0,Dawson Knox,1.0,10.0,2022-10-24
2022,7,4f1e5517-bfd7-4c88-b0dc-97e07cac1e92,7b9c6b27-c277-4987-a710-636b87b47afb,TRADE_PROPOSAL,CANCELED,1,{C1E09685-96D1-4750-BA21-8BE16D3BF7CA},0,TRADE,3051926.0,Gus Edwards,10.0,1.0,2022-10-24
2022,7,55345e07-19de-49e2-a4f0-d8635677dac7,d1ed7b9d-885d-48ef-bd15-e46e28750f31,TRADE_PROPOSAL,CANCELED,1,{C1E09685-96D1-4750-BA21-8BE16D3BF7CA},0,TRADE,3040151.0,George Kittle,1.0,10.0,2022-10-24
2022,7,55345e07-19de-49e2-a4f0-d8635677dac7,d1ed7b9d-885d-48ef-bd15-e46e28750f31,TRADE_PROPOSAL,CANCELED,1,{C1E09685-96D1-4750-BA21-8BE16D3BF7CA},0,TRADE,3051926.0,Gus Edwards,10.0,1.0,2022-10-24
2022,7,fe55d288-7d2f-486c-a6aa-db4dde1e9734,52ad0e32-edbf-4f9c-a53e-fa944476c07f,WAIVER,EXECUTED,5,NightlyLeagueUpdateTaskProcessor,6,ADD,2979843.0,Kenyan Drake,0.0,5.0,2022-10-19
2022,7,b04b6a68-4d73-44d3-a825-23e66eb26421,214d3f1b-b5fa-40f3-b848-be5ae75488d8,WAIVER,EXECUTED,10,NightlyLeagueUpdateTaskProcessor,6,ADD,-16017.0,Patriots D/ST,0.0,10.0,2022-10-19
2022,7,b04b6a68-4d73-44d3-a825-23e66eb26421,214d3f1b-b5fa-40f3-b848-be5ae75488d8,WAIVER,EXECUTED,10,NightlyLeagueUpdateTaskProcessor,6,DROP,-16029.0,Panthers D/ST,10.0,0.0,2022-10-19
2022,7,3ac55643-f3f7-4c01-bbcb-42cd61f0b97b,40dc28e7-69ac-4ffa-9975-3fb640e8516f,WAIVER,EXECUTED,2,NightlyLeagueUpdateTaskProcessor,3,ADD,16799.0,Allen Robinson II,0.0,2.0,2022-10-19
2022,7,3ac55643-f3f7-4c01-bbcb-42cd61f0b97b,40dc28e7-69ac-4ffa-9975-3fb640e8516f,WAIVER,EXECUTED,2,NightlyLeagueUpdateTaskProcessor,3,DROP,14053.0,Randall Cobb,2.0,0.0,2022-10-19
2022,7,6da774b9-44bc-4914-afe5-38298d88b71f,3cee3fd0-6624-4310-9437-837a23a78ad4,WAIVER,EXECUTED,5,NightlyLeagueUpdateTaskProcessor,6,ADD,15971.0,Rex Burkhead,0.0,5.0,2022-10-19
2022,7,6da774b9-44bc-4914-afe5-38298d88b71f,3cee3fd0-6624-4310-9437-837a23a78ad4,WAIVER,EXECUTED,5,NightlyLeagueUpdateTaskProcessor,6,DROP,3115378.0,Russell Gage,5.0,0.0,2022-10-19
2022,7,7b9c6b27-c277-4987-a710-636b87b47afb,,TRADE_PROPOSAL,PENDING,1,{C1E09685-96D1-4750-BA21-8BE16D3BF7CA},0,TRADE,3930086.0,Dawson Knox,1.0,10.0,2022-10-24
2022,7,7b9c6b27-c277-4987-a710-636b87b47afb,,TRADE_PROPOSAL,PENDING,1,{C1E09685-96D1-4750-BA21-8BE16D3BF7CA},0,TRADE,3051926.0,Gus Edwards,10.0,1.0,2022-10-24
2022,7,65157d58-09a8-4a80-9055-d69a85b9248a,,FREEAGENT,EXECUTED,12,{91D28B99-9234-408F-ACE7-32AEC03EE9E2},0,ADD,11237.0,Matt Ryan,0.0,12.0,2022-10-19
2022,7,65157d58-09a8-4a80-9055-d69a85b9248a,,FREEAGENT,EXECUTED,12,{91D28B99-9234-408F-ACE7-32AEC03EE9E2},0,DROP,2991662.0,Mack Hollins,12.0,0.0,2022-10-19
2022,7,90173ca1-a62a-483b-91a5-81767bd0a45c,57c8a03d-0379-4e71-ae53-eec35387bb86,WAIVER,FAILED_PLAYERALREADYDROPPED,5,NightlyLeagueUpdateTaskProcessor,5,ADD,4569587.0,Wan'Dale Robinson,0.0,5.0,2022-10-19
2022,7,90173ca1-a62a-483b-91a5-81767bd0a45c,57c8a03d-0379-4e71-ae53-eec35387bb86,WAIVER,FAILED_PLAYERALREADYDROPPED,5,NightlyLeagueUpdateTaskProcessor,5,DROP,3115378.0,Russell Gage,5.0,0.0,2022-10-19
2022,7,a829eebd-8d58-4c22-afaa-8105c0419aef,,FREEAGENT,EXECUTED,5,{77F704CF-0C76-4984-9A71-8BD39511C19F},0,ADD,4362921.0,Tyquan Thornton,0.0,5.0,2022-10-24
2022,7,a829eebd-8d58-4c22-afaa-8105c0419aef,,FREEAGENT,EXECUTED,5,{77F704CF-0C76-4984-9A71-8BD39511C19F},0,DROP,2576623.0,DeVante Parker,5.0,0.0,2022-10-24
2022,7,96dba5ad-4aec-4ef4-83f6-e0fde4dfc4dd,dca3ef4b-a0e7-4ea6-b0a1-0ef54253d8f3,WAIVER,CANCELED,5,{77F704CF-0C76-4984-9A71-8BD39511C19F},0,ADD,2577417.0,Dak Prescott,0.0,5.0,2022-10-18
2022,7,96dba5ad-4aec-4ef4-83f6-e0fde4dfc4dd,dca3ef4b-a0e7-4ea6-b0a1-0ef54253d8f3,WAIVER,CANCELED,5,{77F704CF-0C76-4984-9A71-8BD39511C19F},0,DROP,2573079.0,Carson Wentz,5.0,0.0,2022-10-18
2022,7,d1ed7b9d-885d-48ef-bd15-e46e28750f31,,TRADE_PROPOSAL,PENDING,1,{C1E09685-96D1-4750-BA21-8BE16D3BF7CA},0,TRADE,3040151.0,George Kittle,1.0,10.0,2022-10-24
2022,7,d1ed7b9d-885d-48ef-bd15-e46e28750f31,,TRADE_PROPOSAL,PENDING,1,{C1E09685-96D1-4750-BA21-8BE16D3BF7CA},0,TRADE,3051926.0,Gus Edwards,10.0,1.0,2022-10-24
2022,7,69bd1869-67f6-4951-a4e6-4e000dc87f1a,,FREEAGENT,EXECUTED,6,{FE8F6865-8A47-4C3A-8D66-0780982B48DD},0,ADD,4361529.0,Isiah Pacheco,0.0,6.0,2022-10-23
2022,7,69bd1869-67f6-4951-a4e6-4e000dc87f1a,,FREEAGENT,EXECUTED,6,{FE8F6865-8A47-4C3A-8D66-0780982B48DD},0,DROP,4240455.0,Deon Jackson,6.0,0.0,2022-10-23
2022,7,c65802b0-3b52-4366-bad5-abb817473598,,FREEAGENT,EXECUTED,2,{EC970810-E14F-4307-8FA6-3BAE92CC1B4E},0,ADD,4036131.0,Noah Fant,0.0,2.0,2022-10-21
2022,7,c65802b0-3b52-4366-bad5-abb817473598,,FREEAGENT,EXECUTED,2,{EC970810-E14F-4307-8FA6-3BAE92CC1B4E},0,DROP,2572861.0,J.D. McKissic,2.0,0.0,2022-10-21
2022,7,214d3f1b-b5fa-40f3-b848-be5ae75488d8,,WAIVER,PENDING,10,{2C8A1B87-268B-45A5-A0E5-C4A3F61C9BC2},6,ADD,-16017.0,Patriots D/ST,0.0,10.0,2022-10-18
2022,7,214d3f1b-b5fa-40f3-b848-be5ae75488d8,,WAIVER,PENDING,10,{2C8A1B87-268B-45A5-A0E5-C4A3F61C9BC2},6,DROP,-16029.0,Panthers D/ST,10.0,0.0,2022-10-18
2022,7,f9c278ec-35dc-4c56-bbe1-34b7c846dcc1,,FREEAGENT,EXECUTED,3,{C52D799E-6C1C-44B9-8371-9B6AF857D8E8},0,ADD,11283.0,DeSean Jackson,0.0,3.0,2022-10-21
2022,7,bf860487-212c-403a-9754-5a8c98a25781,823eab78-c5b5-45df-9f0e-54e4d8335cc8,WAIVER,FAILED_INVALIDPLAYERSOURCE,1,NightlyLeagueUpdateTaskProcessor,3,ADD,2979843.0,Kenyan Drake,0.0,1.0,2022-10-19
2022,7,bf860487-212c-403a-9754-5a8c98a25781,823eab78-c5b5-45df-9f0e-54e4d8335cc8,WAIVER,FAILED_INVALIDPLAYERSOURCE,1,NightlyLeagueUpdateTaskProcessor,3,DROP,4361409.0,Jahan Dotson,1.0,0.0,2022-10-19
2022,7,9b74e308-57f2-463b-b21a-42f9dc54e776,,FREEAGENT,EXECUTED,2,{EC970810-E14F-4307-8FA6-3BAE92CC1B4E},0,ADD,2576980.0,Marcus Mariota,0.0,2.0,2022-10-19
2022,7,9b74e308-57f2-463b-b21a-42f9dc54e776,,FREEAGENT,EXECUTED,2,{EC970810-E14F-4307-8FA6-3BAE92CC1B4E},0,DROP,2979477.0,Tevin Coleman,2.0,0.0,2022-10-19
2022,7,95bf4222-d4b2-47be-9c91-f2a426639a28,,FREEAGENT,EXECUTED,14,{C2BAB8A3-9ED5-425C-BAB8-A39ED5B25CC2},0,ADD,15920.0,Latavius Murray,0.0,14.0,2022-10-23
2022,7,abb721fd-2d44-4e9e-b362-23230855550a,,TRADE_PROPOSAL,PENDING,10,{2C8A1B87-268B-45A5-A0E5-C4A3F61C9BC2},0,TRADE,4039359.0,Darrell Henderson Jr.,10.0,14.0,2022-10-19
2022,7,abb721fd-2d44-4e9e-b362-23230855550a,,TRADE_PROPOSAL,PENDING,10,{2C8A1B87-268B-45A5-A0E5-C4A3F61C9BC2},0,TRADE,2976499.0,Amari Cooper,14.0,10.0,2022-10-19
2022,7,d1e77c2c-29c2-438a-84b9-bbdb0a177cfc,,FREEAGENT,EXECUTED,13,{85A6A0E4-D846-4046-B7F8-487FAD9165E0},0,ADD,4430737.0,Kyren Williams,0.0,13.0,2022-10-19
2022,7,37b70920-f853-476b-a929-6165255586de,,ROSTER,EXECUTED,7,{430447A7-381F-4E40-AD53-6A9C1F157A25},0,DROP,4362887.0,Justin Fields,7.0,0.0,2022-10-19
2022,7,5767c735-2a4c-4857-85ee-9aa2ac201b65,abb721fd-2d44-4e9e-b362-23230855550a,TRADE_ACCEPT,EXECUTED,10,{C1E09685-96D1-4750-BA21-8BE16D3BF7CA},0,TRADE,4039359.0,Darrell Henderson Jr.,10.0,14.0,2022-10-19
2022,7,5767c735-2a4c-4857-85ee-9aa2ac201b65,abb721fd-2d44-4e9e-b362-23230855550a,TRADE_ACCEPT,EXECUTED,10,{C1E09685-96D1-4750-BA21-8BE16D3BF7CA},0,TRADE,2976499.0,Amari Cooper,14.0,10.0,2022-10-19
2022,8,0dd408d8-fa08-499b-92a9-9244c0de5db1,,FREEAGENT,EXECUTED,10,{2C8A1B87-268B-45A5-A0E5-C4A3F61C9BC2},0,ADD,3139602.0,D'Ernest Johnson,0.0,10.0,2022-10-26
2022,8,0dd408d8-fa08-499b-92a9-9244c0de5db1,,FREEAGENT,EXECUTED,10,{2C8A1B87-268B-45A5-A0E5-C4A3F61C9BC2},0,DROP,4242433.0,Joshua Palmer,10.0,0.0,2022-10-26
2022,8,5a5c876b-2236-44b6-b5a8-c7091bfb0897,a30950f6-19b5-404b-ae41-7777b899bd94,WAIVER,FAILED_INVALIDPLAYERSOURCE,10,NightlyLeagueUpdateTaskProcessor,1,ADD,-16025.0,49ers D/ST,0.0,10.0,2022-10-27
2022,8,5a5c876b-2236-44b6-b5a8-c7091bfb0897,a30950f6-19b5-404b-ae41-7777b899bd94,WAIVER,FAILED_INVALIDPLAYERSOURCE,10,NightlyLeagueUpdateTaskProcessor,1,DROP,-16017.0,Patriots D/ST,10.0,0.0,2022-10-27
2022,8,163dcc46-2b39-4d5a-b64c-166480719d30,868db29b-57bc-4d3a-9680-dac4f012f3e9,WAIVER,FAILED_PLAYERALREADYDROPPED,7,NightlyLeagueUpdateTaskProcessor,11,ADD,4242433.0,Joshua Palmer,0.0,7.0,2022-10-26
2022,8,163dcc46-2b39-4d5a-b64c-166480719d30,868db29b-57bc-4d3a-9680-dac4f012f3e9,WAIVER,FAILED_PLAYERALREADYDROPPED,7,NightlyLeagueUpdateTaskProcessor,11,DROP,4361432.0,Romeo Doubs,7.0,0.0,2022-10-26
2022,8,0824b9bd-f77b-4f6d-bbde-10876a14ee4c,,WAIVER,PENDING,10,{2C8A1B87-268B-45A5-A0E5-C4A3F61C9BC2},1,ADD,-16011.0,Colts D/ST,0.0,10.0,2022-10-27
2022,8,0824b9bd-f77b-4f6d-bbde-10876a14ee4c,,WAIVER,PENDING,10,{2C8A1B87-268B-45A5-A0E5-C4A3F61C9BC2},1,DROP,-16017.0,Patriots D/ST,10.0,0.0,2022-10-27
2022,8,d30a165f-1abe-4d35-9173-7b49396e7a0f,,FREEAGENT,EXECUTED,1,{C1E09685-96D1-4750-BA21-8BE16D3BF7CA},0,ADD,12483.0,Matthew Stafford,0.0,1.0,2022-10-26
2022,8,d30a165f-1abe-4d35-9173-7b49396e7a0f,,FREEAGENT,EXECUTED,1,{C1E09685-96D1-4750-BA21-8BE16D3BF7CA},0,DROP,2969939.0,Jameis Winston,1.0,0.0,2022-10-26
2022,8,73e9b29a-86cb-43e1-8b5b-a4f4f8ec8b27,42e445dc-86db-4aef-b22f-2e9253f83603,WAIVER,FAILED_INVALIDPLAYERSOURCE,3,NightlyLeagueUpdateTaskProcessor,3,ADD,3116164.0,Mike Gesicki,0.0,3.0,2022-10-26
2022,8,73e9b29a-86cb-43e1-8b5b-a4f4f8ec8b27,42e445dc-86db-4aef-b22f-2e9253f83603,WAIVER,FAILED_INVALIDPLAYERSOURCE,3,NightlyLeagueUpdateTaskProcessor,3,DROP,-16011.0,Colts D/ST,3.0,0.0,2022-10-26
2022,8,249c8217-a824-4886-b940-9110c11c02fb,6cb78b5e-b42d-4533-b479-30aafc19db97,WAIVER,EXECUTED,6,NightlyLeagueUpdateTaskProcessor,18,ADD,3116164.0,Mike Gesicki,0.0,6.0,2022-10-26
2022,8,249c8217-a824-4886-b940-9110c11c02fb,6cb78b5e-b42d-4533-b479-30aafc19db97,WAIVER,EXECUTED,6,NightlyLeagueUpdateTaskProcessor,18,DROP,-16025.0,49ers D/ST,6.0,0.0,2022-10-26
2022,8,ac78b7c9-6b46-4182-b845-e54b005382ae,55ac3478-ebeb-4515-9732-74f7781a3f4f,TRADE_PROPOSAL,CANCELED,10,{C52D799E-6C1C-44B9-8371-9B6AF857D8E8},0,TRADE,3932905.0,Diontae Johnson,10.0,3.0,2022-10-27
2022,8,ac78b7c9-6b46-4182-b845-e54b005382ae,55ac3478-ebeb-4515-9732-74f7781a3f4f,TRADE_PROPOSAL,CANCELED,10,{C52D799E-6C1C-44B9-8371-9B6AF857D8E8},0,TRADE,3916148.0,Tony Pollard,3.0,10.0,2022-10-27
2022,8,62a3dfb3-c02d-447e-88d6-fd181c43f3ce,3a1d2342-e89c-4fe0-897b-9dcd5b87772c,WAIVER,EXECUTED,3,NightlyLeagueUpdateTaskProcessor,10,ADD,3917792.0,Daniel Jones,0.0,3.0,2022-10-26
2022,8,62a3dfb3-c02d-447e-88d6-fd181c43f3ce,3a1d2342-e89c-4fe0-897b-9dcd5b87772c,WAIVER,EXECUTED,3,NightlyLeagueUpdateTaskProcessor,10,DROP,11283.0,DeSean Jackson,3.0,0.0,2022-10-26
2022,8,98009be2-9610-4855-8868-8e1b1e5211e9,d540981d-89be-45f8-ada0-2fd5698d221d,TRADE_DECLINE,EXECUTED,5,{77F704CF-0C76-4984-9A71-8BD39511C19F},0,,,,,,2022-10-26
2022,8,a56ce927-8e71-4f43-8720-f36490ad798d,51163ec5-d571-40b0-a490-641687deac81,TRADE_ACCEPT,EXECUTED,10,{C1E09685-96D1-4750-BA21-8BE16D3BF7CA},0,TRADE,3121023.0,Dallas Goedert,12.0,10.0,2022-10-26
2022,8,a56ce927-8e71-4f43-8720-f36490ad798d,51163ec5-d571-40b0-a490-641687deac81,TRADE_ACCEPT,EXECUTED,10,{C1E09685-96D1-4750-BA21-8BE16D3BF7CA},0,TRADE,3051926.0,Gus Edwards,10.0,12.0,2022-10-26
2022,8,3e7db87d-af07-42df-93db-b973a3bf6cc4,fea48072-f393-4dfe-8487-9cb345cf7792,TRADE_PROPOSAL,CANCELED,7,TradeTaskProcessor,0,TRADE,3115306.0,Josh Reynolds,7.0,10.0,2022-10-29
2022,8,3e7db87d-af07-42df-93db-b973a3bf6cc4,fea48072-f393-4dfe-8487-9cb345cf7792,TRADE_PROPOSAL,CANCELED,7,TradeTaskProcessor,0,TRADE,3059915.0,Kareem Hunt,10.0,7.0,2022-10-29
2022,8,308540b6-f6e7-499f-af5f-6031274ecfee,3237fc1e-7f69-4169-a5d3-ffcee426b3d0,WAIVER,EXECUTED,5,NightlyLeagueUpdateTaskProcessor,3,ADD,3930066.0,Van Jefferson,0.0,5.0,2022-10-26
2022,8,308540b6-f6e7-499f-af5f-6031274ecfee,3237fc1e-7f69-4169-a5d3-ffcee426b3d0,WAIVER,EXECUTED,5,NightlyLeagueUpdateTaskProcessor,3,DROP,3918639.0,Gerald Everett,5.0,0.0,2022-10-26
2022,8,cbe83644-5592-454f-ae4c-908280958acf,d9a59b0f-c738-4b0b-9f7e-e0c7038f1a71,WAIVER,FAILED_INVALIDPLAYERSOURCE,12,NightlyLeagueUpdateTaskProcessor,9,ADD,3116164.0,Mike Gesicki,0.0,12.0,2022-10-26
2022,8,cb08e7c4-29ff-4293-ac05-53a0d96c31e5,0824b9bd-f77b-4f6d-bbde-10876a14ee4c,WAIVER,EXECUTED,10,NightlyLeagueUpdateTaskProcessor,1,ADD,-16011.0,Colts D/ST,0.0,10.0,2022-10-28
2022,8,cb08e7c4-29ff-4293-ac05-53a0d96c31e5,0824b9bd-f77b-4f6d-bbde-10876a14ee4c,WAIVER,EXECUTED,10,NightlyLeagueUpdateTaskProcessor,1,DROP,-16017.0,Patriots D/ST,10.0,0.0,2022-10-28
2022,8,ece062ec-44e7-49fa-8fea-b990676e03a3,c3a2eaca-03c7-4412-9aba-b15a074adf83,WAIVER,EXECUTED,8,NightlyLeagueUpdateTaskProcessor,1,ADD,-16010.0,Titans D/ST,0.0,8.0,2022-10-26
2022,8,963b5eb3-45d8-4723-8695-d3bf04cd4f1d,,FREEAGENT,EXECUTED,8,{00408013-39CF-40FC-8080-1339CFD0FC06},0,ADD,16725.0,Sammy Watkins,0.0,8.0,2022-10-27
2022,8,963b5eb3-45d8-4723-8695-d3bf04cd4f1d,,FREEAGENT,EXECUTED,8,{00408013-39CF-40FC-8080-1339CFD0FC06},0,DROP,-16027.0,Buccaneers D/ST,8.0,0.0,2022-10-27
2022,8,d9bb8ec7-d8ae-4eb3-aa14-e5bbabbf39e2,51163ec5-d571-40b0-a490-641687deac81,TRADE_UPHOLD,EXECUTED,1,{C1E09685-96D1-4750-BA21-8BE16D3BF7CA},0,,,,,,2022-10-26
2022,8,31d4eece-e472-434d-8e47-d4a488bc1fea,55ac3478-ebeb-4515-9732-74f7781a3f4f,TRADE_DECLINE,EXECUTED,3,{C52D799E-6C1C-44B9-8371-9B6AF857D8E8},0,,,,,,2022-10-27
2022,8,a2ca75e8-15e7-45df-b625-0d1ac256a7e1,c05bb1c7-4baf-43c1-ae3c-bdc3dc795d21,TRADE_UPHOLD,EXECUTED,1,{C1E09685-96D1-4750-BA21-8BE16D3BF7CA},0,,,,,,2022-10-26
2022,8,55ac3478-ebeb-4515-9732-74f7781a3f4f,,TRADE_PROPOSAL,PENDING,10,{2C8A1B87-268B-45A5-A0E5-C4A3F61C9BC2},0,TRADE,3932905.0,Diontae Johnson,10.0,3.0,2022-10-27
2022,8,55ac3478-ebeb-4515-9732-74f7781a3f4f,,TRADE_PROPOSAL,PENDING,10,{2C8A1B87-268B-45A5-A0E5-C4A3F61C9BC2},0,TRADE,3916148.0,Tony Pollard,3.0,10.0,2022-10-27
2022,8,23efbb22-5fc2-4d31-93ed-cc66b5ae3aa6,,TRADE_PROPOSAL,PENDING,7,{430447A7-381F-4E40-AD53-6A9C1F157A25},0,TRADE,4372485.0,Rondale Moore,7.0,10.0,2022-10-27
2022,8,23efbb22-5fc2-4d31-93ed-cc66b5ae3aa6,,TRADE_PROPOSAL,PENDING,7,{430447A7-381F-4E40-AD53-6A9C1F157A25},0,TRADE,3059915.0,Kareem Hunt,10.0,7.0,2022-10-27
2022,8,3ae2fce6-b3a6-4b6c-b163-1a8aa6dcb368,,WAIVER,PENDING,10,{2C8A1B87-268B-45A5-A0E5-C4A3F61C9BC2},1,ADD,4242433.0,Joshua Palmer,0.0,10.0,2022-10-25
2022,8,3ae2fce6-b3a6-4b6c-b163-1a8aa6dcb368,,WAIVER,PENDING,10,{2C8A1B87-268B-45A5-A0E5-C4A3F61C9BC2},1,DROP,16760.0,Jimmy Garoppolo,10.0,0.0,2022-10-25
2022,8,098abbe4-2f64-4c74-b3ee-763bea8ba113,fbe9febc-37ba-4228-b4a5-3aaea77616d5,TRADE_PROPOSAL,CANCELED,10,NightlyLeagueUpdateTaskProcessor,0,TRADE,4360238.0,Dameon Pierce,13.0,10.0,2022-10-26
2022,8,098abbe4-2f64-4c74-b3ee-763bea8ba113,fbe9febc-37ba-4228-b4a5-3aaea77616d5,TRADE_PROPOSAL,CANCELED,10,NightlyLeagueUpdateTaskProcessor,0,TRADE,3116165.0,Chris Godwin,13.0,10.0,2022-10-26
2022,8,098abbe4-2f64-4c74-b3ee-763bea8ba113,fbe9febc-37ba-4228-b4a5-3aaea77616d5,TRADE_PROPOSAL,CANCELED,10,NightlyLeagueUpdateTaskProcessor,0,TRADE,3115364.0,Leonard Fournette,10.0,13.0,2022-10-26
2022,8,098abbe4-2f64-4c74-b3ee-763bea8ba113,fbe9febc-37ba-4228-b4a5-3aaea77616d5,TRADE_PROPOSAL,CANCELED,10,NightlyLeagueUpdateTaskProcessor,0,DROP,16760.0,Jimmy Garoppolo,10.0,0.0,2022-10-26
2022,8,d1c964e7-7c88-420b-80a9-d2e7d4f11f42,f154b43f-e4b9-4fb0-abb6-7c475b2932c9,WAIVER,EXECUTED,12,NightlyLeagueUpdateTaskProcessor,1,ADD,-16025.0,49ers D/ST,0.0,12.0,2022-10-27
2022,8,d1c964e7-7c88-420b-80a9-d2e7d4f11f42,f154b43f-e4b9-4fb0-abb6-7c475b2932c9,WAIVER,EXECUTED,12,NightlyLeagueUpdateTaskProcessor,1,DROP,-16013.0,Raiders D/ST,12.0,0.0,2022-10-27
2022,8,8dc8cf0b-168e-4cd2-8162-98267a55ad9b,,FREEAGENT,EXECUTED,12,{91D28B99-9234-408F-ACE7-32AEC03EE9E2},0,ADD,4240600.0,Kadarius Toney,0.0,12.0,2022-10-27
2022,8,8dc8cf0b-168e-4cd2-8162-98267a55ad9b,,FREEAGENT,EXECUTED,12,{91D28B99-9234-408F-ACE7-32AEC03EE9E2},0,DROP,16733.0,Odell Beckham Jr.,12.0,0.0,2022-10-27
2022,8,41c905b6-4479-4e92-b5d9-54c14595a285,3684b637-5d88-4cc1-815e-c2c218b21093,TRADE_DECLINE,EXECUTED,12,{91D28B99-9234-408F-ACE7-32AEC03EE9E2},0,,,,,,2022-10-25
2022,8,c49e9878-2048-450c-a770-a7711be59670,1c7ae101-58b5-463b-9c3c-10f63de1e039,WAIVER,FAILED_INVALIDPLAYERSOURCE,8,NightlyLeagueUpdateTaskProcessor,1,ADD,-16017.0,Patriots D/ST,0.0,8.0,2022-10-29
2022,8,c49e9878-2048-450c-a770-a7711be59670,1c7ae101-58b5-463b-9c3c-10f63de1e039,WAIVER,FAILED_INVALIDPLAYERSOURCE,8,NightlyLeagueUpdateTaskProcessor,1,DROP,-16010.0,Titans D/ST,8.0,0.0,2022-10-29
2022,8,432c9b21-8696-49f8-982c-a8993b39df50,707c3c08-f9d5-4192-959c-7c8357a3d8cc,WAIVER,EXECUTED,2,NightlyLeagueUpdateTaskProcessor,8,ADD,3916430.0,Nyheim Hines,0.0,2.0,2022-10-26
2022,8,432c9b21-8696-49f8-982c-a8993b39df50,707c3c08-f9d5-4192-959c-7c8357a3d8cc,WAIVER,EXECUTED,2,NightlyLeagueUpdateTaskProcessor,8,DROP,4036131.0,Noah Fant,2.0,0.0,2022-10-26
2022,8,265846c6-bdc7-411e-801d-37da76497772,df68bbba-1704-43f6-bfc4-5c6a73c5ea67,WAIVER,EXECUTED,1,NightlyLeagueUpdateTaskProcessor,4,ADD,2969939.0,Jameis Winston,0.0,1.0,2022-10-26
2022,8,265846c6-bdc7-411e-801d-37da76497772,df68bbba-1704-43f6-bfc4-5c6a73c5ea67,WAIVER,EXECUTED,1,NightlyLeagueUpdateTaskProcessor,4,DROP,-16015.0,Dolphins D/ST,1.0,0.0,2022-10-26
2022,8,efcc422b-131d-424d-a9ad-95c3ceaac04a,,FREEAGENT,EXECUTED,13,{85A6A0E4-D846-4046-B7F8-487FAD9165E0},0,ADD,-16007.0,Broncos D/ST,0.0,13.0,2022-10-29
2022,8,efcc422b-131d-424d-a9ad-95c3ceaac04a,,FREEAGENT,EXECUTED,13,{85A6A0E4-D846-4046-B7F8-487FAD9165E0},0,DROP,-16005.0,Browns D/ST,13.0,0.0,2022-10-29
2022,8,2bf051c0-e40b-4305-8c79-3d36f32942d9,,FREEAGENT,EXECUTED,4,{8242D4C8-FCD1-4A28-9373-CD282687A8E7},0,ADD,-16028.0,Commanders D/ST,0.0,4.0,2022-10-26
2022,8,2bf051c0-e40b-4305-8c79-3d36f32942d9,,FREEAGENT,EXECUTED,4,{8242D4C8-FCD1-4A28-9373-CD282687A8E7},0,DROP,-16009.0,Packers D/ST,4.0,0.0,2022-10-26
2022,8,4bf77ea1-691f-4e2f-9b7f-5e56452cffc1,,FREEAGENT,EXECUTED,4,{8242D4C8-FCD1-4A28-9373-CD282687A8E7},0,ADD,2565969.0,Taylor Heinicke,0.0,4.0,2022-10-26
2022,8,4bf77ea1-691f-4e2f-9b7f-5e56452cffc1,,FREEAGENT,EXECUTED,4,{8242D4C8-FCD1-4A28-9373-CD282687A8E7},0,DROP,16782.0,Jerick McKinnon,4.0,0.0,2022-10-26
2022,8,2a6a30ef-9193-4bf3-93a0-673d3b5c541f,,FREEAGENT,EXECUTED,5,{77F704CF-0C76-4984-9A71-8BD39511C19F},0,ADD,4362887.0,Justin Fields,0.0,5.0,2022-10-28
2022,8,2a6a30ef-9193-4bf3-93a0-673d3b5c541f,,FREEAGENT,EXECUTED,5,{77F704CF-0C76-4984-9A71-8BD39511C19F},0,DROP,4035004.0,Mecole Hardman,5.0,0.0,2022-10-28
2022,8,a30950f6-19b5-404b-ae41-7777b899bd94,,WAIVER,PENDING,10,{2C8A1B87-268B-45A5-A0E5-C4A3F61C9BC2},1,ADD,-16025.0,49ers D/ST,0.0,10.0,2022-10-26
2022,8,a30950f6-19b5-404b-ae41-7777b899bd94,,WAIVER,PENDING,10,{2C8A1B87-268B-45A5-A0E5-C4A3F61C9BC2},1,DROP,-16017.0,Patriots D/ST,10.0,0.0,2022-10-26
2022,8,4b09935b-2e0f-4c1b-ae20-3e9c05c81fbe,6a028ec7-f610-45d8-af56-8057dd0cc3bf,TRADE_PROPOSAL,CANCELED,3,{C52D799E-6C1C-44B9-8371-9B6AF857D8E8},0,TRADE,4262921.0,Justin Jefferson,6.0,3.0,2022-10-25
2022,8,4b09935b-2e0f-4c1b-ae20-3e9c05c81fbe,6a028ec7-f610-45d8-af56-8057dd0cc3bf,TRADE_PROPOSAL,CANCELED,3,{C52D799E-6C1C-44B9-8371-9B6AF857D8E8},0,TRADE,3116593.0,Dalvin Cook,3.0,6.0,2022-10-25
2022,8,4b09935b-2e0f-4c1b-ae20-3e9c05c81fbe,6a028ec7-f610-45d8-af56-8057dd0cc3bf,TRADE_PROPOSAL,CANCELED,3,{C52D799E-6C1C-44B9-8371-9B6AF857D8E8},0,TRADE,4048244.0,Alexander Mattison,3.0,6.0,2022-10-25
2022,8,a3722992-4298-4282-a85c-789c05cc6ac7,21616757-fa45-412a-b078-c130eda5df58,WAIVER,FAILED_INVALIDPLAYERSOURCE,14,NightlyLeagueUpdateTaskProcessor,5,ADD,3121410.0,Parris Campbell,0.0,14.0,2022-10-26
2022,8,a3722992-4298-4282-a85c-789c05cc6ac7,21616757-fa45-412a-b078-c130eda5df58,WAIVER,FAILED_INVALIDPLAYERSOURCE,14,NightlyLeagueUpdateTaskProcessor,5,DROP,3059722.0,Zay Jones,14.0,0.0,2022-10-26
2022,8,a3722992-4298-4282-a85c-789c05cc6ac7,21616757-fa45-412a-b078-c130eda5df58,WAIVER,FAILED_INVALIDPLAYERSOURCE,14,NightlyLeagueUpdateTaskProcessor,5,DROP,13981.0,Mark Ingram II,14.0,0.0,2022-10-26
2022,8,1bcc729b-a1a4-40a2-bdac-4db30d61baae,,TRADE_PROPOSAL,PENDING,13,{85A6A0E4-D846-4046-B7F8-487FAD9165E0},0,TRADE,4373626.0,Tyler Allgeier,13.0,10.0,2022-10-30
2022,8,1bcc729b-a1a4-40a2-bdac-4db30d61baae,,TRADE_PROPOSAL,PENDING,13,{85A6A0E4-D846-4046-B7F8-487FAD9165E0},0,TRADE,4697815.0,Rachaad White,10.0,13.0,2022-10-30
2022,8,efcf5130-769f-4452-b0bc-cbecbc9637c8,,FREEAGENT,EXECUTED,4,{8242D4C8-FCD1-4A28-9373-CD282687A8E7},0,ADD,3128451.0,Tre'Quan Smith,0.0,4.0,2022-10-29
2022,8,efcf5130-769f-4452-b0bc-cbecbc9637c8,,FREEAGENT,EXECUTED,4,{8242D4C8-FCD1-4A28-9373-CD282687A8E7},0,DROP,4244732.0,Caleb Huntley,4.0,0.0,2022-10-29
2022,8,8d00b7e7-7a0a-43e5-892d-0c8991f0a4ab,4f3a5c86-04a0-4448-b706-309c096e61dc,WAIVER,EXECUTED,5,NightlyLeagueUpdateTaskProcessor,1,ADD,-16017.0,Patriots D/ST,0.0,5.0,2022-10-29
2022,8,8d00b7e7-7a0a-43e5-892d-0c8991f0a4ab,4f3a5c86-04a0-4448-b706-309c096e61dc,WAIVER,EXECUTED,5,NightlyLeagueUpdateTaskProcessor,1,DROP,-16030.0,Jaguars D/ST,5.0,0.0,2022-10-29
2022,8,b620c895-84e5-49c0-9f78-6fdb441803e2,51163ec5-d571-40b0-a490-641687deac81,TRADE_UPHOLD,EXECUTED,12,{91D28B99-9234-408F-ACE7-32AEC03EE9E2},0,,,,,,2022-10-26
2022,8,3961f7dc-9903-4a04-89a7-c35256a3c13f,5a985276-6de8-4198-8164-9bd507e30731,WAIVER,FAILED_INVALIDPLAYERSOURCE,12,NightlyLeagueUpdateTaskProcessor,8,ADD,3121410.0,Parris Campbell,0.0,12.0,2022-10-26
2022,8,b2e61498-726f-487d-9273-1cf4c0415d13,c05bb1c7-4baf-43c1-ae3c-bdc3dc795d21,TRADE_ACCEPT,,4,{8242D4C8-FCD1-4A28-9373-CD282687A8E7},0,,,,,,2022-10-26
2022,8,575944fa-42a6-453d-970e-c86469b1a7bb,1bcc729b-a1a4-40a2-bdac-4db30d61baae,TRADE_PROPOSAL,CANCELED,13,{85A6A0E4-D846-4046-B7F8-487FAD9165E0},0,TRADE,4373626.0,Tyler Allgeier,13.0,10.0,2022-10-30
2022,8,575944fa-42a6-453d-970e-c86469b1a7bb,1bcc729b-a1a4-40a2-bdac-4db30d61baae,TRADE_PROPOSAL,CANCELED,13,{85A6A0E4-D846-4046-B7F8-487FAD9165E0},0,TRADE,4697815.0,Rachaad White,10.0,13.0,2022-10-30
2022,8,81aa5cc3-5365-4702-8129-40395ab1e85c,,TRADE_PROPOSAL,PENDING,12,{91D28B99-9234-408F-ACE7-32AEC03EE9E2},0,TRADE,4239934.0,AJ Dillon,12.0,10.0,2022-10-25
2022,8,81aa5cc3-5365-4702-8129-40395ab1e85c,,TRADE_PROPOSAL,PENDING,12,{91D28B99-9234-408F-ACE7-32AEC03EE9E2},0,TRADE,3121023.0,Dallas Goedert,12.0,10.0,2022-10-25
2022,8,81aa5cc3-5365-4702-8129-40395ab1e85c,,TRADE_PROPOSAL,PENDING,12,{91D28B99-9234-408F-ACE7-32AEC03EE9E2},0,TRADE,4259545.0,D'Andre Swift,10.0,12.0,2022-10-25
2022,8,860087dc-3e8c-4f52-a6b7-14dce3ef1b74,3684b637-5d88-4cc1-815e-c2c218b21093,TRADE_PROPOSAL,CANCELED,10,{91D28B99-9234-408F-ACE7-32AEC03EE9E2},0,TRADE,4362628.0,Ja'Marr Chase,12.0,10.0,2022-10-25
2022,8,860087dc-3e8c-4f52-a6b7-14dce3ef1b74,3684b637-5d88-4cc1-815e-c2c218b21093,TRADE_PROPOSAL,CANCELED,10,{91D28B99-9234-408F-ACE7-32AEC03EE9E2},0,TRADE,3121023.0,Dallas Goedert,12.0,10.0,2022-10-25
2022,8,860087dc-3e8c-4f52-a6b7-14dce3ef1b74,3684b637-5d88-4cc1-815e-c2c218b21093,TRADE_PROPOSAL,CANCELED,10,{91D28B99-9234-408F-ACE7-32AEC03EE9E2},0,TRADE,3123076.0,David Njoku,10.0,12.0,2022-10-25
2022,8,860087dc-3e8c-4f52-a6b7-14dce3ef1b74,3684b637-5d88-4cc1-815e-c2c218b21093,TRADE_PROPOSAL,CANCELED,10,{91D28B99-9234-408F-ACE7-32AEC03EE9E2},0,TRADE,3115364.0,Leonard Fournette,10.0,12.0,2022-10-25
2022,8,93a18486-1f5a-4aab-909f-a22d1c2ebb25,23efbb22-5fc2-4d31-93ed-cc66b5ae3aa6,TRADE_PROPOSAL,CANCELED,7,TradeTaskProcessor,0,TRADE,4372485.0,Rondale Moore,7.0,10.0,2022-10-29
2022,8,93a18486-1f5a-4aab-909f-a22d1c2ebb25,23efbb22-5fc2-4d31-93ed-cc66b5ae3aa6,TRADE_PROPOSAL,CANCELED,7,TradeTaskProcessor,0,TRADE,3059915.0,Kareem Hunt,10.0,7.0,2022-10-29
2022,8,b4c07c1e-a919-4394-a2b5-ae54844350d6,81aa5cc3-5365-4702-8129-40395ab1e85c,TRADE_PROPOSAL,CANCELED,12,{2C8A1B87-268B-45A5-A0E5-C4A3F61C9BC2},0,TRADE,4239934.0,AJ Dillon,12.0,10.0,2022-10-25
2022,8,b4c07c1e-a919-4394-a2b5-ae54844350d6,81aa5cc3-5365-4702-8129-40395ab1e85c,TRADE_PROPOSAL,CANCELED,12,{2C8A1B87-268B-45A5-A0E5-C4A3F61C9BC2},0,TRADE,3121023.0,Dallas Goedert,12.0,10.0,2022-10-25
2022,8,b4c07c1e-a919-4394-a2b5-ae54844350d6,81aa5cc3-5365-4702-8129-40395ab1e85c,TRADE_PROPOSAL,CANCELED,12,{2C8A1B87-268B-45A5-A0E5-C4A3F61C9BC2},0,TRADE,4259545.0,D'Andre Swift,10.0,12.0,2022-10-25
2022,8,cec407e6-f89c-48cc-89f7-96671118453d,,FREEAGENT,EXECUTED,1,{C1E09685-96D1-4750-BA21-8BE16D3BF7CA},0,ADD,4248528.0,Christian Watson,0.0,1.0,2022-10-30
2022,8,cec407e6-f89c-48cc-89f7-96671118453d,,FREEAGENT,EXECUTED,1,{C1E09685-96D1-4750-BA21-8BE16D3BF7CA},0,DROP,4258195.0,Donovan Peoples-Jones,1.0,0.0,2022-10-30
2022,8,1c1d1b03-9216-45f0-a9e9-77c2dd464eca,51163ec5-d571-40b0-a490-641687deac81,TRADE_UPHOLD,EXECUTED,8,{00408013-39CF-40FC-8080-1339CFD0FC06},0,,,,,,2022-10-26
2022,8,3e4bda6c-fc03-48a2-9a2c-a1d5b8aec9b1,87e2cdc9-ce3e-44f4-81d1-b47a02ae1d86,TRADE_DECLINE,EXECUTED,8,{00408013-39CF-40FC-8080-1339CFD0FC06},0,,,,,,2022-10-26
2022,8,992e3701-f247-4412-8831-2670e9157fc1,,ROSTER,EXECUTED,12,{91D28B99-9234-408F-ACE7-32AEC03EE9E2},0,DROP,11237.0,Matt Ryan,12.0,0.0,2022-10-25
2022,8,a11298c2-ebc8-4e36-995b-fda91cf940ed,9407d4b3-dc64-44ac-8b41-476ef1b66b0e,WAIVER,EXECUTED,7,NightlyLeagueUpdateTaskProcessor,11,ADD,3121410.0,Parris Campbell,0.0,7.0,2022-10-26
2022,8,a11298c2-ebc8-4e36-995b-fda91cf940ed,9407d4b3-dc64-44ac-8b41-476ef1b66b0e,WAIVER,EXECUTED,7,NightlyLeagueUpdateTaskProcessor,11,DROP,4361432.0,Romeo Doubs,7.0,0.0,2022-10-26
2022,8,a7924101-f6d3-4567-a462-b2c495d7b796,e9863717-3696-4441-b4bd-b27013ce2183,WAIVER,FAILED_INVALIDPLAYERSOURCE,12,NightlyLeagueUpdateTaskProcessor,1,ADD,-16001.0,Falcons D/ST,0.0,12.0,2022-10-26
2022,8,a7924101-f6d3-4567-a462-b2c495d7b796,e9863717-3696-4441-b4bd-b27013ce2183,WAIVER,FAILED_INVALIDPLAYERSOURCE,12,NightlyLeagueUpdateTaskProcessor,1,DROP,-16013.0,Raiders D/ST,12.0,0.0,2022-10-26
2022,8,fea48072-f393-4dfe-8487-9cb345cf7792,,TRADE_PROPOSAL,PENDING,7,{430447A7-381F-4E40-AD53-6A9C1F157A25},0,TRADE,3115306.0,Josh Reynolds,7.0,10.0,2022-10-27
2022,8,fea48072-f393-4dfe-8487-9cb345cf7792,,TRADE_PROPOSAL,PENDING,7,{430447A7-381F-4E40-AD53-6A9C1F157A25},0,TRADE,3059915.0,Kareem Hunt,10.0,7.0,2022-10-27
2022,8,e7e94ef4-7131-4987-9d2b-b162b40f0b36,0227451d-3480-407e-9f40-f73ec8e63686,WAIVER,EXECUTED,3,NightlyLeagueUpdateTaskProcessor,1,ADD,4361432.0,Romeo Doubs,0.0,3.0,2022-10-27
2022,8,e7e94ef4-7131-4987-9d2b-b162b40f0b36,0227451d-3480-407e-9f40-f73ec8e63686,WAIVER,EXECUTED,3,NightlyLeagueUpdateTaskProcessor,1,DROP,-16011.0,Colts D/ST,3.0,0.0,2022-10-27
2022,8,c65f10ec-b3af-4c64-802d-0526f4c89851,,FREEAGENT,EXECUTED,8,{00408013-39CF-40FC-8080-1339CFD0FC06},0,ADD,13982.0,Julio Jones,0.0,8.0,2022-10-28
2022,8,c65f10ec-b3af-4c64-802d-0526f4c89851,,FREEAGENT,EXECUTED,8,{00408013-39CF-40FC-8080-1339CFD0FC06},0,DROP,16725.0,Sammy Watkins,8.0,0.0,2022-10-28
2022,8,7ce8b623-60f8-4394-bada-3c0ab21ceffd,,FREEAGENT,EXECUTED,12,{91D28B99-9234-408F-ACE7-32AEC03EE9E2},0,ADD,2574808.0,Robbie Anderson,0.0,12.0,2022-10-27
2022,8,a97462a4-cd22-4509-893d-4310661a6ba0,73515acc-c106-472f-912f-47e21da9c53c,TRADE_PROPOSAL,CANCELED,7,{430447A7-381F-4E40-AD53-6A9C1F157A25},0,TRADE,3128720.0,Nick Chubb,7.0,4.0,2022-10-26
2022,8,a97462a4-cd22-4509-893d-4310661a6ba0,73515acc-c106-472f-912f-47e21da9c53c,TRADE_PROPOSAL,CANCELED,7,{430447A7-381F-4E40-AD53-6A9C1F157A25},0,TRADE,4241479.0,Tua Tagovailoa,7.0,4.0,2022-10-26
2022,8,a97462a4-cd22-4509-893d-4310661a6ba0,73515acc-c106-472f-912f-47e21da9c53c,TRADE_PROPOSAL,CANCELED,7,{430447A7-381F-4E40-AD53-6A9C1F157A25},0,TRADE,3139477.0,Patrick Mahomes,4.0,7.0,2022-10-26
2022,8,a97462a4-cd22-4509-893d-4310661a6ba0,73515acc-c106-472f-912f-47e21da9c53c,TRADE_PROPOSAL,CANCELED,7,{430447A7-381F-4E40-AD53-6A9C1F157A25},0,TRADE,4241389.0,CeeDee Lamb,4.0,7.0,2022-10-26
2022,8,fbe9febc-37ba-4228-b4a5-3aaea77616d5,,TRADE_PROPOSAL,PENDING,10,{2C8A1B87-268B-45A5-A0E5-C4A3F61C9BC2},0,TRADE,4360238.0,Dameon Pierce,13.0,10.0,2022-10-25
2022,8,fbe9febc-37ba-4228-b4a5-3aaea77616d5,,TRADE_PROPOSAL,PENDING,10,{2C8A1B87-268B-45A5-A0E5-C4A3F61C9BC2},0,TRADE,3116165.0,Chris Godwin,13.0,10.0,2022-10-25
2022,8,fbe9febc-37ba-4228-b4a5-3aaea77616d5,,TRADE_PROPOSAL,PENDING,10,{2C8A1B87-268B-45A5-A0E5-C4A3F61C9BC2},0,TRADE,3115364.0,Leonard Fournette,10.0,13.0,2022-10-25
2022,8,fbe9febc-37ba-4228-b4a5-3aaea77616d5,,TRADE_PROPOSAL,PENDING,10,{2C8A1B87-268B-45A5-A0E5-C4A3F61C9BC2},0,DROP,16760.0,Jimmy Garoppolo,10.0,0.0,2022-10-25
2022,8,61da5384-ec82-465e-a6e0-1351fd5de786,,FREEAGENT,EXECUTED,8,{00408013-39CF-40FC-8080-1339CFD0FC06},0,ADD,4372414.0,Elijah Moore,0.0,8.0,2022-10-26
2022,8,61da5384-ec82-465e-a6e0-1351fd5de786,,FREEAGENT,EXECUTED,8,{00408013-39CF-40FC-8080-1339CFD0FC06},0,DROP,3042778.0,Corey Davis,8.0,0.0,2022-10-26
2022,8,106f45a8-d46b-4d1b-84ae-ed1707a0b248,51163ec5-d571-40b0-a490-641687deac81,TRADE_ACCEPT,,12,{91D28B99-9234-408F-ACE7-32AEC03EE9E2},0,,,,,,2022-10-26
2022,8,f9e0ef62-5f1f-4d00-875c-6d22c010aa28,8fd4b34c-ba0c-4686-baa7-74a125dcb805,WAIVER,FAILED_INVALIDPLAYERSOURCE,5,NightlyLeagueUpdateTaskProcessor,3,ADD,3917792.0,Daniel Jones,0.0,5.0,2022-10-26
2022,8,f9e0ef62-5f1f-4d00-875c-6d22c010aa28,8fd4b34c-ba0c-4686-baa7-74a125dcb805,WAIVER,FAILED_INVALIDPLAYERSOURCE,5,NightlyLeagueUpdateTaskProcessor,3,DROP,3918639.0,Gerald Everett,5.0,0.0,2022-10-26
2022,8,ee395b47-2ad3-411f-92df-956349cd6528,,FREEAGENT,EXECUTED,1,{C1E09685-96D1-4750-BA21-8BE16D3BF7CA},0,ADD,4258195.0,Donovan Peoples-Jones,0.0,1.0,2022-10-26
2022,8,ee395b47-2ad3-411f-92df-956349cd6528,,FREEAGENT,EXECUTED,1,{C1E09685-96D1-4750-BA21-8BE16D3BF7CA},0,DROP,4038441.0,Justice Hill,1.0,0.0,2022-10-26
2022,8,438f2afd-8fed-4d89-80b0-7ae0ae64f4c4,51163ec5-d571-40b0-a490-641687deac81,TRADE_UPHOLD,EXECUTED,10,{2C8A1B87-268B-45A5-A0E5-C4A3F61C9BC2},0,,,,,,2022-10-26
2022,8,a13ac742-a44e-4cfb-a0ca-c774ca57b369,ac850728-617e-4ca9-bb05-9c892fbc6d2f,WAIVER,EXECUTED,14,NightlyLeagueUpdateTaskProcessor,1,ADD,-16001.0,Falcons D/ST,0.0,14.0,2022-10-26
2022,8,a13ac742-a44e-4cfb-a0ca-c774ca57b369,ac850728-617e-4ca9-bb05-9c892fbc6d2f,WAIVER,EXECUTED,14,NightlyLeagueUpdateTaskProcessor,1,DROP,-16007.0,Broncos D/ST,14.0,0.0,2022-10-26
2022,8,fff3a5a7-8310-46e9-9519-eed6e0683ee8,,FREEAGENT,EXECUTED,5,{77F704CF-0C76-4984-9A71-8BD39511C19F},0,ADD,4035004.0,Mecole Hardman,0.0,5.0,2022-10-26
2022,8,fff3a5a7-8310-46e9-9519-eed6e0683ee8,,FREEAGENT,EXECUTED,5,{77F704CF-0C76-4984-9A71-8BD39511C19F},0,DROP,4362921.0,Tyquan Thornton,5.0,0.0,2022-10-26
2022,8,72568c93-b998-4dc2-b9ed-c2f51afaa91d,,ROSTER,EXECUTED,8,{00408013-39CF-40FC-8080-1339CFD0FC06},0,DROP,4427366.0,Breece Hall,8.0,0.0,2022-10-25
2022,8,f52536d8-b143-4cd4-878c-ca0175e2ca73,,FREEAGENT,EXECUTED,2,{EC970810-E14F-4307-8FA6-3BAE92CC1B4E},0,ADD,4367209.0,Greg Dulcich,0.0,2.0,2022-10-27
2022,8,f52536d8-b143-4cd4-878c-ca0175e2ca73,,FREEAGENT,EXECUTED,2,{EC970810-E14F-4307-8FA6-3BAE92CC1B4E},0,DROP,3916430.0,Nyheim Hines,2.0,0.0,2022-10-27
2022,8,3684b637-5d88-4cc1-815e-c2c218b21093,,TRADE_PROPOSAL,PENDING,10,{2C8A1B87-268B-45A5-A0E5-C4A3F61C9BC2},0,TRADE,4362628.0,Ja'Marr Chase,12.0,10.0,2022-10-25
2022,8,3684b637-5d88-4cc1-815e-c2c218b21093,,TRADE_PROPOSAL,PENDING,10,{2C8A1B87-268B-45A5-A0E5-C4A3F61C9BC2},0,TRADE,3121023.0,Dallas Goedert,12.0,10.0,2022-10-25
2022,8,3684b637-5d88-4cc1-815e-c2c218b21093,,TRADE_PROPOSAL,PENDING,10,{2C8A1B87-268B-45A5-A0E5-C4A3F61C9BC2},0,TRADE,3123076.0,David Njoku,10.0,12.0,2022-10-25
2022,8,3684b637-5d88-4cc1-815e-c2c218b21093,,TRADE_PROPOSAL,PENDING,10,{2C8A1B87-268B-45A5-A0E5-C4A3F61C9BC2},0,TRADE,3115364.0,Leonard Fournette,10.0,12.0,2022-10-25
2022,8,4aa98221-1b37-4ee7-86d1-ebc9895a76fc,81aa5cc3-5365-4702-8129-40395ab1e85c,TRADE_DECLINE,EXECUTED,10,{2C8A1B87-268B-45A5-A0E5-C4A3F61C9BC2},0,,,,,,2022-10-25
2022,8,dc8230a0-4e48-4b80-a147-2857c0d377d9,3ae2fce6-b3a6-4b6c-b163-1a8aa6dcb368,WAIVER,EXECUTED,10,NightlyLeagueUpdateTaskProcessor,1,ADD,4242433.0,Joshua Palmer,0.0,10.0,2022-10-26
2022,8,dc8230a0-4e48-4b80-a147-2857c0d377d9,3ae2fce6-b3a6-4b6c-b163-1a8aa6dcb368,WAIVER,EXECUTED,10,NightlyLeagueUpdateTaskProcessor,1,DROP,16760.0,Jimmy Garoppolo,10.0,0.0,2022-10-26
2022,8,3e69a329-ca9b-409c-86ae-ac058e3f7f18,b336724a-5e99-4cdc-bfca-66b874b0f056,WAIVER,FAILED_INVALIDPLAYERSOURCE,1,NightlyLeagueUpdateTaskProcessor,3,ADD,3121410.0,Parris Campbell,0.0,1.0,2022-10-26
2022,8,3e69a329-ca9b-409c-86ae-ac058e3f7f18,b336724a-5e99-4cdc-bfca-66b874b0f056,WAIVER,FAILED_INVALIDPLAYERSOURCE,1,NightlyLeagueUpdateTaskProcessor,3,DROP,4038441.0,Justice Hill,1.0,0.0,2022-10-26
2022,8,51163ec5-d571-40b0-a490-641687deac81,,TRADE_PROPOSAL,PENDING,10,{2C8A1B87-268B-45A5-A0E5-C4A3F61C9BC2},0,TRADE,3121023.0,Dallas Goedert,12.0,10.0,2022-10-25
2022,8,51163ec5-d571-40b0-a490-641687deac81,,TRADE_PROPOSAL,PENDING,10,{2C8A1B87-268B-45A5-A0E5-C4A3F61C9BC2},0,TRADE,3051926.0,Gus Edwards,10.0,12.0,2022-10-25
2022,9,7bd70624-564e-4242-8626-cd4861c43c28,,FREEAGENT,EXECUTED,8,{00408013-39CF-40FC-8080-1339CFD0FC06},0,ADD,2991662.0,Mack Hollins,0.0,8.0,2022-11-03
2022,9,7bd70624-564e-4242-8626-cd4861c43c28,,FREEAGENT,EXECUTED,8,{00408013-39CF-40FC-8080-1339CFD0FC06},0,DROP,16757.0,Derek Carr,8.0,0.0,2022-11-03
2022,9,b1ac5b47-cb8f-4b4c-8cdf-c65d118d3ba9,,FREEAGENT,EXECUTED,7,{430447A7-381F-4E40-AD53-6A9C1F157A25},0,ADD,16733.0,Odell Beckham Jr.,0.0,7.0,2022-11-06
2022,9,b1ac5b47-cb8f-4b4c-8cdf-c65d118d3ba9,,FREEAGENT,EXECUTED,7,{430447A7-381F-4E40-AD53-6A9C1F157A25},0,DROP,3126246.0,Dontrell Hilliard,7.0,0.0,2022-11-06
2022,9,d6165b7c-53de-4216-8655-5d980497f2e8,bc261d04-51cc-4dba-9677-3131c222dfa3,WAIVER,EXECUTED,4,NightlyLeagueUpdateTaskProcessor,2,ADD,-16012.0,Chiefs D/ST,0.0,4.0,2022-11-05
2022,9,d6165b7c-53de-4216-8655-5d980497f2e8,bc261d04-51cc-4dba-9677-3131c222dfa3,WAIVER,EXECUTED,4,NightlyLeagueUpdateTaskProcessor,2,DROP,-16028.0,Commanders D/ST,4.0,0.0,2022-11-05
2022,9,22217cfe-519a-470b-9f67-0074ef46981c,3fae2d89-5113-4d41-838d-f24b970ec533,WAIVER,EXECUTED,14,NightlyLeagueUpdateTaskProcessor,1,ADD,-16027.0,Buccaneers D/ST,0.0,14.0,2022-11-02
2022,9,22217cfe-519a-470b-9f67-0074ef46981c,3fae2d89-5113-4d41-838d-f24b970ec533,WAIVER,EXECUTED,14,NightlyLeagueUpdateTaskProcessor,1,DROP,-16001.0,Falcons D/ST,14.0,0.0,2022-11-02
2022,9,40f07d52-7fc5-44fa-8574-64e5275d996f,,ROSTER,EXECUTED,7,{430447A7-381F-4E40-AD53-6A9C1F157A25},0,DROP,14881.0,Russell Wilson,7.0,0.0,2022-11-01
2022,9,1aeaf597-1dea-41a0-a9cc-2fc10efdf1d8,,ROSTER,EXECUTED,7,{430447A7-381F-4E40-AD53-6A9C1F157A25},0,DROP,4360939.0,Rashod Bateman,7.0,0.0,2022-11-03
2022,9,66499f9b-66b1-4b4a-849c-c1165b69ce6d,,FREEAGENT,EXECUTED,10,{2C8A1B87-268B-45A5-A0E5-C4A3F61C9BC2},0,ADD,4240455.0,Deon Jackson,0.0,10.0,2022-11-02
2022,9,66499f9b-66b1-4b4a-849c-c1165b69ce6d,,FREEAGENT,EXECUTED,10,{2C8A1B87-268B-45A5-A0E5-C4A3F61C9BC2},0,DROP,3139602.0,D'Ernest Johnson,10.0,0.0,2022-11-02
2022,9,48e7a287-1d13-46fe-9028-5268236f31a1,,FREEAGENT,EXECUTED,7,{430447A7-381F-4E40-AD53-6A9C1F157A25},0,ADD,3126246.0,Dontrell Hilliard,0.0,7.0,2022-11-03
2022,9,48e7a287-1d13-46fe-9028-5268236f31a1,,FREEAGENT,EXECUTED,7,{430447A7-381F-4E40-AD53-6A9C1F157A25},0,DROP,3115306.0,Josh Reynolds,7.0,0.0,2022-11-03
2022,9,31ae0f2a-f725-4916-9e0b-5e35a8cc276f,9921d22a-e3e9-4286-a268-7e6beba71343,TRADE_PROPOSAL,CANCELED,10,{C1E09685-96D1-4750-BA21-8BE16D3BF7CA},0,TRADE,4360294.0,Antonio Gibson,1.0,10.0,2022-11-02
2022,9,31ae0f2a-f725-4916-9e0b-5e35a8cc276f,9921d22a-e3e9-4286-a268-7e6beba71343,TRADE_PROPOSAL,CANCELED,10,{C1E09685-96D1-4750-BA21-8BE16D3BF7CA},0,TRADE,16737.0,Mike Evans,1.0,10.0,2022-11-02
2022,9,31ae0f2a-f725-4916-9e0b-5e35a8cc276f,9921d22a-e3e9-4286-a268-7e6beba71343,TRADE_PROPOSAL,CANCELED,10,{C1E09685-96D1-4750-BA21-8BE16D3BF7CA},0,TRADE,3115364.0,Leonard Fournette,10.0,1.0,2022-11-02
2022,9,31ae0f2a-f725-4916-9e0b-5e35a8cc276f,9921d22a-e3e9-4286-a268-7e6beba71343,TRADE_PROPOSAL,CANCELED,10,{C1E09685-96D1-4750-BA21-8BE16D3BF7CA},0,DROP,4360078.0,Alec Pierce,10.0,0.0,2022-11-02
2022,9,eccec3c4-85bd-4874-9943-0c8cd29bbbfe,f2f10335-0278-43e2-a517-0a853ebd389a,WAIVER,EXECUTED,8,NightlyLeagueUpdateTaskProcessor,20,ADD,4244732.0,Caleb Huntley,0.0,8.0,2022-11-02
2022,9,eccec3c4-85bd-4874-9943-0c8cd29bbbfe,f2f10335-0278-43e2-a517-0a853ebd389a,WAIVER,EXECUTED,8,NightlyLeagueUpdateTaskProcessor,20,DROP,4372414.0,Elijah Moore,8.0,0.0,2022-11-02
2022,9,00cab7e1-66f2-4557-b906-40f221013ce9,19b02c85-8c97-46c5-a50c-6cd0c2055c17,WAIVER,EXECUTED,3,NightlyLeagueUpdateTaskProcessor,5,ADD,3915486.0,Tyler Conklin,0.0,3.0,2022-11-02
2022,9,fb23ece4-4097-4b5a-93b8-911db42457e3,ce2dadb1-a30b-4cc9-9119-20d5feaecf4f,WAIVER,EXECUTED,8,NightlyLeagueUpdateTaskProcessor,1,ADD,-16012.0,Chiefs D/ST,0.0,8.0,2022-11-02
2022,9,fb23ece4-4097-4b5a-93b8-911db42457e3,ce2dadb1-a30b-4cc9-9119-20d5feaecf4f,WAIVER,EXECUTED,8,NightlyLeagueUpdateTaskProcessor,1,DROP,-16010.0,Titans D/ST,8.0,0.0,2022-11-02
2022,9,1d9ef5dd-5559-40b0-abb8-09eacf5e8d0c,,ROSTER,EXECUTED,14,{C2BAB8A3-9ED5-425C-BAB8-A39ED5B25CC2},0,DROP,4362630.0,Terrace Marshall Jr.,14.0,0.0,2022-11-06
2022,9,5d5d8727-9be2-422a-9be8-840c6841ae43,50c6cc8c-ec3d-47dd-886b-608e71e92062,WAIVER,EXECUTED,6,NightlyLeagueUpdateTaskProcessor,5,ADD,-16004.0,Bengals D/ST,0.0,6.0,2022-11-02
2022,9,5d5d8727-9be2-422a-9be8-840c6841ae43,50c6cc8c-ec3d-47dd-886b-608e71e92062,WAIVER,EXECUTED,6,NightlyLeagueUpdateTaskProcessor,5,DROP,-16020.0,Jets D/ST,6.0,0.0,2022-11-02
2022,9,73a95e95-a9d1-440e-8a8b-ad7f329da3be,c2970ba8-f110-443e-8005-5bab45495940,WAIVER,FAILED_INVALIDPLAYERSOURCE,12,NightlyLeagueUpdateTaskProcessor,1,ADD,-16004.0,Bengals D/ST,0.0,12.0,2022-11-02
2022,9,73a95e95-a9d1-440e-8a8b-ad7f329da3be,c2970ba8-f110-443e-8005-5bab45495940,WAIVER,FAILED_INVALIDPLAYERSOURCE,12,NightlyLeagueUpdateTaskProcessor,1,DROP,-16025.0,49ers D/ST,12.0,0.0,2022-11-02
2022,9,78013323-da8b-44e6-818c-95eaded2792f,,FREEAGENT,EXECUTED,7,{430447A7-381F-4E40-AD53-6A9C1F157A25},0,ADD,3918639.0,Gerald Everett,0.0,7.0,2022-11-02
2022,9,78013323-da8b-44e6-818c-95eaded2792f,,FREEAGENT,EXECUTED,7,{430447A7-381F-4E40-AD53-6A9C1F157A25},0,DROP,3046779.0,Jared Goff,7.0,0.0,2022-11-02
2022,9,83f57ba0-01d3-4e06-896d-055d62f13fd2,,FREEAGENT,EXECUTED,8,{00408013-39CF-40FC-8080-1339CFD0FC06},0,ADD,16790.0,Jarvis Landry,0.0,8.0,2022-11-04
2022,9,6c7b5a0e-9398-4bae-9cd3-6fdb75812964,,FREEAGENT,EXECUTED,12,{91D28B99-9234-408F-ACE7-32AEC03EE9E2},0,ADD,4243003.0,Ronnie Rivers,0.0,12.0,2022-11-04
2022,9,6c7b5a0e-9398-4bae-9cd3-6fdb75812964,,FREEAGENT,EXECUTED,12,{91D28B99-9234-408F-ACE7-32AEC03EE9E2},0,DROP,4036348.0,Michael Gallup,12.0,0.0,2022-11-04
2022,9,43649c8b-115e-4c37-a13a-0f6ede6a849e,9921d22a-e3e9-4286-a268-7e6beba71343,TRADE_DECLINE,EXECUTED,1,{C1E09685-96D1-4750-BA21-8BE16D3BF7CA},0,,,,,,2022-11-02
2022,9,a1164ac8-8e73-411c-964a-39764fa48510,94c88dac-5038-454f-aed4-3ef089d9eb3f,WAIVER,FAILED_INVALIDPLAYERSOURCE,8,NightlyLeagueUpdateTaskProcessor,20,ADD,4242433.0,Joshua Palmer,0.0,8.0,2022-11-02
2022,9,a1164ac8-8e73-411c-964a-39764fa48510,94c88dac-5038-454f-aed4-3ef089d9eb3f,WAIVER,FAILED_INVALIDPLAYERSOURCE,8,NightlyLeagueUpdateTaskProcessor,20,DROP,4372414.0,Elijah Moore,8.0,0.0,2022-11-02
2022,9,fedd867e-46d9-4432-b3fb-52f9d815c9e4,,ROSTER,EXECUTED,8,{00408013-39CF-40FC-8080-1339CFD0FC06},0,DROP,2976316.0,Michael Thomas,8.0,0.0,2022-11-03
2022,9,a3af8cf7-e4cd-40f7-8d11-d3c70e6bf774,,FREEAGENT,EXECUTED,8,{00408013-39CF-40FC-8080-1339CFD0FC06},0,ADD,3930066.0,Van Jefferson,0.0,8.0,2022-11-06
2022,9,a3af8cf7-e4cd-40f7-8d11-d3c70e6bf774,,FREEAGENT,EXECUTED,8,{00408013-39CF-40FC-8080-1339CFD0FC06},0,DROP,3916204.0,James Proche II,8.0,0.0,2022-11-06
2022,9,8352daa7-1c15-4a16-a643-bb62bd685cb6,,FREEAGENT,EXECUTED,8,{00408013-39CF-40FC-8080-1339CFD0FC06},0,ADD,3916204.0,James Proche II,0.0,8.0,2022-11-06
2022,9,8352daa7-1c15-4a16-a643-bb62bd685cb6,,FREEAGENT,EXECUTED,8,{00408013-39CF-40FC-8080-1339CFD0FC06},0,DROP,4244732.0,Caleb Huntley,8.0,0.0,2022-11-06
2022,9,21797cb5-8aed-42b5-9a50-e51b5b7de217,,FREEAGENT,EXECUTED,8,{00408013-39CF-40FC-8080-1339CFD0FC06},0,ADD,-16026.0,Seahawks D/ST,0.0,8.0,2022-11-03
2022,9,21797cb5-8aed-42b5-9a50-e51b5b7de217,,FREEAGENT,EXECUTED,8,{00408013-39CF-40FC-8080-1339CFD0FC06},0,DROP,-16012.0,Chiefs D/ST,8.0,0.0,2022-11-03
2022,9,984b25cf-07fe-4b69-928c-6c9cfb87af28,,FREEAGENT,EXECUTED,4,{8242D4C8-FCD1-4A28-9373-CD282687A8E7},0,ADD,2973405.0,Kalif Raymond,0.0,4.0,2022-11-05
2022,9,984b25cf-07fe-4b69-928c-6c9cfb87af28,,FREEAGENT,EXECUTED,4,{8242D4C8-FCD1-4A28-9373-CD282687A8E7},0,DROP,2565969.0,Taylor Heinicke,4.0,0.0,2022-11-05
2022,9,51ad4a34-cc1a-4fc2-8512-158bc1f0de87,8fb199dd-f64b-48f5-b493-75d32fb81b69,WAIVER,CANCELED,8,{00408013-39CF-40FC-8080-1339CFD0FC06},0,ADD,4035004.0,Mecole Hardman,0.0,8.0,2022-11-02
2022,9,51ad4a34-cc1a-4fc2-8512-158bc1f0de87,8fb199dd-f64b-48f5-b493-75d32fb81b69,WAIVER,CANCELED,8,{00408013-39CF-40FC-8080-1339CFD0FC06},0,DROP,-16010.0,Titans D/ST,8.0,0.0,2022-11-02
2022,9,d00524fa-6eb7-4622-b375-560f6539a507,5276f3f1-ece8-4151-94d3-de55a3f1841b,WAIVER,FAILED_INVALIDPLAYERSOURCE,10,NightlyLeagueUpdateTaskProcessor,9,ADD,4242433.0,Joshua Palmer,0.0,10.0,2022-11-02
2022,9,d00524fa-6eb7-4622-b375-560f6539a507,5276f3f1-ece8-4151-94d3-de55a3f1841b,WAIVER,FAILED_INVALIDPLAYERSOURCE,10,NightlyLeagueUpdateTaskProcessor,9,DROP,3139602.0,D'Ernest Johnson,10.0,0.0,2022-11-02
2022,9,f9292125-1f02-402e-84f5-80da3cffe676,2da6fa1b-001a-41f6-908b-2355b7923cfa,WAIVER,CANCELED,12,{91D28B99-9234-408F-ACE7-32AEC03EE9E2},0,ADD,3916430.0,Nyheim Hines,0.0,12.0,2022-11-02
2022,9,f9292125-1f02-402e-84f5-80da3cffe676,2da6fa1b-001a-41f6-908b-2355b7923cfa,WAIVER,CANCELED,12,{91D28B99-9234-408F-ACE7-32AEC03EE9E2},0,DROP,2574808.0,Robbie Anderson,12.0,0.0,2022-11-02
2022,9,11a2e73b-a7b3-4403-89e4-407c34e0b171,e71f44d2-4dfa-466e-82c9-4f2540b158ca,WAIVER,CANCELED,10,{2C8A1B87-268B-45A5-A0E5-C4A3F61C9BC2},1,ADD,-16007.0,Broncos D/ST,0.0,10.0,2022-11-02
2022,9,11a2e73b-a7b3-4403-89e4-407c34e0b171,e71f44d2-4dfa-466e-82c9-4f2540b158ca,WAIVER,CANCELED,10,{2C8A1B87-268B-45A5-A0E5-C4A3F61C9BC2},1,DROP,3139602.0,D'Ernest Johnson,10.0,0.0,2022-11-02
2022,9,1d3177e3-e09e-49be-ace1-9d138d39df8e,,FREEAGENT,EXECUTED,8,{00408013-39CF-40FC-8080-1339CFD0FC06},0,ADD,16757.0,Derek Carr,0.0,8.0,2022-11-04
2022,9,1d3177e3-e09e-49be-ace1-9d138d39df8e,,FREEAGENT,EXECUTED,8,{00408013-39CF-40FC-8080-1339CFD0FC06},0,DROP,16790.0,Jarvis Landry,8.0,0.0,2022-11-04
2022,9,92b6aff1-69c4-411f-bd33-8b6f7e5044dc,1e3243b9-07ff-43a7-ace1-634708a30062,WAIVER,EXECUTED,3,NightlyLeagueUpdateTaskProcessor,1,ADD,14012.0,Andy Dalton,0.0,3.0,2022-11-02
2022,9,92b6aff1-69c4-411f-bd33-8b6f7e5044dc,1e3243b9-07ff-43a7-ace1-634708a30062,WAIVER,EXECUTED,3,NightlyLeagueUpdateTaskProcessor,1,DROP,3917792.0,Daniel Jones,3.0,0.0,2022-11-02
2022,9,cc4f4938-11ac-4b12-bdc7-a6f4ac0346a6,,FREEAGENT,EXECUTED,7,{430447A7-381F-4E40-AD53-6A9C1F157A25},0,ADD,-16015.0,Dolphins D/ST,0.0,7.0,2022-11-02
2022,9,bd4cecf8-d0ed-48f4-810d-ee70bf3abe1a,,ROSTER,EXECUTED,4,{8242D4C8-FCD1-4A28-9373-CD282687A8E7},0,LINEUP,15807.0,Cordarrelle Patterson,0.0,0.0,2022-11-05
2022,9,bd4cecf8-d0ed-48f4-810d-ee70bf3abe1a,,ROSTER,EXECUTED,4,{8242D4C8-FCD1-4A28-9373-CD282687A8E7},0,DROP,3128451.0,Tre'Quan Smith,4.0,0.0,2022-11-05
2022,9,733e6356-b227-49db-9f52-46d27597a842,,FREEAGENT,EXECUTED,13,{85A6A0E4-D846-4046-B7F8-487FAD9165E0},0,ADD,-16016.0,Vikings D/ST,0.0,13.0,2022-11-02
2022,9,733e6356-b227-49db-9f52-46d27597a842,,FREEAGENT,EXECUTED,13,{85A6A0E4-D846-4046-B7F8-487FAD9165E0},0,DROP,-16007.0,Broncos D/ST,13.0,0.0,2022-11-02
2022,9,f42a25f4-c55e-420b-b417-2cec574802e3,,FREEAGENT,EXECUTED,12,{91D28B99-9234-408F-ACE7-32AEC03EE9E2},0,ADD,15072.0,Marvin Jones Jr.,0.0,12.0,2022-11-05
2022,9,f42a25f4-c55e-420b-b417-2cec574802e3,,FREEAGENT,EXECUTED,12,{91D28B99-9234-408F-ACE7-32AEC03EE9E2},0,DROP,4243003.0,Ronnie Rivers,12.0,0.0,2022-11-05
2022,9,80fc02f5-2333-4120-824f-ad61e52a58c4,f1188263-3241-4073-a958-603890cbf6ca,WAIVER,CANCELED,3,{C52D799E-6C1C-44B9-8371-9B6AF857D8E8},0,ADD,3915486.0,Tyler Conklin,0.0,3.0,2022-11-01
2022,9,80fc02f5-2333-4120-824f-ad61e52a58c4,f1188263-3241-4073-a958-603890cbf6ca,WAIVER,CANCELED,3,{C52D799E-6C1C-44B9-8371-9B6AF857D8E8},0,DROP,15880.0,Robert Woods,3.0,0.0,2022-11-01
2022,9,a7d947f0-44d9-4313-80c9-fd7c73dc92fa,be00ff5b-58c4-4518-a14d-664575f61ea0,WAIVER,FAILED_INVALIDPLAYERSOURCE,12,NightlyLeagueUpdateTaskProcessor,7,ADD,4242433.0,Joshua Palmer,0.0,12.0,2022-11-02
2022,9,a7d947f0-44d9-4313-80c9-fd7c73dc92fa,be00ff5b-58c4-4518-a14d-664575f61ea0,WAIVER,FAILED_INVALIDPLAYERSOURCE,12,NightlyLeagueUpdateTaskProcessor,7,DROP,4036348.0,Michael Gallup,12.0,0.0,2022-11-02
2022,9,c3f16fce-0a94-4cfd-88e7-a15bf88f9b25,41fb95a6-5b62-4174-8e7f-a6f295ed8e30,WAIVER,FAILED_AUCTIONBUDGETEXCEEDED,8,NightlyLeagueUpdateTaskProcessor,10,ADD,4035004.0,Mecole Hardman,0.0,8.0,2022-11-02
2022,9,c3f16fce-0a94-4cfd-88e7-a15bf88f9b25,41fb95a6-5b62-4174-8e7f-a6f295ed8e30,WAIVER,FAILED_AUCTIONBUDGETEXCEEDED,8,NightlyLeagueUpdateTaskProcessor,10,DROP,4372414.0,Elijah Moore,8.0,0.0,2022-11-02
2022,9,b0c168c0-53bf-4b18-aa18-b050e81b5930,16d20d44-4087-4b1e-8bcc-da37495a0050,WAIVER,CANCELED,3,{C52D799E-6C1C-44B9-8371-9B6AF857D8E8},0,ADD,14012.0,Andy Dalton,0.0,3.0,2022-11-02
2022,9,b0c168c0-53bf-4b18-aa18-b050e81b5930,16d20d44-4087-4b1e-8bcc-da37495a0050,WAIVER,CANCELED,3,{C52D799E-6C1C-44B9-8371-9B6AF857D8E8},0,DROP,15880.0,Robert Woods,3.0,0.0,2022-11-02
2022,9,2737febf-6768-4bd2-9c52-cd011bb39614,,FREEAGENT,EXECUTED,2,{EC970810-E14F-4307-8FA6-3BAE92CC1B4E},0,ADD,4361050.0,Isaiah Likely,0.0,2.0,2022-11-02
2022,9,2737febf-6768-4bd2-9c52-cd011bb39614,,FREEAGENT,EXECUTED,2,{EC970810-E14F-4307-8FA6-3BAE92CC1B4E},0,DROP,4367209.0,Greg Dulcich,2.0,0.0,2022-11-02
2022,9,e71f44d2-4dfa-466e-82c9-4f2540b158ca,,WAIVER,PENDING,10,{2C8A1B87-268B-45A5-A0E5-C4A3F61C9BC2},1,ADD,-16007.0,Broncos D/ST,0.0,10.0,2022-11-02
2022,9,e71f44d2-4dfa-466e-82c9-4f2540b158ca,,WAIVER,PENDING,10,{2C8A1B87-268B-45A5-A0E5-C4A3F61C9BC2},1,DROP,3139602.0,D'Ernest Johnson,10.0,0.0,2022-11-02
2022,9,4e4b7166-246e-46a6-aad4-306d42ae6c3f,3612a6db-87f7-4aec-966d-785a1a08bb98,WAIVER,FAILED_INVALIDPLAYERSOURCE,7,NightlyLeagueUpdateTaskProcessor,11,ADD,4242433.0,Joshua Palmer,0.0,7.0,2022-11-02
2022,9,4e4b7166-246e-46a6-aad4-306d42ae6c3f,3612a6db-87f7-4aec-966d-785a1a08bb98,WAIVER,FAILED_INVALIDPLAYERSOURCE,7,NightlyLeagueUpdateTaskProcessor,11,DROP,3115306.0,Josh Reynolds,7.0,0.0,2022-11-02
2022,9,19726990-a315-4ada-9137-e2e2eef22ea0,,FREEAGENT,EXECUTED,12,{91D28B99-9234-408F-ACE7-32AEC03EE9E2},0,ADD,-16022.0,Cardinals D/ST,0.0,12.0,2022-11-02
2022,9,19726990-a315-4ada-9137-e2e2eef22ea0,,FREEAGENT,EXECUTED,12,{91D28B99-9234-408F-ACE7-32AEC03EE9E2},0,DROP,-16025.0,49ers D/ST,12.0,0.0,2022-11-02
2022,9,5276f3f1-ece8-4151-94d3-de55a3f1841b,,WAIVER,PENDING,10,{2C8A1B87-268B-45A5-A0E5-C4A3F61C9BC2},9,ADD,4242433.0,Joshua Palmer,0.0,10.0,2022-11-01
2022,9,5276f3f1-ece8-4151-94d3-de55a3f1841b,,WAIVER,PENDING,10,{2C8A1B87-268B-45A5-A0E5-C4A3F61C9BC2},9,DROP,3139602.0,D'Ernest Johnson,10.0,0.0,2022-11-01
2022,9,ba9e5086-404f-4afe-8f99-58ce2b699d7b,,FREEAGENT,EXECUTED,14,{C2BAB8A3-9ED5-425C-BAB8-A39ED5B25CC2},0,ADD,4362630.0,Terrace Marshall Jr.,0.0,14.0,2022-11-02
2022,9,ba9e5086-404f-4afe-8f99-58ce2b699d7b,,FREEAGENT,EXECUTED,14,{C2BAB8A3-9ED5-425C-BAB8-A39ED5B25CC2},0,DROP,13981.0,Mark Ingram II,14.0,0.0,2022-11-02
2022,9,2dc92bf0-058b-414b-a0ee-d9db76c959ee,,ROSTER,EXECUTED,3,{C52D799E-6C1C-44B9-8371-9B6AF857D8E8},0,DROP,4241985.0,J.K. Dobbins,3.0,0.0,2022-11-01
2022,9,ee5cb4ee-3411-4365-857c-3f83dbbdf878,,FREEAGENT,EXECUTED,5,{77F704CF-0C76-4984-9A71-8BD39511C19F},0,ADD,2580216.0,DeAndre Carter,0.0,5.0,2022-11-03
2022,9,ee5cb4ee-3411-4365-857c-3f83dbbdf878,,FREEAGENT,EXECUTED,5,{77F704CF-0C76-4984-9A71-8BD39511C19F},0,DROP,3930066.0,Van Jefferson,5.0,0.0,2022-11-03
2022,9,397a1237-44e2-44c6-a763-04656cdafac1,006be37b-5d73-45a4-9395-7e41c47b4ba8,WAIVER,FAILED_INVALIDPLAYERSOURCE,7,NightlyLeagueUpdateTaskProcessor,7,ADD,3916430.0,Nyheim Hines,0.0,7.0,2022-11-02
2022,9,397a1237-44e2-44c6-a763-04656cdafac1,006be37b-5d73-45a4-9395-7e41c47b4ba8,WAIVER,FAILED_INVALIDPLAYERSOURCE,7,NightlyLeagueUpdateTaskProcessor,7,DROP,3115306.0,Josh Reynolds,7.0,0.0,2022-11-02
2022,9,9b31d249-f682-47da-871e-7b358ab8b3a3,,FREEAGENT,EXECUTED,8,{00408013-39CF-40FC-8080-1339CFD0FC06},0,ADD,4035403.0,Denzel Mims,0.0,8.0,2022-11-05
2022,9,9b31d249-f682-47da-871e-7b358ab8b3a3,,FREEAGENT,EXECUTED,8,{00408013-39CF-40FC-8080-1339CFD0FC06},0,DROP,4241416.0,Chuba Hubbard,8.0,0.0,2022-11-05
2022,9,e181dd67-788c-44b5-9172-f5ca3e7b361a,,FREEAGENT,EXECUTED,8,{00408013-39CF-40FC-8080-1339CFD0FC06},0,ADD,3916204.0,James Proche II,0.0,8.0,2022-11-06
2022,9,e181dd67-788c-44b5-9172-f5ca3e7b361a,,FREEAGENT,EXECUTED,8,{00408013-39CF-40FC-8080-1339CFD0FC06},0,DROP,4035403.0,Denzel Mims,8.0,0.0,2022-11-06
2022,9,d8eec345-44d3-48a4-a0c4-6ca72b62bc3f,95346335-aef0-454f-bf6a-90082f10eacf,WAIVER,EXECUTED,12,NightlyLeagueUpdateTaskProcessor,6,ADD,4035004.0,Mecole Hardman,0.0,12.0,2022-11-02
2022,9,d8eec345-44d3-48a4-a0c4-6ca72b62bc3f,95346335-aef0-454f-bf6a-90082f10eacf,WAIVER,EXECUTED,12,NightlyLeagueUpdateTaskProcessor,6,DROP,2574808.0,Robbie Anderson,12.0,0.0,2022-11-02
2022,9,bd6a4936-d4b9-441d-8ee1-114c61a32116,1592cfd5-639f-4b4e-b819-863fce7014c5,WAIVER,EXECUTED,1,NightlyLeagueUpdateTaskProcessor,22,ADD,4242433.0,Joshua Palmer,0.0,1.0,2022-11-02
2022,9,bd6a4936-d4b9-441d-8ee1-114c61a32116,1592cfd5-639f-4b4e-b819-863fce7014c5,WAIVER,EXECUTED,1,NightlyLeagueUpdateTaskProcessor,22,DROP,12483.0,Matthew Stafford,1.0,0.0,2022-11-02
2022,9,a6eeaa4e-364f-4200-8e34-c8f6de20b0ec,351a95ce-fa7b-4afd-af6f-c53db9d30df9,WAIVER,EXECUTED,1,NightlyLeagueUpdateTaskProcessor,22,ADD,3916430.0,Nyheim Hines,0.0,1.0,2022-11-02
2022,9,a6eeaa4e-364f-4200-8e34-c8f6de20b0ec,351a95ce-fa7b-4afd-af6f-c53db9d30df9,WAIVER,EXECUTED,1,NightlyLeagueUpdateTaskProcessor,22,DROP,4248528.0,Christian Watson,1.0,0.0,2022-11-02
2022,9,9921d22a-e3e9-4286-a268-7e6beba71343,,TRADE_PROPOSAL,PENDING,10,{2C8A1B87-268B-45A5-A0E5-C4A3F61C9BC2},0,TRADE,4360294.0,Antonio Gibson,1.0,10.0,2022-11-02
2022,9,9921d22a-e3e9-4286-a268-7e6beba71343,,TRADE_PROPOSAL,PENDING,10,{2C8A1B87-268B-45A5-A0E5-C4A3F61C9BC2},0,TRADE,16737.0,Mike Evans,1.0,10.0,2022-11-02
2022,9,9921d22a-e3e9-4286-a268-7e6beba71343,,TRADE_PROPOSAL,PENDING,10,{2C8A1B87-268B-45A5-A0E5-C4A3F61C9BC2},0,TRADE,3115364.0,Leonard Fournette,10.0,1.0,2022-11-02
2022,9,9921d22a-e3e9-4286-a268-7e6beba71343,,TRADE_PROPOSAL,PENDING,10,{2C8A1B87-268B-45A5-A0E5-C4A3F61C9BC2},0,DROP,4360078.0,Alec Pierce,10.0,0.0,2022-11-02
2022,9,7351cc31-621b-49ad-8088-e9a114b00225,1087a789-fc13-4405-bbf1-278edf859be0,WAIVER,CANCELED,12,{91D28B99-9234-408F-ACE7-32AEC03EE9E2},0,ADD,3918639.0,Gerald Everett,0.0,12.0,2022-11-01
2022,9,7351cc31-621b-49ad-8088-e9a114b00225,1087a789-fc13-4405-bbf1-278edf859be0,WAIVER,CANCELED,12,{91D28B99-9234-408F-ACE7-32AEC03EE9E2},0,DROP,3122976.0,Jeff Wilson Jr.,12.0,0.0,2022-11-01
2022,10,97fd81c5-e341-41f1-bc33-70110d2e3808,,FREEAGENT,EXECUTED,7,{430447A7-381F-4E40-AD53-6A9C1F157A25},0,ADD,15072.0,Marvin Jones Jr.,0.0,7.0,2022-11-13
2022,10,97fd81c5-e341-41f1-bc33-70110d2e3808,,FREEAGENT,EXECUTED,7,{430447A7-381F-4E40-AD53-6A9C1F157A25},0,DROP,3119195.0,Chase Edmonds,7.0,0.0,2022-11-13
2022,10,3b76c7b5-0205-4462-83bc-671f1d3a87b4,,TRADE_PROPOSAL,PENDING,10,{2C8A1B87-268B-45A5-A0E5-C4A3F61C9BC2},0,TRADE,3059915.0,Kareem Hunt,10.0,14.0,2022-11-10
2022,10,3b76c7b5-0205-4462-83bc-671f1d3a87b4,,TRADE_PROPOSAL,PENDING,10,{2C8A1B87-268B-45A5-A0E5-C4A3F61C9BC2},0,TRADE,2976499.0,Amari Cooper,10.0,14.0,2022-11-10
2022,10,3b76c7b5-0205-4462-83bc-671f1d3a87b4,,TRADE_PROPOSAL,PENDING,10,{2C8A1B87-268B-45A5-A0E5-C4A3F61C9BC2},0,TRADE,16800.0,Davante Adams,14.0,10.0,2022-11-10
2022,10,42265686-33bd-45cb-879d-cb70a1e3e5d3,4f14c14c-e08c-4d5c-a4bb-c302a37920f4,WAIVER,FAILED_INVALIDPLAYERSOURCE,7,NightlyLeagueUpdateTaskProcessor,11,ADD,4241416.0,Chuba Hubbard,0.0,7.0,2022-11-09
2022,10,42265686-33bd-45cb-879d-cb70a1e3e5d3,4f14c14c-e08c-4d5c-a4bb-c302a37920f4,WAIVER,FAILED_INVALIDPLAYERSOURCE,7,NightlyLeagueUpdateTaskProcessor,11,DROP,3918639.0,Gerald Everett,7.0,0.0,2022-11-09
2022,10,abca2fca-a628-44e7-b18e-d36592a2a39c,,FREEAGENT,EXECUTED,14,{C2BAB8A3-9ED5-425C-BAB8-A39ED5B25CC2},0,ADD,-16007.0,Broncos D/ST,0.0,14.0,2022-11-09
2022,10,abca2fca-a628-44e7-b18e-d36592a2a39c,,FREEAGENT,EXECUTED,14,{C2BAB8A3-9ED5-425C-BAB8-A39ED5B25CC2},0,DROP,-16027.0,Buccaneers D/ST,14.0,0.0,2022-11-09
2022,10,679fd58f-69c8-419d-b277-dc47adf62db2,45b6c92f-313d-4dca-a43e-654d72ae0d0d,WAIVER,FAILED_INVALIDPLAYERSOURCE,12,NightlyLeagueUpdateTaskProcessor,1,ADD,-16019.0,Giants D/ST,0.0,12.0,2022-11-09
2022,10,679fd58f-69c8-419d-b277-dc47adf62db2,45b6c92f-313d-4dca-a43e-654d72ae0d0d,WAIVER,FAILED_INVALIDPLAYERSOURCE,12,NightlyLeagueUpdateTaskProcessor,1,DROP,-16022.0,Cardinals D/ST,12.0,0.0,2022-11-09
2022,10,62b72962-5957-49e6-a582-8952bb194a2d,3bca0c26-346d-4dc4-aabe-5da4fc37911e,WAIVER,FAILED_INVALIDPLAYERSOURCE,6,NightlyLeagueUpdateTaskProcessor,1,ADD,4361529.0,Isiah Pacheco,0.0,6.0,2022-11-12
2022,10,a330384f-385d-4bb2-9284-f90178767262,,FREEAGENT,EXECUTED,8,{00408013-39CF-40FC-8080-1339CFD0FC06},0,ADD,2576980.0,Marcus Mariota,0.0,8.0,2022-11-10
2022,10,a330384f-385d-4bb2-9284-f90178767262,,FREEAGENT,EXECUTED,8,{00408013-39CF-40FC-8080-1339CFD0FC06},0,DROP,16757.0,Derek Carr,8.0,0.0,2022-11-10
2022,10,c8590d1f-c903-473d-9edf-ee18157816c7,,TRADE_PROPOSAL,PENDING,10,{2C8A1B87-268B-45A5-A0E5-C4A3F61C9BC2},0,TRADE,3059915.0,Kareem Hunt,10.0,14.0,2022-11-11
2022,10,c8590d1f-c903-473d-9edf-ee18157816c7,,TRADE_PROPOSAL,PENDING,10,{2C8A1B87-268B-45A5-A0E5-C4A3F61C9BC2},0,TRADE,3120348.0,JuJu Smith-Schuster,10.0,14.0,2022-11-11
2022,10,c8590d1f-c903-473d-9edf-ee18157816c7,,TRADE_PROPOSAL,PENDING,10,{2C8A1B87-268B-45A5-A0E5-C4A3F61C9BC2},0,TRADE,16800.0,Davante Adams,14.0,10.0,2022-11-11
2022,10,01c707ce-6be3-49f6-8139-f81074ad3d83,fa781c0d-64d2-4821-a7d9-fd2891430487,WAIVER,FAILED_INVALIDPLAYERSOURCE,8,NightlyLeagueUpdateTaskProcessor,2,ADD,4362630.0,Terrace Marshall Jr.,0.0,8.0,2022-11-09
2022,10,01c707ce-6be3-49f6-8139-f81074ad3d83,fa781c0d-64d2-4821-a7d9-fd2891430487,WAIVER,FAILED_INVALIDPLAYERSOURCE,8,NightlyLeagueUpdateTaskProcessor,2,DROP,3930066.0,Van Jefferson,8.0,0.0,2022-11-09
2022,10,22a0c349-d546-4cd1-8d6d-27176c6fd58f,571b4430-c015-4bea-a6f7-0ce417ba5ba3,WAIVER,FAILED_INVALIDPLAYERSOURCE,14,NightlyLeagueUpdateTaskProcessor,3,ADD,-16018.0,Saints D/ST,0.0,14.0,2022-11-09
2022,10,22a0c349-d546-4cd1-8d6d-27176c6fd58f,571b4430-c015-4bea-a6f7-0ce417ba5ba3,WAIVER,FAILED_INVALIDPLAYERSOURCE,14,NightlyLeagueUpdateTaskProcessor,3,DROP,-16027.0,Buccaneers D/ST,14.0,0.0,2022-11-09
2022,10,e67606c0-4439-484f-93e5-9225dd962599,,TRADE_PROPOSAL,PENDING,10,{2C8A1B87-268B-45A5-A0E5-C4A3F61C9BC2},0,TRADE,3916433.0,Jakobi Meyers,10.0,12.0,2022-11-11
2022,10,e67606c0-4439-484f-93e5-9225dd962599,,TRADE_PROPOSAL,PENDING,10,{2C8A1B87-268B-45A5-A0E5-C4A3F61C9BC2},0,TRADE,3123076.0,David Njoku,10.0,12.0,2022-11-11
2022,10,e67606c0-4439-484f-93e5-9225dd962599,,TRADE_PROPOSAL,PENDING,10,{2C8A1B87-268B-45A5-A0E5-C4A3F61C9BC2},0,TRADE,3115364.0,Leonard Fournette,10.0,12.0,2022-11-11
2022,10,e67606c0-4439-484f-93e5-9225dd962599,,TRADE_PROPOSAL,PENDING,10,{2C8A1B87-268B-45A5-A0E5-C4A3F61C9BC2},0,TRADE,3929630.0,Saquon Barkley,12.0,10.0,2022-11-11
2022,10,f875573b-1cf3-4924-b806-b49bfa13d992,,ROSTER,EXECUTED,5,{77F704CF-0C76-4984-9A71-8BD39511C19F},3,DROP,2580216.0,DeAndre Carter,5.0,0.0,2022-11-08
2022,10,68aa56e0-9103-4803-adf5-9cd7d84b882d,,FREEAGENT,EXECUTED,10,{2C8A1B87-268B-45A5-A0E5-C4A3F61C9BC2},0,ADD,16790.0,Jarvis Landry,0.0,10.0,2022-11-09
2022,10,68aa56e0-9103-4803-adf5-9cd7d84b882d,,FREEAGENT,EXECUTED,10,{2C8A1B87-268B-45A5-A0E5-C4A3F61C9BC2},0,DROP,4360078.0,Alec Pierce,10.0,0.0,2022-11-09
2022,10,37032786-2ccf-4d48-8283-5fa69a54d72e,64d4e743-5447-41ad-bf77-d77b907548e0,WAIVER,FAILED_INVALIDPLAYERSOURCE,10,NightlyLeagueUpdateTaskProcessor,3,ADD,4569987.0,Jaylen Warren,0.0,10.0,2022-11-09
2022,10,37032786-2ccf-4d48-8283-5fa69a54d72e,64d4e743-5447-41ad-bf77-d77b907548e0,WAIVER,FAILED_INVALIDPLAYERSOURCE,10,NightlyLeagueUpdateTaskProcessor,3,DROP,4360078.0,Alec Pierce,10.0,0.0,2022-11-09
2022,10,c0313319-097f-415d-89df-242fb0de9b92,c31951b7-9033-4639-a7e4-f9847344c1db,TRADE_PROPOSAL,CANCELED,10,{2C8A1B87-268B-45A5-A0E5-C4A3F61C9BC2},0,TRADE,4360438.0,Brandon Aiyuk,8.0,10.0,2022-11-08
2022,10,c0313319-097f-415d-89df-242fb0de9b92,c31951b7-9033-4639-a7e4-f9847344c1db,TRADE_PROPOSAL,CANCELED,10,{2C8A1B87-268B-45A5-A0E5-C4A3F61C9BC2},0,TRADE,3059915.0,Kareem Hunt,10.0,8.0,2022-11-08
2022,10,5be37252-053b-4529-9386-888f2c4d6348,,FREEAGENT,EXECUTED,8,{00408013-39CF-40FC-8080-1339CFD0FC06},0,ADD,4361409.0,Jahan Dotson,0.0,8.0,2022-11-12
2022,10,5be37252-053b-4529-9386-888f2c4d6348,,FREEAGENT,EXECUTED,8,{00408013-39CF-40FC-8080-1339CFD0FC06},0,DROP,13982.0,Julio Jones,8.0,0.0,2022-11-12
2022,10,9d552e50-5e00-4659-b793-6f0386f33aa8,d00863b0-b334-4e10-b7ab-f40f72101a80,TRADE_PROPOSAL,CANCELED,12,{91D28B99-9234-408F-ACE7-32AEC03EE9E2},0,TRADE,4239934.0,AJ Dillon,12.0,1.0,2022-11-09
2022,10,9d552e50-5e00-4659-b793-6f0386f33aa8,d00863b0-b334-4e10-b7ab-f40f72101a80,TRADE_PROPOSAL,CANCELED,12,{91D28B99-9234-408F-ACE7-32AEC03EE9E2},0,TRADE,3051926.0,Gus Edwards,12.0,1.0,2022-11-09
2022,10,9d552e50-5e00-4659-b793-6f0386f33aa8,d00863b0-b334-4e10-b7ab-f40f72101a80,TRADE_PROPOSAL,CANCELED,12,{91D28B99-9234-408F-ACE7-32AEC03EE9E2},0,TRADE,2980453.0,Jamaal Williams,12.0,1.0,2022-11-09
2022,10,9d552e50-5e00-4659-b793-6f0386f33aa8,d00863b0-b334-4e10-b7ab-f40f72101a80,TRADE_PROPOSAL,CANCELED,12,{91D28B99-9234-408F-ACE7-32AEC03EE9E2},0,TRADE,4360294.0,Antonio Gibson,1.0,12.0,2022-11-09
2022,10,9d552e50-5e00-4659-b793-6f0386f33aa8,d00863b0-b334-4e10-b7ab-f40f72101a80,TRADE_PROPOSAL,CANCELED,12,{91D28B99-9234-408F-ACE7-32AEC03EE9E2},0,TRADE,4241457.0,Najee Harris,1.0,12.0,2022-11-09
2022,10,8f3e5d73-826f-4043-8881-e0bc41350cc0,308f09a7-9a27-4358-a51b-3998b0ab51c2,WAIVER,FAILED_INVALIDPLAYERSOURCE,1,NightlyLeagueUpdateTaskProcessor,8,ADD,4241416.0,Chuba Hubbard,0.0,1.0,2022-11-09
2022,10,8f3e5d73-826f-4043-8881-e0bc41350cc0,308f09a7-9a27-4358-a51b-3998b0ab51c2,WAIVER,FAILED_INVALIDPLAYERSOURCE,1,NightlyLeagueUpdateTaskProcessor,8,DROP,3051738.0,Marquez Valdes-Scantling,1.0,0.0,2022-11-09
2022,10,5a24edfa-6c0d-454e-a62a-d361eda3e4c7,c67d9798-b510-44ec-897b-304d178e9c9a,WAIVER,EXECUTED,5,NightlyLeagueUpdateTaskProcessor,2,ADD,-16010.0,Titans D/ST,0.0,5.0,2022-11-09
2022,10,5a24edfa-6c0d-454e-a62a-d361eda3e4c7,c67d9798-b510-44ec-897b-304d178e9c9a,WAIVER,EXECUTED,5,NightlyLeagueUpdateTaskProcessor,2,DROP,3135321.0,Hunter Renfrow,5.0,0.0,2022-11-09
2022,10,6143b16c-732d-4027-a9b2-1171241fbccf,72935862-e1b3-4d81-a72d-0aad7e8eb785,WAIVER,EXECUTED,3,NightlyLeagueUpdateTaskProcessor,1,ADD,4036348.0,Michael Gallup,0.0,3.0,2022-11-09
2022,10,6143b16c-732d-4027-a9b2-1171241fbccf,72935862-e1b3-4d81-a72d-0aad7e8eb785,WAIVER,EXECUTED,3,NightlyLeagueUpdateTaskProcessor,1,DROP,3915486.0,Tyler Conklin,3.0,0.0,2022-11-09
2022,10,833811d7-1e46-44f4-859d-2e6465c5f250,95016a8a-182f-44de-b556-8629c6a543aa,WAIVER,FAILED_INVALIDPLAYERSOURCE,5,NightlyLeagueUpdateTaskProcessor,1,ADD,4367209.0,Greg Dulcich,0.0,5.0,2022-11-09
2022,10,833811d7-1e46-44f4-859d-2e6465c5f250,95016a8a-182f-44de-b556-8629c6a543aa,WAIVER,FAILED_INVALIDPLAYERSOURCE,5,NightlyLeagueUpdateTaskProcessor,1,DROP,3051876.0,Evan Engram,5.0,0.0,2022-11-09
2022,10,8656d377-8861-4079-afc1-119d0cad22ef,4a37cd05-3f50-4c85-bef8-c54783722ca6,WAIVER,FAILED_INVALIDPLAYERSOURCE,5,NightlyLeagueUpdateTaskProcessor,3,ADD,4241416.0,Chuba Hubbard,0.0,5.0,2022-11-09
2022,10,1285da04-884f-47a1-8020-136a7a1ff7ac,,FREEAGENT,EXECUTED,14,{C2BAB8A3-9ED5-425C-BAB8-A39ED5B25CC2},0,ADD,3121410.0,Parris Campbell,0.0,14.0,2022-11-10
2022,10,1285da04-884f-47a1-8020-136a7a1ff7ac,,FREEAGENT,EXECUTED,14,{C2BAB8A3-9ED5-425C-BAB8-A39ED5B25CC2},0,DROP,3916945.0,Darius Slayton,14.0,0.0,2022-11-10
2022,10,b108bbde-6e70-475a-a05b-19c8d3e35831,9a8946e2-102f-4eac-b6ef-90e1c8348dc4,WAIVER,EXECUTED,7,NightlyLeagueUpdateTaskProcessor,6,ADD,3917792.0,Daniel Jones,0.0,7.0,2022-11-09
2022,10,b108bbde-6e70-475a-a05b-19c8d3e35831,9a8946e2-102f-4eac-b6ef-90e1c8348dc4,WAIVER,EXECUTED,7,NightlyLeagueUpdateTaskProcessor,6,DROP,-16015.0,Dolphins D/ST,7.0,0.0,2022-11-09
2022,10,ed6fe38b-d164-44cf-92c4-827098409dfc,4117be67-83d4-4e6a-a750-ba288c0d3370,WAIVER,EXECUTED,6,NightlyLeagueUpdateTaskProcessor,5,ADD,-16018.0,Saints D/ST,0.0,6.0,2022-11-09
2022,10,ed6fe38b-d164-44cf-92c4-827098409dfc,4117be67-83d4-4e6a-a750-ba288c0d3370,WAIVER,EXECUTED,6,NightlyLeagueUpdateTaskProcessor,5,DROP,-16004.0,Bengals D/ST,6.0,0.0,2022-11-09
2022,10,e09cd056-98fd-4d22-add9-c80bf8d05719,,FREEAGENT,EXECUTED,10,{2C8A1B87-268B-45A5-A0E5-C4A3F61C9BC2},0,ADD,3051876.0,Evan Engram,0.0,10.0,2022-11-10
2022,10,e09cd056-98fd-4d22-add9-c80bf8d05719,,FREEAGENT,EXECUTED,10,{2C8A1B87-268B-45A5-A0E5-C4A3F61C9BC2},0,DROP,16790.0,Jarvis Landry,10.0,0.0,2022-11-10
2022,10,7d17168b-e4c6-4c0e-a8a6-3efd30c762e8,,ROSTER,EXECUTED,8,{00408013-39CF-40FC-8080-1339CFD0FC06},0,DROP,3916204.0,James Proche II,8.0,0.0,2022-11-08
2022,10,07f765fd-647f-42ae-a1eb-bc7889bf87de,,FREEAGENT,EXECUTED,7,{430447A7-381F-4E40-AD53-6A9C1F157A25},0,ADD,4361409.0,Jahan Dotson,0.0,7.0,2022-11-13
2022,10,07f765fd-647f-42ae-a1eb-bc7889bf87de,,FREEAGENT,EXECUTED,7,{430447A7-381F-4E40-AD53-6A9C1F157A25},0,DROP,3918639.0,Gerald Everett,7.0,0.0,2022-11-13
2022,10,446eec2e-8304-4186-aef9-4d3dfbf5507c,ce72a322-2744-4cc9-8d0a-332a132fb37c,WAIVER,EXECUTED,3,NightlyLeagueUpdateTaskProcessor,4,ADD,4258195.0,Donovan Peoples-Jones,0.0,3.0,2022-11-09
2022,10,446eec2e-8304-4186-aef9-4d3dfbf5507c,ce72a322-2744-4cc9-8d0a-332a132fb37c,WAIVER,EXECUTED,3,NightlyLeagueUpdateTaskProcessor,4,DROP,15880.0,Robert Woods,3.0,0.0,2022-11-09
2022,10,f29184dc-4fb4-44e0-bf49-ea65c29a5d03,c1e09301-5428-41b2-a85b-83306b62ecaf,TRADE_DECLINE,EXECUTED,6,{FE8F6865-8A47-4C3A-8D66-0780982B48DD},0,,,,,,2022-11-10
2022,10,2a6f12c8-0fcf-40de-b307-16b553b92391,,FREEAGENT,EXECUTED,5,{77F704CF-0C76-4984-9A71-8BD39511C19F},0,ADD,16790.0,Jarvis Landry,0.0,5.0,2022-11-12
2022,10,2a6f12c8-0fcf-40de-b307-16b553b92391,,FREEAGENT,EXECUTED,5,{77F704CF-0C76-4984-9A71-8BD39511C19F},0,DROP,4240021.0,Cam Akers,5.0,0.0,2022-11-12
2022,10,82b075ea-7f0b-42dd-a78b-e59c2ee34a5e,ee799a22-7eea-418d-9500-f10321435a94,WAIVER,FAILED_INVALIDPLAYERSOURCE,3,NightlyLeagueUpdateTaskProcessor,4,ADD,4241416.0,Chuba Hubbard,0.0,3.0,2022-11-09
2022,10,82b075ea-7f0b-42dd-a78b-e59c2ee34a5e,ee799a22-7eea-418d-9500-f10321435a94,WAIVER,FAILED_INVALIDPLAYERSOURCE,3,NightlyLeagueUpdateTaskProcessor,4,DROP,3915486.0,Tyler Conklin,3.0,0.0,2022-11-09
2022,10,b5ec580f-4228-444c-b240-b1e2e7ab193e,,FREEAGENT,EXECUTED,8,{00408013-39CF-40FC-8080-1339CFD0FC06},0,ADD,-16020.0,Jets D/ST,0.0,8.0,2022-11-11
2022,10,34a32c12-89b3-4b6e-9870-c5be60a585c6,c1e09301-5428-41b2-a85b-83306b62ecaf,TRADE_PROPOSAL,CANCELED,10,{FE8F6865-8A47-4C3A-8D66-0780982B48DD},0,TRADE,4374302.0,Amon-Ra St. Brown,6.0,10.0,2022-11-10
2022,10,34a32c12-89b3-4b6e-9870-c5be60a585c6,c1e09301-5428-41b2-a85b-83306b62ecaf,TRADE_PROPOSAL,CANCELED,10,{FE8F6865-8A47-4C3A-8D66-0780982B48DD},0,TRADE,4240455.0,Deon Jackson,10.0,6.0,2022-11-10
2022,10,34a32c12-89b3-4b6e-9870-c5be60a585c6,c1e09301-5428-41b2-a85b-83306b62ecaf,TRADE_PROPOSAL,CANCELED,10,{FE8F6865-8A47-4C3A-8D66-0780982B48DD},0,TRADE,3059915.0,Kareem Hunt,10.0,6.0,2022-11-10
2022,10,5632ae99-178a-4806-947a-f2aaaa31e16d,9e042d6b-eda8-42cb-87d1-4dd02405d9b9,WAIVER,EXECUTED,7,NightlyLeagueUpdateTaskProcessor,5,ADD,4569987.0,Jaylen Warren,0.0,7.0,2022-11-09
2022,10,5632ae99-178a-4806-947a-f2aaaa31e16d,9e042d6b-eda8-42cb-87d1-4dd02405d9b9,WAIVER,EXECUTED,7,NightlyLeagueUpdateTaskProcessor,5,DROP,3121410.0,Parris Campbell,7.0,0.0,2022-11-09
2022,10,dfc9db57-e1e4-4691-a103-3c1cc50d08b4,7683131f-39ca-4b8e-b5d3-66d01b67a91b,WAIVER,EXECUTED,5,NightlyLeagueUpdateTaskProcessor,2,ADD,4361529.0,Isiah Pacheco,0.0,5.0,2022-11-12
2022,10,dfc9db57-e1e4-4691-a103-3c1cc50d08b4,7683131f-39ca-4b8e-b5d3-66d01b67a91b,WAIVER,EXECUTED,5,NightlyLeagueUpdateTaskProcessor,2,DROP,2577417.0,Dak Prescott,5.0,0.0,2022-11-12
2022,10,84032f21-f5f7-4c63-9f74-65c4e2251ae9,a293f2a0-a75b-48f8-9adc-3e74099e6a7d,WAIVER,FAILED_INVALIDPLAYERSOURCE,12,NightlyLeagueUpdateTaskProcessor,5,ADD,4241416.0,Chuba Hubbard,0.0,12.0,2022-11-09
2022,10,84032f21-f5f7-4c63-9f74-65c4e2251ae9,a293f2a0-a75b-48f8-9adc-3e74099e6a7d,WAIVER,FAILED_INVALIDPLAYERSOURCE,12,NightlyLeagueUpdateTaskProcessor,5,DROP,4241555.0,Elijah Mitchell,12.0,0.0,2022-11-09
2022,10,9fbf4674-479b-4906-b1e8-3186b870acf0,67a24af5-2b57-4cc6-b6af-c056685162fb,WAIVER,EXECUTED,2,NightlyLeagueUpdateTaskProcessor,5,ADD,4367209.0,Greg Dulcich,0.0,2.0,2022-11-09
2022,10,9fbf4674-479b-4906-b1e8-3186b870acf0,67a24af5-2b57-4cc6-b6af-c056685162fb,WAIVER,EXECUTED,2,NightlyLeagueUpdateTaskProcessor,5,DROP,2576980.0,Marcus Mariota,2.0,0.0,2022-11-09
2022,10,3242ff40-f655-4057-8693-1ae05cce6760,7ae962ec-2d43-43f0-a128-bc7261b04fc5,WAIVER,EXECUTED,5,NightlyLeagueUpdateTaskProcessor,4,ADD,16782.0,Jerick McKinnon,0.0,5.0,2022-11-09
2022,10,6196676e-07db-40e2-b5eb-b7ad6f5bcee7,a6a4b168-59ee-45fb-8b5b-5bcf07bf2eca,WAIVER,FAILED_INVALIDPLAYERSOURCE,7,NightlyLeagueUpdateTaskProcessor,8,ADD,4362630.0,Terrace Marshall Jr.,0.0,7.0,2022-11-09
2022,10,6196676e-07db-40e2-b5eb-b7ad6f5bcee7,a6a4b168-59ee-45fb-8b5b-5bcf07bf2eca,WAIVER,FAILED_INVALIDPLAYERSOURCE,7,NightlyLeagueUpdateTaskProcessor,8,DROP,3918639.0,Gerald Everett,7.0,0.0,2022-11-09
2022,10,f19de086-44e1-4264-be3e-574eb9c7c6e1,f38afeef-0d6e-44fd-b8ff-c5bd293537da,WAIVER,FAILED_ROSTERLIMIT,14,NightlyLeagueUpdateTaskProcessor,5,ADD,4367209.0,Greg Dulcich,0.0,14.0,2022-11-09
2022,10,671936c0-9000-4aba-9e6a-f8f3938ebec9,,FREEAGENT,EXECUTED,8,{00408013-39CF-40FC-8080-1339CFD0FC06},0,ADD,2580216.0,DeAndre Carter,0.0,8.0,2022-11-10
2022,10,671936c0-9000-4aba-9e6a-f8f3938ebec9,,FREEAGENT,EXECUTED,8,{00408013-39CF-40FC-8080-1339CFD0FC06},0,DROP,3930066.0,Van Jefferson,8.0,0.0,2022-11-10
2022,10,bfff6c8d-a7ed-4aac-ab43-f60aa98ef88a,cc3c7a58-6765-4bfa-be78-85bde192e300,WAIVER,EXECUTED,5,NightlyLeagueUpdateTaskProcessor,2,ADD,4243331.0,Cade Otton,0.0,5.0,2022-11-09
2022,10,bfff6c8d-a7ed-4aac-ab43-f60aa98ef88a,cc3c7a58-6765-4bfa-be78-85bde192e300,WAIVER,EXECUTED,5,NightlyLeagueUpdateTaskProcessor,2,DROP,3051876.0,Evan Engram,5.0,0.0,2022-11-09
2022,10,c31951b7-9033-4639-a7e4-f9847344c1db,,TRADE_PROPOSAL,PENDING,10,{2C8A1B87-268B-45A5-A0E5-C4A3F61C9BC2},0,TRADE,4360438.0,Brandon Aiyuk,8.0,10.0,2022-11-08
2022,10,c31951b7-9033-4639-a7e4-f9847344c1db,,TRADE_PROPOSAL,PENDING,10,{2C8A1B87-268B-45A5-A0E5-C4A3F61C9BC2},0,TRADE,3059915.0,Kareem Hunt,10.0,8.0,2022-11-08
2022,10,49bdfa2a-5043-483b-93fc-e73bf9cc9724,,FREEAGENT,EXECUTED,6,{FE8F6865-8A47-4C3A-8D66-0780982B48DD},0,ADD,4241985.0,J.K. Dobbins,0.0,6.0,2022-11-10
2022,10,49bdfa2a-5043-483b-93fc-e73bf9cc9724,,FREEAGENT,EXECUTED,6,{FE8F6865-8A47-4C3A-8D66-0780982B48DD},0,DROP,4361529.0,Isiah Pacheco,6.0,0.0,2022-11-10
2022,10,8466235b-9517-4635-b45d-63c1572ef375,,FREEAGENT,EXECUTED,13,{85A6A0E4-D846-4046-B7F8-487FAD9165E0},0,ADD,4258595.0,Cole Kmet,0.0,13.0,2022-11-10
2022,10,8466235b-9517-4635-b45d-63c1572ef375,,FREEAGENT,EXECUTED,13,{85A6A0E4-D846-4046-B7F8-487FAD9165E0},0,DROP,8439.0,Aaron Rodgers,13.0,0.0,2022-11-10
2022,10,5e298987-7885-4186-a560-9e843f8c501c,,TRADE_PROPOSAL,PENDING,10,{2C8A1B87-268B-45A5-A0E5-C4A3F61C9BC2},0,TRADE,4039050.0,Devin Duvernay,6.0,10.0,2022-11-11
2022,10,5e298987-7885-4186-a560-9e843f8c501c,,TRADE_PROPOSAL,PENDING,10,{2C8A1B87-268B-45A5-A0E5-C4A3F61C9BC2},0,TRADE,4240455.0,Deon Jackson,10.0,6.0,2022-11-11
2022,10,942a96d4-8589-4a8d-b3db-716a44c15a31,60261486-9549-4d30-aa0e-60d5ab3bc2ed,WAIVER,EXECUTED,2,NightlyLeagueUpdateTaskProcessor,10,ADD,-16019.0,Giants D/ST,0.0,2.0,2022-11-09
2022,10,942a96d4-8589-4a8d-b3db-716a44c15a31,60261486-9549-4d30-aa0e-60d5ab3bc2ed,WAIVER,EXECUTED,2,NightlyLeagueUpdateTaskProcessor,10,DROP,4361050.0,Isaiah Likely,2.0,0.0,2022-11-09
2022,10,51f5e08c-2783-4702-9959-db3d3ab302ed,,FREEAGENT,EXECUTED,13,{85A6A0E4-D846-4046-B7F8-487FAD9165E0},0,ADD,-16001.0,Falcons D/ST,0.0,13.0,2022-11-10
2022,10,51f5e08c-2783-4702-9959-db3d3ab302ed,,FREEAGENT,EXECUTED,13,{85A6A0E4-D846-4046-B7F8-487FAD9165E0},0,DROP,-16016.0,Vikings D/ST,13.0,0.0,2022-11-10
2022,10,c1e09301-5428-41b2-a85b-83306b62ecaf,,TRADE_PROPOSAL,PENDING,10,{2C8A1B87-268B-45A5-A0E5-C4A3F61C9BC2},0,TRADE,4374302.0,Amon-Ra St. Brown,6.0,10.0,2022-11-09
2022,10,c1e09301-5428-41b2-a85b-83306b62ecaf,,TRADE_PROPOSAL,PENDING,10,{2C8A1B87-268B-45A5-A0E5-C4A3F61C9BC2},0,TRADE,4240455.0,Deon Jackson,10.0,6.0,2022-11-09
2022,10,c1e09301-5428-41b2-a85b-83306b62ecaf,,TRADE_PROPOSAL,PENDING,10,{2C8A1B87-268B-45A5-A0E5-C4A3F61C9BC2},0,TRADE,3059915.0,Kareem Hunt,10.0,6.0,2022-11-09
2022,10,1e92793f-d26c-48af-973f-e2eb0dae9331,859e82f5-ddb7-4262-92db-5089b5dc89a8,WAIVER,FAILED_INVALIDPLAYERSOURCE,8,NightlyLeagueUpdateTaskProcessor,2,ADD,4241416.0,Chuba Hubbard,0.0,8.0,2022-11-09
2022,10,1e92793f-d26c-48af-973f-e2eb0dae9331,859e82f5-ddb7-4262-92db-5089b5dc89a8,WAIVER,FAILED_INVALIDPLAYERSOURCE,8,NightlyLeagueUpdateTaskProcessor,2,DROP,3930066.0,Van Jefferson,8.0,0.0,2022-11-09
2022,10,9547f687-3148-48ec-b282-c51ffc8d8c15,5f45ab13-8832-4438-8f28-aae487042951,WAIVER,CANCELED,7,{430447A7-381F-4E40-AD53-6A9C1F157A25},0,ADD,4367209.0,Greg Dulcich,0.0,7.0,2022-11-08
2022,10,9547f687-3148-48ec-b282-c51ffc8d8c15,5f45ab13-8832-4438-8f28-aae487042951,WAIVER,CANCELED,7,{430447A7-381F-4E40-AD53-6A9C1F157A25},0,DROP,3918639.0,Gerald Everett,7.0,0.0,2022-11-08
2022,10,fbe89d27-f607-4ba1-ac5c-195bc935383b,e67606c0-4439-484f-93e5-9225dd962599,TRADE_DECLINE,EXECUTED,12,{91D28B99-9234-408F-ACE7-32AEC03EE9E2},0,,,,,,2022-11-11
2022,10,ff538f2b-403c-4b45-a3fd-09d0d69a45de,67e00447-6ba4-4302-bed0-1b40e2e7cbf3,WAIVER,FAILED_INVALIDPLAYERSOURCE,3,NightlyLeagueUpdateTaskProcessor,3,ADD,4367209.0,Greg Dulcich,0.0,3.0,2022-11-09
2022,10,ff538f2b-403c-4b45-a3fd-09d0d69a45de,67e00447-6ba4-4302-bed0-1b40e2e7cbf3,WAIVER,FAILED_INVALIDPLAYERSOURCE,3,NightlyLeagueUpdateTaskProcessor,3,DROP,3915486.0,Tyler Conklin,3.0,0.0,2022-11-09
2022,10,5a9b377d-b9bc-453b-a483-5c6316a24a41,33b10ad3-f795-45d4-a73f-8a99fa4b6033,WAIVER,EXECUTED,6,NightlyLeagueUpdateTaskProcessor,10,ADD,4362630.0,Terrace Marshall Jr.,0.0,6.0,2022-11-09
2022,10,5a9b377d-b9bc-453b-a483-5c6316a24a41,33b10ad3-f795-45d4-a73f-8a99fa4b6033,WAIVER,EXECUTED,6,NightlyLeagueUpdateTaskProcessor,10,DROP,3116164.0,Mike Gesicki,6.0,0.0,2022-11-09
2022,10,733341a7-46e2-4cc2-ae77-1c1eadeba843,,FREEAGENT,EXECUTED,8,{00408013-39CF-40FC-8080-1339CFD0FC06},0,ADD,4240603.0,Malik Davis,0.0,8.0,2022-11-13
2022,10,733341a7-46e2-4cc2-ae77-1c1eadeba843,,FREEAGENT,EXECUTED,8,{00408013-39CF-40FC-8080-1339CFD0FC06},0,DROP,4361409.0,Jahan Dotson,8.0,0.0,2022-11-13
2022,10,0214b3f1-3e92-46b0-bd3d-df0baefeb1e7,e67606c0-4439-484f-93e5-9225dd962599,TRADE_PROPOSAL,CANCELED,10,{91D28B99-9234-408F-ACE7-32AEC03EE9E2},0,TRADE,3916433.0,Jakobi Meyers,10.0,12.0,2022-11-11
2022,10,0214b3f1-3e92-46b0-bd3d-df0baefeb1e7,e67606c0-4439-484f-93e5-9225dd962599,TRADE_PROPOSAL,CANCELED,10,{91D28B99-9234-408F-ACE7-32AEC03EE9E2},0,TRADE,3123076.0,David Njoku,10.0,12.0,2022-11-11
2022,10,0214b3f1-3e92-46b0-bd3d-df0baefeb1e7,e67606c0-4439-484f-93e5-9225dd962599,TRADE_PROPOSAL,CANCELED,10,{91D28B99-9234-408F-ACE7-32AEC03EE9E2},0,TRADE,3115364.0,Leonard Fournette,10.0,12.0,2022-11-11
2022,10,0214b3f1-3e92-46b0-bd3d-df0baefeb1e7,e67606c0-4439-484f-93e5-9225dd962599,TRADE_PROPOSAL,CANCELED,10,{91D28B99-9234-408F-ACE7-32AEC03EE9E2},0,TRADE,3929630.0,Saquon Barkley,12.0,10.0,2022-11-11
2022,10,0db3855f-2469-4251-88c6-fc3526b3f7eb,,FREEAGENT,EXECUTED,14,{C2BAB8A3-9ED5-425C-BAB8-A39ED5B25CC2},0,ADD,16760.0,Jimmy Garoppolo,0.0,14.0,2022-11-11
2022,10,0db3855f-2469-4251-88c6-fc3526b3f7eb,,FREEAGENT,EXECUTED,14,{C2BAB8A3-9ED5-425C-BAB8-A39ED5B25CC2},0,DROP,3115394.0,DJ Chark,14.0,0.0,2022-11-11
2022,10,60bc736c-cbc3-4d3a-8d5a-01eb6b84c1e3,,FREEAGENT,EXECUTED,12,{91D28B99-9234-408F-ACE7-32AEC03EE9E2},0,ADD,15920.0,Latavius Murray,0.0,12.0,2022-11-12
2022,10,60bc736c-cbc3-4d3a-8d5a-01eb6b84c1e3,,FREEAGENT,EXECUTED,12,{91D28B99-9234-408F-ACE7-32AEC03EE9E2},0,DROP,15072.0,Marvin Jones Jr.,12.0,0.0,2022-11-12
2022,10,af12e33c-d6d4-4234-9cf8-d268b32b0692,d5135865-f169-4fb7-8264-2b82179be06c,WAIVER,CANCELED,5,{77F704CF-0C76-4984-9A71-8BD39511C19F},0,ADD,16782.0,Jerick McKinnon,0.0,5.0,2022-11-08
2022,10,af12e33c-d6d4-4234-9cf8-d268b32b0692,d5135865-f169-4fb7-8264-2b82179be06c,WAIVER,CANCELED,5,{77F704CF-0C76-4984-9A71-8BD39511C19F},0,DROP,2577417.0,Dak Prescott,5.0,0.0,2022-11-08
2022,10,d7fc7a13-93d1-4079-bffc-018eb76db73d,c8590d1f-c903-473d-9edf-ee18157816c7,TRADE_DECLINE,EXECUTED,14,{C2BAB8A3-9ED5-425C-BAB8-A39ED5B25CC2},0,,,,,,2022-11-11
2022,10,17a39af5-d838-43db-b883-79209ade1f4e,3b76c7b5-0205-4462-83bc-671f1d3a87b4,TRADE_PROPOSAL,CANCELED,10,{2C8A1B87-268B-45A5-A0E5-C4A3F61C9BC2},0,TRADE,3059915.0,Kareem Hunt,10.0,14.0,2022-11-11
2022,10,17a39af5-d838-43db-b883-79209ade1f4e,3b76c7b5-0205-4462-83bc-671f1d3a87b4,TRADE_PROPOSAL,CANCELED,10,{2C8A1B87-268B-45A5-A0E5-C4A3F61C9BC2},0,TRADE,2976499.0,Amari Cooper,10.0,14.0,2022-11-11
2022,10,17a39af5-d838-43db-b883-79209ade1f4e,3b76c7b5-0205-4462-83bc-671f1d3a87b4,TRADE_PROPOSAL,CANCELED,10,{2C8A1B87-268B-45A5-A0E5-C4A3F61C9BC2},0,TRADE,16800.0,Davante Adams,14.0,10.0,2022-11-11
2022,10,c6987038-c966-4c79-a086-bbbb7c01b26f,c8590d1f-c903-473d-9edf-ee18157816c7,TRADE_PROPOSAL,CANCELED,10,{C2BAB8A3-9ED5-425C-BAB8-A39ED5B25CC2},0,TRADE,3059915.0,Kareem Hunt,10.0,14.0,2022-11-11
2022,10,c6987038-c966-4c79-a086-bbbb7c01b26f,c8590d1f-c903-473d-9edf-ee18157816c7,TRADE_PROPOSAL,CANCELED,10,{C2BAB8A3-9ED5-425C-BAB8-A39ED5B25CC2},0,TRADE,3120348.0,JuJu Smith-Schuster,10.0,14.0,2022-11-11
2022,10,c6987038-c966-4c79-a086-bbbb7c01b26f,c8590d1f-c903-473d-9edf-ee18157816c7,TRADE_PROPOSAL,CANCELED,10,{C2BAB8A3-9ED5-425C-BAB8-A39ED5B25CC2},0,TRADE,16800.0,Davante Adams,14.0,10.0,2022-11-11
2022,10,23d001f4-8139-4259-8652-53ad1e41bc19,5e298987-7885-4186-a560-9e843f8c501c,TRADE_PROPOSAL,CANCELED,10,TradeTaskProcessor,0,TRADE,4039050.0,Devin Duvernay,6.0,10.0,2022-11-13
2022,10,23d001f4-8139-4259-8652-53ad1e41bc19,5e298987-7885-4186-a560-9e843f8c501c,TRADE_PROPOSAL,CANCELED,10,TradeTaskProcessor,0,TRADE,4240455.0,Deon Jackson,10.0,6.0,2022-11-13
2022,10,40692a95-7e5b-445e-a626-35e2efdbac6f,,FREEAGENT,EXECUTED,14,{C2BAB8A3-9ED5-425C-BAB8-A39ED5B25CC2},0,ADD,3916945.0,Darius Slayton,0.0,14.0,2022-11-09
2022,10,40692a95-7e5b-445e-a626-35e2efdbac6f,,FREEAGENT,EXECUTED,14,{C2BAB8A3-9ED5-425C-BAB8-A39ED5B25CC2},0,DROP,15920.0,Latavius Murray,14.0,0.0,2022-11-09
2022,10,b1dc929e-8937-4849-8bc8-b384145f81dc,21d118e8-47f0-456f-a4e0-02943d0b8139,WAIVER,EXECUTED,14,NightlyLeagueUpdateTaskProcessor,16,ADD,4241416.0,Chuba Hubbard,0.0,14.0,2022-11-09
2022,10,64d4e743-5447-41ad-bf77-d77b907548e0,,WAIVER,PENDING,10,{2C8A1B87-268B-45A5-A0E5-C4A3F61C9BC2},1,ADD,4569987.0,Jaylen Warren,0.0,10.0,2022-11-08
2022,10,64d4e743-5447-41ad-bf77-d77b907548e0,,WAIVER,PENDING,10,{2C8A1B87-268B-45A5-A0E5-C4A3F61C9BC2},1,DROP,4360078.0,Alec Pierce,10.0,0.0,2022-11-08
2022,10,fd5ce211-fd25-4639-a33a-dca7e6f10055,,FREEAGENT,EXECUTED,14,{C2BAB8A3-9ED5-425C-BAB8-A39ED5B25CC2},0,ADD,3843945.0,Foster Moreau,0.0,14.0,2022-11-10
2022,10,fd5ce211-fd25-4639-a33a-dca7e6f10055,,FREEAGENT,EXECUTED,14,{C2BAB8A3-9ED5-425C-BAB8-A39ED5B25CC2},0,DROP,4426502.0,Drake London,14.0,0.0,2022-11-10
2022,11,17f92c48-044f-4d84-896f-4c8fda636905,,ROSTER,EXECUTED,5,{77F704CF-0C76-4984-9A71-8BD39511C19F},0,DROP,-16010.0,Titans D/ST,5.0,0.0,2022-11-15
2022,11,a73e8827-3fa9-4a82-a7b7-83f735c40120,545e0f9c-2945-4ba6-9cf6-fd30ab873c8d,WAIVER,EXECUTED,13,NightlyLeagueUpdateTaskProcessor,21,ADD,3122840.0,Deshaun Watson,0.0,13.0,2022-11-16
2022,11,77b70438-eb11-4c48-a2fa-a9a8c1a9fda6,,TRADE_PROPOSAL,PENDING,10,{2C8A1B87-268B-45A5-A0E5-C4A3F61C9BC2},0,TRADE,3116385.0,Joe Mixon,5.0,10.0,2022-11-18
2022,11,77b70438-eb11-4c48-a2fa-a9a8c1a9fda6,,TRADE_PROPOSAL,PENDING,10,{2C8A1B87-268B-45A5-A0E5-C4A3F61C9BC2},0,TRADE,4259545.0,D'Andre Swift,10.0,5.0,2022-11-18
2022,11,77b70438-eb11-4c48-a2fa-a9a8c1a9fda6,,TRADE_PROPOSAL,PENDING,10,{2C8A1B87-268B-45A5-A0E5-C4A3F61C9BC2},0,TRADE,3916433.0,Jakobi Meyers,10.0,5.0,2022-11-18
2022,11,17aca230-3f85-4742-87f6-cf744b7ce529,6c371b26-3c87-4dbb-bda3-e4403cd7baee,TRADE_PROPOSAL,CANCELED,10,{91D28B99-9234-408F-ACE7-32AEC03EE9E2},0,TRADE,3929630.0,Saquon Barkley,12.0,10.0,2022-11-19
2022,11,17aca230-3f85-4742-87f6-cf744b7ce529,6c371b26-3c87-4dbb-bda3-e4403cd7baee,TRADE_PROPOSAL,CANCELED,10,{91D28B99-9234-408F-ACE7-32AEC03EE9E2},0,TRADE,3115364.0,Leonard Fournette,10.0,12.0,2022-11-19
2022,11,17aca230-3f85-4742-87f6-cf744b7ce529,6c371b26-3c87-4dbb-bda3-e4403cd7baee,TRADE_PROPOSAL,CANCELED,10,{91D28B99-9234-408F-ACE7-32AEC03EE9E2},0,TRADE,4697815.0,Rachaad White,10.0,12.0,2022-11-19
2022,11,17aca230-3f85-4742-87f6-cf744b7ce529,6c371b26-3c87-4dbb-bda3-e4403cd7baee,TRADE_PROPOSAL,CANCELED,10,{91D28B99-9234-408F-ACE7-32AEC03EE9E2},0,TRADE,3916433.0,Jakobi Meyers,10.0,12.0,2022-11-19
2022,11,304caa15-3b59-4bc9-85c4-902de8a5ecf6,a8d74d28-dba6-4a72-8bd5-05db6ae1b4aa,TRADE_DECLINE,EXECUTED,3,{C52D799E-6C1C-44B9-8371-9B6AF857D8E8},0,,,,,,2022-11-19
2022,11,0a4aa901-4490-4a77-876b-a4ebda6464fa,909c3fa9-19ae-4703-b54a-aa63dd803b86,WAIVER,FAILED_INVALIDPLAYERSOURCE,7,NightlyLeagueUpdateTaskProcessor,6,ADD,3916945.0,Darius Slayton,0.0,7.0,2022-11-16
2022,11,0a4aa901-4490-4a77-876b-a4ebda6464fa,909c3fa9-19ae-4703-b54a-aa63dd803b86,WAIVER,FAILED_INVALIDPLAYERSOURCE,7,NightlyLeagueUpdateTaskProcessor,6,DROP,4569587.0,Wan'Dale Robinson,7.0,0.0,2022-11-16
2022,11,a49e40c4-4575-4037-8ab4-3b665af3dbbe,12d486f1-0b1e-446a-864b-c3750b362300,TRADE_DECLINE,EXECUTED,4,{8242D4C8-FCD1-4A28-9373-CD282687A8E7},0,,,,,,2022-11-15
2022,11,aa5dea83-5864-4441-9d6f-8753e4043b78,a06ea8ce-67a7-4b90-9a71-c97cf84ef621,WAIVER,FAILED_INVALIDPLAYERSOURCE,4,NightlyLeagueUpdateTaskProcessor,10,ADD,4248528.0,Christian Watson,0.0,4.0,2022-11-16
2022,11,aa5dea83-5864-4441-9d6f-8753e4043b78,a06ea8ce-67a7-4b90-9a71-c97cf84ef621,WAIVER,FAILED_INVALIDPLAYERSOURCE,4,NightlyLeagueUpdateTaskProcessor,10,DROP,2973405.0,Kalif Raymond,4.0,0.0,2022-11-16
2022,11,d4312380-1497-47c0-b6d2-f7f5971c42b3,,TRADE_PROPOSAL,PENDING,10,{2C8A1B87-268B-45A5-A0E5-C4A3F61C9BC2},0,TRADE,3068267.0,Austin Ekeler,7.0,10.0,2022-11-18
2022,11,d4312380-1497-47c0-b6d2-f7f5971c42b3,,TRADE_PROPOSAL,PENDING,10,{2C8A1B87-268B-45A5-A0E5-C4A3F61C9BC2},0,TRADE,3115364.0,Leonard Fournette,10.0,7.0,2022-11-18
2022,11,d4312380-1497-47c0-b6d2-f7f5971c42b3,,TRADE_PROPOSAL,PENDING,10,{2C8A1B87-268B-45A5-A0E5-C4A3F61C9BC2},0,TRADE,4697815.0,Rachaad White,10.0,7.0,2022-11-18
2022,11,d4312380-1497-47c0-b6d2-f7f5971c42b3,,TRADE_PROPOSAL,PENDING,10,{2C8A1B87-268B-45A5-A0E5-C4A3F61C9BC2},0,TRADE,3916433.0,Jakobi Meyers,10.0,7.0,2022-11-18
2022,11,135b2a61-171a-4e87-ad50-f62ccba940f2,,TRADE_PROPOSAL,PENDING,10,{2C8A1B87-268B-45A5-A0E5-C4A3F61C9BC2},0,TRADE,4360294.0,Antonio Gibson,1.0,10.0,2022-11-16
2022,11,135b2a61-171a-4e87-ad50-f62ccba940f2,,TRADE_PROPOSAL,PENDING,10,{2C8A1B87-268B-45A5-A0E5-C4A3F61C9BC2},0,TRADE,3059915.0,Kareem Hunt,10.0,1.0,2022-11-16
2022,11,135b2a61-171a-4e87-ad50-f62ccba940f2,,TRADE_PROPOSAL,PENDING,10,{2C8A1B87-268B-45A5-A0E5-C4A3F61C9BC2},0,TRADE,3932905.0,Diontae Johnson,10.0,1.0,2022-11-16
2022,11,ee1622fc-6c5c-4fba-b393-acc229c0f208,,TRADE_PROPOSAL,PENDING,10,{2C8A1B87-268B-45A5-A0E5-C4A3F61C9BC2},0,TRADE,4035538.0,David Montgomery,14.0,10.0,2022-11-15
2022,11,ee1622fc-6c5c-4fba-b393-acc229c0f208,,TRADE_PROPOSAL,PENDING,10,{2C8A1B87-268B-45A5-A0E5-C4A3F61C9BC2},0,TRADE,3932905.0,Diontae Johnson,10.0,14.0,2022-11-15
2022,11,90129014-a4e9-474b-ad81-bac2d713e863,,TRADE_PROPOSAL,PENDING,10,{2C8A1B87-268B-45A5-A0E5-C4A3F61C9BC2},0,TRADE,4047365.0,Josh Jacobs,2.0,10.0,2022-11-18
2022,11,90129014-a4e9-474b-ad81-bac2d713e863,,TRADE_PROPOSAL,PENDING,10,{2C8A1B87-268B-45A5-A0E5-C4A3F61C9BC2},0,TRADE,3916433.0,Jakobi Meyers,10.0,2.0,2022-11-18
2022,11,90129014-a4e9-474b-ad81-bac2d713e863,,TRADE_PROPOSAL,PENDING,10,{2C8A1B87-268B-45A5-A0E5-C4A3F61C9BC2},0,TRADE,3115364.0,Leonard Fournette,10.0,2.0,2022-11-18
2022,11,74421c56-942a-4a83-b737-95e6a82897d3,90129014-a4e9-474b-ad81-bac2d713e863,TRADE_PROPOSAL,CANCELED,10,TradeTaskProcessor,0,TRADE,4047365.0,Josh Jacobs,2.0,10.0,2022-11-20
2022,11,74421c56-942a-4a83-b737-95e6a82897d3,90129014-a4e9-474b-ad81-bac2d713e863,TRADE_PROPOSAL,CANCELED,10,TradeTaskProcessor,0,TRADE,3916433.0,Jakobi Meyers,10.0,2.0,2022-11-20
2022,11,74421c56-942a-4a83-b737-95e6a82897d3,90129014-a4e9-474b-ad81-bac2d713e863,TRADE_PROPOSAL,CANCELED,10,TradeTaskProcessor,0,TRADE,3115364.0,Leonard Fournette,10.0,2.0,2022-11-20
2022,11,ce0c59a6-9fc5-4664-b91b-88317cd3985d,d009c220-f13a-4113-90d3-c0cb6b24e522,TRADE_PROPOSAL,CANCELED,10,TradeTaskProcessor,0,TRADE,3128720.0,Nick Chubb,7.0,10.0,2022-11-20
2022,11,ce0c59a6-9fc5-4664-b91b-88317cd3985d,d009c220-f13a-4113-90d3-c0cb6b24e522,TRADE_PROPOSAL,CANCELED,10,TradeTaskProcessor,0,TRADE,3115364.0,Leonard Fournette,10.0,7.0,2022-11-20
2022,11,ce0c59a6-9fc5-4664-b91b-88317cd3985d,d009c220-f13a-4113-90d3-c0cb6b24e522,TRADE_PROPOSAL,CANCELED,10,TradeTaskProcessor,0,TRADE,4697815.0,Rachaad White,10.0,7.0,2022-11-20
2022,11,ce0c59a6-9fc5-4664-b91b-88317cd3985d,d009c220-f13a-4113-90d3-c0cb6b24e522,TRADE_PROPOSAL,CANCELED,10,TradeTaskProcessor,0,TRADE,3916433.0,Jakobi Meyers,10.0,7.0,2022-11-20
2022,11,c171b630-e30f-4403-b070-5a5d501827d0,,FREEAGENT,EXECUTED,8,{00408013-39CF-40FC-8080-1339CFD0FC06},0,ADD,3042778.0,Corey Davis,0.0,8.0,2022-11-16
2022,11,c171b630-e30f-4403-b070-5a5d501827d0,,FREEAGENT,EXECUTED,8,{00408013-39CF-40FC-8080-1339CFD0FC06},0,DROP,2991662.0,Mack Hollins,8.0,0.0,2022-11-16
2022,11,5202dc0a-564e-4c84-a8f8-99c9ec41151a,135b2a61-171a-4e87-ad50-f62ccba940f2,TRADE_PROPOSAL,CANCELED,10,TradeTaskProcessor,0,TRADE,4360294.0,Antonio Gibson,1.0,10.0,2022-11-18
2022,11,5202dc0a-564e-4c84-a8f8-99c9ec41151a,135b2a61-171a-4e87-ad50-f62ccba940f2,TRADE_PROPOSAL,CANCELED,10,TradeTaskProcessor,0,TRADE,3059915.0,Kareem Hunt,10.0,1.0,2022-11-18
2022,11,5202dc0a-564e-4c84-a8f8-99c9ec41151a,135b2a61-171a-4e87-ad50-f62ccba940f2,TRADE_PROPOSAL,CANCELED,10,TradeTaskProcessor,0,TRADE,3932905.0,Diontae Johnson,10.0,1.0,2022-11-18
2022,11,40b96543-46cd-4a21-ac99-82895ab317ea,5688140a-d073-44b4-8ae2-65e4d8d58a1c,WAIVER,EXECUTED,3,NightlyLeagueUpdateTaskProcessor,8,ADD,2577417.0,Dak Prescott,0.0,3.0,2022-11-16
2022,11,40b96543-46cd-4a21-ac99-82895ab317ea,5688140a-d073-44b4-8ae2-65e4d8d58a1c,WAIVER,EXECUTED,3,NightlyLeagueUpdateTaskProcessor,8,DROP,14012.0,Andy Dalton,3.0,0.0,2022-11-16
2022,11,5a0364d2-9362-425f-8c8d-b346061e9bae,,FREEAGENT,EXECUTED,8,{00408013-39CF-40FC-8080-1339CFD0FC06},0,ADD,4569587.0,Wan'Dale Robinson,0.0,8.0,2022-11-19
2022,11,d2d607e6-ebb6-46dd-a377-f12b972f788f,,FREEAGENT,EXECUTED,5,{77F704CF-0C76-4984-9A71-8BD39511C19F},0,ADD,4367209.0,Greg Dulcich,0.0,5.0,2022-11-20
2022,11,d2d607e6-ebb6-46dd-a377-f12b972f788f,,FREEAGENT,EXECUTED,5,{77F704CF-0C76-4984-9A71-8BD39511C19F},0,DROP,16782.0,Jerick McKinnon,5.0,0.0,2022-11-20
2022,11,33ec15e4-b294-4894-95f1-f9b0dad7fd3c,,ROSTER,EXECUTED,10,{2C8A1B87-268B-45A5-A0E5-C4A3F61C9BC2},0,DROP,3929645.0,Juwan Johnson,10.0,0.0,2022-11-20
2022,11,9f458a3a-da76-43ed-9049-7b5c4fb1e8e4,f8f94630-1a06-420f-a600-9081e69ed37d,WAIVER,EXECUTED,7,NightlyLeagueUpdateTaskProcessor,7,ADD,4426502.0,Drake London,0.0,7.0,2022-11-16
2022,11,4599d3a0-1141-427c-af32-98472ba9a699,,FREEAGENT,EXECUTED,14,{C2BAB8A3-9ED5-425C-BAB8-A39ED5B25CC2},0,ADD,2578570.0,Jacoby Brissett,0.0,14.0,2022-11-16
2022,11,4599d3a0-1141-427c-af32-98472ba9a699,,FREEAGENT,EXECUTED,14,{C2BAB8A3-9ED5-425C-BAB8-A39ED5B25CC2},0,DROP,16760.0,Jimmy Garoppolo,14.0,0.0,2022-11-16
2022,11,5b6203db-787d-4c37-9d92-a222193343c3,0d347731-f1dd-4e6e-b396-c58f37a87d16,WAIVER,EXECUTED,10,NightlyLeagueUpdateTaskProcessor,12,ADD,3916945.0,Darius Slayton,0.0,10.0,2022-11-16
2022,11,5b6203db-787d-4c37-9d92-a222193343c3,0d347731-f1dd-4e6e-b396-c58f37a87d16,WAIVER,EXECUTED,10,NightlyLeagueUpdateTaskProcessor,12,DROP,4240455.0,Deon Jackson,10.0,0.0,2022-11-16
2022,11,42275017-3409-4172-b877-9849eec4ad01,,FREEAGENT,EXECUTED,10,{2C8A1B87-268B-45A5-A0E5-C4A3F61C9BC2},0,ADD,3929645.0,Juwan Johnson,0.0,10.0,2022-11-16
2022,11,42275017-3409-4172-b877-9849eec4ad01,,FREEAGENT,EXECUTED,10,{2C8A1B87-268B-45A5-A0E5-C4A3F61C9BC2},0,DROP,3051876.0,Evan Engram,10.0,0.0,2022-11-16
2022,11,7cacae74-e363-40e6-9ef7-a4e029ba4f3a,4c200843-a3dd-4141-b00f-d8118f27609e,TRADE_DECLINE,EXECUTED,8,{00408013-39CF-40FC-8080-1339CFD0FC06},0,,,,,,2022-11-15
2022,11,1f882005-1e09-43dc-85cb-71758171aea6,09729e74-f18f-433f-b27a-f521f1d79dd7,WAIVER,EXECUTED,2,NightlyLeagueUpdateTaskProcessor,1,ADD,2576980.0,Marcus Mariota,0.0,2.0,2022-11-17
2022,11,1f882005-1e09-43dc-85cb-71758171aea6,09729e74-f18f-433f-b27a-f521f1d79dd7,WAIVER,EXECUTED,2,NightlyLeagueUpdateTaskProcessor,1,DROP,-16019.0,Giants D/ST,2.0,0.0,2022-11-17
2022,11,03e64c45-c1ef-43c5-8dde-3e305db5d002,20b2e3a4-403d-466c-9144-d21bec9ad0f1,WAIVER,EXECUTED,7,NightlyLeagueUpdateTaskProcessor,6,ADD,4258173.0,Nico Collins,0.0,7.0,2022-11-16
2022,11,03e64c45-c1ef-43c5-8dde-3e305db5d002,20b2e3a4-403d-466c-9144-d21bec9ad0f1,WAIVER,EXECUTED,7,NightlyLeagueUpdateTaskProcessor,6,DROP,4569587.0,Wan'Dale Robinson,7.0,0.0,2022-11-16
2022,11,3d179339-c3ab-4a7b-8172-f9aac5206dda,8c0d3f32-3140-4604-93ab-7f2bca1e9e1c,WAIVER,CANCELED,13,{85A6A0E4-D846-4046-B7F8-487FAD9165E0},0,ADD,3122840.0,Deshaun Watson,0.0,13.0,2022-11-16
2022,11,3d179339-c3ab-4a7b-8172-f9aac5206dda,8c0d3f32-3140-4604-93ab-7f2bca1e9e1c,WAIVER,CANCELED,13,{85A6A0E4-D846-4046-B7F8-487FAD9165E0},0,DROP,4373626.0,Tyler Allgeier,13.0,0.0,2022-11-16
2022,11,d162b489-8eb5-4329-8556-cd6eafcab143,e3ca5bab-c8c6-4a1a-837d-b4fabbbb53eb,TRADE_PROPOSAL,CANCELED,10,{77F704CF-0C76-4984-9A71-8BD39511C19F},0,TRADE,3932905.0,Diontae Johnson,10.0,5.0,2022-11-19
2022,11,d162b489-8eb5-4329-8556-cd6eafcab143,e3ca5bab-c8c6-4a1a-837d-b4fabbbb53eb,TRADE_PROPOSAL,CANCELED,10,{77F704CF-0C76-4984-9A71-8BD39511C19F},0,TRADE,3059915.0,Kareem Hunt,10.0,5.0,2022-11-19
2022,11,d162b489-8eb5-4329-8556-cd6eafcab143,e3ca5bab-c8c6-4a1a-837d-b4fabbbb53eb,TRADE_PROPOSAL,CANCELED,10,{77F704CF-0C76-4984-9A71-8BD39511C19F},0,TRADE,4040761.0,Devin Singletary,5.0,10.0,2022-11-19
2022,11,42c768d8-f634-483f-9cc5-67eb7e34a0d8,923933db-00e7-4839-8c95-af4fb66aee27,WAIVER,CANCELED,3,{C52D799E-6C1C-44B9-8371-9B6AF857D8E8},0,ADD,14881.0,Russell Wilson,0.0,3.0,2022-11-15
2022,11,42c768d8-f634-483f-9cc5-67eb7e34a0d8,923933db-00e7-4839-8c95-af4fb66aee27,WAIVER,CANCELED,3,{C52D799E-6C1C-44B9-8371-9B6AF857D8E8},0,DROP,14012.0,Andy Dalton,3.0,0.0,2022-11-15
2022,11,543c7c39-d6ab-4eb7-9a31-50fd0bd4f6b7,,TRADE_PROPOSAL,PENDING,10,{2C8A1B87-268B-45A5-A0E5-C4A3F61C9BC2},0,TRADE,3121422.0,Terry McLaurin,14.0,10.0,2022-11-16
2022,11,543c7c39-d6ab-4eb7-9a31-50fd0bd4f6b7,,TRADE_PROPOSAL,PENDING,10,{2C8A1B87-268B-45A5-A0E5-C4A3F61C9BC2},0,TRADE,4035538.0,David Montgomery,14.0,10.0,2022-11-16
2022,11,543c7c39-d6ab-4eb7-9a31-50fd0bd4f6b7,,TRADE_PROPOSAL,PENDING,10,{2C8A1B87-268B-45A5-A0E5-C4A3F61C9BC2},0,TRADE,3115364.0,Leonard Fournette,10.0,14.0,2022-11-16
2022,11,543c7c39-d6ab-4eb7-9a31-50fd0bd4f6b7,,TRADE_PROPOSAL,PENDING,10,{2C8A1B87-268B-45A5-A0E5-C4A3F61C9BC2},0,TRADE,4697815.0,Rachaad White,10.0,14.0,2022-11-16
2022,11,543c7c39-d6ab-4eb7-9a31-50fd0bd4f6b7,,TRADE_PROPOSAL,PENDING,10,{2C8A1B87-268B-45A5-A0E5-C4A3F61C9BC2},0,TRADE,3932905.0,Diontae Johnson,10.0,14.0,2022-11-16
2022,11,266ce128-de93-408e-a266-e04048584dfe,d517259f-e42d-43b3-8ccc-e0a7cbeb708d,TRADE_PROPOSAL,CANCELED,10,{2C8A1B87-268B-45A5-A0E5-C4A3F61C9BC2},0,TRADE,2976212.0,Stefon Diggs,5.0,10.0,2022-11-17
2022,11,266ce128-de93-408e-a266-e04048584dfe,d517259f-e42d-43b3-8ccc-e0a7cbeb708d,TRADE_PROPOSAL,CANCELED,10,{2C8A1B87-268B-45A5-A0E5-C4A3F61C9BC2},0,TRADE,2976499.0,Amari Cooper,10.0,5.0,2022-11-17
2022,11,266ce128-de93-408e-a266-e04048584dfe,d517259f-e42d-43b3-8ccc-e0a7cbeb708d,TRADE_PROPOSAL,CANCELED,10,{2C8A1B87-268B-45A5-A0E5-C4A3F61C9BC2},0,TRADE,3115364.0,Leonard Fournette,10.0,5.0,2022-11-17
2022,11,daff18ba-ad1a-49f5-a8be-14c9c55c8050,ee1622fc-6c5c-4fba-b393-acc229c0f208,TRADE_PROPOSAL,CANCELED,10,{2C8A1B87-268B-45A5-A0E5-C4A3F61C9BC2},0,TRADE,4035538.0,David Montgomery,14.0,10.0,2022-11-16
2022,11,daff18ba-ad1a-49f5-a8be-14c9c55c8050,ee1622fc-6c5c-4fba-b393-acc229c0f208,TRADE_PROPOSAL,CANCELED,10,{2C8A1B87-268B-45A5-A0E5-C4A3F61C9BC2},0,TRADE,3932905.0,Diontae Johnson,10.0,14.0,2022-11-16
2022,11,bffe87e8-ac98-4c87-abc8-96a14ca11d02,982740d4-835e-4711-ac4f-cbfbb7eb04f8,TRADE_PROPOSAL,CANCELED,10,{C52D799E-6C1C-44B9-8371-9B6AF857D8E8},0,TRADE,3116593.0,Dalvin Cook,3.0,10.0,2022-11-19
2022,11,bffe87e8-ac98-4c87-abc8-96a14ca11d02,982740d4-835e-4711-ac4f-cbfbb7eb04f8,TRADE_PROPOSAL,CANCELED,10,{C52D799E-6C1C-44B9-8371-9B6AF857D8E8},0,TRADE,3115364.0,Leonard Fournette,10.0,3.0,2022-11-19
2022,11,bffe87e8-ac98-4c87-abc8-96a14ca11d02,982740d4-835e-4711-ac4f-cbfbb7eb04f8,TRADE_PROPOSAL,CANCELED,10,{C52D799E-6C1C-44B9-8371-9B6AF857D8E8},0,TRADE,4697815.0,Rachaad White,10.0,3.0,2022-11-19
2022,11,bffe87e8-ac98-4c87-abc8-96a14ca11d02,982740d4-835e-4711-ac4f-cbfbb7eb04f8,TRADE_PROPOSAL,CANCELED,10,{C52D799E-6C1C-44B9-8371-9B6AF857D8E8},0,TRADE,3916433.0,Jakobi Meyers,10.0,3.0,2022-11-19
2022,11,ca949710-1ec2-4ea0-9be7-0a198b635c8e,a8d74d28-dba6-4a72-8bd5-05db6ae1b4aa,TRADE_PROPOSAL,CANCELED,10,{C52D799E-6C1C-44B9-8371-9B6AF857D8E8},0,TRADE,4045163.0,Miles Sanders,3.0,10.0,2022-11-19
2022,11,ca949710-1ec2-4ea0-9be7-0a198b635c8e,a8d74d28-dba6-4a72-8bd5-05db6ae1b4aa,TRADE_PROPOSAL,CANCELED,10,{C52D799E-6C1C-44B9-8371-9B6AF857D8E8},0,TRADE,3059915.0,Kareem Hunt,10.0,3.0,2022-11-19
2022,11,ca949710-1ec2-4ea0-9be7-0a198b635c8e,a8d74d28-dba6-4a72-8bd5-05db6ae1b4aa,TRADE_PROPOSAL,CANCELED,10,{C52D799E-6C1C-44B9-8371-9B6AF857D8E8},0,TRADE,3932905.0,Diontae Johnson,10.0,3.0,2022-11-19
2022,11,7f511583-c179-46f2-b430-b4685a8e774b,1f804196-2965-4622-b81d-d7ee4d90b17a,TRADE_PROPOSAL,CANCELED,1,{C1E09685-96D1-4750-BA21-8BE16D3BF7CA},0,TRADE,3930086.0,Dawson Knox,1.0,7.0,2022-11-15
2022,11,7f511583-c179-46f2-b430-b4685a8e774b,1f804196-2965-4622-b81d-d7ee4d90b17a,TRADE_PROPOSAL,CANCELED,1,{C1E09685-96D1-4750-BA21-8BE16D3BF7CA},0,TRADE,16737.0,Mike Evans,1.0,7.0,2022-11-15
2022,11,7f511583-c179-46f2-b430-b4685a8e774b,1f804196-2965-4622-b81d-d7ee4d90b17a,TRADE_PROPOSAL,CANCELED,1,{C1E09685-96D1-4750-BA21-8BE16D3BF7CA},0,TRADE,4361409.0,Jahan Dotson,7.0,1.0,2022-11-15
2022,11,7f511583-c179-46f2-b430-b4685a8e774b,1f804196-2965-4622-b81d-d7ee4d90b17a,TRADE_PROPOSAL,CANCELED,1,{C1E09685-96D1-4750-BA21-8BE16D3BF7CA},0,TRADE,3042519.0,Aaron Jones,7.0,1.0,2022-11-15
2022,11,e48b26c2-92e0-41ea-bd62-e234b2993450,,ROSTER,EXECUTED,3,{C52D799E-6C1C-44B9-8371-9B6AF857D8E8},0,DROP,4361432.0,Romeo Doubs,3.0,0.0,2022-11-15
2022,11,5908339c-9281-4666-88f9-87afceab464c,77b70438-eb11-4c48-a2fa-a9a8c1a9fda6,TRADE_PROPOSAL,CANCELED,10,{77F704CF-0C76-4984-9A71-8BD39511C19F},0,TRADE,3116385.0,Joe Mixon,5.0,10.0,2022-11-19
2022,11,5908339c-9281-4666-88f9-87afceab464c,77b70438-eb11-4c48-a2fa-a9a8c1a9fda6,TRADE_PROPOSAL,CANCELED,10,{77F704CF-0C76-4984-9A71-8BD39511C19F},0,TRADE,4259545.0,D'Andre Swift,10.0,5.0,2022-11-19
2022,11,5908339c-9281-4666-88f9-87afceab464c,77b70438-eb11-4c48-a2fa-a9a8c1a9fda6,TRADE_PROPOSAL,CANCELED,10,{77F704CF-0C76-4984-9A71-8BD39511C19F},0,TRADE,3916433.0,Jakobi Meyers,10.0,5.0,2022-11-19
2022,11,996d5e40-e897-4bde-addf-5375ce59705e,,ROSTER,EXECUTED,1,{C1E09685-96D1-4750-BA21-8BE16D3BF7CA},8,LINEUP,4567156.0,Treylon Burks,0.0,0.0,2022-11-15
2022,11,996d5e40-e897-4bde-addf-5375ce59705e,,ROSTER,EXECUTED,1,{C1E09685-96D1-4750-BA21-8BE16D3BF7CA},8,DROP,3916430.0,Nyheim Hines,1.0,0.0,2022-11-15
2022,11,2bd792c5-e44b-4179-82a4-484a1b679a78,543c7c39-d6ab-4eb7-9a31-50fd0bd4f6b7,TRADE_PROPOSAL,CANCELED,10,{2C8A1B87-268B-45A5-A0E5-C4A3F61C9BC2},0,TRADE,3121422.0,Terry McLaurin,14.0,10.0,2022-11-16
2022,11,2bd792c5-e44b-4179-82a4-484a1b679a78,543c7c39-d6ab-4eb7-9a31-50fd0bd4f6b7,TRADE_PROPOSAL,CANCELED,10,{2C8A1B87-268B-45A5-A0E5-C4A3F61C9BC2},0,TRADE,4035538.0,David Montgomery,14.0,10.0,2022-11-16
2022,11,2bd792c5-e44b-4179-82a4-484a1b679a78,543c7c39-d6ab-4eb7-9a31-50fd0bd4f6b7,TRADE_PROPOSAL,CANCELED,10,{2C8A1B87-268B-45A5-A0E5-C4A3F61C9BC2},0,TRADE,3115364.0,Leonard Fournette,10.0,14.0,2022-11-16
2022,11,2bd792c5-e44b-4179-82a4-484a1b679a78,543c7c39-d6ab-4eb7-9a31-50fd0bd4f6b7,TRADE_PROPOSAL,CANCELED,10,{2C8A1B87-268B-45A5-A0E5-C4A3F61C9BC2},0,TRADE,4697815.0,Rachaad White,10.0,14.0,2022-11-16
2022,11,2bd792c5-e44b-4179-82a4-484a1b679a78,543c7c39-d6ab-4eb7-9a31-50fd0bd4f6b7,TRADE_PROPOSAL,CANCELED,10,{2C8A1B87-268B-45A5-A0E5-C4A3F61C9BC2},0,TRADE,3932905.0,Diontae Johnson,10.0,14.0,2022-11-16
2022,11,7cff2780-3ea6-424a-9dab-15a11a8381d3,f5e62c73-e96c-4a38-bfaf-c6705364f85e,WAIVER,EXECUTED,3,NightlyLeagueUpdateTaskProcessor,2,ADD,14881.0,Russell Wilson,0.0,3.0,2022-11-16
2022,11,51d43b52-3f5e-4191-b0d4-9b45b3f5bc07,4acc7aaf-2bd0-4950-acea-ec04c082020f,WAIVER,CANCELED,7,{430447A7-381F-4E40-AD53-6A9C1F157A25},0,ADD,4248528.0,Christian Watson,0.0,7.0,2022-11-16
2022,11,8d7860c2-6dec-4f24-be3e-8c8a6a502343,e3ca5bab-c8c6-4a1a-837d-b4fabbbb53eb,TRADE_DECLINE,EXECUTED,5,{77F704CF-0C76-4984-9A71-8BD39511C19F},0,,,,,,2022-11-19
2022,11,d517259f-e42d-43b3-8ccc-e0a7cbeb708d,,TRADE_PROPOSAL,PENDING,10,{2C8A1B87-268B-45A5-A0E5-C4A3F61C9BC2},0,TRADE,2976212.0,Stefon Diggs,5.0,10.0,2022-11-17
2022,11,d517259f-e42d-43b3-8ccc-e0a7cbeb708d,,TRADE_PROPOSAL,PENDING,10,{2C8A1B87-268B-45A5-A0E5-C4A3F61C9BC2},0,TRADE,2976499.0,Amari Cooper,10.0,5.0,2022-11-17
2022,11,d517259f-e42d-43b3-8ccc-e0a7cbeb708d,,TRADE_PROPOSAL,PENDING,10,{2C8A1B87-268B-45A5-A0E5-C4A3F61C9BC2},0,TRADE,3115364.0,Leonard Fournette,10.0,5.0,2022-11-17
2022,11,f481d39d-2322-419e-8ddb-f002e6803b2b,0c4bd1e6-9231-4a48-9369-2cc0c04fbd3c,WAIVER,EXECUTED,12,NightlyLeagueUpdateTaskProcessor,3,ADD,-16004.0,Bengals D/ST,0.0,12.0,2022-11-16
2022,11,f481d39d-2322-419e-8ddb-f002e6803b2b,0c4bd1e6-9231-4a48-9369-2cc0c04fbd3c,WAIVER,EXECUTED,12,NightlyLeagueUpdateTaskProcessor,3,DROP,-16022.0,Cardinals D/ST,12.0,0.0,2022-11-16
2022,11,107e9ef7-df8d-4d9c-ab0a-a5ddb5d3717a,77b70438-eb11-4c48-a2fa-a9a8c1a9fda6,TRADE_DECLINE,EXECUTED,5,{77F704CF-0C76-4984-9A71-8BD39511C19F},0,,,,,,2022-11-19
2022,11,a0f3344b-d599-445c-905c-ffa8a9d924b0,,FREEAGENT,EXECUTED,4,{8242D4C8-FCD1-4A28-9373-CD282687A8E7},0,ADD,-16014.0,Rams D/ST,0.0,4.0,2022-11-18
2022,11,a0f3344b-d599-445c-905c-ffa8a9d924b0,,FREEAGENT,EXECUTED,4,{8242D4C8-FCD1-4A28-9373-CD282687A8E7},0,DROP,-16012.0,Chiefs D/ST,4.0,0.0,2022-11-18
2022,11,6c371b26-3c87-4dbb-bda3-e4403cd7baee,,TRADE_PROPOSAL,PENDING,10,{2C8A1B87-268B-45A5-A0E5-C4A3F61C9BC2},0,TRADE,3929630.0,Saquon Barkley,12.0,10.0,2022-11-18
2022,11,6c371b26-3c87-4dbb-bda3-e4403cd7baee,,TRADE_PROPOSAL,PENDING,10,{2C8A1B87-268B-45A5-A0E5-C4A3F61C9BC2},0,TRADE,3115364.0,Leonard Fournette,10.0,12.0,2022-11-18
2022,11,6c371b26-3c87-4dbb-bda3-e4403cd7baee,,TRADE_PROPOSAL,PENDING,10,{2C8A1B87-268B-45A5-A0E5-C4A3F61C9BC2},0,TRADE,4697815.0,Rachaad White,10.0,12.0,2022-11-18
2022,11,6c371b26-3c87-4dbb-bda3-e4403cd7baee,,TRADE_PROPOSAL,PENDING,10,{2C8A1B87-268B-45A5-A0E5-C4A3F61C9BC2},0,TRADE,3916433.0,Jakobi Meyers,10.0,12.0,2022-11-18
2022,11,313dcf0c-c2a2-4837-bde8-b6c96b7ba1f5,,FREEAGENT,EXECUTED,10,{2C8A1B87-268B-45A5-A0E5-C4A3F61C9BC2},0,ADD,-16019.0,Giants D/ST,0.0,10.0,2022-11-20
2022,11,a7d073c2-f0a3-4385-bc23-800975d872c4,11e60fbd-0330-41fe-858b-79b2f133715b,WAIVER,FAILED_INVALIDPLAYERSOURCE,14,NightlyLeagueUpdateTaskProcessor,3,ADD,4426502.0,Drake London,0.0,14.0,2022-11-16
2022,11,a7d073c2-f0a3-4385-bc23-800975d872c4,11e60fbd-0330-41fe-858b-79b2f133715b,WAIVER,FAILED_INVALIDPLAYERSOURCE,14,NightlyLeagueUpdateTaskProcessor,3,DROP,16760.0,Jimmy Garoppolo,14.0,0.0,2022-11-16
2022,11,51b7b2e2-290e-4b5b-8d9e-33a37dad9b67,,WAIVER,PENDING,10,{2C8A1B87-268B-45A5-A0E5-C4A3F61C9BC2},8,ADD,4248528.0,Christian Watson,0.0,10.0,2022-11-15
2022,11,51b7b2e2-290e-4b5b-8d9e-33a37dad9b67,,WAIVER,PENDING,10,{2C8A1B87-268B-45A5-A0E5-C4A3F61C9BC2},8,DROP,-16011.0,Colts D/ST,10.0,0.0,2022-11-15
2022,11,7dc95365-0e8a-453e-bc0d-2976007a8cf4,,FREEAGENT,EXECUTED,8,{00408013-39CF-40FC-8080-1339CFD0FC06},0,ADD,3930066.0,Van Jefferson,0.0,8.0,2022-11-16
2022,11,7dc95365-0e8a-453e-bc0d-2976007a8cf4,,FREEAGENT,EXECUTED,8,{00408013-39CF-40FC-8080-1339CFD0FC06},0,DROP,2580216.0,DeAndre Carter,8.0,0.0,2022-11-16
2022,11,bc2064c3-f1f0-4488-9bf7-cf0348825a21,d6ad0445-c8d3-465d-b1d9-9d7717687b65,WAIVER,EXECUTED,8,NightlyLeagueUpdateTaskProcessor,1,ADD,3918639.0,Gerald Everett,0.0,8.0,2022-11-16
2022,11,bc2064c3-f1f0-4488-9bf7-cf0348825a21,d6ad0445-c8d3-465d-b1d9-9d7717687b65,WAIVER,EXECUTED,8,NightlyLeagueUpdateTaskProcessor,1,DROP,2576980.0,Marcus Mariota,8.0,0.0,2022-11-16
2022,11,62ca7150-834f-48d3-8aa1-8582bd47086c,,TRADE_PROPOSAL,PENDING,10,{2C8A1B87-268B-45A5-A0E5-C4A3F61C9BC2},0,TRADE,3125116.0,D'Onta Foreman,8.0,10.0,2022-11-17
2022,11,62ca7150-834f-48d3-8aa1-8582bd47086c,,TRADE_PROPOSAL,PENDING,10,{2C8A1B87-268B-45A5-A0E5-C4A3F61C9BC2},0,TRADE,4360438.0,Brandon Aiyuk,8.0,10.0,2022-11-17
2022,11,62ca7150-834f-48d3-8aa1-8582bd47086c,,TRADE_PROPOSAL,PENDING,10,{2C8A1B87-268B-45A5-A0E5-C4A3F61C9BC2},0,TRADE,3059915.0,Kareem Hunt,10.0,8.0,2022-11-17
2022,11,62ca7150-834f-48d3-8aa1-8582bd47086c,,TRADE_PROPOSAL,PENDING,10,{2C8A1B87-268B-45A5-A0E5-C4A3F61C9BC2},0,TRADE,3932905.0,Diontae Johnson,10.0,8.0,2022-11-17
2022,11,62ca7150-834f-48d3-8aa1-8582bd47086c,,TRADE_PROPOSAL,PENDING,10,{2C8A1B87-268B-45A5-A0E5-C4A3F61C9BC2},0,TRADE,2976499.0,Amari Cooper,10.0,8.0,2022-11-17
2022,11,9316f8d8-d8a1-44d6-b2fa-14624247d475,2007340b-4884-4e47-a785-53ed78fc4e72,TRADE_DECLINE,EXECUTED,7,{430447A7-381F-4E40-AD53-6A9C1F157A25},0,,,,,,2022-11-15
2022,11,ce56ba08-106c-477e-9d8f-d6608a1bf8a3,3b3475d5-2871-4505-8618-1585d9a71cc6,TRADE_DECLINE,EXECUTED,8,{00408013-39CF-40FC-8080-1339CFD0FC06},0,,,,,,2022-11-19
2022,11,8f95d1e3-f56c-4e29-aff9-01711a393087,982740d4-835e-4711-ac4f-cbfbb7eb04f8,TRADE_DECLINE,EXECUTED,3,{C52D799E-6C1C-44B9-8371-9B6AF857D8E8},0,,,,,,2022-11-19
2022,11,d009c220-f13a-4113-90d3-c0cb6b24e522,,TRADE_PROPOSAL,PENDING,10,{2C8A1B87-268B-45A5-A0E5-C4A3F61C9BC2},0,TRADE,3128720.0,Nick Chubb,7.0,10.0,2022-11-18
2022,11,d009c220-f13a-4113-90d3-c0cb6b24e522,,TRADE_PROPOSAL,PENDING,10,{2C8A1B87-268B-45A5-A0E5-C4A3F61C9BC2},0,TRADE,3115364.0,Leonard Fournette,10.0,7.0,2022-11-18
2022,11,d009c220-f13a-4113-90d3-c0cb6b24e522,,TRADE_PROPOSAL,PENDING,10,{2C8A1B87-268B-45A5-A0E5-C4A3F61C9BC2},0,TRADE,4697815.0,Rachaad White,10.0,7.0,2022-11-18
2022,11,d009c220-f13a-4113-90d3-c0cb6b24e522,,TRADE_PROPOSAL,PENDING,10,{2C8A1B87-268B-45A5-A0E5-C4A3F61C9BC2},0,TRADE,3916433.0,Jakobi Meyers,10.0,7.0,2022-11-18
2022,11,0b4afb5c-ec0d-4e27-bf53-5428842f1312,4afa8e60-4fa5-4594-b6fc-a461d322dcd7,WAIVER,FAILED_INVALIDPLAYERSOURCE,3,NightlyLeagueUpdateTaskProcessor,10,ADD,4248528.0,Christian Watson,0.0,3.0,2022-11-16
2022,11,0b4afb5c-ec0d-4e27-bf53-5428842f1312,4afa8e60-4fa5-4594-b6fc-a461d322dcd7,WAIVER,FAILED_INVALIDPLAYERSOURCE,3,NightlyLeagueUpdateTaskProcessor,10,DROP,4036348.0,Michael Gallup,3.0,0.0,2022-11-16
2022,11,56ee87a8-9425-42ff-84ee-417dc5b706b8,72693593-926c-4ba7-a2d3-b05a1d76f1dc,WAIVER,CANCELED,14,{C2BAB8A3-9ED5-425C-BAB8-A39ED5B25CC2},0,ADD,4426502.0,Drake London,0.0,14.0,2022-11-15
2022,11,56ee87a8-9425-42ff-84ee-417dc5b706b8,72693593-926c-4ba7-a2d3-b05a1d76f1dc,WAIVER,CANCELED,14,{C2BAB8A3-9ED5-425C-BAB8-A39ED5B25CC2},0,DROP,4242873.0,Eno Benjamin,14.0,0.0,2022-11-15
2022,11,56ee87a8-9425-42ff-84ee-417dc5b706b8,72693593-926c-4ba7-a2d3-b05a1d76f1dc,WAIVER,CANCELED,14,{C2BAB8A3-9ED5-425C-BAB8-A39ED5B25CC2},0,DROP,16760.0,Jimmy Garoppolo,14.0,0.0,2022-11-15
2022,11,b0d4f9ef-a1db-4865-994d-d0e08fffcbd8,,ROSTER,EXECUTED,8,{00408013-39CF-40FC-8080-1339CFD0FC06},0,DROP,4240603.0,Malik Davis,8.0,0.0,2022-11-15
2022,11,06077293-7954-458e-b389-b21632ce2111,426cdd10-a9a6-43d2-b2b4-3d58674d8196,WAIVER,EXECUTED,7,NightlyLeagueUpdateTaskProcessor,3,ADD,3915486.0,Tyler Conklin,0.0,7.0,2022-11-16
2022,11,06077293-7954-458e-b389-b21632ce2111,426cdd10-a9a6-43d2-b2b4-3d58674d8196,WAIVER,EXECUTED,7,NightlyLeagueUpdateTaskProcessor,3,DROP,15072.0,Marvin Jones Jr.,7.0,0.0,2022-11-16
2022,11,a433caa1-cc74-4b55-af55-e66ce03a0bd9,caa5fdae-d1c8-4b5b-9b01-c9c24683fd0b,WAIVER,CANCELED,7,{430447A7-381F-4E40-AD53-6A9C1F157A25},0,ADD,4258173.0,Nico Collins,0.0,7.0,2022-11-16
2022,11,a433caa1-cc74-4b55-af55-e66ce03a0bd9,caa5fdae-d1c8-4b5b-9b01-c9c24683fd0b,WAIVER,CANCELED,7,{430447A7-381F-4E40-AD53-6A9C1F157A25},0,DROP,15072.0,Marvin Jones Jr.,7.0,0.0,2022-11-16
2022,11,c6d2767b-a680-42dd-89b6-aa7e19d37aec,ce2a4051-8405-49d5-b781-5b5a7c6a1540,WAIVER,FAILED_INVALIDPLAYERSOURCE,1,NightlyLeagueUpdateTaskProcessor,15,ADD,4248528.0,Christian Watson,0.0,1.0,2022-11-16
2022,11,c6d2767b-a680-42dd-89b6-aa7e19d37aec,ce2a4051-8405-49d5-b781-5b5a7c6a1540,WAIVER,FAILED_INVALIDPLAYERSOURCE,1,NightlyLeagueUpdateTaskProcessor,15,DROP,3930086.0,Dawson Knox,1.0,0.0,2022-11-16
2022,11,dbe4d287-9a89-4e53-ba7f-b913f11e9eda,,ROSTER,EXECUTED,3,{C52D799E-6C1C-44B9-8371-9B6AF857D8E8},0,DROP,4035886.0,Khalil Herbert,3.0,0.0,2022-11-18
2022,11,24520a91-0e59-4573-b281-a1a39c31c2dd,,ROSTER,EXECUTED,13,{85A6A0E4-D846-4046-B7F8-487FAD9165E0},16,DROP,4430737.0,Kyren Williams,13.0,0.0,2022-11-15
2022,11,37f561c2-11a7-4c0e-9411-eb34f90b1a95,,FREEAGENT,EXECUTED,8,{00408013-39CF-40FC-8080-1339CFD0FC06},0,ADD,4430737.0,Kyren Williams,0.0,8.0,2022-11-17
2022,11,37f561c2-11a7-4c0e-9411-eb34f90b1a95,,FREEAGENT,EXECUTED,8,{00408013-39CF-40FC-8080-1339CFD0FC06},0,DROP,-16026.0,Seahawks D/ST,8.0,0.0,2022-11-17
2022,11,64944ddd-d576-4af7-8e26-7be5ff9a01b2,d801ee06-0309-4e76-826e-21e9dd17dfca,TRADE_PROPOSAL,CANCELED,10,TradeTaskProcessor,0,TRADE,3115364.0,Leonard Fournette,10.0,13.0,2022-11-20
2022,11,64944ddd-d576-4af7-8e26-7be5ff9a01b2,d801ee06-0309-4e76-826e-21e9dd17dfca,TRADE_PROPOSAL,CANCELED,10,TradeTaskProcessor,0,TRADE,4697815.0,Rachaad White,10.0,13.0,2022-11-20
2022,11,64944ddd-d576-4af7-8e26-7be5ff9a01b2,d801ee06-0309-4e76-826e-21e9dd17dfca,TRADE_PROPOSAL,CANCELED,10,TradeTaskProcessor,0,TRADE,3916433.0,Jakobi Meyers,10.0,13.0,2022-11-20
2022,11,64944ddd-d576-4af7-8e26-7be5ff9a01b2,d801ee06-0309-4e76-826e-21e9dd17dfca,TRADE_PROPOSAL,CANCELED,10,TradeTaskProcessor,0,TRADE,4569173.0,Rhamondre Stevenson,13.0,10.0,2022-11-20
2022,11,5dc9e410-da8d-4833-87a8-ba0b56384d2d,108410c6-6d6a-4d69-bef9-6da0b1221685,WAIVER,EXECUTED,6,NightlyLeagueUpdateTaskProcessor,5,ADD,3126246.0,Dontrell Hilliard,0.0,6.0,2022-11-16
2022,11,f39993f6-bafb-495b-a4a8-ffa2677f199f,330ca656-2084-4401-8de3-674547f93103,WAIVER,FAILED_INVALIDPLAYERSOURCE,14,NightlyLeagueUpdateTaskProcessor,2,ADD,-16028.0,Commanders D/ST,0.0,14.0,2022-11-16
2022,11,f39993f6-bafb-495b-a4a8-ffa2677f199f,330ca656-2084-4401-8de3-674547f93103,WAIVER,FAILED_INVALIDPLAYERSOURCE,14,NightlyLeagueUpdateTaskProcessor,2,DROP,-16007.0,Broncos D/ST,14.0,0.0,2022-11-16
2022,11,d801ee06-0309-4e76-826e-21e9dd17dfca,,TRADE_PROPOSAL,PENDING,10,{2C8A1B87-268B-45A5-A0E5-C4A3F61C9BC2},0,TRADE,3115364.0,Leonard Fournette,10.0,13.0,2022-11-18
2022,11,d801ee06-0309-4e76-826e-21e9dd17dfca,,TRADE_PROPOSAL,PENDING,10,{2C8A1B87-268B-45A5-A0E5-C4A3F61C9BC2},0,TRADE,4697815.0,Rachaad White,10.0,13.0,2022-11-18
2022,11,d801ee06-0309-4e76-826e-21e9dd17dfca,,TRADE_PROPOSAL,PENDING,10,{2C8A1B87-268B-45A5-A0E5-C4A3F61C9BC2},0,TRADE,3916433.0,Jakobi Meyers,10.0,13.0,2022-11-18
2022,11,d801ee06-0309-4e76-826e-21e9dd17dfca,,TRADE_PROPOSAL,PENDING,10,{2C8A1B87-268B-45A5-A0E5-C4A3F61C9BC2},0,TRADE,4569173.0,Rhamondre Stevenson,13.0,10.0,2022-11-18
2022,11,f8fcf0e9-839a-4953-8463-5c427912bacd,d4312380-1497-47c0-b6d2-f7f5971c42b3,TRADE_PROPOSAL,CANCELED,10,{2C8A1B87-268B-45A5-A0E5-C4A3F61C9BC2},0,TRADE,3068267.0,Austin Ekeler,7.0,10.0,2022-11-18
2022,11,f8fcf0e9-839a-4953-8463-5c427912bacd,d4312380-1497-47c0-b6d2-f7f5971c42b3,TRADE_PROPOSAL,CANCELED,10,{2C8A1B87-268B-45A5-A0E5-C4A3F61C9BC2},0,TRADE,3115364.0,Leonard Fournette,10.0,7.0,2022-11-18
2022,11,f8fcf0e9-839a-4953-8463-5c427912bacd,d4312380-1497-47c0-b6d2-f7f5971c42b3,TRADE_PROPOSAL,CANCELED,10,{2C8A1B87-268B-45A5-A0E5-C4A3F61C9BC2},0,TRADE,4697815.0,Rachaad White,10.0,7.0,2022-11-18
2022,11,f8fcf0e9-839a-4953-8463-5c427912bacd,d4312380-1497-47c0-b6d2-f7f5971c42b3,TRADE_PROPOSAL,CANCELED,10,{2C8A1B87-268B-45A5-A0E5-C4A3F61C9BC2},0,TRADE,3916433.0,Jakobi Meyers,10.0,7.0,2022-11-18
2022,11,e0e8445e-203e-4fa2-bda6-4a929b8f7fa2,6c371b26-3c87-4dbb-bda3-e4403cd7baee,TRADE_DECLINE,EXECUTED,12,{91D28B99-9234-408F-ACE7-32AEC03EE9E2},0,,,,,,2022-11-19
2022,11,e61bfa1d-4905-42f3-9614-79ff2986e4cb,dc9330d5-3770-40d2-a1fb-536a54e8e5f6,WAIVER,FAILED_INVALIDPLAYERSOURCE,14,NightlyLeagueUpdateTaskProcessor,1,ADD,2576980.0,Marcus Mariota,0.0,14.0,2022-11-17
2022,11,e61bfa1d-4905-42f3-9614-79ff2986e4cb,dc9330d5-3770-40d2-a1fb-536a54e8e5f6,WAIVER,FAILED_INVALIDPLAYERSOURCE,14,NightlyLeagueUpdateTaskProcessor,1,DROP,2578570.0,Jacoby Brissett,14.0,0.0,2022-11-17
2022,11,75ef6a6b-e759-4cd8-9235-8736edd74f9e,62ca7150-834f-48d3-8aa1-8582bd47086c,TRADE_PROPOSAL,CANCELED,10,{2C8A1B87-268B-45A5-A0E5-C4A3F61C9BC2},0,TRADE,3125116.0,D'Onta Foreman,8.0,10.0,2022-11-17
2022,11,75ef6a6b-e759-4cd8-9235-8736edd74f9e,62ca7150-834f-48d3-8aa1-8582bd47086c,TRADE_PROPOSAL,CANCELED,10,{2C8A1B87-268B-45A5-A0E5-C4A3F61C9BC2},0,TRADE,4360438.0,Brandon Aiyuk,8.0,10.0,2022-11-17
2022,11,75ef6a6b-e759-4cd8-9235-8736edd74f9e,62ca7150-834f-48d3-8aa1-8582bd47086c,TRADE_PROPOSAL,CANCELED,10,{2C8A1B87-268B-45A5-A0E5-C4A3F61C9BC2},0,TRADE,3059915.0,Kareem Hunt,10.0,8.0,2022-11-17
2022,11,75ef6a6b-e759-4cd8-9235-8736edd74f9e,62ca7150-834f-48d3-8aa1-8582bd47086c,TRADE_PROPOSAL,CANCELED,10,{2C8A1B87-268B-45A5-A0E5-C4A3F61C9BC2},0,TRADE,3932905.0,Diontae Johnson,10.0,8.0,2022-11-17
2022,11,75ef6a6b-e759-4cd8-9235-8736edd74f9e,62ca7150-834f-48d3-8aa1-8582bd47086c,TRADE_PROPOSAL,CANCELED,10,{2C8A1B87-268B-45A5-A0E5-C4A3F61C9BC2},0,TRADE,2976499.0,Amari Cooper,10.0,8.0,2022-11-17
2022,11,c9b0634d-df86-44d1-b3d6-4d2a1a55b84b,41b24d4a-17cb-4cc8-bf0d-8a9c611ce3ab,WAIVER,FAILED_INVALIDPLAYERSOURCE,2,NightlyLeagueUpdateTaskProcessor,5,ADD,2577417.0,Dak Prescott,0.0,2.0,2022-11-16
2022,11,c9b0634d-df86-44d1-b3d6-4d2a1a55b84b,41b24d4a-17cb-4cc8-bf0d-8a9c611ce3ab,WAIVER,FAILED_INVALIDPLAYERSOURCE,2,NightlyLeagueUpdateTaskProcessor,5,DROP,-16019.0,Giants D/ST,2.0,0.0,2022-11-16
2022,11,8c704fca-cf3e-4ee3-b870-4f5994507f41,,FREEAGENT,EXECUTED,2,{EC970810-E14F-4307-8FA6-3BAE92CC1B4E},0,ADD,4361050.0,Isaiah Likely,0.0,2.0,2022-11-18
2022,11,8c704fca-cf3e-4ee3-b870-4f5994507f41,,FREEAGENT,EXECUTED,2,{EC970810-E14F-4307-8FA6-3BAE92CC1B4E},0,DROP,4367209.0,Greg Dulcich,2.0,0.0,2022-11-18
2022,11,e5051e7e-9f10-4d1b-9615-7ed4e7dd2b13,,FREEAGENT,EXECUTED,7,{430447A7-381F-4E40-AD53-6A9C1F157A25},0,ADD,-16025.0,49ers D/ST,0.0,7.0,2022-11-16
2022,11,e5051e7e-9f10-4d1b-9615-7ed4e7dd2b13,,FREEAGENT,EXECUTED,7,{430447A7-381F-4E40-AD53-6A9C1F157A25},0,DROP,4361409.0,Jahan Dotson,7.0,0.0,2022-11-16
2022,11,d53aa41d-15c2-4f00-b5c5-1f012d17db99,380eda77-a9b9-4038-90f6-27c249645389,WAIVER,FAILED_INVALIDPLAYERSOURCE,5,NightlyLeagueUpdateTaskProcessor,5,ADD,4426502.0,Drake London,0.0,5.0,2022-11-16
2022,11,83ee6321-d2a0-42af-b029-f402c5ddf478,,ROSTER,EXECUTED,5,{77F704CF-0C76-4984-9A71-8BD39511C19F},0,DROP,4243331.0,Cade Otton,5.0,0.0,2022-11-15
2022,11,36513b7e-5329-41c5-a59f-45a2975718ed,f49afb04-0c88-42c7-97bc-b39157d8c17e,WAIVER,EXECUTED,13,NightlyLeagueUpdateTaskProcessor,4,ADD,-16028.0,Commanders D/ST,0.0,13.0,2022-11-16
2022,11,36513b7e-5329-41c5-a59f-45a2975718ed,f49afb04-0c88-42c7-97bc-b39157d8c17e,WAIVER,EXECUTED,13,NightlyLeagueUpdateTaskProcessor,4,DROP,-16001.0,Falcons D/ST,13.0,0.0,2022-11-16
2022,11,72aef585-fa16-467a-831e-da37314f8176,51b7b2e2-290e-4b5b-8d9e-33a37dad9b67,WAIVER,EXECUTED,10,NightlyLeagueUpdateTaskProcessor,24,ADD,4248528.0,Christian Watson,0.0,10.0,2022-11-16
2022,11,72aef585-fa16-467a-831e-da37314f8176,51b7b2e2-290e-4b5b-8d9e-33a37dad9b67,WAIVER,EXECUTED,10,NightlyLeagueUpdateTaskProcessor,24,DROP,-16011.0,Colts D/ST,10.0,0.0,2022-11-16
2022,11,35ca49c5-be5c-4479-a5ce-2b2598526ef8,451232e4-ff43-4c5a-9c94-492ea4320a16,WAIVER,FAILED_INVALIDPLAYERSOURCE,5,NightlyLeagueUpdateTaskProcessor,4,ADD,4248528.0,Christian Watson,0.0,5.0,2022-11-16
2022,11,e3ca5bab-c8c6-4a1a-837d-b4fabbbb53eb,,TRADE_PROPOSAL,PENDING,10,{2C8A1B87-268B-45A5-A0E5-C4A3F61C9BC2},0,TRADE,3932905.0,Diontae Johnson,10.0,5.0,2022-11-19
2022,11,e3ca5bab-c8c6-4a1a-837d-b4fabbbb53eb,,TRADE_PROPOSAL,PENDING,10,{2C8A1B87-268B-45A5-A0E5-C4A3F61C9BC2},0,TRADE,3059915.0,Kareem Hunt,10.0,5.0,2022-11-19
2022,11,e3ca5bab-c8c6-4a1a-837d-b4fabbbb53eb,,TRADE_PROPOSAL,PENDING,10,{2C8A1B87-268B-45A5-A0E5-C4A3F61C9BC2},0,TRADE,4040761.0,Devin Singletary,5.0,10.0,2022-11-19
2022,11,a8d74d28-dba6-4a72-8bd5-05db6ae1b4aa,,TRADE_PROPOSAL,PENDING,10,{2C8A1B87-268B-45A5-A0E5-C4A3F61C9BC2},0,TRADE,4045163.0,Miles Sanders,3.0,10.0,2022-11-18
2022,11,a8d74d28-dba6-4a72-8bd5-05db6ae1b4aa,,TRADE_PROPOSAL,PENDING,10,{2C8A1B87-268B-45A5-A0E5-C4A3F61C9BC2},0,TRADE,3059915.0,Kareem Hunt,10.0,3.0,2022-11-18
2022,11,a8d74d28-dba6-4a72-8bd5-05db6ae1b4aa,,TRADE_PROPOSAL,PENDING,10,{2C8A1B87-268B-45A5-A0E5-C4A3F61C9BC2},0,TRADE,3932905.0,Diontae Johnson,10.0,3.0,2022-11-18
2022,11,982740d4-835e-4711-ac4f-cbfbb7eb04f8,,TRADE_PROPOSAL,PENDING,10,{2C8A1B87-268B-45A5-A0E5-C4A3F61C9BC2},0,TRADE,3116593.0,Dalvin Cook,3.0,10.0,2022-11-18
2022,11,982740d4-835e-4711-ac4f-cbfbb7eb04f8,,TRADE_PROPOSAL,PENDING,10,{2C8A1B87-268B-45A5-A0E5-C4A3F61C9BC2},0,TRADE,3115364.0,Leonard Fournette,10.0,3.0,2022-11-18
2022,11,982740d4-835e-4711-ac4f-cbfbb7eb04f8,,TRADE_PROPOSAL,PENDING,10,{2C8A1B87-268B-45A5-A0E5-C4A3F61C9BC2},0,TRADE,4697815.0,Rachaad White,10.0,3.0,2022-11-18
2022,11,982740d4-835e-4711-ac4f-cbfbb7eb04f8,,TRADE_PROPOSAL,PENDING,10,{2C8A1B87-268B-45A5-A0E5-C4A3F61C9BC2},0,TRADE,3916433.0,Jakobi Meyers,10.0,3.0,2022-11-18
2022,11,0d347731-f1dd-4e6e-b396-c58f37a87d16,,WAIVER,PENDING,10,{2C8A1B87-268B-45A5-A0E5-C4A3F61C9BC2},8,ADD,3916945.0,Darius Slayton,0.0,10.0,2022-11-15
2022,11,0d347731-f1dd-4e6e-b396-c58f37a87d16,,WAIVER,PENDING,10,{2C8A1B87-268B-45A5-A0E5-C4A3F61C9BC2},8,DROP,4240455.0,Deon Jackson,10.0,0.0,2022-11-15
2022,11,63134950-2e61-42df-82c9-cefd5a702ac0,3b3475d5-2871-4505-8618-1585d9a71cc6,TRADE_PROPOSAL,CANCELED,10,{00408013-39CF-40FC-8080-1339CFD0FC06},0,TRADE,4360438.0,Brandon Aiyuk,8.0,10.0,2022-11-19
2022,11,63134950-2e61-42df-82c9-cefd5a702ac0,3b3475d5-2871-4505-8618-1585d9a71cc6,TRADE_PROPOSAL,CANCELED,10,{00408013-39CF-40FC-8080-1339CFD0FC06},0,TRADE,3051392.0,Ezekiel Elliott,8.0,10.0,2022-11-19
2022,11,63134950-2e61-42df-82c9-cefd5a702ac0,3b3475d5-2871-4505-8618-1585d9a71cc6,TRADE_PROPOSAL,CANCELED,10,{00408013-39CF-40FC-8080-1339CFD0FC06},0,TRADE,3059915.0,Kareem Hunt,10.0,8.0,2022-11-19
2022,11,63134950-2e61-42df-82c9-cefd5a702ac0,3b3475d5-2871-4505-8618-1585d9a71cc6,TRADE_PROPOSAL,CANCELED,10,{00408013-39CF-40FC-8080-1339CFD0FC06},0,TRADE,3932905.0,Diontae Johnson,10.0,8.0,2022-11-19
2022,11,63134950-2e61-42df-82c9-cefd5a702ac0,3b3475d5-2871-4505-8618-1585d9a71cc6,TRADE_PROPOSAL,CANCELED,10,{00408013-39CF-40FC-8080-1339CFD0FC06},0,TRADE,3916945.0,Darius Slayton,10.0,8.0,2022-11-19
2022,11,3b3475d5-2871-4505-8618-1585d9a71cc6,,TRADE_PROPOSAL,PENDING,10,{2C8A1B87-268B-45A5-A0E5-C4A3F61C9BC2},0,TRADE,4360438.0,Brandon Aiyuk,8.0,10.0,2022-11-19
2022,11,3b3475d5-2871-4505-8618-1585d9a71cc6,,TRADE_PROPOSAL,PENDING,10,{2C8A1B87-268B-45A5-A0E5-C4A3F61C9BC2},0,TRADE,3051392.0,Ezekiel Elliott,8.0,10.0,2022-11-19
2022,11,3b3475d5-2871-4505-8618-1585d9a71cc6,,TRADE_PROPOSAL,PENDING,10,{2C8A1B87-268B-45A5-A0E5-C4A3F61C9BC2},0,TRADE,3059915.0,Kareem Hunt,10.0,8.0,2022-11-19
2022,11,3b3475d5-2871-4505-8618-1585d9a71cc6,,TRADE_PROPOSAL,PENDING,10,{2C8A1B87-268B-45A5-A0E5-C4A3F61C9BC2},0,TRADE,3932905.0,Diontae Johnson,10.0,8.0,2022-11-19
2022,11,3b3475d5-2871-4505-8618-1585d9a71cc6,,TRADE_PROPOSAL,PENDING,10,{2C8A1B87-268B-45A5-A0E5-C4A3F61C9BC2},0,TRADE,3916945.0,Darius Slayton,10.0,8.0,2022-11-19
2022,11,3a1d46b7-38f1-462c-9793-653981100c81,cf0ecbaa-ff67-40ce-b9aa-eade6142a446,WAIVER,FAILED_INVALIDPLAYERSOURCE,7,NightlyLeagueUpdateTaskProcessor,16,ADD,4248528.0,Christian Watson,0.0,7.0,2022-11-16
2022,11,6d6af059-c6b1-4f53-ad65-edb642f891f5,,FREEAGENT,EXECUTED,5,{77F704CF-0C76-4984-9A71-8BD39511C19F},0,ADD,4035656.0,Ben Skowronek,0.0,5.0,2022-11-16
2022,12,3032c2da-1535-4f70-86c1-1eccd4160938,ba8941c4-8fc5-402e-9248-571a9c8d0330,WAIVER,EXECUTED,1,NightlyLeagueUpdateTaskProcessor,15,ADD,3116389.0,Samaje Perine,0.0,1.0,2022-11-23
2022,12,3032c2da-1535-4f70-86c1-1eccd4160938,ba8941c4-8fc5-402e-9248-571a9c8d0330,WAIVER,EXECUTED,1,NightlyLeagueUpdateTaskProcessor,15,DROP,3051738.0,Marquez Valdes-Scantling,1.0,0.0,2022-11-23
2022,12,326dafbe-a32e-4412-888b-cfca2f0e70aa,,ROSTER,EXECUTED,12,{91D28B99-9234-408F-ACE7-32AEC03EE9E2},0,DROP,4360248.0,Kyle Pitts,12.0,0.0,2022-11-26
2022,12,62fe835f-4998-4013-8896-ffec74209042,,TRADE_PROPOSAL,PENDING,7,{430447A7-381F-4E40-AD53-6A9C1F157A25},0,TRADE,3128720.0,Nick Chubb,7.0,10.0,2022-11-24
2022,12,62fe835f-4998-4013-8896-ffec74209042,,TRADE_PROPOSAL,PENDING,7,{430447A7-381F-4E40-AD53-6A9C1F157A25},0,TRADE,3120348.0,JuJu Smith-Schuster,10.0,7.0,2022-11-24
2022,12,62fe835f-4998-4013-8896-ffec74209042,,TRADE_PROPOSAL,PENDING,7,{430447A7-381F-4E40-AD53-6A9C1F157A25},0,TRADE,4259545.0,D'Andre Swift,10.0,7.0,2022-11-24
2022,12,5e46b1da-f358-4f6a-9bdd-ab5632f31023,36b166c7-a6ea-4d43-b99c-5935e32e8e5c,TRADE_DECLINE,EXECUTED,14,{C2BAB8A3-9ED5-425C-BAB8-A39ED5B25CC2},0,,,,,,2022-11-23
2022,12,cbc93a59-1a7e-49ba-b9a6-bf1450652672,,FREEAGENT,EXECUTED,3,{C52D799E-6C1C-44B9-8371-9B6AF857D8E8},0,ADD,2991662.0,Mack Hollins,0.0,3.0,2022-11-23
2022,12,cbc93a59-1a7e-49ba-b9a6-bf1450652672,,FREEAGENT,EXECUTED,3,{C52D799E-6C1C-44B9-8371-9B6AF857D8E8},0,DROP,14881.0,Russell Wilson,3.0,0.0,2022-11-23
2022,12,14e166c4-9727-4873-b1fd-8a2b634fca1a,,TRADE_PROPOSAL,PENDING,10,{2C8A1B87-268B-45A5-A0E5-C4A3F61C9BC2},0,TRADE,3932905.0,Diontae Johnson,10.0,8.0,2022-11-23
2022,12,14e166c4-9727-4873-b1fd-8a2b634fca1a,,TRADE_PROPOSAL,PENDING,10,{2C8A1B87-268B-45A5-A0E5-C4A3F61C9BC2},0,TRADE,4240657.0,Michael Carter,8.0,10.0,2022-11-23
2022,12,3f1b6690-7060-46fa-960e-38397a42ebe2,,FREEAGENT,EXECUTED,10,{2C8A1B87-268B-45A5-A0E5-C4A3F61C9BC2},0,ADD,-16029.0,Panthers D/ST,0.0,10.0,2022-11-24
2022,12,3f1b6690-7060-46fa-960e-38397a42ebe2,,FREEAGENT,EXECUTED,10,{2C8A1B87-268B-45A5-A0E5-C4A3F61C9BC2},0,DROP,3932905.0,Diontae Johnson,10.0,0.0,2022-11-24
2022,12,61ed51e8-ac4b-44c8-acb0-1c17affa7b3f,9f3fb02d-2846-444a-8e24-7245ec077ea6,WAIVER,FAILED_INVALIDPLAYERSOURCE,12,NightlyLeagueUpdateTaskProcessor,2,ADD,-16012.0,Chiefs D/ST,0.0,12.0,2022-11-23
2022,12,61ed51e8-ac4b-44c8-acb0-1c17affa7b3f,9f3fb02d-2846-444a-8e24-7245ec077ea6,WAIVER,FAILED_INVALIDPLAYERSOURCE,12,NightlyLeagueUpdateTaskProcessor,2,DROP,-16004.0,Bengals D/ST,12.0,0.0,2022-11-23
2022,12,80ccd7b7-647d-4d46-b35f-43490e701dad,,TRADE_PROPOSAL,PENDING,7,{430447A7-381F-4E40-AD53-6A9C1F157A25},0,TRADE,-16025.0,49ers D/ST,7.0,10.0,2022-11-22
2022,12,80ccd7b7-647d-4d46-b35f-43490e701dad,,TRADE_PROPOSAL,PENDING,7,{430447A7-381F-4E40-AD53-6A9C1F157A25},0,TRADE,3916945.0,Darius Slayton,10.0,7.0,2022-11-22
2022,12,49812ee9-c1cf-4270-8ffa-c139d3059593,eb91fd32-2974-4d13-8dbd-f9be5ba06dfd,WAIVER,FAILED_INVALIDPLAYERSOURCE,3,NightlyLeagueUpdateTaskProcessor,1,ADD,3929645.0,Juwan Johnson,0.0,3.0,2022-11-23
2022,12,49812ee9-c1cf-4270-8ffa-c139d3059593,eb91fd32-2974-4d13-8dbd-f9be5ba06dfd,WAIVER,FAILED_INVALIDPLAYERSOURCE,3,NightlyLeagueUpdateTaskProcessor,1,DROP,14881.0,Russell Wilson,3.0,0.0,2022-11-23
2022,12,979e1af3-17b2-4a4c-a681-a5c9308e9fbf,b3248ff8-6efa-4f25-a98a-cce5eee37bfe,WAIVER,EXECUTED,4,NightlyLeagueUpdateTaskProcessor,10,ADD,-16012.0,Chiefs D/ST,0.0,4.0,2022-11-23
2022,12,979e1af3-17b2-4a4c-a681-a5c9308e9fbf,b3248ff8-6efa-4f25-a98a-cce5eee37bfe,WAIVER,EXECUTED,4,NightlyLeagueUpdateTaskProcessor,10,DROP,-16014.0,Rams D/ST,4.0,0.0,2022-11-23
2022,12,4c42cc80-f1ac-428c-aa27-cb3cccc8b21b,,ROSTER,EXECUTED,7,{430447A7-381F-4E40-AD53-6A9C1F157A25},0,DROP,15835.0,Zach Ertz,7.0,0.0,2022-11-22
2022,12,f710b7a3-bc58-4707-8baf-895879ff2e34,,FREEAGENT,EXECUTED,12,{91D28B99-9234-408F-ACE7-32AEC03EE9E2},0,ADD,-16016.0,Vikings D/ST,0.0,12.0,2022-11-23
2022,12,f710b7a3-bc58-4707-8baf-895879ff2e34,,FREEAGENT,EXECUTED,12,{91D28B99-9234-408F-ACE7-32AEC03EE9E2},0,DROP,-16004.0,Bengals D/ST,12.0,0.0,2022-11-23
2022,12,f87abf19-79c2-4972-ad41-810c39529d6a,,FREEAGENT,EXECUTED,10,{2C8A1B87-268B-45A5-A0E5-C4A3F61C9BC2},0,ADD,4037235.0,Greg Dortch,0.0,10.0,2022-11-23
2022,12,f87abf19-79c2-4972-ad41-810c39529d6a,,FREEAGENT,EXECUTED,10,{2C8A1B87-268B-45A5-A0E5-C4A3F61C9BC2},0,DROP,-16019.0,Giants D/ST,10.0,0.0,2022-11-23
2022,12,46ddfc37-e9e1-4ef2-b06a-94ffe7843c39,,FREEAGENT,EXECUTED,7,{430447A7-381F-4E40-AD53-6A9C1F157A25},0,ADD,4372414.0,Elijah Moore,0.0,7.0,2022-11-23
2022,12,46ddfc37-e9e1-4ef2-b06a-94ffe7843c39,,FREEAGENT,EXECUTED,7,{430447A7-381F-4E40-AD53-6A9C1F157A25},0,DROP,4569987.0,Jaylen Warren,7.0,0.0,2022-11-23
2022,12,be5240b5-29ab-4a1a-9f93-bd123e5119a1,,FREEAGENT,EXECUTED,8,{00408013-39CF-40FC-8080-1339CFD0FC06},0,ADD,4379399.0,James Cook,0.0,8.0,2022-11-23
2022,12,be5240b5-29ab-4a1a-9f93-bd123e5119a1,,FREEAGENT,EXECUTED,8,{00408013-39CF-40FC-8080-1339CFD0FC06},0,DROP,4569587.0,Wan'Dale Robinson,8.0,0.0,2022-11-23
2022,12,dd2932f8-fec1-4c91-abe5-1872319781a0,,TRADE_PROPOSAL,PENDING,10,{2C8A1B87-268B-45A5-A0E5-C4A3F61C9BC2},0,TRADE,3115364.0,Leonard Fournette,10.0,8.0,2022-11-24
2022,12,dd2932f8-fec1-4c91-abe5-1872319781a0,,TRADE_PROPOSAL,PENDING,10,{2C8A1B87-268B-45A5-A0E5-C4A3F61C9BC2},0,TRADE,4697815.0,Rachaad White,10.0,8.0,2022-11-24
2022,12,dd2932f8-fec1-4c91-abe5-1872319781a0,,TRADE_PROPOSAL,PENDING,10,{2C8A1B87-268B-45A5-A0E5-C4A3F61C9BC2},0,TRADE,4239993.0,Tee Higgins,8.0,10.0,2022-11-24
2022,12,dd2932f8-fec1-4c91-abe5-1872319781a0,,TRADE_PROPOSAL,PENDING,10,{2C8A1B87-268B-45A5-A0E5-C4A3F61C9BC2},0,TRADE,4240657.0,Michael Carter,8.0,10.0,2022-11-24
2022,12,dcc718d6-e0ec-4bd6-8ccd-5c52738bd199,,TRADE_PROPOSAL,PENDING,10,{2C8A1B87-268B-45A5-A0E5-C4A3F61C9BC2},0,TRADE,4248528.0,Christian Watson,10.0,12.0,2022-11-25
2022,12,dcc718d6-e0ec-4bd6-8ccd-5c52738bd199,,TRADE_PROPOSAL,PENDING,10,{2C8A1B87-268B-45A5-A0E5-C4A3F61C9BC2},0,TRADE,3122976.0,Jeff Wilson Jr.,12.0,10.0,2022-11-25
2022,12,2cdb69c1-11f4-428b-ab21-264e83edce5c,,FREEAGENT,EXECUTED,5,{77F704CF-0C76-4984-9A71-8BD39511C19F},0,ADD,-16015.0,Dolphins D/ST,0.0,5.0,2022-11-23
2022,12,2cdb69c1-11f4-428b-ab21-264e83edce5c,,FREEAGENT,EXECUTED,5,{77F704CF-0C76-4984-9A71-8BD39511C19F},0,DROP,4035656.0,Ben Skowronek,5.0,0.0,2022-11-23
2022,12,1a419ebf-a584-462d-8662-5f9ff842336f,,TRADE_PROPOSAL,PENDING,10,{2C8A1B87-268B-45A5-A0E5-C4A3F61C9BC2},0,TRADE,4248528.0,Christian Watson,10.0,1.0,2022-11-23
2022,12,1a419ebf-a584-462d-8662-5f9ff842336f,,TRADE_PROPOSAL,PENDING,10,{2C8A1B87-268B-45A5-A0E5-C4A3F61C9BC2},0,TRADE,4259545.0,D'Andre Swift,10.0,1.0,2022-11-23
2022,12,1a419ebf-a584-462d-8662-5f9ff842336f,,TRADE_PROPOSAL,PENDING,10,{2C8A1B87-268B-45A5-A0E5-C4A3F61C9BC2},0,TRADE,4360294.0,Antonio Gibson,1.0,10.0,2022-11-23
2022,12,a229825f-97fb-49eb-a426-64f70a723e7c,,FREEAGENT,EXECUTED,10,{2C8A1B87-268B-45A5-A0E5-C4A3F61C9BC2},0,ADD,2576434.0,Melvin Gordon III,0.0,10.0,2022-11-28
2022,12,974878b9-f40e-463f-ac77-803e6c91f226,14e166c4-9727-4873-b1fd-8a2b634fca1a,TRADE_PROPOSAL,CANCELED,10,{2C8A1B87-268B-45A5-A0E5-C4A3F61C9BC2},0,TRADE,3932905.0,Diontae Johnson,10.0,8.0,2022-11-23
2022,12,974878b9-f40e-463f-ac77-803e6c91f226,14e166c4-9727-4873-b1fd-8a2b634fca1a,TRADE_PROPOSAL,CANCELED,10,{2C8A1B87-268B-45A5-A0E5-C4A3F61C9BC2},0,TRADE,4240657.0,Michael Carter,8.0,10.0,2022-11-23
2022,12,d8d69f90-e0a8-4dbd-bde6-2944dc59f0e9,700f305a-1aaa-448b-85d5-ca38608db564,TRADE_PROPOSAL,CANCELED,10,{2C8A1B87-268B-45A5-A0E5-C4A3F61C9BC2},0,TRADE,3932905.0,Diontae Johnson,10.0,1.0,2022-11-23
2022,12,d8d69f90-e0a8-4dbd-bde6-2944dc59f0e9,700f305a-1aaa-448b-85d5-ca38608db564,TRADE_PROPOSAL,CANCELED,10,{2C8A1B87-268B-45A5-A0E5-C4A3F61C9BC2},0,TRADE,4248528.0,Christian Watson,10.0,1.0,2022-11-23
2022,12,d8d69f90-e0a8-4dbd-bde6-2944dc59f0e9,700f305a-1aaa-448b-85d5-ca38608db564,TRADE_PROPOSAL,CANCELED,10,{2C8A1B87-268B-45A5-A0E5-C4A3F61C9BC2},0,TRADE,4259545.0,D'Andre Swift,10.0,1.0,2022-11-23
2022,12,d8d69f90-e0a8-4dbd-bde6-2944dc59f0e9,700f305a-1aaa-448b-85d5-ca38608db564,TRADE_PROPOSAL,CANCELED,10,{2C8A1B87-268B-45A5-A0E5-C4A3F61C9BC2},0,TRADE,16737.0,Mike Evans,1.0,10.0,2022-11-23
2022,12,d8d69f90-e0a8-4dbd-bde6-2944dc59f0e9,700f305a-1aaa-448b-85d5-ca38608db564,TRADE_PROPOSAL,CANCELED,10,{2C8A1B87-268B-45A5-A0E5-C4A3F61C9BC2},0,TRADE,4360294.0,Antonio Gibson,1.0,10.0,2022-11-23
2022,12,3341c58b-a59d-47c2-8b22-71ecbe97f8cc,80ccd7b7-647d-4d46-b35f-43490e701dad,TRADE_DECLINE,EXECUTED,10,{2C8A1B87-268B-45A5-A0E5-C4A3F61C9BC2},0,,,,,,2022-11-23
2022,12,29a113af-e7f3-4b56-87c6-4b5bc72589b6,6670f744-6faa-439d-b190-ea2146286b04,TRADE_PROPOSAL,CANCELED,7,{430447A7-381F-4E40-AD53-6A9C1F157A25},0,TRADE,3128720.0,Nick Chubb,7.0,1.0,2022-11-23
2022,12,29a113af-e7f3-4b56-87c6-4b5bc72589b6,6670f744-6faa-439d-b190-ea2146286b04,TRADE_PROPOSAL,CANCELED,7,{430447A7-381F-4E40-AD53-6A9C1F157A25},0,TRADE,16737.0,Mike Evans,1.0,7.0,2022-11-23
2022,12,29a113af-e7f3-4b56-87c6-4b5bc72589b6,6670f744-6faa-439d-b190-ea2146286b04,TRADE_PROPOSAL,CANCELED,7,{430447A7-381F-4E40-AD53-6A9C1F157A25},0,TRADE,4360294.0,Antonio Gibson,1.0,7.0,2022-11-23
2022,12,4e4cbc59-8ef1-4cf3-bc86-bc3648328827,3b3d8c4e-251f-4cb0-a42f-2ba65cb17b03,TRADE_DECLINE,EXECUTED,1,{C1E09685-96D1-4750-BA21-8BE16D3BF7CA},0,,,,,,2022-11-23
2022,12,90de2b85-2bf2-4ce5-af35-561af9d05c81,,FREEAGENT,EXECUTED,5,{77F704CF-0C76-4984-9A71-8BD39511C19F},0,ADD,3051738.0,Marquez Valdes-Scantling,0.0,5.0,2022-11-25
2022,12,5a7b61b5-5011-42f6-be95-97bc7ba3f9d7,56318191-7638-4249-b66b-e9fafe0bfb75,WAIVER,EXECUTED,12,NightlyLeagueUpdateTaskProcessor,2,ADD,3932905.0,Diontae Johnson,0.0,12.0,2022-11-25
2022,12,5a7b61b5-5011-42f6-be95-97bc7ba3f9d7,56318191-7638-4249-b66b-e9fafe0bfb75,WAIVER,EXECUTED,12,NightlyLeagueUpdateTaskProcessor,2,DROP,4035004.0,Mecole Hardman,12.0,0.0,2022-11-25
2022,12,32d8d68d-1d62-47ba-9f52-ea9314bc9e03,62fe835f-4998-4013-8896-ffec74209042,TRADE_ACCEPT,,10,{2C8A1B87-268B-45A5-A0E5-C4A3F61C9BC2},0,,,,,,2022-11-24
2022,12,d7fa3a21-b1d0-4e67-bb95-d7741b687198,62fe835f-4998-4013-8896-ffec74209042,TRADE_UPHOLD,EXECUTED,1,{C1E09685-96D1-4750-BA21-8BE16D3BF7CA},0,,,,,,2022-11-24
2022,12,2424445a-3666-4883-8e21-830fb6657f03,,FREEAGENT,EXECUTED,14,{C2BAB8A3-9ED5-425C-BAB8-A39ED5B25CC2},0,ADD,13981.0,Mark Ingram II,0.0,14.0,2022-11-24
2022,12,2424445a-3666-4883-8e21-830fb6657f03,,FREEAGENT,EXECUTED,14,{C2BAB8A3-9ED5-425C-BAB8-A39ED5B25CC2},0,DROP,4242873.0,Eno Benjamin,14.0,0.0,2022-11-24
2022,12,f271f7ff-1009-4d66-bcf3-dbb04798dac1,4a3941a2-d8c8-4bab-ac64-e263b9636425,WAIVER,EXECUTED,6,NightlyLeagueUpdateTaskProcessor,5,ADD,-16011.0,Colts D/ST,0.0,6.0,2022-11-23
2022,12,f271f7ff-1009-4d66-bcf3-dbb04798dac1,4a3941a2-d8c8-4bab-ac64-e263b9636425,WAIVER,EXECUTED,6,NightlyLeagueUpdateTaskProcessor,5,DROP,-16018.0,Saints D/ST,6.0,0.0,2022-11-23
2022,12,fb146542-d433-41d2-886e-db1ea2da3fe9,1a419ebf-a584-462d-8662-5f9ff842336f,TRADE_PROPOSAL,CANCELED,10,{2C8A1B87-268B-45A5-A0E5-C4A3F61C9BC2},0,TRADE,4248528.0,Christian Watson,10.0,1.0,2022-11-24
2022,12,fb146542-d433-41d2-886e-db1ea2da3fe9,1a419ebf-a584-462d-8662-5f9ff842336f,TRADE_PROPOSAL,CANCELED,10,{2C8A1B87-268B-45A5-A0E5-C4A3F61C9BC2},0,TRADE,4259545.0,D'Andre Swift,10.0,1.0,2022-11-24
2022,12,fb146542-d433-41d2-886e-db1ea2da3fe9,1a419ebf-a584-462d-8662-5f9ff842336f,TRADE_PROPOSAL,CANCELED,10,{2C8A1B87-268B-45A5-A0E5-C4A3F61C9BC2},0,TRADE,4360294.0,Antonio Gibson,1.0,10.0,2022-11-24
2022,12,6e6a2241-2e3c-45fb-b17d-fc78f580b444,dcc718d6-e0ec-4bd6-8ccd-5c52738bd199,TRADE_PROPOSAL,CANCELED,10,{91D28B99-9234-408F-ACE7-32AEC03EE9E2},0,TRADE,4248528.0,Christian Watson,10.0,12.0,2022-11-25
2022,12,6e6a2241-2e3c-45fb-b17d-fc78f580b444,dcc718d6-e0ec-4bd6-8ccd-5c52738bd199,TRADE_PROPOSAL,CANCELED,10,{91D28B99-9234-408F-ACE7-32AEC03EE9E2},0,TRADE,3122976.0,Jeff Wilson Jr.,12.0,10.0,2022-11-25
2022,12,0ea45486-9fac-4e90-a3b9-97ddd8f893ee,401a184f-4763-4f67-9371-d84050758777,WAIVER,EXECUTED,3,NightlyLeagueUpdateTaskProcessor,3,ADD,4239934.0,AJ Dillon,0.0,3.0,2022-11-24
2022,12,0ea45486-9fac-4e90-a3b9-97ddd8f893ee,401a184f-4763-4f67-9371-d84050758777,WAIVER,EXECUTED,3,NightlyLeagueUpdateTaskProcessor,3,DROP,2991662.0,Mack Hollins,3.0,0.0,2022-11-24
2022,12,536ebdd8-b0b1-4c88-86e0-3e69e2f1451c,61cc564c-2161-43fe-aeb8-bdf09b7e97d7,WAIVER,FAILED_INVALIDPLAYERSOURCE,3,NightlyLeagueUpdateTaskProcessor,1,ADD,3043116.0,Demarcus Robinson,0.0,3.0,2022-11-23
2022,12,536ebdd8-b0b1-4c88-86e0-3e69e2f1451c,61cc564c-2161-43fe-aeb8-bdf09b7e97d7,WAIVER,FAILED_INVALIDPLAYERSOURCE,3,NightlyLeagueUpdateTaskProcessor,1,DROP,14881.0,Russell Wilson,3.0,0.0,2022-11-23
2022,12,8e44d7bb-0ac1-4c81-b776-022806118d50,e7d819b3-8fdc-4412-bf8f-e42b94227d85,WAIVER,EXECUTED,1,NightlyLeagueUpdateTaskProcessor,15,ADD,4240021.0,Cam Akers,0.0,1.0,2022-11-23
2022,12,8e44d7bb-0ac1-4c81-b776-022806118d50,e7d819b3-8fdc-4412-bf8f-e42b94227d85,WAIVER,EXECUTED,1,NightlyLeagueUpdateTaskProcessor,15,DROP,2576434.0,Melvin Gordon III,1.0,0.0,2022-11-23
2022,12,c90aece7-0dde-495d-ae74-031edede5e17,80ccd7b7-647d-4d46-b35f-43490e701dad,TRADE_PROPOSAL,CANCELED,7,{2C8A1B87-268B-45A5-A0E5-C4A3F61C9BC2},0,TRADE,-16025.0,49ers D/ST,7.0,10.0,2022-11-23
2022,12,c90aece7-0dde-495d-ae74-031edede5e17,80ccd7b7-647d-4d46-b35f-43490e701dad,TRADE_PROPOSAL,CANCELED,7,{2C8A1B87-268B-45A5-A0E5-C4A3F61C9BC2},0,TRADE,3916945.0,Darius Slayton,10.0,7.0,2022-11-23
2022,12,27cccd9f-1c6a-49b7-bcba-365b5d8d68a5,46a259ea-0b60-4631-a519-b8d89f1af255,WAIVER,FAILED_INVALIDPLAYERSOURCE,7,NightlyLeagueUpdateTaskProcessor,3,ADD,3116389.0,Samaje Perine,0.0,7.0,2022-11-23
2022,12,5106006a-1190-473a-9627-4fb0a56bf7ec,,FREEAGENT,EXECUTED,4,{8242D4C8-FCD1-4A28-9373-CD282687A8E7},0,ADD,13982.0,Julio Jones,0.0,4.0,2022-11-27
2022,12,d70155b6-ef31-4b9f-a593-775a45b4c120,62fe835f-4998-4013-8896-ffec74209042,TRADE_ACCEPT,EXECUTED,7,{C1E09685-96D1-4750-BA21-8BE16D3BF7CA},0,TRADE,3128720.0,Nick Chubb,7.0,10.0,2022-11-24
2022,12,d70155b6-ef31-4b9f-a593-775a45b4c120,62fe835f-4998-4013-8896-ffec74209042,TRADE_ACCEPT,EXECUTED,7,{C1E09685-96D1-4750-BA21-8BE16D3BF7CA},0,TRADE,3120348.0,JuJu Smith-Schuster,10.0,7.0,2022-11-24
2022,12,d70155b6-ef31-4b9f-a593-775a45b4c120,62fe835f-4998-4013-8896-ffec74209042,TRADE_ACCEPT,EXECUTED,7,{C1E09685-96D1-4750-BA21-8BE16D3BF7CA},0,TRADE,4259545.0,D'Andre Swift,10.0,7.0,2022-11-24
2022,12,d6413247-c859-47e6-82f7-623de4f6be98,dcc718d6-e0ec-4bd6-8ccd-5c52738bd199,TRADE_DECLINE,EXECUTED,12,{91D28B99-9234-408F-ACE7-32AEC03EE9E2},0,,,,,,2022-11-25
2022,12,080be81f-41b9-4314-a45d-a9d36dddaf07,3d29d157-1a70-4222-b694-bdefc643962b,WAIVER,EXECUTED,12,NightlyLeagueUpdateTaskProcessor,5,ADD,3929645.0,Juwan Johnson,0.0,12.0,2022-11-23
2022,12,080be81f-41b9-4314-a45d-a9d36dddaf07,3d29d157-1a70-4222-b694-bdefc643962b,WAIVER,EXECUTED,12,NightlyLeagueUpdateTaskProcessor,5,DROP,4239934.0,AJ Dillon,12.0,0.0,2022-11-23
2022,12,247261a6-4e94-4b33-abac-6a6be7c89388,047d3fca-99e7-4ee3-8f4a-0e85be00f3e7,WAIVER,FAILED_INVALIDPLAYERSOURCE,12,NightlyLeagueUpdateTaskProcessor,13,ADD,4240021.0,Cam Akers,0.0,12.0,2022-11-23
2022,12,247261a6-4e94-4b33-abac-6a6be7c89388,047d3fca-99e7-4ee3-8f4a-0e85be00f3e7,WAIVER,FAILED_INVALIDPLAYERSOURCE,12,NightlyLeagueUpdateTaskProcessor,13,DROP,4035004.0,Mecole Hardman,12.0,0.0,2022-11-23
2022,12,692598eb-4558-48f9-8e1d-46e845551710,,FREEAGENT,EXECUTED,12,{91D28B99-9234-408F-ACE7-32AEC03EE9E2},0,ADD,2576336.0,Ameer Abdullah,0.0,12.0,2022-11-26
2022,12,701a6f68-19df-4bc9-aba9-999ceed9925b,,FREEAGENT,EXECUTED,12,{91D28B99-9234-408F-ACE7-32AEC03EE9E2},0,ADD,4036131.0,Noah Fant,0.0,12.0,2022-11-26
2022,12,701a6f68-19df-4bc9-aba9-999ceed9925b,,FREEAGENT,EXECUTED,12,{91D28B99-9234-408F-ACE7-32AEC03EE9E2},0,DROP,3929645.0,Juwan Johnson,12.0,0.0,2022-11-26
2022,12,d6afc7fd-5f84-45aa-b7f9-266240c8ecb5,,FREEAGENT,EXECUTED,5,{77F704CF-0C76-4984-9A71-8BD39511C19F},0,ADD,16760.0,Jimmy Garoppolo,0.0,5.0,2022-11-27
2022,12,d6afc7fd-5f84-45aa-b7f9-266240c8ecb5,,FREEAGENT,EXECUTED,5,{77F704CF-0C76-4984-9A71-8BD39511C19F},0,DROP,3051738.0,Marquez Valdes-Scantling,5.0,0.0,2022-11-27
2022,12,240c736e-3da3-4218-b9cf-964746e99fb4,dd2932f8-fec1-4c91-abe5-1872319781a0,TRADE_PROPOSAL,CANCELED,10,{00408013-39CF-40FC-8080-1339CFD0FC06},0,TRADE,3115364.0,Leonard Fournette,10.0,8.0,2022-11-24
2022,12,240c736e-3da3-4218-b9cf-964746e99fb4,dd2932f8-fec1-4c91-abe5-1872319781a0,TRADE_PROPOSAL,CANCELED,10,{00408013-39CF-40FC-8080-1339CFD0FC06},0,TRADE,4697815.0,Rachaad White,10.0,8.0,2022-11-24
2022,12,240c736e-3da3-4218-b9cf-964746e99fb4,dd2932f8-fec1-4c91-abe5-1872319781a0,TRADE_PROPOSAL,CANCELED,10,{00408013-39CF-40FC-8080-1339CFD0FC06},0,TRADE,4239993.0,Tee Higgins,8.0,10.0,2022-11-24
2022,12,240c736e-3da3-4218-b9cf-964746e99fb4,dd2932f8-fec1-4c91-abe5-1872319781a0,TRADE_PROPOSAL,CANCELED,10,{00408013-39CF-40FC-8080-1339CFD0FC06},0,TRADE,4240657.0,Michael Carter,8.0,10.0,2022-11-24
2022,12,f7a8af13-2338-4110-a70b-2c3e00120fb8,d95516fe-b5f8-4226-8c42-78ec2240e7d5,WAIVER,FAILED_INVALIDPLAYERSOURCE,2,NightlyLeagueUpdateTaskProcessor,10,ADD,3116389.0,Samaje Perine,0.0,2.0,2022-11-23
2022,12,f7a8af13-2338-4110-a70b-2c3e00120fb8,d95516fe-b5f8-4226-8c42-78ec2240e7d5,WAIVER,FAILED_INVALIDPLAYERSOURCE,2,NightlyLeagueUpdateTaskProcessor,10,DROP,4361050.0,Isaiah Likely,2.0,0.0,2022-11-23
2022,12,808e5347-f157-403f-bd68-34969f8a3e34,24a46ced-9f9e-4463-a75b-e3da54b0a5ff,WAIVER,EXECUTED,14,NightlyLeagueUpdateTaskProcessor,3,ADD,3043275.0,Austin Hooper,0.0,14.0,2022-11-23
2022,12,808e5347-f157-403f-bd68-34969f8a3e34,24a46ced-9f9e-4463-a75b-e3da54b0a5ff,WAIVER,EXECUTED,14,NightlyLeagueUpdateTaskProcessor,3,DROP,2468609.0,Taysom Hill,14.0,0.0,2022-11-23
2022,12,baa46537-84db-4c71-8089-a1bb722cbbc7,37f07a6c-b0d2-4bd4-bd9c-31c782e5cb5b,WAIVER,CANCELED,5,{77F704CF-0C76-4984-9A71-8BD39511C19F},0,ADD,3116389.0,Samaje Perine,0.0,5.0,2022-11-23
2022,12,baa46537-84db-4c71-8089-a1bb722cbbc7,37f07a6c-b0d2-4bd4-bd9c-31c782e5cb5b,WAIVER,CANCELED,5,{77F704CF-0C76-4984-9A71-8BD39511C19F},0,DROP,4035656.0,Ben Skowronek,5.0,0.0,2022-11-23
2022,12,d5407d57-63d2-4d45-87a3-0570cac12a72,1dc9fc7f-2eba-4ef8-bf4f-3314bbcafb15,WAIVER,EXECUTED,14,NightlyLeagueUpdateTaskProcessor,3,ADD,16782.0,Jerick McKinnon,0.0,14.0,2022-11-23
2022,12,d5407d57-63d2-4d45-87a3-0570cac12a72,1dc9fc7f-2eba-4ef8-bf4f-3314bbcafb15,WAIVER,EXECUTED,14,NightlyLeagueUpdateTaskProcessor,3,DROP,4039359.0,Darrell Henderson Jr.,14.0,0.0,2022-11-23
2022,12,4f1cebaa-399e-409e-9888-b865d54ee4ef,,FREEAGENT,EXECUTED,5,{77F704CF-0C76-4984-9A71-8BD39511C19F},0,ADD,2468609.0,Taysom Hill,0.0,5.0,2022-11-27
2022,12,4f1cebaa-399e-409e-9888-b865d54ee4ef,,FREEAGENT,EXECUTED,5,{77F704CF-0C76-4984-9A71-8BD39511C19F},0,DROP,16790.0,Jarvis Landry,5.0,0.0,2022-11-27
2022,12,84b34a51-3675-46dc-9f16-9d4435376552,dd2932f8-fec1-4c91-abe5-1872319781a0,TRADE_DECLINE,EXECUTED,8,{00408013-39CF-40FC-8080-1339CFD0FC06},0,,,,,,2022-11-24
2022,12,1c9ffbf3-1e05-4739-8307-d758114c8c24,2a407302-63fc-467a-bd08-d1d05c2aefc6,TRADE_DECLINE,EXECUTED,2,{EC970810-E14F-4307-8FA6-3BAE92CC1B4E},0,,,,,,2022-11-23
2022,12,78c760b9-98dd-48d4-98de-0a001630a074,50731b4b-22c5-4e45-b8af-f23e0d57df94,WAIVER,EXECUTED,14,NightlyLeagueUpdateTaskProcessor,7,ADD,3043116.0,Demarcus Robinson,0.0,14.0,2022-11-23
2022,12,78c760b9-98dd-48d4-98de-0a001630a074,50731b4b-22c5-4e45-b8af-f23e0d57df94,WAIVER,EXECUTED,14,NightlyLeagueUpdateTaskProcessor,7,DROP,4241416.0,Chuba Hubbard,14.0,0.0,2022-11-23
2022,12,2a407302-63fc-467a-bd08-d1d05c2aefc6,,TRADE_PROPOSAL,PENDING,10,{2C8A1B87-268B-45A5-A0E5-C4A3F61C9BC2},0,TRADE,4047365.0,Josh Jacobs,2.0,10.0,2022-11-22
2022,12,2a407302-63fc-467a-bd08-d1d05c2aefc6,,TRADE_PROPOSAL,PENDING,10,{2C8A1B87-268B-45A5-A0E5-C4A3F61C9BC2},0,TRADE,3115364.0,Leonard Fournette,10.0,2.0,2022-11-22
2022,12,2a407302-63fc-467a-bd08-d1d05c2aefc6,,TRADE_PROPOSAL,PENDING,10,{2C8A1B87-268B-45A5-A0E5-C4A3F61C9BC2},0,TRADE,4248528.0,Christian Watson,10.0,2.0,2022-11-22
2022,12,349673b7-2935-4f45-8a1e-50b6de16aa25,2a407302-63fc-467a-bd08-d1d05c2aefc6,TRADE_PROPOSAL,CANCELED,10,{EC970810-E14F-4307-8FA6-3BAE92CC1B4E},0,TRADE,4047365.0,Josh Jacobs,2.0,10.0,2022-11-23
2022,12,349673b7-2935-4f45-8a1e-50b6de16aa25,2a407302-63fc-467a-bd08-d1d05c2aefc6,TRADE_PROPOSAL,CANCELED,10,{EC970810-E14F-4307-8FA6-3BAE92CC1B4E},0,TRADE,3115364.0,Leonard Fournette,10.0,2.0,2022-11-23
2022,12,349673b7-2935-4f45-8a1e-50b6de16aa25,2a407302-63fc-467a-bd08-d1d05c2aefc6,TRADE_PROPOSAL,CANCELED,10,{EC970810-E14F-4307-8FA6-3BAE92CC1B4E},0,TRADE,4248528.0,Christian Watson,10.0,2.0,2022-11-23
2022,12,49a67433-75ea-4ad0-b48e-7466790edab9,,ROSTER,EXECUTED,8,{00408013-39CF-40FC-8080-1339CFD0FC06},0,DROP,3930066.0,Van Jefferson,8.0,0.0,2022-11-24
2022,12,700f305a-1aaa-448b-85d5-ca38608db564,,TRADE_PROPOSAL,PENDING,10,{2C8A1B87-268B-45A5-A0E5-C4A3F61C9BC2},0,TRADE,3932905.0,Diontae Johnson,10.0,1.0,2022-11-23
2022,12,700f305a-1aaa-448b-85d5-ca38608db564,,TRADE_PROPOSAL,PENDING,10,{2C8A1B87-268B-45A5-A0E5-C4A3F61C9BC2},0,TRADE,4248528.0,Christian Watson,10.0,1.0,2022-11-23
2022,12,700f305a-1aaa-448b-85d5-ca38608db564,,TRADE_PROPOSAL,PENDING,10,{2C8A1B87-268B-45A5-A0E5-C4A3F61C9BC2},0,TRADE,4259545.0,D'Andre Swift,10.0,1.0,2022-11-23
2022,12,700f305a-1aaa-448b-85d5-ca38608db564,,TRADE_PROPOSAL,PENDING,10,{2C8A1B87-268B-45A5-A0E5-C4A3F61C9BC2},0,TRADE,16737.0,Mike Evans,1.0,10.0,2022-11-23
2022,12,700f305a-1aaa-448b-85d5-ca38608db564,,TRADE_PROPOSAL,PENDING,10,{2C8A1B87-268B-45A5-A0E5-C4A3F61C9BC2},0,TRADE,4360294.0,Antonio Gibson,1.0,10.0,2022-11-23
2022,13,7b82140e-5735-4e4b-a166-b05930b169f0,,ROSTER,EXECUTED,12,{91D28B99-9234-408F-ACE7-32AEC03EE9E2},0,DROP,4241555.0,Elijah Mitchell,12.0,0.0,2022-12-01
2022,13,e8df3c66-3154-472d-97b8-3927d3e54931,31cbd7e2-0b1a-444f-abc4-835814955e97,WAIVER,EXECUTED,5,NightlyLeagueUpdateTaskProcessor,1,ADD,4360310.0,Trevor Lawrence,0.0,5.0,2022-12-01
2022,13,e8df3c66-3154-472d-97b8-3927d3e54931,31cbd7e2-0b1a-444f-abc4-835814955e97,WAIVER,EXECUTED,5,NightlyLeagueUpdateTaskProcessor,1,DROP,2979843.0,Kenyan Drake,5.0,0.0,2022-12-01
2022,13,0c3ef26d-19cf-42e1-9324-248cd56bdfc4,7f5aa50b-ad0d-4bc0-a644-4dffb42f4a84,WAIVER,CANCELED,1,{C1E09685-96D1-4750-BA21-8BE16D3BF7CA},0,ADD,4035072.0,Benny Snell Jr.,0.0,1.0,2022-11-30
2022,13,0c3ef26d-19cf-42e1-9324-248cd56bdfc4,7f5aa50b-ad0d-4bc0-a644-4dffb42f4a84,WAIVER,CANCELED,1,{C1E09685-96D1-4750-BA21-8BE16D3BF7CA},0,DROP,3930086.0,Dawson Knox,1.0,0.0,2022-11-30
2022,13,74d3a1ce-3f99-4e26-a845-15f541205caf,6d524c5f-aada-4ae2-b953-50326e367495,TRADE_ACCEPT,,1,{C1E09685-96D1-4750-BA21-8BE16D3BF7CA},0,DROP,4240021.0,Cam Akers,1.0,0.0,2022-12-01
2022,13,74d3a1ce-3f99-4e26-a845-15f541205caf,6d524c5f-aada-4ae2-b953-50326e367495,TRADE_ACCEPT,,1,{C1E09685-96D1-4750-BA21-8BE16D3BF7CA},0,DROP,3116389.0,Samaje Perine,1.0,0.0,2022-12-01
2022,13,4bfe0034-8432-4cea-a484-903d368d77b0,,TRADE_PROPOSAL,PENDING,10,{2C8A1B87-268B-45A5-A0E5-C4A3F61C9BC2},0,TRADE,4697815.0,Rachaad White,10.0,1.0,2022-11-29
2022,13,4bfe0034-8432-4cea-a484-903d368d77b0,,TRADE_PROPOSAL,PENDING,10,{2C8A1B87-268B-45A5-A0E5-C4A3F61C9BC2},0,TRADE,4248528.0,Christian Watson,10.0,1.0,2022-11-29
2022,13,4bfe0034-8432-4cea-a484-903d368d77b0,,TRADE_PROPOSAL,PENDING,10,{2C8A1B87-268B-45A5-A0E5-C4A3F61C9BC2},0,TRADE,3116406.0,Tyreek Hill,1.0,10.0,2022-11-29
2022,13,ca36c50f-b6dd-4d14-ae2f-437d77ef9fd6,4bfe0034-8432-4cea-a484-903d368d77b0,TRADE_PROPOSAL,CANCELED,10,{C1E09685-96D1-4750-BA21-8BE16D3BF7CA},0,TRADE,4697815.0,Rachaad White,10.0,1.0,2022-11-29
2022,13,ca36c50f-b6dd-4d14-ae2f-437d77ef9fd6,4bfe0034-8432-4cea-a484-903d368d77b0,TRADE_PROPOSAL,CANCELED,10,{C1E09685-96D1-4750-BA21-8BE16D3BF7CA},0,TRADE,4248528.0,Christian Watson,10.0,1.0,2022-11-29
2022,13,ca36c50f-b6dd-4d14-ae2f-437d77ef9fd6,4bfe0034-8432-4cea-a484-903d368d77b0,TRADE_PROPOSAL,CANCELED,10,{C1E09685-96D1-4750-BA21-8BE16D3BF7CA},0,TRADE,3116406.0,Tyreek Hill,1.0,10.0,2022-11-29
2022,13,bd22916c-e277-4e6a-ba57-32b9cff1b3b8,91bb74c3-34f2-453e-8d96-21eba7dd60bb,WAIVER,FAILED_PLAYERALREADYDROPPED,7,NightlyLeagueUpdateTaskProcessor,6,ADD,2991662.0,Mack Hollins,0.0,7.0,2022-11-30
2022,13,bd22916c-e277-4e6a-ba57-32b9cff1b3b8,91bb74c3-34f2-453e-8d96-21eba7dd60bb,WAIVER,FAILED_PLAYERALREADYDROPPED,7,NightlyLeagueUpdateTaskProcessor,6,DROP,3917792.0,Daniel Jones,7.0,0.0,2022-11-30
2022,13,9cbd4c18-7361-4c64-9144-c87b71bda3b8,8c14fd9e-b4f2-4e98-8b0d-5a146bbff720,WAIVER,EXECUTED,13,NightlyLeagueUpdateTaskProcessor,3,ADD,4426475.0,Tyrion Davis-Price,0.0,13.0,2022-11-30
2022,13,9cbd4c18-7361-4c64-9144-c87b71bda3b8,8c14fd9e-b4f2-4e98-8b0d-5a146bbff720,WAIVER,EXECUTED,13,NightlyLeagueUpdateTaskProcessor,3,DROP,4373626.0,Tyler Allgeier,13.0,0.0,2022-11-30
2022,13,d64c015a-4391-4eaf-9e72-8a0178bc8a79,8e33323a-201b-415b-9b59-3df15cc12740,WAIVER,EXECUTED,5,NightlyLeagueUpdateTaskProcessor,5,ADD,-16005.0,Browns D/ST,0.0,5.0,2022-11-30
2022,13,d64c015a-4391-4eaf-9e72-8a0178bc8a79,8e33323a-201b-415b-9b59-3df15cc12740,WAIVER,EXECUTED,5,NightlyLeagueUpdateTaskProcessor,5,DROP,4367209.0,Greg Dulcich,5.0,0.0,2022-11-30
2022,13,af1299e4-a7fa-4e1f-b42f-d146f439f2ca,,ROSTER,EXECUTED,10,{2C8A1B87-268B-45A5-A0E5-C4A3F61C9BC2},0,DROP,4037235.0,Greg Dortch,10.0,0.0,2022-11-29
2022,13,9ad3dfad-7f8c-4f77-b0ca-f4572683b680,bfcd40a6-af72-46db-bb77-1f70a76a0983,WAIVER,FAILED_INVALIDPLAYERSOURCE,3,NightlyLeagueUpdateTaskProcessor,1,ADD,3930066.0,Van Jefferson,0.0,3.0,2022-11-30
2022,13,6a1e6de1-007d-456b-9e98-8480a07f6c2e,24a9ce26-11d0-49f6-83cc-4e243c17b20b,WAIVER,CANCELED,10,{2C8A1B87-268B-45A5-A0E5-C4A3F61C9BC2},0,ADD,3928925.0,JaMycal Hasty,0.0,10.0,2022-11-30
2022,13,6a1e6de1-007d-456b-9e98-8480a07f6c2e,24a9ce26-11d0-49f6-83cc-4e243c17b20b,WAIVER,CANCELED,10,{2C8A1B87-268B-45A5-A0E5-C4A3F61C9BC2},0,DROP,-16029.0,Panthers D/ST,10.0,0.0,2022-11-30
2022,13,c3f4caab-997f-4393-aa04-36de948eeb4c,723e3199-8605-4079-9361-eebfc01f1d38,WAIVER,EXECUTED,3,NightlyLeagueUpdateTaskProcessor,1,ADD,2991662.0,Mack Hollins,0.0,3.0,2022-11-30
2022,13,029f961f-639c-41bc-a393-f610cb7fc3ea,e84da057-6aa8-4f70-ab65-b9f681fc2a4d,WAIVER,FAILED_INVALIDPLAYERSOURCE,2,NightlyLeagueUpdateTaskProcessor,5,ADD,4427728.0,Zonovan Knight,0.0,2.0,2022-11-30
2022,13,029f961f-639c-41bc-a393-f610cb7fc3ea,e84da057-6aa8-4f70-ab65-b9f681fc2a4d,WAIVER,FAILED_INVALIDPLAYERSOURCE,2,NightlyLeagueUpdateTaskProcessor,5,DROP,16799.0,Allen Robinson II,2.0,0.0,2022-11-30
2022,13,18aa183e-48a7-499d-9cf2-a64a64dfade7,,FREEAGENT,EXECUTED,13,{85A6A0E4-D846-4046-B7F8-487FAD9165E0},0,ADD,4360569.0,Jordan Mason,0.0,13.0,2022-11-30
2022,13,43c00fc1-e5da-482b-b98f-c7994e3185e1,2a78140e-4b84-42d2-a158-07dc459b7777,WAIVER,EXECUTED,12,NightlyLeagueUpdateTaskProcessor,1,ADD,4258595.0,Cole Kmet,0.0,12.0,2022-12-01
2022,13,43c00fc1-e5da-482b-b98f-c7994e3185e1,2a78140e-4b84-42d2-a158-07dc459b7777,WAIVER,EXECUTED,12,NightlyLeagueUpdateTaskProcessor,1,DROP,3929645.0,Juwan Johnson,12.0,0.0,2022-12-01
2022,13,31a744e2-ee6e-4374-b16d-f78fa3837417,f05b6f38-84fd-49af-aa87-5ed970a940ab,WAIVER,EXECUTED,14,NightlyLeagueUpdateTaskProcessor,4,ADD,-16026.0,Seahawks D/ST,0.0,14.0,2022-11-30
2022,13,31a744e2-ee6e-4374-b16d-f78fa3837417,f05b6f38-84fd-49af-aa87-5ed970a940ab,WAIVER,EXECUTED,14,NightlyLeagueUpdateTaskProcessor,4,DROP,-16007.0,Broncos D/ST,14.0,0.0,2022-11-30
2022,13,abb26073-6d35-4422-8ec5-66cb413988f0,b9ce020b-3c9d-424e-94b9-18cd725b1faa,TRADE_DECLINE,EXECUTED,10,{2C8A1B87-268B-45A5-A0E5-C4A3F61C9BC2},0,,,,,,2022-11-30
2022,13,7bfc02bf-5ddb-44eb-baaf-3a0e4fda74d8,,FREEAGENT,EXECUTED,10,{2C8A1B87-268B-45A5-A0E5-C4A3F61C9BC2},0,ADD,-16015.0,Dolphins D/ST,0.0,10.0,2022-12-04
2022,13,7bfc02bf-5ddb-44eb-baaf-3a0e4fda74d8,,FREEAGENT,EXECUTED,10,{2C8A1B87-268B-45A5-A0E5-C4A3F61C9BC2},0,DROP,-16018.0,Saints D/ST,10.0,0.0,2022-12-04
2022,13,b9ce020b-3c9d-424e-94b9-18cd725b1faa,,TRADE_PROPOSAL,PENDING,1,{C1E09685-96D1-4750-BA21-8BE16D3BF7CA},0,TRADE,3128720.0,Nick Chubb,10.0,1.0,2022-11-29
2022,13,b9ce020b-3c9d-424e-94b9-18cd725b1faa,,TRADE_PROPOSAL,PENDING,1,{C1E09685-96D1-4750-BA21-8BE16D3BF7CA},0,TRADE,4248528.0,Christian Watson,10.0,1.0,2022-11-29
2022,13,b9ce020b-3c9d-424e-94b9-18cd725b1faa,,TRADE_PROPOSAL,PENDING,1,{C1E09685-96D1-4750-BA21-8BE16D3BF7CA},0,TRADE,3116406.0,Tyreek Hill,1.0,10.0,2022-11-29
2022,13,b9ce020b-3c9d-424e-94b9-18cd725b1faa,,TRADE_PROPOSAL,PENDING,1,{C1E09685-96D1-4750-BA21-8BE16D3BF7CA},0,DROP,3116389.0,Samaje Perine,1.0,0.0,2022-11-29
2022,13,1b44792d-6b24-4f19-b81c-d79c7eb48551,48dcadfe-5fb9-4061-abb6-75a434e947bf,WAIVER,FAILED_PLAYERALREADYDROPPED,5,NightlyLeagueUpdateTaskProcessor,3,ADD,3115394.0,DJ Chark,0.0,5.0,2022-11-30
2022,13,1b44792d-6b24-4f19-b81c-d79c7eb48551,48dcadfe-5fb9-4061-abb6-75a434e947bf,WAIVER,FAILED_PLAYERALREADYDROPPED,5,NightlyLeagueUpdateTaskProcessor,3,DROP,4367209.0,Greg Dulcich,5.0,0.0,2022-11-30
2022,13,202095b8-f5d6-408e-a5da-cd45b54a8838,,FREEAGENT,EXECUTED,14,{C2BAB8A3-9ED5-425C-BAB8-A39ED5B25CC2},0,ADD,14053.0,Randall Cobb,0.0,14.0,2022-11-30
2022,13,202095b8-f5d6-408e-a5da-cd45b54a8838,,FREEAGENT,EXECUTED,14,{C2BAB8A3-9ED5-425C-BAB8-A39ED5B25CC2},0,DROP,3043116.0,Demarcus Robinson,14.0,0.0,2022-11-30
2022,13,202095b8-f5d6-408e-a5da-cd45b54a8838,,FREEAGENT,EXECUTED,14,{C2BAB8A3-9ED5-425C-BAB8-A39ED5B25CC2},0,DROP,16782.0,Jerick McKinnon,14.0,0.0,2022-11-30
2022,13,31ce58db-7a24-4115-ba74-0145a8c0830b,6d524c5f-aada-4ae2-b953-50326e367495,TRADE_UPHOLD,EXECUTED,1,{C1E09685-96D1-4750-BA21-8BE16D3BF7CA},0,,,,,,2022-12-01
2022,13,94a19922-9728-4b8c-9338-a38fe7efc55c,,FREEAGENT,EXECUTED,10,{2C8A1B87-268B-45A5-A0E5-C4A3F61C9BC2},0,ADD,3915486.0,Tyler Conklin,0.0,10.0,2022-12-03
2022,13,94a19922-9728-4b8c-9338-a38fe7efc55c,,FREEAGENT,EXECUTED,10,{2C8A1B87-268B-45A5-A0E5-C4A3F61C9BC2},0,DROP,4040774.0,Harrison Bryant,10.0,0.0,2022-12-03
2022,13,081715ef-1e95-47ea-95ae-f6a6a34f71c3,,FREEAGENT,EXECUTED,5,{77F704CF-0C76-4984-9A71-8BD39511C19F},0,ADD,4430191.0,Skyy Moore,0.0,5.0,2022-12-04
2022,13,081715ef-1e95-47ea-95ae-f6a6a34f71c3,,FREEAGENT,EXECUTED,5,{77F704CF-0C76-4984-9A71-8BD39511C19F},0,DROP,4373626.0,Tyler Allgeier,5.0,0.0,2022-12-04
2022,13,84f7bf6e-146c-4262-9168-012bf1e9f41f,,ROSTER,EXECUTED,3,{C52D799E-6C1C-44B9-8371-9B6AF857D8E8},0,DROP,4040655.0,Darnell Mooney,3.0,0.0,2022-12-01
2022,13,52b8510d-deb0-4971-8699-fe51f1cb2b43,,FREEAGENT,EXECUTED,10,{2C8A1B87-268B-45A5-A0E5-C4A3F61C9BC2},0,ADD,3051876.0,Evan Engram,0.0,10.0,2022-12-03
2022,13,52b8510d-deb0-4971-8699-fe51f1cb2b43,,FREEAGENT,EXECUTED,10,{2C8A1B87-268B-45A5-A0E5-C4A3F61C9BC2},0,DROP,3915486.0,Tyler Conklin,10.0,0.0,2022-12-03
2022,13,9bd2497b-14ac-423a-91b2-703bfd22fda7,5b2309e9-ce7d-4f57-91e1-c7a630890178,WAIVER,EXECUTED,12,NightlyLeagueUpdateTaskProcessor,7,ADD,4426388.0,Jameson Williams,0.0,12.0,2022-11-30
2022,13,9bd2497b-14ac-423a-91b2-703bfd22fda7,5b2309e9-ce7d-4f57-91e1-c7a630890178,WAIVER,EXECUTED,12,NightlyLeagueUpdateTaskProcessor,7,DROP,2576336.0,Ameer Abdullah,12.0,0.0,2022-11-30
2022,13,8e550d8e-f303-4c1d-bab9-da30e6433d3f,f2f70f91-7c94-4e52-9f49-69d932e102c5,WAIVER,FAILED_INVALIDPLAYERSOURCE,12,NightlyLeagueUpdateTaskProcessor,2,ADD,-16005.0,Browns D/ST,0.0,12.0,2022-11-30
2022,13,8e550d8e-f303-4c1d-bab9-da30e6433d3f,f2f70f91-7c94-4e52-9f49-69d932e102c5,WAIVER,FAILED_INVALIDPLAYERSOURCE,12,NightlyLeagueUpdateTaskProcessor,2,DROP,-16016.0,Vikings D/ST,12.0,0.0,2022-11-30
2022,13,34e02349-adad-417c-a1ce-b5dc2471d63e,,FREEAGENT,EXECUTED,5,{77F704CF-0C76-4984-9A71-8BD39511C19F},0,ADD,4373626.0,Tyler Allgeier,0.0,5.0,2022-12-02
2022,13,34e02349-adad-417c-a1ce-b5dc2471d63e,,FREEAGENT,EXECUTED,5,{77F704CF-0C76-4984-9A71-8BD39511C19F},0,DROP,4430191.0,Skyy Moore,5.0,0.0,2022-12-02
2022,13,56ceea0e-a5ab-42f9-a426-6927964d2e6c,5b149361-1eb3-4f03-b982-e0273793c10d,WAIVER,EXECUTED,1,NightlyLeagueUpdateTaskProcessor,10,ADD,3928925.0,JaMycal Hasty,0.0,1.0,2022-11-30
2022,13,56ceea0e-a5ab-42f9-a426-6927964d2e6c,5b149361-1eb3-4f03-b982-e0273793c10d,WAIVER,EXECUTED,1,NightlyLeagueUpdateTaskProcessor,10,DROP,3930086.0,Dawson Knox,1.0,0.0,2022-11-30
2022,13,d7ed19ef-fe23-4b56-ab08-2385ff8caca9,,FREEAGENT,EXECUTED,14,{C2BAB8A3-9ED5-425C-BAB8-A39ED5B25CC2},0,ADD,16790.0,Jarvis Landry,0.0,14.0,2022-12-04
2022,13,d7ed19ef-fe23-4b56-ab08-2385ff8caca9,,FREEAGENT,EXECUTED,14,{C2BAB8A3-9ED5-425C-BAB8-A39ED5B25CC2},0,DROP,13981.0,Mark Ingram II,14.0,0.0,2022-12-04
2022,13,8a74a89d-a8d6-4a96-9b0c-0d01c47111a6,4bfe0034-8432-4cea-a484-903d368d77b0,TRADE_DECLINE,EXECUTED,1,{C1E09685-96D1-4750-BA21-8BE16D3BF7CA},0,,,,,,2022-11-29
2022,13,f666a457-d98e-4383-83b4-a04255fe477a,,ROSTER,EXECUTED,13,{85A6A0E4-D846-4046-B7F8-487FAD9165E0},0,DROP,2977187.0,Cooper Kupp,13.0,0.0,2022-11-30
2022,13,bfe3b55c-190b-476d-8098-999b8114c981,,ROSTER,EXECUTED,5,{77F704CF-0C76-4984-9A71-8BD39511C19F},0,DROP,16760.0,Jimmy Garoppolo,5.0,0.0,2022-11-29
2022,13,2d843f1e-19da-4199-aca4-559124ffe9dd,,FREEAGENT,EXECUTED,5,{77F704CF-0C76-4984-9A71-8BD39511C19F},0,ADD,4430191.0,Skyy Moore,0.0,5.0,2022-12-01
2022,13,dc2ae6ed-f3c0-4b28-8000-f5cd46d5200a,,FREEAGENT,EXECUTED,12,{91D28B99-9234-408F-ACE7-32AEC03EE9E2},0,ADD,4035072.0,Benny Snell Jr.,0.0,12.0,2022-12-01
2022,13,efed72f5-52d7-4a11-bc0f-a1788df37905,b9ce020b-3c9d-424e-94b9-18cd725b1faa,TRADE_PROPOSAL,CANCELED,1,{2C8A1B87-268B-45A5-A0E5-C4A3F61C9BC2},0,TRADE,3128720.0,Nick Chubb,10.0,1.0,2022-11-30
2022,13,efed72f5-52d7-4a11-bc0f-a1788df37905,b9ce020b-3c9d-424e-94b9-18cd725b1faa,TRADE_PROPOSAL,CANCELED,1,{2C8A1B87-268B-45A5-A0E5-C4A3F61C9BC2},0,TRADE,4248528.0,Christian Watson,10.0,1.0,2022-11-30
2022,13,efed72f5-52d7-4a11-bc0f-a1788df37905,b9ce020b-3c9d-424e-94b9-18cd725b1faa,TRADE_PROPOSAL,CANCELED,1,{2C8A1B87-268B-45A5-A0E5-C4A3F61C9BC2},0,TRADE,3116406.0,Tyreek Hill,1.0,10.0,2022-11-30
2022,13,efed72f5-52d7-4a11-bc0f-a1788df37905,b9ce020b-3c9d-424e-94b9-18cd725b1faa,TRADE_PROPOSAL,CANCELED,1,{2C8A1B87-268B-45A5-A0E5-C4A3F61C9BC2},0,DROP,3116389.0,Samaje Perine,1.0,0.0,2022-11-30
2022,13,3112078b-c91e-4192-8b31-044060d41a74,76f7d714-dc2c-428b-840e-3766d1af96ed,WAIVER,EXECUTED,12,NightlyLeagueUpdateTaskProcessor,1,ADD,3929645.0,Juwan Johnson,0.0,12.0,2022-11-30
2022,13,3112078b-c91e-4192-8b31-044060d41a74,76f7d714-dc2c-428b-840e-3766d1af96ed,WAIVER,EXECUTED,12,NightlyLeagueUpdateTaskProcessor,1,DROP,4036131.0,Noah Fant,12.0,0.0,2022-11-30
2022,13,23a6e9b7-785e-434b-a9a4-7ec502b50394,,ROSTER,EXECUTED,5,{77F704CF-0C76-4984-9A71-8BD39511C19F},0,DROP,-16015.0,Dolphins D/ST,5.0,0.0,2022-11-30
2022,13,0e5642c4-ae2a-4a5f-a484-e43c7c63f5c6,,FREEAGENT,EXECUTED,10,{2C8A1B87-268B-45A5-A0E5-C4A3F61C9BC2},0,ADD,4569987.0,Jaylen Warren,0.0,10.0,2022-11-30
2022,13,efd46a0a-db92-42d9-b199-2ed07fe15bfd,48a9207f-7a29-4e94-ab5c-0f55bef4ea65,WAIVER,FAILED_INVALIDPLAYERSOURCE,5,NightlyLeagueUpdateTaskProcessor,4,ADD,16757.0,Derek Carr,0.0,5.0,2022-11-30
2022,13,0489caeb-8224-4418-b3eb-6ed241e636d9,347b62de-4470-42c2-a41e-aff2c759bfc4,TRADE_DECLINE,EXECUTED,12,{91D28B99-9234-408F-ACE7-32AEC03EE9E2},0,,,,,,2022-12-01
2022,13,8d2f44c5-5f7c-4fca-a215-2c6aafde1f07,,FREEAGENT,EXECUTED,14,{C2BAB8A3-9ED5-425C-BAB8-A39ED5B25CC2},0,ADD,2580216.0,DeAndre Carter,0.0,14.0,2022-12-01
2022,13,ee3c7e1e-5799-454a-a5fd-6368b86a7bce,1b6b17d6-68fd-46c5-95ef-2eebda47fef3,TRADE_PROPOSAL,CANCELED,12,{91D28B99-9234-408F-ACE7-32AEC03EE9E2},0,TRADE,4258595.0,Cole Kmet,12.0,1.0,2022-12-01
2022,13,ee3c7e1e-5799-454a-a5fd-6368b86a7bce,1b6b17d6-68fd-46c5-95ef-2eebda47fef3,TRADE_PROPOSAL,CANCELED,12,{91D28B99-9234-408F-ACE7-32AEC03EE9E2},0,TRADE,15920.0,Latavius Murray,12.0,1.0,2022-12-01
2022,13,ee3c7e1e-5799-454a-a5fd-6368b86a7bce,1b6b17d6-68fd-46c5-95ef-2eebda47fef3,TRADE_PROPOSAL,CANCELED,12,{91D28B99-9234-408F-ACE7-32AEC03EE9E2},0,TRADE,3122976.0,Jeff Wilson Jr.,12.0,1.0,2022-12-01
2022,13,ee3c7e1e-5799-454a-a5fd-6368b86a7bce,1b6b17d6-68fd-46c5-95ef-2eebda47fef3,TRADE_PROPOSAL,CANCELED,12,{91D28B99-9234-408F-ACE7-32AEC03EE9E2},0,TRADE,4362628.0,Ja'Marr Chase,12.0,1.0,2022-12-01
2022,13,ee3c7e1e-5799-454a-a5fd-6368b86a7bce,1b6b17d6-68fd-46c5-95ef-2eebda47fef3,TRADE_PROPOSAL,CANCELED,12,{91D28B99-9234-408F-ACE7-32AEC03EE9E2},0,TRADE,3116406.0,Tyreek Hill,1.0,12.0,2022-12-01
2022,13,ee3c7e1e-5799-454a-a5fd-6368b86a7bce,1b6b17d6-68fd-46c5-95ef-2eebda47fef3,TRADE_PROPOSAL,CANCELED,12,{91D28B99-9234-408F-ACE7-32AEC03EE9E2},0,TRADE,3040151.0,George Kittle,1.0,12.0,2022-12-01
2022,13,459b08c9-a88b-45ca-bdcb-bdaa5caf8e85,1254fbad-0d81-40d5-a4a0-74553e01e6ee,WAIVER,EXECUTED,13,NightlyLeagueUpdateTaskProcessor,2,ADD,4035886.0,Khalil Herbert,0.0,13.0,2022-11-30
2022,13,459b08c9-a88b-45ca-bdcb-bdaa5caf8e85,1254fbad-0d81-40d5-a4a0-74553e01e6ee,WAIVER,EXECUTED,13,NightlyLeagueUpdateTaskProcessor,2,DROP,4258595.0,Cole Kmet,13.0,0.0,2022-11-30
2022,13,24a9ce26-11d0-49f6-83cc-4e243c17b20b,,WAIVER,PENDING,10,{2C8A1B87-268B-45A5-A0E5-C4A3F61C9BC2},3,ADD,3928925.0,JaMycal Hasty,0.0,10.0,2022-11-30
2022,13,24a9ce26-11d0-49f6-83cc-4e243c17b20b,,WAIVER,PENDING,10,{2C8A1B87-268B-45A5-A0E5-C4A3F61C9BC2},3,DROP,-16029.0,Panthers D/ST,10.0,0.0,2022-11-30
2022,13,c7f6c43b-25af-4a75-a085-3529d1b4292d,3c6f9b0f-66d1-41cf-ba35-8301a7fd30e6,TRADE_PROPOSAL,CANCELED,10,TradeTaskProcessor,0,TRADE,3117256.0,Dalton Schultz,4.0,10.0,2022-12-02
2022,13,c7f6c43b-25af-4a75-a085-3529d1b4292d,3c6f9b0f-66d1-41cf-ba35-8301a7fd30e6,TRADE_PROPOSAL,CANCELED,10,TradeTaskProcessor,0,TRADE,4569618.0,Garrett Wilson,4.0,10.0,2022-12-02
2022,13,c7f6c43b-25af-4a75-a085-3529d1b4292d,3c6f9b0f-66d1-41cf-ba35-8301a7fd30e6,TRADE_PROPOSAL,CANCELED,10,TradeTaskProcessor,0,TRADE,3115364.0,Leonard Fournette,10.0,4.0,2022-12-02
2022,13,c7f6c43b-25af-4a75-a085-3529d1b4292d,3c6f9b0f-66d1-41cf-ba35-8301a7fd30e6,TRADE_PROPOSAL,CANCELED,10,TradeTaskProcessor,0,DROP,2576434.0,Melvin Gordon III,10.0,0.0,2022-12-02
2022,13,289bb9de-5e86-4865-883e-c15eb1d8f148,,FREEAGENT,EXECUTED,6,{FE8F6865-8A47-4C3A-8D66-0780982B48DD},0,ADD,-16001.0,Falcons D/ST,0.0,6.0,2022-12-04
2022,13,289bb9de-5e86-4865-883e-c15eb1d8f148,,FREEAGENT,EXECUTED,6,{FE8F6865-8A47-4C3A-8D66-0780982B48DD},0,DROP,-16011.0,Colts D/ST,6.0,0.0,2022-12-04
2022,13,c0cceea8-4740-44d8-a170-1b21e768c108,1c2e12db-f36a-409b-b150-00311739d604,WAIVER,EXECUTED,7,NightlyLeagueUpdateTaskProcessor,9,ADD,4427728.0,Zonovan Knight,0.0,7.0,2022-11-30
2022,13,c0cceea8-4740-44d8-a170-1b21e768c108,1c2e12db-f36a-409b-b150-00311739d604,WAIVER,EXECUTED,7,NightlyLeagueUpdateTaskProcessor,9,DROP,3917792.0,Daniel Jones,7.0,0.0,2022-11-30
2022,13,db1f9373-11a5-47b7-ae5b-302d85ee2937,,FREEAGENT,EXECUTED,12,{91D28B99-9234-408F-ACE7-32AEC03EE9E2},0,ADD,-16023.0,Steelers D/ST,0.0,12.0,2022-11-30
2022,13,db1f9373-11a5-47b7-ae5b-302d85ee2937,,FREEAGENT,EXECUTED,12,{91D28B99-9234-408F-ACE7-32AEC03EE9E2},0,DROP,-16016.0,Vikings D/ST,12.0,0.0,2022-11-30
2022,13,18ea35b0-b15b-4d32-b683-8243107c8a5f,,FREEAGENT,EXECUTED,10,{2C8A1B87-268B-45A5-A0E5-C4A3F61C9BC2},0,ADD,-16018.0,Saints D/ST,0.0,10.0,2022-12-01
2022,13,18ea35b0-b15b-4d32-b683-8243107c8a5f,,FREEAGENT,EXECUTED,10,{2C8A1B87-268B-45A5-A0E5-C4A3F61C9BC2},0,DROP,-16029.0,Panthers D/ST,10.0,0.0,2022-12-01
2022,13,a0afdb1e-010b-456b-a0e0-619a96a5f6a8,628e50a6-6f32-4bc5-a6d1-dd518c74a743,WAIVER,EXECUTED,14,NightlyLeagueUpdateTaskProcessor,5,ADD,16757.0,Derek Carr,0.0,14.0,2022-11-30
2022,13,a0afdb1e-010b-456b-a0e0-619a96a5f6a8,628e50a6-6f32-4bc5-a6d1-dd518c74a743,WAIVER,EXECUTED,14,NightlyLeagueUpdateTaskProcessor,5,DROP,2578570.0,Jacoby Brissett,14.0,0.0,2022-11-30
2022,13,dc065ab1-632a-442f-a57d-22bf0cda8452,762c8726-6801-43e4-9c2e-a64cef1fd96b,WAIVER,EXECUTED,12,NightlyLeagueUpdateTaskProcessor,1,ADD,4240021.0,Cam Akers,0.0,12.0,2022-12-03
2022,13,ea486141-0c48-463f-9fe5-b12dd8109bcd,,FREEAGENT,EXECUTED,4,{8242D4C8-FCD1-4A28-9373-CD282687A8E7},0,ADD,3115394.0,DJ Chark,0.0,4.0,2022-11-30
2022,13,ea486141-0c48-463f-9fe5-b12dd8109bcd,,FREEAGENT,EXECUTED,4,{8242D4C8-FCD1-4A28-9373-CD282687A8E7},0,DROP,4052042.0,James Robinson,4.0,0.0,2022-11-30
2022,13,3c6f9b0f-66d1-41cf-ba35-8301a7fd30e6,,TRADE_PROPOSAL,PENDING,10,{2C8A1B87-268B-45A5-A0E5-C4A3F61C9BC2},0,TRADE,3117256.0,Dalton Schultz,4.0,10.0,2022-12-01
2022,13,3c6f9b0f-66d1-41cf-ba35-8301a7fd30e6,,TRADE_PROPOSAL,PENDING,10,{2C8A1B87-268B-45A5-A0E5-C4A3F61C9BC2},0,TRADE,4569618.0,Garrett Wilson,4.0,10.0,2022-12-01
2022,13,3c6f9b0f-66d1-41cf-ba35-8301a7fd30e6,,TRADE_PROPOSAL,PENDING,10,{2C8A1B87-268B-45A5-A0E5-C4A3F61C9BC2},0,TRADE,3115364.0,Leonard Fournette,10.0,4.0,2022-12-01
2022,13,3c6f9b0f-66d1-41cf-ba35-8301a7fd30e6,,TRADE_PROPOSAL,PENDING,10,{2C8A1B87-268B-45A5-A0E5-C4A3F61C9BC2},0,DROP,2576434.0,Melvin Gordon III,10.0,0.0,2022-12-01
2022,13,83e8e352-050f-4303-af83-d256a1a1c83e,ae6dd344-f627-4a4c-be36-b193a41e8b95,WAIVER,EXECUTED,7,NightlyLeagueUpdateTaskProcessor,2,ADD,3930086.0,Dawson Knox,0.0,7.0,2022-12-01
2022,13,83e8e352-050f-4303-af83-d256a1a1c83e,ae6dd344-f627-4a4c-be36-b193a41e8b95,WAIVER,EXECUTED,7,NightlyLeagueUpdateTaskProcessor,2,DROP,3915486.0,Tyler Conklin,7.0,0.0,2022-12-01
2022,13,9aab2049-8b57-49e8-a396-439a240e91a1,,FREEAGENT,EXECUTED,5,{77F704CF-0C76-4984-9A71-8BD39511C19F},0,ADD,15072.0,Marvin Jones Jr.,0.0,5.0,2022-11-30
2022,13,19563b24-3f98-4227-a7b6-8108c7963907,,FREEAGENT,EXECUTED,2,{EC970810-E14F-4307-8FA6-3BAE92CC1B4E},0,ADD,3921690.0,Josh Oliver,0.0,2.0,2022-11-30
2022,13,19563b24-3f98-4227-a7b6-8108c7963907,,FREEAGENT,EXECUTED,2,{EC970810-E14F-4307-8FA6-3BAE92CC1B4E},0,DROP,4361050.0,Isaiah Likely,2.0,0.0,2022-11-30
2022,13,f19b0f89-7874-439c-af49-0744d27d0b65,204ae077-adbe-44d7-a38b-d402e66af494,WAIVER,EXECUTED,6,NightlyLeagueUpdateTaskProcessor,15,ADD,3930066.0,Van Jefferson,0.0,6.0,2022-11-30
2022,13,f19b0f89-7874-439c-af49-0744d27d0b65,204ae077-adbe-44d7-a38b-d402e66af494,WAIVER,EXECUTED,6,NightlyLeagueUpdateTaskProcessor,15,DROP,4360310.0,Trevor Lawrence,6.0,0.0,2022-11-30
2022,13,6b348b9d-c9c8-4893-b806-d71569ce7bd0,,FREEAGENT,EXECUTED,12,{91D28B99-9234-408F-ACE7-32AEC03EE9E2},0,ADD,3915411.0,Ty Johnson,0.0,12.0,2022-12-03
2022,13,faa1c1dc-f0ec-4737-9ed6-5b16da4ca8d3,,FREEAGENT,EXECUTED,4,{8242D4C8-FCD1-4A28-9373-CD282687A8E7},0,ADD,-16027.0,Buccaneers D/ST,0.0,4.0,2022-11-30
2022,13,faa1c1dc-f0ec-4737-9ed6-5b16da4ca8d3,,FREEAGENT,EXECUTED,4,{8242D4C8-FCD1-4A28-9373-CD282687A8E7},0,DROP,-16012.0,Chiefs D/ST,4.0,0.0,2022-11-30
2022,13,4be563aa-ef25-49ad-b272-3930046f9184,b3aba52c-730c-4bd7-a705-152af5c689cb,WAIVER,EXECUTED,2,NightlyLeagueUpdateTaskProcessor,1,ADD,3116389.0,Samaje Perine,0.0,2.0,2022-12-03
2022,13,4be563aa-ef25-49ad-b272-3930046f9184,b3aba52c-730c-4bd7-a705-152af5c689cb,WAIVER,EXECUTED,2,NightlyLeagueUpdateTaskProcessor,1,DROP,3921690.0,Josh Oliver,2.0,0.0,2022-12-03
2022,13,1a72ff22-4df8-4dfc-8f09-c9b818a00586,,FREEAGENT,EXECUTED,2,{EC970810-E14F-4307-8FA6-3BAE92CC1B4E},0,ADD,3051738.0,Marquez Valdes-Scantling,0.0,2.0,2022-11-30
2022,13,1a72ff22-4df8-4dfc-8f09-c9b818a00586,,FREEAGENT,EXECUTED,2,{EC970810-E14F-4307-8FA6-3BAE92CC1B4E},0,DROP,16799.0,Allen Robinson II,2.0,0.0,2022-11-30
2022,13,d6a22447-bb7b-4a5e-8a18-13f4ec2cc04d,,FREEAGENT,EXECUTED,10,{2C8A1B87-268B-45A5-A0E5-C4A3F61C9BC2},0,ADD,4040774.0,Harrison Bryant,0.0,10.0,2022-12-02
2022,13,d6a22447-bb7b-4a5e-8a18-13f4ec2cc04d,,FREEAGENT,EXECUTED,10,{2C8A1B87-268B-45A5-A0E5-C4A3F61C9BC2},0,DROP,2576434.0,Melvin Gordon III,10.0,0.0,2022-12-02
2022,14,54d6fb3a-c64b-4629-b520-015729877e02,,ROSTER,EXECUTED,12,{91D28B99-9234-408F-ACE7-32AEC03EE9E2},0,DROP,3915411.0,Ty Johnson,12.0,0.0,2022-12-06
2022,14,43e61c1d-07d2-48eb-9e12-68e02dd1c5e9,90ea0ab3-2b38-4c1b-89dc-dee49fcf9114,WAIVER,EXECUTED,6,NightlyLeagueUpdateTaskProcessor,3,ADD,-16027.0,Buccaneers D/ST,0.0,6.0,2022-12-08
2022,14,43e61c1d-07d2-48eb-9e12-68e02dd1c5e9,90ea0ab3-2b38-4c1b-89dc-dee49fcf9114,WAIVER,EXECUTED,6,NightlyLeagueUpdateTaskProcessor,3,DROP,-16001.0,Falcons D/ST,6.0,0.0,2022-12-08
2022,14,aee4416c-dca4-4993-a5df-ddbe1015cd59,,ROSTER,EXECUTED,5,{77F704CF-0C76-4984-9A71-8BD39511C19F},0,DROP,-16005.0,Browns D/ST,5.0,0.0,2022-12-06
2022,14,1db411e7-139c-45b9-8936-59ee3daeb2f3,4f6f4b91-d709-4cb1-a6ac-0087243bf9a8,WAIVER,FAILED_AUCTIONBUDGETEXCEEDED,3,NightlyLeagueUpdateTaskProcessor,8,ADD,3046779.0,Jared Goff,0.0,3.0,2022-12-07
2022,14,1db411e7-139c-45b9-8936-59ee3daeb2f3,4f6f4b91-d709-4cb1-a6ac-0087243bf9a8,WAIVER,FAILED_AUCTIONBUDGETEXCEEDED,3,NightlyLeagueUpdateTaskProcessor,8,DROP,2330.0,Tom Brady,3.0,0.0,2022-12-07
2022,14,34e48961-d624-48b2-90d6-9889bec30a30,,ROSTER,EXECUTED,12,{91D28B99-9234-408F-ACE7-32AEC03EE9E2},0,DROP,4035072.0,Benny Snell Jr.,12.0,0.0,2022-12-06
2022,14,db13509e-e8ec-44e3-9c8c-80d451db0486,,FREEAGENT,EXECUTED,14,{C2BAB8A3-9ED5-425C-BAB8-A39ED5B25CC2},0,ADD,3043116.0,Demarcus Robinson,0.0,14.0,2022-12-07
2022,14,db13509e-e8ec-44e3-9c8c-80d451db0486,,FREEAGENT,EXECUTED,14,{C2BAB8A3-9ED5-425C-BAB8-A39ED5B25CC2},0,DROP,16790.0,Jarvis Landry,14.0,0.0,2022-12-07
2022,14,e9516eaa-dd3d-4bfd-ab36-8543524c0237,,FREEAGENT,EXECUTED,12,{91D28B99-9234-408F-ACE7-32AEC03EE9E2},0,ADD,3910544.0,Joshua Kelley,0.0,12.0,2022-12-10
2022,14,e9516eaa-dd3d-4bfd-ab36-8543524c0237,,FREEAGENT,EXECUTED,12,{91D28B99-9234-408F-ACE7-32AEC03EE9E2},0,DROP,4240631.0,DeeJay Dallas,12.0,0.0,2022-12-10
2022,14,a7551263-df5f-4ba8-ba12-8461f4729556,,ROSTER,EXECUTED,12,{91D28B99-9234-408F-ACE7-32AEC03EE9E2},0,DROP,4240600.0,Kadarius Toney,12.0,0.0,2022-12-06
2022,14,89144c46-0ada-48b3-839a-55eb5b0472c9,0fd08dab-0a90-485e-bc21-81105f1660e0,WAIVER,EXECUTED,4,NightlyLeagueUpdateTaskProcessor,40,ADD,16782.0,Jerick McKinnon,0.0,4.0,2022-12-07
2022,14,89144c46-0ada-48b3-839a-55eb5b0472c9,0fd08dab-0a90-485e-bc21-81105f1660e0,WAIVER,EXECUTED,4,NightlyLeagueUpdateTaskProcessor,40,DROP,2973405.0,Kalif Raymond,4.0,0.0,2022-12-07
2022,14,2406d31b-51a2-4297-9e1f-c387bde4e447,25485776-8c08-4a38-985f-a9e871ac7427,WAIVER,FAILED_INVALIDPLAYERSOURCE,6,NightlyLeagueUpdateTaskProcessor,3,ADD,-16012.0,Chiefs D/ST,0.0,6.0,2022-12-07
2022,14,2406d31b-51a2-4297-9e1f-c387bde4e447,25485776-8c08-4a38-985f-a9e871ac7427,WAIVER,FAILED_INVALIDPLAYERSOURCE,6,NightlyLeagueUpdateTaskProcessor,3,DROP,-16001.0,Falcons D/ST,6.0,0.0,2022-12-07
2022,14,a6aee494-7ba9-476e-a095-e394f5e01019,,FREEAGENT,EXECUTED,5,{77F704CF-0C76-4984-9A71-8BD39511C19F},0,ADD,2576581.0,Chris Moore,0.0,5.0,2022-12-11
2022,14,a6aee494-7ba9-476e-a095-e394f5e01019,,FREEAGENT,EXECUTED,5,{77F704CF-0C76-4984-9A71-8BD39511C19F},0,DROP,15072.0,Marvin Jones Jr.,5.0,0.0,2022-12-11
2022,14,f087971b-dbce-4787-ae0c-47b4fa45b604,fd983dea-565b-4dc2-b5b1-5c5db34435d9,WAIVER,EXECUTED,13,NightlyLeagueUpdateTaskProcessor,12,ADD,4367209.0,Greg Dulcich,0.0,13.0,2022-12-07
2022,14,f087971b-dbce-4787-ae0c-47b4fa45b604,fd983dea-565b-4dc2-b5b1-5c5db34435d9,WAIVER,EXECUTED,13,NightlyLeagueUpdateTaskProcessor,12,DROP,4426475.0,Tyrion Davis-Price,13.0,0.0,2022-12-07
2022,14,785943b2-6e50-4c16-bac4-f27a9088bb2c,,FREEAGENT,EXECUTED,10,{2C8A1B87-268B-45A5-A0E5-C4A3F61C9BC2},0,ADD,-16030.0,Jaguars D/ST,0.0,10.0,2022-12-09
2022,14,785943b2-6e50-4c16-bac4-f27a9088bb2c,,FREEAGENT,EXECUTED,10,{2C8A1B87-268B-45A5-A0E5-C4A3F61C9BC2},0,DROP,-16015.0,Dolphins D/ST,10.0,0.0,2022-12-09
2022,14,be27955a-ccc6-44ba-a5e3-c8f0f0dcf697,,FREEAGENT,EXECUTED,5,{77F704CF-0C76-4984-9A71-8BD39511C19F},0,ADD,3046779.0,Jared Goff,0.0,5.0,2022-12-08
2022,14,cc826cec-1fac-4136-84bd-de0d757b2481,,FREEAGENT,EXECUTED,8,{00408013-39CF-40FC-8080-1339CFD0FC06},0,ADD,3917792.0,Daniel Jones,0.0,8.0,2022-12-07
2022,14,cc826cec-1fac-4136-84bd-de0d757b2481,,FREEAGENT,EXECUTED,8,{00408013-39CF-40FC-8080-1339CFD0FC06},0,DROP,4430737.0,Kyren Williams,8.0,0.0,2022-12-07
2022,14,405565e8-f447-4c3d-867d-3c3dc77175ae,,FREEAGENT,EXECUTED,7,{430447A7-381F-4E40-AD53-6A9C1F157A25},0,ADD,3700815.0,Kendall Hinton,0.0,7.0,2022-12-11
2022,14,405565e8-f447-4c3d-867d-3c3dc77175ae,,FREEAGENT,EXECUTED,7,{430447A7-381F-4E40-AD53-6A9C1F157A25},0,DROP,-16025.0,49ers D/ST,7.0,0.0,2022-12-11
2022,14,cfb03ad2-d0b3-4b8e-81f6-90baa45651f7,,FREEAGENT,EXECUTED,1,{C1E09685-96D1-4750-BA21-8BE16D3BF7CA},0,ADD,4036131.0,Noah Fant,0.0,1.0,2022-12-07
2022,14,cfb03ad2-d0b3-4b8e-81f6-90baa45651f7,,FREEAGENT,EXECUTED,1,{C1E09685-96D1-4750-BA21-8BE16D3BF7CA},0,DROP,3928925.0,JaMycal Hasty,1.0,0.0,2022-12-07
2022,14,f40cfc41-518c-42cd-8960-6c95c1077fd4,,FREEAGENT,EXECUTED,12,{91D28B99-9234-408F-ACE7-32AEC03EE9E2},0,ADD,4050373.0,Quez Watkins,0.0,12.0,2022-12-08
2022,14,e7a5af04-cb3b-4d58-aabb-87b51f507cb7,,FREEAGENT,EXECUTED,5,{77F704CF-0C76-4984-9A71-8BD39511C19F},0,ADD,2576623.0,DeVante Parker,0.0,5.0,2022-12-11
2022,14,e7a5af04-cb3b-4d58-aabb-87b51f507cb7,,FREEAGENT,EXECUTED,5,{77F704CF-0C76-4984-9A71-8BD39511C19F},0,DROP,3122168.0,Trent Sherfield,5.0,0.0,2022-12-11
2022,14,e0ac6a4b-adab-4c7c-9675-6fc4733a4c9f,,FREEAGENT,EXECUTED,10,{2C8A1B87-268B-45A5-A0E5-C4A3F61C9BC2},0,ADD,3049916.0,Matt Breida,0.0,10.0,2022-12-09
2022,14,e0ac6a4b-adab-4c7c-9675-6fc4733a4c9f,,FREEAGENT,EXECUTED,10,{2C8A1B87-268B-45A5-A0E5-C4A3F61C9BC2},0,DROP,3051876.0,Evan Engram,10.0,0.0,2022-12-09
2022,14,d1289c2e-c087-49fd-9074-0b881c51e1f0,,FREEAGENT,EXECUTED,7,{430447A7-381F-4E40-AD53-6A9C1F157A25},0,ADD,3046439.0,Hunter Henry,0.0,7.0,2022-12-07
2022,14,d1289c2e-c087-49fd-9074-0b881c51e1f0,,FREEAGENT,EXECUTED,7,{430447A7-381F-4E40-AD53-6A9C1F157A25},0,DROP,3930086.0,Dawson Knox,7.0,0.0,2022-12-07
2022,14,64755bdc-75de-44c3-a1b0-a8211e97980c,,FREEAGENT,EXECUTED,5,{77F704CF-0C76-4984-9A71-8BD39511C19F},0,ADD,3122168.0,Trent Sherfield,0.0,5.0,2022-12-08
2022,14,09010c7e-accf-4a49-a2a0-3dc98a331e82,9f670d3c-2041-4858-bbb7-75cc968efc26,WAIVER,FAILED_INVALIDPLAYERSOURCE,14,NightlyLeagueUpdateTaskProcessor,10,ADD,16782.0,Jerick McKinnon,0.0,14.0,2022-12-07
2022,14,09010c7e-accf-4a49-a2a0-3dc98a331e82,9f670d3c-2041-4858-bbb7-75cc968efc26,WAIVER,FAILED_INVALIDPLAYERSOURCE,14,NightlyLeagueUpdateTaskProcessor,10,DROP,16790.0,Jarvis Landry,14.0,0.0,2022-12-07
2022,14,9fab0273-8d15-4857-b4d2-1cbb72494009,,FREEAGENT,EXECUTED,10,{2C8A1B87-268B-45A5-A0E5-C4A3F61C9BC2},0,ADD,-16010.0,Titans D/ST,0.0,10.0,2022-12-09
2022,14,9fab0273-8d15-4857-b4d2-1cbb72494009,,FREEAGENT,EXECUTED,10,{2C8A1B87-268B-45A5-A0E5-C4A3F61C9BC2},0,DROP,4360635.0,Chigoziem Okonkwo,10.0,0.0,2022-12-09
2022,14,9f3dd404-b647-4a28-96f0-7786d214a216,,ROSTER,EXECUTED,5,{77F704CF-0C76-4984-9A71-8BD39511C19F},0,DROP,4430191.0,Skyy Moore,5.0,0.0,2022-12-06
2022,14,24f5c80e-71b9-412f-b838-5153202e7f83,,FREEAGENT,EXECUTED,14,{C2BAB8A3-9ED5-425C-BAB8-A39ED5B25CC2},0,ADD,3915486.0,Tyler Conklin,0.0,14.0,2022-12-07
2022,14,24f5c80e-71b9-412f-b838-5153202e7f83,,FREEAGENT,EXECUTED,14,{C2BAB8A3-9ED5-425C-BAB8-A39ED5B25CC2},0,DROP,16757.0,Derek Carr,14.0,0.0,2022-12-07
2022,14,14befc7e-909f-4757-9c91-0de7da62abb6,77392142-f6f9-4e32-bef3-3854430c3840,WAIVER,EXECUTED,14,NightlyLeagueUpdateTaskProcessor,1,ADD,4241416.0,Chuba Hubbard,0.0,14.0,2022-12-07
2022,14,14befc7e-909f-4757-9c91-0de7da62abb6,77392142-f6f9-4e32-bef3-3854430c3840,WAIVER,EXECUTED,14,NightlyLeagueUpdateTaskProcessor,1,DROP,3043275.0,Austin Hooper,14.0,0.0,2022-12-07
2022,14,a37e568d-52df-445c-935b-4d337b517f94,,WAIVER,PENDING,10,{2C8A1B87-268B-45A5-A0E5-C4A3F61C9BC2},5,ADD,-16012.0,Chiefs D/ST,0.0,10.0,2022-12-06
2022,14,a37e568d-52df-445c-935b-4d337b517f94,,WAIVER,PENDING,10,{2C8A1B87-268B-45A5-A0E5-C4A3F61C9BC2},5,DROP,-16015.0,Dolphins D/ST,10.0,0.0,2022-12-06
2022,14,6e7477cd-e63a-4631-8269-d669a7f960bf,,ROSTER,EXECUTED,6,{FE8F6865-8A47-4C3A-8D66-0780982B48DD},0,DROP,3126246.0,Dontrell Hilliard,6.0,0.0,2022-12-06
2022,14,629440c7-5b72-406c-8e06-86d5cbaecce6,a901d854-7d4a-4dee-873a-4375e2be0098,WAIVER,FAILED_INVALIDPLAYERSOURCE,8,NightlyLeagueUpdateTaskProcessor,1,ADD,4035671.0,Tyler Huntley,0.0,8.0,2022-12-07
2022,14,629440c7-5b72-406c-8e06-86d5cbaecce6,a901d854-7d4a-4dee-873a-4375e2be0098,WAIVER,FAILED_INVALIDPLAYERSOURCE,8,NightlyLeagueUpdateTaskProcessor,1,DROP,4430737.0,Kyren Williams,8.0,0.0,2022-12-07
2022,14,c914fe9e-f9b8-4ed3-8183-491874d925eb,b1899052-1991-41e5-b637-55c3a9a7fd7b,WAIVER,EXECUTED,13,NightlyLeagueUpdateTaskProcessor,5,ADD,4046676.0,Tony Jones Jr.,0.0,13.0,2022-12-07
2022,14,c914fe9e-f9b8-4ed3-8183-491874d925eb,b1899052-1991-41e5-b637-55c3a9a7fd7b,WAIVER,EXECUTED,13,NightlyLeagueUpdateTaskProcessor,5,DROP,3924365.0,Hayden Hurst,13.0,0.0,2022-12-07
2022,14,89f97765-e348-432f-ba35-65bf66a87205,,FREEAGENT,EXECUTED,2,{EC970810-E14F-4307-8FA6-3BAE92CC1B4E},0,ADD,3051381.0,Mike White,0.0,2.0,2022-12-08
2022,14,89f97765-e348-432f-ba35-65bf66a87205,,FREEAGENT,EXECUTED,2,{EC970810-E14F-4307-8FA6-3BAE92CC1B4E},0,DROP,2576980.0,Marcus Mariota,2.0,0.0,2022-12-08
2022,14,d588809e-6ba8-4be1-b303-a106d20b1095,fce1f70a-89fa-4a86-aca9-0acbd4c9e68f,WAIVER,FAILED_INVALIDPLAYERSOURCE,14,NightlyLeagueUpdateTaskProcessor,1,ADD,15880.0,Robert Woods,0.0,14.0,2022-12-07
2022,14,d588809e-6ba8-4be1-b303-a106d20b1095,fce1f70a-89fa-4a86-aca9-0acbd4c9e68f,WAIVER,FAILED_INVALIDPLAYERSOURCE,14,NightlyLeagueUpdateTaskProcessor,1,DROP,2580216.0,DeAndre Carter,14.0,0.0,2022-12-07
2022,14,10b44312-751a-44fa-84f2-2d90cec96992,ab32b398-3089-4c4d-addb-74acbbaa26a6,WAIVER,FAILED_INVALIDPLAYERSOURCE,14,NightlyLeagueUpdateTaskProcessor,1,ADD,4367209.0,Greg Dulcich,0.0,14.0,2022-12-07
2022,14,10b44312-751a-44fa-84f2-2d90cec96992,ab32b398-3089-4c4d-addb-74acbbaa26a6,WAIVER,FAILED_INVALIDPLAYERSOURCE,14,NightlyLeagueUpdateTaskProcessor,1,DROP,3843945.0,Foster Moreau,14.0,0.0,2022-12-07
2022,14,518a3e9b-e55d-4e79-8dc0-46a8f01b689b,,FREEAGENT,EXECUTED,10,{2C8A1B87-268B-45A5-A0E5-C4A3F61C9BC2},0,ADD,4360635.0,Chigoziem Okonkwo,0.0,10.0,2022-12-07
2022,14,518a3e9b-e55d-4e79-8dc0-46a8f01b689b,,FREEAGENT,EXECUTED,10,{2C8A1B87-268B-45A5-A0E5-C4A3F61C9BC2},0,DROP,4569987.0,Jaylen Warren,10.0,0.0,2022-12-07
2022,14,3d6c32cd-2db7-4b96-8caa-68af0b3db9d7,0a7f32ac-d4c8-4074-9c98-955e5bd81117,WAIVER,EXECUTED,14,NightlyLeagueUpdateTaskProcessor,5,ADD,3139033.0,Mike Boone,0.0,14.0,2022-12-07
2022,14,3d6c32cd-2db7-4b96-8caa-68af0b3db9d7,0a7f32ac-d4c8-4074-9c98-955e5bd81117,WAIVER,EXECUTED,14,NightlyLeagueUpdateTaskProcessor,5,DROP,14053.0,Randall Cobb,14.0,0.0,2022-12-07
2022,14,60b61286-d249-49e7-9516-55baa05c8830,a37e568d-52df-445c-935b-4d337b517f94,WAIVER,FAILED_INVALIDPLAYERSOURCE,10,NightlyLeagueUpdateTaskProcessor,5,ADD,-16012.0,Chiefs D/ST,0.0,10.0,2022-12-07
2022,14,60b61286-d249-49e7-9516-55baa05c8830,a37e568d-52df-445c-935b-4d337b517f94,WAIVER,FAILED_INVALIDPLAYERSOURCE,10,NightlyLeagueUpdateTaskProcessor,5,DROP,-16015.0,Dolphins D/ST,10.0,0.0,2022-12-07
2022,14,a5e95148-dead-4d70-bda6-1fbbbf3a4d1b,b92268a3-28ec-4a26-b376-28a1e3324dca,WAIVER,FAILED_INVALIDPLAYERSOURCE,12,NightlyLeagueUpdateTaskProcessor,7,ADD,16782.0,Jerick McKinnon,0.0,12.0,2022-12-07
2022,14,dbea2b77-aec6-4b68-b936-27b3583c89d7,,FREEAGENT,EXECUTED,13,{85A6A0E4-D846-4046-B7F8-487FAD9165E0},0,ADD,4037457.0,Travis Homer,0.0,13.0,2022-12-09
2022,14,dbea2b77-aec6-4b68-b936-27b3583c89d7,,FREEAGENT,EXECUTED,13,{85A6A0E4-D846-4046-B7F8-487FAD9165E0},0,DROP,4046676.0,Tony Jones Jr.,13.0,0.0,2022-12-09
2022,14,3adfe851-8a5a-4859-a7cf-15caae8f96e1,4ca2fa55-98fe-419b-b061-414db8eab449,WAIVER,FAILED_INVALIDPLAYERSOURCE,1,NightlyLeagueUpdateTaskProcessor,1,ADD,4367209.0,Greg Dulcich,0.0,1.0,2022-12-07
2022,14,3adfe851-8a5a-4859-a7cf-15caae8f96e1,4ca2fa55-98fe-419b-b061-414db8eab449,WAIVER,FAILED_INVALIDPLAYERSOURCE,1,NightlyLeagueUpdateTaskProcessor,1,DROP,3928925.0,JaMycal Hasty,1.0,0.0,2022-12-07
2022,14,7ad60d38-af7c-409d-b79c-0f9a9fe59101,3d9a5c5b-c361-4e13-9cfe-f465b9fe97db,WAIVER,EXECUTED,12,NightlyLeagueUpdateTaskProcessor,20,ADD,4240631.0,DeeJay Dallas,0.0,12.0,2022-12-07
2022,14,5922fcc4-b231-4b17-86bd-d53e01f9c852,270675b0-91c9-4dc9-b4f9-3c28c929bf8c,WAIVER,EXECUTED,5,NightlyLeagueUpdateTaskProcessor,6,ADD,-16022.0,Cardinals D/ST,0.0,5.0,2022-12-07
2022,14,1c97f161-bda0-4f03-9838-529156d17e35,,FREEAGENT,EXECUTED,13,{85A6A0E4-D846-4046-B7F8-487FAD9165E0},0,ADD,-16023.0,Steelers D/ST,0.0,13.0,2022-12-10
2022,14,1c97f161-bda0-4f03-9838-529156d17e35,,FREEAGENT,EXECUTED,13,{85A6A0E4-D846-4046-B7F8-487FAD9165E0},0,DROP,4360569.0,Jordan Mason,13.0,0.0,2022-12-10
2022,14,6763d6c3-215f-44cf-bc12-4b03ee8265db,e3d19039-a476-4bb4-9ada-7666361d4a66,WAIVER,EXECUTED,4,NightlyLeagueUpdateTaskProcessor,15,ADD,-16012.0,Chiefs D/ST,0.0,4.0,2022-12-07
2022,14,6763d6c3-215f-44cf-bc12-4b03ee8265db,e3d19039-a476-4bb4-9ada-7666361d4a66,WAIVER,EXECUTED,4,NightlyLeagueUpdateTaskProcessor,15,DROP,-16027.0,Buccaneers D/ST,4.0,0.0,2022-12-07
2022,14,7853cb78-7969-4848-9104-1f44d428f3f3,f6c5950a-223e-49cc-bb26-982b78f217cf,WAIVER,EXECUTED,12,NightlyLeagueUpdateTaskProcessor,3,ADD,-16013.0,Raiders D/ST,0.0,12.0,2022-12-07
2022,14,7853cb78-7969-4848-9104-1f44d428f3f3,f6c5950a-223e-49cc-bb26-982b78f217cf,WAIVER,EXECUTED,12,NightlyLeagueUpdateTaskProcessor,3,DROP,-16023.0,Steelers D/ST,12.0,0.0,2022-12-07
2022,14,528e5b24-d12d-4459-8b07-8d22cc31a8af,84afbed7-fa80-4acb-b7c6-2c3ca0b2d630,WAIVER,EXECUTED,13,NightlyLeagueUpdateTaskProcessor,13,ADD,15880.0,Robert Woods,0.0,13.0,2022-12-07
2022,14,528e5b24-d12d-4459-8b07-8d22cc31a8af,84afbed7-fa80-4acb-b7c6-2c3ca0b2d630,WAIVER,EXECUTED,13,NightlyLeagueUpdateTaskProcessor,13,DROP,-16028.0,Commanders D/ST,13.0,0.0,2022-12-07
2022,14,b9239271-1af4-4f32-aa14-3c08a2b44dd3,,FREEAGENT,EXECUTED,7,{430447A7-381F-4E40-AD53-6A9C1F157A25},0,ADD,4037235.0,Greg Dortch,0.0,7.0,2022-12-10
2022,14,b9239271-1af4-4f32-aa14-3c08a2b44dd3,,FREEAGENT,EXECUTED,7,{430447A7-381F-4E40-AD53-6A9C1F157A25},0,DROP,16733.0,Odell Beckham Jr.,7.0,0.0,2022-12-10
2022,14,98e158c3-7306-4e35-85d0-43cc3c89d6f7,ab421194-77e3-4922-a301-93502f68c4d7,WAIVER,EXECUTED,3,NightlyLeagueUpdateTaskProcessor,8,ADD,4035671.0,Tyler Huntley,0.0,3.0,2022-12-07
2022,14,98e158c3-7306-4e35-85d0-43cc3c89d6f7,ab421194-77e3-4922-a301-93502f68c4d7,WAIVER,EXECUTED,3,NightlyLeagueUpdateTaskProcessor,8,DROP,2330.0,Tom Brady,3.0,0.0,2022-12-07
2022,14,ac9151c5-ce5a-4a3f-8a4a-829ea418fe95,,ROSTER,EXECUTED,5,{77F704CF-0C76-4984-9A71-8BD39511C19F},0,DROP,4360310.0,Trevor Lawrence,5.0,0.0,2022-12-08
2022,15,dffc32cc-488d-442b-97bb-c190783d6ff5,,FREEAGENT,EXECUTED,7,{430447A7-381F-4E40-AD53-6A9C1F157A25},0,ADD,4360797.0,Tutu Atwell,0.0,7.0,2022-12-16
2022,15,dffc32cc-488d-442b-97bb-c190783d6ff5,,FREEAGENT,EXECUTED,7,{430447A7-381F-4E40-AD53-6A9C1F157A25},0,DROP,3046439.0,Hunter Henry,7.0,0.0,2022-12-16
2022,15,b57638e1-317c-46c1-94a8-c4b37a7589b2,d4bbe313-e0e0-4ffe-a762-8e99cc70a1d2,WAIVER,FAILED_AUCTIONBUDGETEXCEEDED,7,NightlyLeagueUpdateTaskProcessor,1,ADD,3051876.0,Evan Engram,0.0,7.0,2022-12-14
2022,15,b57638e1-317c-46c1-94a8-c4b37a7589b2,d4bbe313-e0e0-4ffe-a762-8e99cc70a1d2,WAIVER,FAILED_AUCTIONBUDGETEXCEEDED,7,NightlyLeagueUpdateTaskProcessor,1,DROP,3700815.0,Kendall Hinton,7.0,0.0,2022-12-14
2022,15,84de0b6c-a672-416c-961a-d8ddacd07830,,WAIVER,PENDING,10,{2C8A1B87-268B-45A5-A0E5-C4A3F61C9BC2},12,ADD,2983509.0,Dare Ogunbowale,0.0,10.0,2022-12-13
2022,15,84de0b6c-a672-416c-961a-d8ddacd07830,,WAIVER,PENDING,10,{2C8A1B87-268B-45A5-A0E5-C4A3F61C9BC2},12,DROP,3049916.0,Matt Breida,10.0,0.0,2022-12-13
2022,15,b1ff25d3-cc88-4ec2-a18d-427f6faeadb0,60b3f9f0-8633-4e21-964b-f6264ed191cb,WAIVER,EXECUTED,2,NightlyLeagueUpdateTaskProcessor,1,ADD,3051876.0,Evan Engram,0.0,2.0,2022-12-14
2022,15,b1ff25d3-cc88-4ec2-a18d-427f6faeadb0,60b3f9f0-8633-4e21-964b-f6264ed191cb,WAIVER,EXECUTED,2,NightlyLeagueUpdateTaskProcessor,1,DROP,3051381.0,Mike White,2.0,0.0,2022-12-14
2022,15,c9d54de0-7f95-4b24-b208-f62ce990a5b0,,FREEAGENT,EXECUTED,6,{FE8F6865-8A47-4C3A-8D66-0780982B48DD},0,ADD,-16029.0,Panthers D/ST,0.0,6.0,2022-12-15
2022,15,c9d54de0-7f95-4b24-b208-f62ce990a5b0,,FREEAGENT,EXECUTED,6,{FE8F6865-8A47-4C3A-8D66-0780982B48DD},0,DROP,4362630.0,Terrace Marshall Jr.,6.0,0.0,2022-12-15
2022,15,2f4d0b7b-f638-4546-b3e5-65e2eedd2ef9,be112dc4-2313-4b2b-a658-fd3d858e3649,WAIVER,EXECUTED,7,NightlyLeagueUpdateTaskProcessor,4,ADD,4360310.0,Trevor Lawrence,0.0,7.0,2022-12-14
2022,15,2f4d0b7b-f638-4546-b3e5-65e2eedd2ef9,be112dc4-2313-4b2b-a658-fd3d858e3649,WAIVER,EXECUTED,7,NightlyLeagueUpdateTaskProcessor,4,DROP,4037235.0,Greg Dortch,7.0,0.0,2022-12-14
2022,15,824eeb24-a8ec-414a-88f7-50cfbf1377c9,,FREEAGENT,EXECUTED,7,{430447A7-381F-4E40-AD53-6A9C1F157A25},0,ADD,4360635.0,Chigoziem Okonkwo,0.0,7.0,2022-12-14
2022,15,824eeb24-a8ec-414a-88f7-50cfbf1377c9,,FREEAGENT,EXECUTED,7,{430447A7-381F-4E40-AD53-6A9C1F157A25},0,DROP,4372414.0,Elijah Moore,7.0,0.0,2022-12-14
2022,15,ff6f9065-8939-4479-9c9b-956574e2a6c5,f1c6308e-0f64-415e-9170-98e0a4014444,WAIVER,FAILED_INVALIDPLAYERSOURCE,6,NightlyLeagueUpdateTaskProcessor,7,ADD,-16025.0,49ers D/ST,0.0,6.0,2022-12-14
2022,15,ff6f9065-8939-4479-9c9b-956574e2a6c5,f1c6308e-0f64-415e-9170-98e0a4014444,WAIVER,FAILED_INVALIDPLAYERSOURCE,6,NightlyLeagueUpdateTaskProcessor,7,DROP,4362630.0,Terrace Marshall Jr.,6.0,0.0,2022-12-14
2022,15,b78b0382-4926-4377-896f-3805824ce843,,FREEAGENT,EXECUTED,7,{430447A7-381F-4E40-AD53-6A9C1F157A25},0,ADD,-16007.0,Broncos D/ST,0.0,7.0,2022-12-14
2022,15,b78b0382-4926-4377-896f-3805824ce843,,FREEAGENT,EXECUTED,7,{430447A7-381F-4E40-AD53-6A9C1F157A25},0,DROP,3700815.0,Kendall Hinton,7.0,0.0,2022-12-14
2022,15,cba9de3c-c788-4318-b0e2-ab9518a764e6,47d6df84-6131-4f9e-a215-b1a70b258d94,WAIVER,EXECUTED,13,NightlyLeagueUpdateTaskProcessor,4,ADD,4372414.0,Elijah Moore,0.0,13.0,2022-12-16
2022,15,cba9de3c-c788-4318-b0e2-ab9518a764e6,47d6df84-6131-4f9e-a215-b1a70b258d94,WAIVER,EXECUTED,13,NightlyLeagueUpdateTaskProcessor,4,DROP,15880.0,Robert Woods,13.0,0.0,2022-12-16
2022,15,d5ef3dc2-ec10-4867-a48e-3375ed8d1572,4d6165cc-c113-42b5-8469-066897a66480,WAIVER,EXECUTED,10,NightlyLeagueUpdateTaskProcessor,12,ADD,-16025.0,49ers D/ST,0.0,10.0,2022-12-14
2022,15,d5ef3dc2-ec10-4867-a48e-3375ed8d1572,4d6165cc-c113-42b5-8469-066897a66480,WAIVER,EXECUTED,10,NightlyLeagueUpdateTaskProcessor,12,DROP,-16030.0,Jaguars D/ST,10.0,0.0,2022-12-14
2022,15,e589a3d1-df7a-4da8-8781-aa46e0f2ccc5,,FREEAGENT,EXECUTED,10,{2C8A1B87-268B-45A5-A0E5-C4A3F61C9BC2},0,ADD,2983509.0,Dare Ogunbowale,0.0,10.0,2022-12-14
2022,15,e589a3d1-df7a-4da8-8781-aa46e0f2ccc5,,FREEAGENT,EXECUTED,10,{2C8A1B87-268B-45A5-A0E5-C4A3F61C9BC2},0,DROP,-16010.0,Titans D/ST,10.0,0.0,2022-12-14
2022,15,bcb8e7f8-3d14-4e92-92ab-814ea8f11faa,,FREEAGENT,EXECUTED,7,{430447A7-381F-4E40-AD53-6A9C1F157A25},0,ADD,8439.0,Aaron Rodgers,0.0,7.0,2022-12-17
2022,15,bcb8e7f8-3d14-4e92-92ab-814ea8f11faa,,FREEAGENT,EXECUTED,7,{430447A7-381F-4E40-AD53-6A9C1F157A25},0,DROP,4372485.0,Rondale Moore,7.0,0.0,2022-12-17
2022,15,b5e9f922-d097-40a2-8f34-b33b7d534b55,,FREEAGENT,EXECUTED,10,{2C8A1B87-268B-45A5-A0E5-C4A3F61C9BC2},0,ADD,15971.0,Rex Burkhead,0.0,10.0,2022-12-14
2022,15,b5e9f922-d097-40a2-8f34-b33b7d534b55,,FREEAGENT,EXECUTED,10,{2C8A1B87-268B-45A5-A0E5-C4A3F61C9BC2},0,DROP,3049916.0,Matt Breida,10.0,0.0,2022-12-14
2022,15,4d6165cc-c113-42b5-8469-066897a66480,,WAIVER,PENDING,10,{2C8A1B87-268B-45A5-A0E5-C4A3F61C9BC2},12,ADD,-16025.0,49ers D/ST,0.0,10.0,2022-12-13
2022,15,4d6165cc-c113-42b5-8469-066897a66480,,WAIVER,PENDING,10,{2C8A1B87-268B-45A5-A0E5-C4A3F61C9BC2},12,DROP,-16030.0,Jaguars D/ST,10.0,0.0,2022-12-13
2022,15,577b0635-07b2-45e5-9d52-8d66f2f1902a,5115f0e7-2c47-4e14-b672-5e849b810a9f,WAIVER,FAILED_AUCTIONBUDGETEXCEEDED,7,NightlyLeagueUpdateTaskProcessor,1,ADD,-16007.0,Broncos D/ST,0.0,7.0,2022-12-14
2022,15,577b0635-07b2-45e5-9d52-8d66f2f1902a,5115f0e7-2c47-4e14-b672-5e849b810a9f,WAIVER,FAILED_AUCTIONBUDGETEXCEEDED,7,NightlyLeagueUpdateTaskProcessor,1,DROP,3700815.0,Kendall Hinton,7.0,0.0,2022-12-14
2022,15,d98185cb-1951-442e-a040-2f0883ba9272,84de0b6c-a672-416c-961a-d8ddacd07830,WAIVER,CANCELED,10,{2C8A1B87-268B-45A5-A0E5-C4A3F61C9BC2},0,ADD,2983509.0,Dare Ogunbowale,0.0,10.0,2022-12-13
2022,15,d98185cb-1951-442e-a040-2f0883ba9272,84de0b6c-a672-416c-961a-d8ddacd07830,WAIVER,CANCELED,10,{2C8A1B87-268B-45A5-A0E5-C4A3F61C9BC2},0,DROP,3049916.0,Matt Breida,10.0,0.0,2022-12-13
2022,16,9314e234-1ad9-44b8-88bd-16991e1725e1,729dc4e3-44b7-435f-bdca-d2dbedeb094e,WAIVER,FAILED_INVALIDPLAYERSOURCE,4,NightlyLeagueUpdateTaskProcessor,11,ADD,4035676.0,Zack Moss,0.0,4.0,2022-12-21
2022,16,9314e234-1ad9-44b8-88bd-16991e1725e1,729dc4e3-44b7-435f-bdca-d2dbedeb094e,WAIVER,FAILED_INVALIDPLAYERSOURCE,4,NightlyLeagueUpdateTaskProcessor,11,DROP,13982.0,Julio Jones,4.0,0.0,2022-12-21
2022,16,e7a1453a-998e-4a81-bd39-53287d6f1dff,9050c6a8-c341-45a5-930c-609352c724af,WAIVER,EXECUTED,4,NightlyLeagueUpdateTaskProcessor,3,ADD,-16004.0,Bengals D/ST,0.0,4.0,2022-12-21
2022,16,e7a1453a-998e-4a81-bd39-53287d6f1dff,9050c6a8-c341-45a5-930c-609352c724af,WAIVER,EXECUTED,4,NightlyLeagueUpdateTaskProcessor,3,DROP,-16012.0,Chiefs D/ST,4.0,0.0,2022-12-21
2022,16,31f36a21-51a6-4393-a94a-4b16efb68c9a,,FREEAGENT,EXECUTED,13,{85A6A0E4-D846-4046-B7F8-487FAD9165E0},0,ADD,-16010.0,Titans D/ST,0.0,13.0,2022-12-22
2022,16,31f36a21-51a6-4393-a94a-4b16efb68c9a,,FREEAGENT,EXECUTED,13,{85A6A0E4-D846-4046-B7F8-487FAD9165E0},0,DROP,-16023.0,Steelers D/ST,13.0,0.0,2022-12-22
2022,16,b2e52d9c-da3f-4474-b910-53d16559b4f8,,FREEAGENT,EXECUTED,10,{2C8A1B87-268B-45A5-A0E5-C4A3F61C9BC2},0,ADD,4038524.0,Gardner Minshew,0.0,10.0,2022-12-21
2022,16,8e3d89d3-bb27-4c3e-8702-b837252b69ff,,FREEAGENT,EXECUTED,10,{2C8A1B87-268B-45A5-A0E5-C4A3F61C9BC2},0,ADD,4240455.0,Deon Jackson,0.0,10.0,2022-12-21
2022,16,8e3d89d3-bb27-4c3e-8702-b837252b69ff,,FREEAGENT,EXECUTED,10,{2C8A1B87-268B-45A5-A0E5-C4A3F61C9BC2},0,DROP,3916433.0,Jakobi Meyers,10.0,0.0,2022-12-21
2022,16,c975edc2-e672-408a-8964-64e17faf9220,,FREEAGENT,EXECUTED,13,{85A6A0E4-D846-4046-B7F8-487FAD9165E0},0,ADD,4373626.0,Tyler Allgeier,0.0,13.0,2022-12-23
2022,16,c975edc2-e672-408a-8964-64e17faf9220,,FREEAGENT,EXECUTED,13,{85A6A0E4-D846-4046-B7F8-487FAD9165E0},0,DROP,4037457.0,Travis Homer,13.0,0.0,2022-12-23
2022,16,1b762d53-9a21-4721-b396-9e70e609c28d,,FREEAGENT,EXECUTED,10,{2C8A1B87-268B-45A5-A0E5-C4A3F61C9BC2},0,ADD,2330.0,Tom Brady,0.0,10.0,2022-12-24
2022,16,1b762d53-9a21-4721-b396-9e70e609c28d,,FREEAGENT,EXECUTED,10,{2C8A1B87-268B-45A5-A0E5-C4A3F61C9BC2},0,DROP,4038524.0,Gardner Minshew,10.0,0.0,2022-12-24
2022,16,7d120217-275d-4342-82d8-7faf7a89982e,,FREEAGENT,EXECUTED,13,{85A6A0E4-D846-4046-B7F8-487FAD9165E0},0,ADD,4569987.0,Jaylen Warren,0.0,13.0,2022-12-23
2022,16,7d120217-275d-4342-82d8-7faf7a89982e,,FREEAGENT,EXECUTED,13,{85A6A0E4-D846-4046-B7F8-487FAD9165E0},0,DROP,4360238.0,Dameon Pierce,13.0,0.0,2022-12-23
2022,16,34ab38bf-ab62-46e4-bf19-ecc7c075d27e,a84881b4-b780-49c7-9303-d0b8e69276fc,WAIVER,EXECUTED,6,NightlyLeagueUpdateTaskProcessor,15,ADD,4035676.0,Zack Moss,0.0,6.0,2022-12-21
2022,16,83f22eae-05dc-47bf-8af7-ce0143adfd1c,,FREEAGENT,EXECUTED,13,{85A6A0E4-D846-4046-B7F8-487FAD9165E0},0,ADD,15839.0,Marquise Goodwin,0.0,13.0,2022-12-23
2022,16,83f22eae-05dc-47bf-8af7-ce0143adfd1c,,FREEAGENT,EXECUTED,13,{85A6A0E4-D846-4046-B7F8-487FAD9165E0},0,DROP,4569987.0,Jaylen Warren,13.0,0.0,2022-12-23
2022,16,e4302003-c31f-468b-a8f6-2f0d92925fb8,,ROSTER,EXECUTED,10,{2C8A1B87-268B-45A5-A0E5-C4A3F61C9BC2},0,DROP,2983509.0,Dare Ogunbowale,10.0,0.0,2022-12-20
2022,16,e4302003-c31f-468b-a8f6-2f0d92925fb8,,ROSTER,EXECUTED,10,{2C8A1B87-268B-45A5-A0E5-C4A3F61C9BC2},0,DROP,15971.0,Rex Burkhead,10.0,0.0,2022-12-20
2022,17,2ee65644-6bab-4ca9-b83f-13c31349b648,,FREEAGENT,EXECUTED,10,{2C8A1B87-268B-45A5-A0E5-C4A3F61C9BC2},0,ADD,4037235.0,Greg Dortch,0.0,10.0,2022-12-28
2022,17,2ee65644-6bab-4ca9-b83f-13c31349b648,,FREEAGENT,EXECUTED,10,{2C8A1B87-268B-45A5-A0E5-C4A3F61C9BC2},0,DROP,2330.0,Tom Brady,10.0,0.0,2022-12-28
2022,17,543d27b4-d431-4ed6-a7b9-f30528e405fa,,FREEAGENT,EXECUTED,10,{2C8A1B87-268B-45A5-A0E5-C4A3F61C9BC2},0,ADD,4361409.0,Jahan Dotson,0.0,10.0,2022-12-28
2022,17,543d27b4-d431-4ed6-a7b9-f30528e405fa,,FREEAGENT,EXECUTED,10,{2C8A1B87-268B-45A5-A0E5-C4A3F61C9BC2},0,DROP,3916945.0,Darius Slayton,10.0,0.0,2022-12-28
2022,17,fad95f4f-a0ed-43d9-a6d4-989ac30a262b,,ROSTER,EXECUTED,10,{2C8A1B87-268B-45A5-A0E5-C4A3F61C9BC2},0,DROP,4240455.0,Deon Jackson,10.0,0.0,2022-12-27
2022,17,98f4a580-50d7-45c5-bd08-923c49891839,,FREEAGENT,EXECUTED,4,{8242D4C8-FCD1-4A28-9373-CD282687A8E7},0,ADD,-16012.0,Chiefs D/ST,0.0,4.0,2022-12-28
2022,17,98f4a580-50d7-45c5-bd08-923c49891839,,FREEAGENT,EXECUTED,4,{8242D4C8-FCD1-4A28-9373-CD282687A8E7},0,DROP,-16004.0,Bengals D/ST,4.0,0.0,2022-12-28
2022,17,3ef424d7-0e6c-4eeb-bb4d-ced686227f90,,FREEAGENT,EXECUTED,4,{8242D4C8-FCD1-4A28-9373-CD282687A8E7},0,ADD,3930086.0,Dawson Knox,0.0,4.0,2022-12-28
2022,17,3ef424d7-0e6c-4eeb-bb4d-ced686227f90,,FREEAGENT,EXECUTED,4,{8242D4C8-FCD1-4A28-9373-CD282687A8E7},0,DROP,2975674.0,Robert Tonyan,4.0,0.0,2022-12-28
2022,17,181c0621-c524-4f46-8f72-c7787f08130b,,FREEAGENT,EXECUTED,10,{2C8A1B87-268B-45A5-A0E5-C4A3F61C9BC2},0,ADD,4038524.0,Gardner Minshew,0.0,10.0,2022-12-28
2022,17,5c1dd75f-b005-468e-897c-cdee16d161db,,FREEAGENT,EXECUTED,10,{2C8A1B87-268B-45A5-A0E5-C4A3F61C9BC2},0,ADD,4361432.0,Romeo Doubs,0.0,10.0,2022-12-28
2022,17,5c1dd75f-b005-468e-897c-cdee16d161db,,FREEAGENT,EXECUTED,10,{2C8A1B87-268B-45A5-A0E5-C4A3F61C9BC2},0,DROP,3123076.0,David Njoku,10.0,0.0,2022-12-28
