season,week,transaction_id,related_transaction_id,transaction_type,status,espn_team_id,member_id,bid_amount,item_type,player_id,player_name,from_team_id,to_team_id,date
2021,1,fbcf8bcc-1619-4b47-9742-72983c0ce600,,FREEAGENT,EXECUTED,1,{C1E09685-96D1-4750-BA21-8BE16D3BF7CA},0,ADD,16944.0,Devonta Freeman,0.0,1.0,2021-09-09
2021,1,fbcf8bcc-1619-4b47-9742-72983c0ce600,,FREEAGENT,EXECUTED,1,{C1E09685-96D1-4750-BA21-8BE16D3BF7CA},0,DROP,2977644.0,Todd Gurley II,1.0,0.0,2021-09-09
2021,1,209c0630-6dc5-478e-b19b-aac8f499c48e,,FREEAGENT,EXECUTED,13,{85A6A0E4-D846-4046-B7F8-487FAD9165E0},0,ADD,3929645.0,Juwan Johnson,0.0,13.0,2021-09-11
2021,1,209c0630-6dc5-478e-b19b-aac8f499c48e,,FREEAGENT,EXECUTED,13,{85A6A0E4-D846-4046-B7F8-487FAD9165E0},0,DROP,3918639.0,Gerald Everett,13.0,0.0,2021-09-11
2021,1,5faf6ba8-1fce-47e4-bebe-81a3c41c9b69,,FREEAGENT,EXECUTED,4,{8242D4C8-FCD1-4A28-9373-CD282687A8E7},0,ADD,4261020.0,Trenton Cannon,0.0,4.0,2021-09-09
2021,1,5faf6ba8-1fce-47e4-bebe-81a3c41c9b69,,FREEAGENT,EXECUTED,4,{8242D4C8-FCD1-4A28-9373-CD282687A8E7},0,DROP,2572861.0,J.D. McKissic,4.0,0.0,2021-09-09
2021,1,52d145d7-6afa-417b-b4e3-a28eca792f5c,,FREEAGENT,EXECUTED,4,{8242D4C8-FCD1-4A28-9373-CD282687A8E7},0,ADD,15920.0,Latavius Murray,0.0,4.0,2021-09-09
2021,1,52d145d7-6afa-417b-b4e3-a28eca792f5c,,FREEAGENT,EXECUTED,4,{8242D4C8-FCD1-4A28-9373-CD282687A8E7},0,DROP,4261020.0,Trenton Cannon,4.0,0.0,2021-09-09
2021,1,fb9144b8-bc1a-4628-b2e0-393ab7142914,704b32fb-d2f2-4d91-9cf9-ddb2314f8186,TRADE_DECLINE,EXECUTED,7,{430447A7-381F-4E40-AD53-6A9C1F157A25},0,,,,,,2021-09-10
2021,1,5669c7cd-a6e9-4209-aedf-d410df6e0627,,FREEAGENT,EXECUTED,1,{C1E09685-96D1-4750-BA21-8BE16D3BF7CA},0,ADD,2587819.0,Tyrell Williams,0.0,1.0,2021-09-08
2021,1,e49d9354-5980-492c-9e9e-a60d263a431c,5bfac739-e934-4df1-9fce-e5c5d06beeec,WAIVER,EXECUTED,14,NightlyLeagueUpdateTaskProcessor,1,ADD,-16015.0,Dolphins D/ST,0.0,14.0,2021-09-08
2021,1,e49d9354-5980-492c-9e9e-a60d263a431c,5bfac739-e934-4df1-9fce-e5c5d06beeec,WAIVER,EXECUTED,14,NightlyLeagueUpdateTaskProcessor,1,DROP,-16005.0,Browns D/ST,14.0,0.0,2021-09-08
2021,1,5aa0dd8c-e39b-43cf-a347-c07324a79d0d,,FREEAGENT,EXECUTED,1,{C1E09685-96D1-4750-BA21-8BE16D3BF7CA},0,ADD,15825.0,Le'Veon Bell,0.0,1.0,2021-09-09
2021,1,5aa0dd8c-e39b-43cf-a347-c07324a79d0d,,FREEAGENT,EXECUTED,1,{C1E09685-96D1-4750-BA21-8BE16D3BF7CA},0,DROP,2587819.0,Tyrell Williams,1.0,0.0,2021-09-09
2021,1,87db3b71-94be-4dd5-a44e-01d4f74c8926,4aacf01a-566e-40a6-9dcb-79008045bcdf,WAIVER,FAILED_ROSTERLIMIT,8,NightlyLeagueUpdateTaskProcessor,1,ADD,15826.0,Giovani Bernard,0.0,8.0,2021-09-08
2021,1,09576ff9-0c70-483c-abdc-54daf21ad3cf,1adec71b-007e-4d3c-b778-d499d8f62428,WAIVER,EXECUTED,13,NightlyLeagueUpdateTaskProcessor,3,ADD,4046676.0,Tony Jones Jr.,0.0,13.0,2021-09-08
2021,1,09576ff9-0c70-483c-abdc-54daf21ad3cf,1adec71b-007e-4d3c-b778-d499d8f62428,WAIVER,EXECUTED,13,NightlyLeagueUpdateTaskProcessor,3,DROP,4362887.0,Justin Fields,13.0,0.0,2021-09-08
2021,1,6e746a1d-a490-45b8-8830-c35bf17c0f70,,FREEAGENT,EXECUTED,5,{77F704CF-0C76-4984-9A71-8BD39511C19F},0,ADD,-16018.0,Saints D/ST,0.0,5.0,2021-09-08
2021,1,6e746a1d-a490-45b8-8830-c35bf17c0f70,,FREEAGENT,EXECUTED,5,{77F704CF-0C76-4984-9A71-8BD39511C19F},0,DROP,4258595.0,Cole Kmet,5.0,0.0,2021-09-08
2021,1,536f989f-0e96-4e68-8675-3c42a16a3f61,,FREEAGENT,EXECUTED,10,{2C8A1B87-268B-45A5-A0E5-C4A3F61C9BC2},0,ADD,3915411.0,Ty Johnson,0.0,10.0,2021-09-12
2021,1,f57f944c-5e31-49f1-90fe-f2fbac7ee94e,,FREEAGENT,EXECUTED,5,{77F704CF-0C76-4984-9A71-8BD39511C19F},0,ADD,-16029.0,Panthers D/ST,0.0,5.0,2021-09-08
2021,1,f57f944c-5e31-49f1-90fe-f2fbac7ee94e,,FREEAGENT,EXECUTED,5,{77F704CF-0C76-4984-9A71-8BD39511C19F},0,DROP,-16011.0,Colts D/ST,5.0,0.0,2021-09-08
2021,1,83e1c6fb-1829-44f0-bf55-3d87e0c060ff,fd519524-2ca9-4224-b3f2-38c8ddffe17b,WAIVER,FAILED_ROSTERLIMIT,8,NightlyLeagueUpdateTaskProcessor,1,ADD,17359.0,Damien Williams,0.0,8.0,2021-09-08
2021,1,4d978b40-0c64-4359-999a-f3e559fd474a,8e49f237-08e3-4459-805d-549d9a8b1b7e,WAIVER,EXECUTED,8,NightlyLeagueUpdateTaskProcessor,1,ADD,3121410.0,Parris Campbell,0.0,8.0,2021-09-08
2021,1,f5b8b50b-4fda-4408-808c-b997caf1e8d8,,FREEAGENT,EXECUTED,1,{C1E09685-96D1-4750-BA21-8BE16D3BF7CA},0,ADD,2587819.0,Tyrell Williams,0.0,1.0,2021-09-11
2021,1,f5b8b50b-4fda-4408-808c-b997caf1e8d8,,FREEAGENT,EXECUTED,1,{C1E09685-96D1-4750-BA21-8BE16D3BF7CA},0,DROP,3051926.0,Gus Edwards,1.0,0.0,2021-09-11
2021,1,7be5361d-05ec-4831-8e5b-be0b3cdf9fd3,,FREEAGENT,EXECUTED,1,{C1E09685-96D1-4750-BA21-8BE16D3BF7CA},0,ADD,2977644.0,Todd Gurley II,0.0,1.0,2021-09-09
2021,1,7be5361d-05ec-4831-8e5b-be0b3cdf9fd3,,FREEAGENT,EXECUTED,1,{C1E09685-96D1-4750-BA21-8BE16D3BF7CA},0,DROP,3043275.0,Austin Hooper,1.0,0.0,2021-09-09
2021,2,f198c0d3-54b0-4afa-9e1e-98298ecbf509,375dbe75-bcf9-4ba7-bb37-efe204d9f877,WAIVER,EXECUTED,3,NightlyLeagueUpdateTaskProcessor,2,ADD,16725.0,Sammy Watkins,0.0,3.0,2021-09-15
2021,2,d3052bb7-1b7c-4347-bc61-06710b4d8ba6,,FREEAGENT,EXECUTED,10,{2C8A1B87-268B-45A5-A0E5-C4A3F61C9BC2},0,ADD,-16022.0,Cardinals D/ST,0.0,10.0,2021-09-16
2021,2,d3052bb7-1b7c-4347-bc61-06710b4d8ba6,,FREEAGENT,EXECUTED,10,{2C8A1B87-268B-45A5-A0E5-C4A3F61C9BC2},0,DROP,4243537.0,Gabriel Davis,10.0,0.0,2021-09-16
2021,2,879dd997-daed-4a04-bac8-f1ca85316417,bb425baf-3db1-4346-87a0-090692691882,WAIVER,FAILED_PLAYERALREADYDROPPED,7,NightlyLeagueUpdateTaskProcessor,3,ADD,16725.0,Sammy Watkins,0.0,7.0,2021-09-15
2021,2,879dd997-daed-4a04-bac8-f1ca85316417,bb425baf-3db1-4346-87a0-090692691882,WAIVER,FAILED_PLAYERALREADYDROPPED,7,NightlyLeagueUpdateTaskProcessor,3,DROP,3115378.0,Russell Gage,7.0,0.0,2021-09-15
2021,2,71f025b6-aa32-4a94-878f-dd9e4d60178d,7c0a0e0d-abb5-41f5-b57e-32228f04d2a4,WAIVER,EXECUTED,7,NightlyLeagueUpdateTaskProcessor,5,ADD,3918639.0,Gerald Everett,0.0,7.0,2021-09-15
2021,2,e956639a-d662-4140-9415-b716130d163e,b9387aab-591a-49f9-b33f-a799dddc9bb9,WAIVER,FAILED_ROSTERLIMIT,7,NightlyLeagueUpdateTaskProcessor,2,ADD,4362887.0,Justin Fields,0.0,7.0,2021-09-15
2021,2,7acd1c14-97cb-458b-b5f3-d24e4ba8904c,,FREEAGENT,EXECUTED,12,{91D28B99-9234-408F-ACE7-32AEC03EE9E2},0,ADD,16728.0,Teddy Bridgewater,0.0,12.0,2021-09-19
2021,2,a0194ccf-41d7-40ce-88ac-e937ad9584c4,,FREEAGENT,EXECUTED,10,{2C8A1B87-268B-45A5-A0E5-C4A3F61C9BC2},0,ADD,3051902.0,Peyton Barber,0.0,10.0,2021-09-19
2021,2,a0194ccf-41d7-40ce-88ac-e937ad9584c4,,FREEAGENT,EXECUTED,10,{2C8A1B87-268B-45A5-A0E5-C4A3F61C9BC2},0,DROP,2508176.0,David Johnson,10.0,0.0,2021-09-19
2021,2,32cfe67a-38ed-4677-aece-e7d444d795ed,,FREEAGENT,EXECUTED,10,{2C8A1B87-268B-45A5-A0E5-C4A3F61C9BC2},0,ADD,3928925.0,JaMycal Hasty,0.0,10.0,2021-09-16
2021,2,32cfe67a-38ed-4677-aece-e7d444d795ed,,FREEAGENT,EXECUTED,10,{2C8A1B87-268B-45A5-A0E5-C4A3F61C9BC2},0,DROP,3915411.0,Ty Johnson,10.0,0.0,2021-09-16
2021,2,407734ca-01bd-4e22-a9bd-a4770d9be45b,e9a65c73-e3bd-4405-a658-c68e8d2e7ce8,WAIVER,CANCELED,10,{2C8A1B87-268B-45A5-A0E5-C4A3F61C9BC2},0,ADD,3895856.0,Christian Kirk,0.0,10.0,2021-09-15
2021,2,407734ca-01bd-4e22-a9bd-a4770d9be45b,e9a65c73-e3bd-4405-a658-c68e8d2e7ce8,WAIVER,CANCELED,10,{2C8A1B87-268B-45A5-A0E5-C4A3F61C9BC2},0,DROP,4569173.0,Rhamondre Stevenson,10.0,0.0,2021-09-15
2021,2,a72b5338-1427-4644-86d4-b8cb1f410460,,FREEAGENT,EXECUTED,7,{430447A7-381F-4E40-AD53-6A9C1F157A25},0,ADD,12537.0,Jared Cook,0.0,7.0,2021-09-17
2021,2,a72b5338-1427-4644-86d4-b8cb1f410460,,FREEAGENT,EXECUTED,7,{430447A7-381F-4E40-AD53-6A9C1F157A25},0,DROP,3116164.0,Mike Gesicki,7.0,0.0,2021-09-17
2021,2,de3a113b-7a6e-4b9e-ba78-232a6af3cd9b,c8b81148-af73-433d-a5d8-d52a973e4da0,WAIVER,FAILED_INVALIDPLAYERSOURCE,7,NightlyLeagueUpdateTaskProcessor,20,ADD,4241555.0,Elijah Mitchell,0.0,7.0,2021-09-15
2021,2,de3a113b-7a6e-4b9e-ba78-232a6af3cd9b,c8b81148-af73-433d-a5d8-d52a973e4da0,WAIVER,FAILED_INVALIDPLAYERSOURCE,7,NightlyLeagueUpdateTaskProcessor,20,DROP,3115378.0,Russell Gage,7.0,0.0,2021-09-15
2021,2,741a8c79-5445-4c32-b6f2-e0a2f7c00b29,a94eb6c0-4bb3-4ed9-8fdf-00cded77d337,WAIVER,FAILED_INVALIDPLAYERSOURCE,14,NightlyLeagueUpdateTaskProcessor,9,ADD,4241555.0,Elijah Mitchell,0.0,14.0,2021-09-15
2021,2,741a8c79-5445-4c32-b6f2-e0a2f7c00b29,a94eb6c0-4bb3-4ed9-8fdf-00cded77d337,WAIVER,FAILED_INVALIDPLAYERSOURCE,14,NightlyLeagueUpdateTaskProcessor,9,DROP,3052587.0,Baker Mayfield,14.0,0.0,2021-09-15
2021,2,0b487311-10db-4c6c-957e-abdde0105791,,FREEAGENT,EXECUTED,12,{91D28B99-9234-408F-ACE7-32AEC03EE9E2},0,ADD,15807.0,Cordarrelle Patterson,0.0,12.0,2021-09-19
2021,2,241756e2-0f5a-44f7-b95a-a9f733d13987,,FREEAGENT,EXECUTED,10,{2C8A1B87-268B-45A5-A0E5-C4A3F61C9BC2},0,ADD,2969939.0,Jameis Winston,0.0,10.0,2021-09-16
2021,2,241756e2-0f5a-44f7-b95a-a9f733d13987,,FREEAGENT,EXECUTED,10,{2C8A1B87-268B-45A5-A0E5-C4A3F61C9BC2},0,DROP,3928925.0,JaMycal Hasty,10.0,0.0,2021-09-16
2021,2,6762a854-fff9-4011-b0b5-b325c2954852,0cda5e28-c3b4-41e5-9bf1-de5cfc902152,WAIVER,EXECUTED,10,NightlyLeagueUpdateTaskProcessor,2,ADD,2576716.0,Jamison Crowder,0.0,10.0,2021-09-15
2021,2,6762a854-fff9-4011-b0b5-b325c2954852,0cda5e28-c3b4-41e5-9bf1-de5cfc902152,WAIVER,EXECUTED,10,NightlyLeagueUpdateTaskProcessor,2,DROP,4569173.0,Rhamondre Stevenson,10.0,0.0,2021-09-15
2021,2,f777abcc-403b-4d22-97f0-a371ad31fd83,,FREEAGENT,EXECUTED,5,{77F704CF-0C76-4984-9A71-8BD39511C19F},0,ADD,2978109.0,Zach Pascal,0.0,5.0,2021-09-19
2021,2,f777abcc-403b-4d22-97f0-a371ad31fd83,,FREEAGENT,EXECUTED,5,{77F704CF-0C76-4984-9A71-8BD39511C19F},0,DROP,4258595.0,Cole Kmet,5.0,0.0,2021-09-19
2021,2,0aa4875f-697e-4bed-a634-af1db6a2fa34,d5f3aa99-36e2-46e0-82a9-976621d70648,WAIVER,FAILED_INVALIDPLAYERSOURCE,10,NightlyLeagueUpdateTaskProcessor,19,ADD,4241555.0,Elijah Mitchell,0.0,10.0,2021-09-15
2021,2,0aa4875f-697e-4bed-a634-af1db6a2fa34,d5f3aa99-36e2-46e0-82a9-976621d70648,WAIVER,FAILED_INVALIDPLAYERSOURCE,10,NightlyLeagueUpdateTaskProcessor,19,DROP,3915411.0,Ty Johnson,10.0,0.0,2021-09-15
2021,2,3a6a2a08-ed3d-4684-a4a5-955f10154157,,FREEAGENT,EXECUTED,1,{C1E09685-96D1-4750-BA21-8BE16D3BF7CA},0,ADD,13295.0,Emmanuel Sanders,0.0,1.0,2021-09-16
2021,2,3a6a2a08-ed3d-4684-a4a5-955f10154157,,FREEAGENT,EXECUTED,1,{C1E09685-96D1-4750-BA21-8BE16D3BF7CA},0,DROP,2587819.0,Tyrell Williams,1.0,0.0,2021-09-16
2021,2,4eb7bf53-d1b1-4500-83b2-88e09f01a8c6,,FREEAGENT,EXECUTED,2,{EC970810-E14F-4307-8FA6-3BAE92CC1B4E},0,ADD,5536.0,Ben Roethlisberger,0.0,2.0,2021-09-15
2021,2,4eb7bf53-d1b1-4500-83b2-88e09f01a8c6,,FREEAGENT,EXECUTED,2,{EC970810-E14F-4307-8FA6-3BAE92CC1B4E},0,DROP,4383351.0,Trey Lance,2.0,0.0,2021-09-15
2021,2,70639454-9ed7-45d1-8053-c9e924f5cd34,36664958-0194-498b-ac0d-a826bfd382f2,WAIVER,FAILED_INVALIDPLAYERSOURCE,13,NightlyLeagueUpdateTaskProcessor,6,ADD,4241555.0,Elijah Mitchell,0.0,13.0,2021-09-15
2021,2,5e7a960d-9de4-4127-82a0-15f58e4e1d82,,WAIVER,PENDING,10,{2C8A1B87-268B-45A5-A0E5-C4A3F61C9BC2},3,ADD,3930066.0,Van Jefferson,0.0,10.0,2021-09-15
2021,2,5e7a960d-9de4-4127-82a0-15f58e4e1d82,,WAIVER,PENDING,10,{2C8A1B87-268B-45A5-A0E5-C4A3F61C9BC2},3,DROP,3052117.0,Phillip Lindsay,10.0,0.0,2021-09-15
2021,2,d5f3aa99-36e2-46e0-82a9-976621d70648,,WAIVER,PENDING,10,{2C8A1B87-268B-45A5-A0E5-C4A3F61C9BC2},13,ADD,4241555.0,Elijah Mitchell,0.0,10.0,2021-09-14
2021,2,d5f3aa99-36e2-46e0-82a9-976621d70648,,WAIVER,PENDING,10,{2C8A1B87-268B-45A5-A0E5-C4A3F61C9BC2},13,DROP,3915411.0,Ty Johnson,10.0,0.0,2021-09-14
2021,2,f8ea20e7-14c1-4fc7-bcb4-69ad88f91946,,ROSTER,EXECUTED,7,{430447A7-381F-4E40-AD53-6A9C1F157A25},0,DROP,2576414.0,Raheem Mostert,7.0,0.0,2021-09-14
2021,2,0b7141e8-99e9-4182-b237-d896744ad2f2,,FREEAGENT,EXECUTED,13,{85A6A0E4-D846-4046-B7F8-487FAD9165E0},0,ADD,4371733.0,Kenneth Gainwell,0.0,13.0,2021-09-17
2021,2,3961e342-3e61-46ce-b2e5-8f9c13a6d97f,,FREEAGENT,EXECUTED,7,{430447A7-381F-4E40-AD53-6A9C1F157A25},0,ADD,17359.0,Damien Williams,0.0,7.0,2021-09-17
2021,2,e9a65c73-e3bd-4405-a658-c68e8d2e7ce8,,WAIVER,PENDING,10,{2C8A1B87-268B-45A5-A0E5-C4A3F61C9BC2},8,ADD,3895856.0,Christian Kirk,0.0,10.0,2021-09-14
2021,2,e9a65c73-e3bd-4405-a658-c68e8d2e7ce8,,WAIVER,PENDING,10,{2C8A1B87-268B-45A5-A0E5-C4A3F61C9BC2},8,DROP,4569173.0,Rhamondre Stevenson,10.0,0.0,2021-09-14
2021,2,4a8b7ae4-15d3-4959-a24e-9f6d65f51744,1c6b615c-15e7-4370-a546-8f1090577b60,WAIVER,FAILED_ROSTERLIMIT,3,NightlyLeagueUpdateTaskProcessor,1,ADD,13295.0,Emmanuel Sanders,0.0,3.0,2021-09-15
2021,2,5e3dceb1-de4d-4fb7-a224-04de305e8733,404c7a57-77af-4bff-a99a-43d25495ef44,WAIVER,EXECUTED,7,NightlyLeagueUpdateTaskProcessor,5,ADD,13981.0,Mark Ingram II,0.0,7.0,2021-09-15
2021,2,5e3dceb1-de4d-4fb7-a224-04de305e8733,404c7a57-77af-4bff-a99a-43d25495ef44,WAIVER,EXECUTED,7,NightlyLeagueUpdateTaskProcessor,5,DROP,3115378.0,Russell Gage,7.0,0.0,2021-09-15
2021,2,a1e5adc1-5412-4900-8398-dc989399a17e,5e7a960d-9de4-4127-82a0-15f58e4e1d82,WAIVER,EXECUTED,10,NightlyLeagueUpdateTaskProcessor,3,ADD,3930066.0,Van Jefferson,0.0,10.0,2021-09-15
2021,2,a1e5adc1-5412-4900-8398-dc989399a17e,5e7a960d-9de4-4127-82a0-15f58e4e1d82,WAIVER,EXECUTED,10,NightlyLeagueUpdateTaskProcessor,3,DROP,3052117.0,Phillip Lindsay,10.0,0.0,2021-09-15
2021,2,2f4fc634-a227-4d1c-a529-affd4cc062a0,,ROSTER,EXECUTED,5,{77F704CF-0C76-4984-9A71-8BD39511C19F},0,DROP,-16029.0,Panthers D/ST,5.0,0.0,2021-09-14
2021,2,360258cc-79cd-49d0-8c96-a30a785b946f,,ROSTER,EXECUTED,12,{91D28B99-9234-408F-ACE7-32AEC03EE9E2},0,DROP,16728.0,Teddy Bridgewater,12.0,0.0,2021-09-19
2021,2,c9d92367-2132-4e4f-b4f7-55cdbac32b9f,09954600-aeea-4aae-9817-08e0da3bc98d,WAIVER,EXECUTED,12,NightlyLeagueUpdateTaskProcessor,26,ADD,4241555.0,Elijah Mitchell,0.0,12.0,2021-09-15
2021,2,c9d92367-2132-4e4f-b4f7-55cdbac32b9f,09954600-aeea-4aae-9817-08e0da3bc98d,WAIVER,EXECUTED,12,NightlyLeagueUpdateTaskProcessor,26,DROP,11237.0,Matt Ryan,12.0,0.0,2021-09-15
2021,2,fb14d168-4888-4c2e-b642-4b5b0f4f5bed,05d268de-334c-4158-afcd-70a5e4564fcc,WAIVER,EXECUTED,12,NightlyLeagueUpdateTaskProcessor,1,ADD,-16005.0,Browns D/ST,0.0,12.0,2021-09-15
2021,2,fb14d168-4888-4c2e-b642-4b5b0f4f5bed,05d268de-334c-4158-afcd-70a5e4564fcc,WAIVER,EXECUTED,12,NightlyLeagueUpdateTaskProcessor,1,DROP,-16009.0,Packers D/ST,12.0,0.0,2021-09-15
2021,2,0cda5e28-c3b4-41e5-9bf1-de5cfc902152,,WAIVER,PENDING,10,{2C8A1B87-268B-45A5-A0E5-C4A3F61C9BC2},2,ADD,2576716.0,Jamison Crowder,0.0,10.0,2021-09-15
2021,2,0cda5e28-c3b4-41e5-9bf1-de5cfc902152,,WAIVER,PENDING,10,{2C8A1B87-268B-45A5-A0E5-C4A3F61C9BC2},2,DROP,4569173.0,Rhamondre Stevenson,10.0,0.0,2021-09-15
2021,2,9ab1b247-9511-4d77-90a1-f62c698d8a5e,f327af84-5ef0-4bfc-8ed9-e4ef008eb09f,WAIVER,FAILED_INVALIDPLAYERSOURCE,5,NightlyLeagueUpdateTaskProcessor,5,ADD,4241555.0,Elijah Mitchell,0.0,5.0,2021-09-15
2021,2,149d0558-2fb9-488a-a869-756c8005c33e,,FREEAGENT,EXECUTED,5,{77F704CF-0C76-4984-9A71-8BD39511C19F},0,ADD,4258595.0,Cole Kmet,0.0,5.0,2021-09-15
2021,3,3c529d99-febd-452b-b2cb-e756eb871589,fb31a870-c8dc-43f7-8fef-22360d12d874,TRADE_PROPOSAL,CANCELED,10,{EC970810-E14F-4307-8FA6-3BAE92CC1B4E},0,TRADE,4242335.0,Jonathan Taylor,2.0,10.0,2021-09-23
2021,3,3c529d99-febd-452b-b2cb-e756eb871589,fb31a870-c8dc-43f7-8fef-22360d12d874,TRADE_PROPOSAL,CANCELED,10,{EC970810-E14F-4307-8FA6-3BAE92CC1B4E},0,TRADE,15847.0,Travis Kelce,2.0,10.0,2021-09-23
2021,3,3c529d99-febd-452b-b2cb-e756eb871589,fb31a870-c8dc-43f7-8fef-22360d12d874,TRADE_PROPOSAL,CANCELED,10,{EC970810-E14F-4307-8FA6-3BAE92CC1B4E},0,TRADE,4039359.0,Darrell Henderson Jr.,10.0,2.0,2021-09-23
2021,3,3c529d99-febd-452b-b2cb-e756eb871589,fb31a870-c8dc-43f7-8fef-22360d12d874,TRADE_PROPOSAL,CANCELED,10,{EC970810-E14F-4307-8FA6-3BAE92CC1B4E},0,TRADE,3121023.0,Dallas Goedert,10.0,2.0,2021-09-23
2021,3,3c529d99-febd-452b-b2cb-e756eb871589,fb31a870-c8dc-43f7-8fef-22360d12d874,TRADE_PROPOSAL,CANCELED,10,{EC970810-E14F-4307-8FA6-3BAE92CC1B4E},0,TRADE,3932905.0,Diontae Johnson,10.0,2.0,2021-09-23
2021,3,ccd64570-1a3e-47a0-86f7-ff3a048d6534,00db71c5-8fc7-4656-b133-2dec9b50b37c,TRADE_DECLINE,EXECUTED,13,{85A6A0E4-D846-4046-B7F8-487FAD9165E0},0,,,,,,2021-09-24
2021,3,0883d68c-f6aa-4754-80ba-5511a4e34534,,TRADE_PROPOSAL,PENDING,10,{2C8A1B87-268B-45A5-A0E5-C4A3F61C9BC2},0,TRADE,3043078.0,Derrick Henry,5.0,10.0,2021-09-22
2021,3,0883d68c-f6aa-4754-80ba-5511a4e34534,,TRADE_PROPOSAL,PENDING,10,{2C8A1B87-268B-45A5-A0E5-C4A3F61C9BC2},0,TRADE,3040151.0,George Kittle,5.0,10.0,2021-09-22
2021,3,0883d68c-f6aa-4754-80ba-5511a4e34534,,TRADE_PROPOSAL,PENDING,10,{2C8A1B87-268B-45A5-A0E5-C4A3F61C9BC2},0,TRADE,3932905.0,Diontae Johnson,10.0,5.0,2021-09-22
2021,3,0883d68c-f6aa-4754-80ba-5511a4e34534,,TRADE_PROPOSAL,PENDING,10,{2C8A1B87-268B-45A5-A0E5-C4A3F61C9BC2},0,TRADE,4039359.0,Darrell Henderson Jr.,10.0,5.0,2021-09-22
2021,3,0883d68c-f6aa-4754-80ba-5511a4e34534,,TRADE_PROPOSAL,PENDING,10,{2C8A1B87-268B-45A5-A0E5-C4A3F61C9BC2},0,TRADE,3121023.0,Dallas Goedert,10.0,5.0,2021-09-22
2021,3,0880c1cd-9680-424b-a250-d480dd88cf20,5d728f94-7c61-44a8-8a78-fec0c341002d,WAIVER,EXECUTED,1,NightlyLeagueUpdateTaskProcessor,1,ADD,15825.0,Le'Veon Bell,0.0,1.0,2021-09-25
2021,3,57e4c75c-acd3-4800-b3cd-caba4f9a3ac9,13d9fb0d-45e8-47bb-8c78-5cda432526e8,TRADE_PROPOSAL,CANCELED,8,{00408013-39CF-40FC-8080-1339CFD0FC06},0,TRADE,4039359.0,Darrell Henderson Jr.,10.0,8.0,2021-09-25
2021,3,57e4c75c-acd3-4800-b3cd-caba4f9a3ac9,13d9fb0d-45e8-47bb-8c78-5cda432526e8,TRADE_PROPOSAL,CANCELED,8,{00408013-39CF-40FC-8080-1339CFD0FC06},0,TRADE,2969939.0,Jameis Winston,10.0,8.0,2021-09-25
2021,3,57e4c75c-acd3-4800-b3cd-caba4f9a3ac9,13d9fb0d-45e8-47bb-8c78-5cda432526e8,TRADE_PROPOSAL,CANCELED,8,{00408013-39CF-40FC-8080-1339CFD0FC06},0,TRADE,4362887.0,Justin Fields,8.0,10.0,2021-09-25
2021,3,57e4c75c-acd3-4800-b3cd-caba4f9a3ac9,13d9fb0d-45e8-47bb-8c78-5cda432526e8,TRADE_PROPOSAL,CANCELED,8,{00408013-39CF-40FC-8080-1339CFD0FC06},0,TRADE,3128429.0,Courtland Sutton,8.0,10.0,2021-09-25
2021,3,545566fd-49b8-4970-acbb-9bc614caff6e,f02d8eb8-c893-46c8-b17a-9a2a954a1da6,WAIVER,EXECUTED,7,NightlyLeagueUpdateTaskProcessor,9,ADD,2572861.0,J.D. McKissic,0.0,7.0,2021-09-22
2021,3,545566fd-49b8-4970-acbb-9bc614caff6e,f02d8eb8-c893-46c8-b17a-9a2a954a1da6,WAIVER,EXECUTED,7,NightlyLeagueUpdateTaskProcessor,9,DROP,3918639.0,Gerald Everett,7.0,0.0,2021-09-22
2021,3,a7f5fb2d-67b5-422e-83fc-ebb7aa74cf3f,75a9fd4b-ab3f-42c3-bc80-fc60e690c2fa,WAIVER,FAILED_PLAYERALREADYDROPPED,7,NightlyLeagueUpdateTaskProcessor,9,ADD,16757.0,Derek Carr,0.0,7.0,2021-09-22
2021,3,a7f5fb2d-67b5-422e-83fc-ebb7aa74cf3f,75a9fd4b-ab3f-42c3-bc80-fc60e690c2fa,WAIVER,FAILED_PLAYERALREADYDROPPED,7,NightlyLeagueUpdateTaskProcessor,9,DROP,3918639.0,Gerald Everett,7.0,0.0,2021-09-22
2021,3,bd9dab00-d350-460c-a527-5df5341b957a,cd7def62-6d44-477b-9e0c-f23a2a0b309f,WAIVER,EXECUTED,4,NightlyLeagueUpdateTaskProcessor,5,ADD,-16003.0,Bears D/ST,0.0,4.0,2021-09-22
2021,3,bd9dab00-d350-460c-a527-5df5341b957a,cd7def62-6d44-477b-9e0c-f23a2a0b309f,WAIVER,EXECUTED,4,NightlyLeagueUpdateTaskProcessor,5,DROP,-16028.0,Commanders D/ST,4.0,0.0,2021-09-22
2021,3,5f5ee397-64af-4e77-94fd-c5f65179a151,69c8601c-52be-4b4a-a8b7-7b8f54bd333a,WAIVER,FAILED_INVALIDPLAYERSOURCE,1,NightlyLeagueUpdateTaskProcessor,2,ADD,-16029.0,Panthers D/ST,0.0,1.0,2021-09-22
2021,3,5f5ee397-64af-4e77-94fd-c5f65179a151,69c8601c-52be-4b4a-a8b7-7b8f54bd333a,WAIVER,FAILED_INVALIDPLAYERSOURCE,1,NightlyLeagueUpdateTaskProcessor,2,DROP,-16014.0,Rams D/ST,1.0,0.0,2021-09-22
2021,3,4c6cf308-bd05-4f00-8f08-87661352d9a7,,FREEAGENT,EXECUTED,1,{C1E09685-96D1-4750-BA21-8BE16D3BF7CA},0,ADD,14924.0,T.Y. Hilton,0.0,1.0,2021-09-23
2021,3,4c6cf308-bd05-4f00-8f08-87661352d9a7,,FREEAGENT,EXECUTED,1,{C1E09685-96D1-4750-BA21-8BE16D3BF7CA},0,DROP,4360939.0,Rashod Bateman,1.0,0.0,2021-09-23
2021,3,4c6cf308-bd05-4f00-8f08-87661352d9a7,,FREEAGENT,EXECUTED,1,{C1E09685-96D1-4750-BA21-8BE16D3BF7CA},0,DROP,15825.0,Le'Veon Bell,1.0,0.0,2021-09-23
2021,3,581be556-eeac-4e10-b805-16396b004236,,WAIVER,PENDING,10,{2C8A1B87-268B-45A5-A0E5-C4A3F61C9BC2},19,ADD,3916566.0,K.J. Osborn,0.0,10.0,2021-09-22
2021,3,581be556-eeac-4e10-b805-16396b004236,,WAIVER,PENDING,10,{2C8A1B87-268B-45A5-A0E5-C4A3F61C9BC2},19,DROP,3051902.0,Peyton Barber,10.0,0.0,2021-09-22
2021,3,9f3b4f88-7ffe-43a4-b677-161a0d622d9e,,FREEAGENT,EXECUTED,7,{430447A7-381F-4E40-AD53-6A9C1F157A25},0,ADD,16757.0,Derek Carr,0.0,7.0,2021-09-22
2021,3,9f3b4f88-7ffe-43a4-b677-161a0d622d9e,,FREEAGENT,EXECUTED,7,{430447A7-381F-4E40-AD53-6A9C1F157A25},0,DROP,2979477.0,Tevin Coleman,7.0,0.0,2021-09-22
2021,3,22776993-89b9-4d42-81fb-c80f7d048032,a9c93b09-4a17-4e4d-a724-82c36d8d3915,WAIVER,EXECUTED,2,NightlyLeagueUpdateTaskProcessor,15,ADD,-16029.0,Panthers D/ST,0.0,2.0,2021-09-22
2021,3,22776993-89b9-4d42-81fb-c80f7d048032,a9c93b09-4a17-4e4d-a724-82c36d8d3915,WAIVER,EXECUTED,2,NightlyLeagueUpdateTaskProcessor,15,DROP,5536.0,Ben Roethlisberger,2.0,0.0,2021-09-22
2021,3,05e22b28-3413-4873-95d3-d0a6139c3a4a,87dd9a6f-de44-4492-9f5d-029b4898c90b,WAIVER,CANCELED,4,{8242D4C8-FCD1-4A28-9373-CD282687A8E7},0,ADD,3916945.0,Darius Slayton,0.0,4.0,2021-09-21
2021,3,13d9fb0d-45e8-47bb-8c78-5cda432526e8,,TRADE_PROPOSAL,PENDING,8,{00408013-39CF-40FC-8080-1339CFD0FC06},0,TRADE,4039359.0,Darrell Henderson Jr.,10.0,8.0,2021-09-25
2021,3,13d9fb0d-45e8-47bb-8c78-5cda432526e8,,TRADE_PROPOSAL,PENDING,8,{00408013-39CF-40FC-8080-1339CFD0FC06},0,TRADE,2969939.0,Jameis Winston,10.0,8.0,2021-09-25
2021,3,13d9fb0d-45e8-47bb-8c78-5cda432526e8,,TRADE_PROPOSAL,PENDING,8,{00408013-39CF-40FC-8080-1339CFD0FC06},0,TRADE,4362887.0,Justin Fields,8.0,10.0,2021-09-25
2021,3,13d9fb0d-45e8-47bb-8c78-5cda432526e8,,TRADE_PROPOSAL,PENDING,8,{00408013-39CF-40FC-8080-1339CFD0FC06},0,TRADE,3128429.0,Courtland Sutton,8.0,10.0,2021-09-25
2021,3,09889316-d5e3-41ea-9832-05ffb9fd483d,,TRADE_PROPOSAL,PENDING,10,{2C8A1B87-268B-45A5-A0E5-C4A3F61C9BC2},0,TRADE,15818.0,Keenan Allen,12.0,10.0,2021-09-22
2021,3,09889316-d5e3-41ea-9832-05ffb9fd483d,,TRADE_PROPOSAL,PENDING,10,{2C8A1B87-268B-45A5-A0E5-C4A3F61C9BC2},0,TRADE,2576925.0,Darren Waller,12.0,10.0,2021-09-22
2021,3,09889316-d5e3-41ea-9832-05ffb9fd483d,,TRADE_PROPOSAL,PENDING,10,{2C8A1B87-268B-45A5-A0E5-C4A3F61C9BC2},0,TRADE,3932905.0,Diontae Johnson,10.0,12.0,2021-09-22
2021,3,09889316-d5e3-41ea-9832-05ffb9fd483d,,TRADE_PROPOSAL,PENDING,10,{2C8A1B87-268B-45A5-A0E5-C4A3F61C9BC2},0,TRADE,4039359.0,Darrell Henderson Jr.,10.0,12.0,2021-09-22
2021,3,607123d0-b5b8-4662-9784-555a5353a53c,,WAIVER,PENDING,10,{2C8A1B87-268B-45A5-A0E5-C4A3F61C9BC2},9,ADD,3134353.0,Tim Patrick,0.0,10.0,2021-09-22
2021,3,607123d0-b5b8-4662-9784-555a5353a53c,,WAIVER,PENDING,10,{2C8A1B87-268B-45A5-A0E5-C4A3F61C9BC2},9,DROP,3930066.0,Van Jefferson,10.0,0.0,2021-09-22
2021,3,a640db0b-5149-4570-bd98-3ef8e0ae4a70,c41ae4c8-6c15-4c48-890a-209f9b7d42db,WAIVER,FAILED_INVALIDPLAYERSOURCE,7,NightlyLeagueUpdateTaskProcessor,8,ADD,3134353.0,Tim Patrick,0.0,7.0,2021-09-22
2021,3,a640db0b-5149-4570-bd98-3ef8e0ae4a70,c41ae4c8-6c15-4c48-890a-209f9b7d42db,WAIVER,FAILED_INVALIDPLAYERSOURCE,7,NightlyLeagueUpdateTaskProcessor,8,DROP,2979477.0,Tevin Coleman,7.0,0.0,2021-09-22
2021,3,6335ce32-b7e7-4a87-9549-f10817905526,b987cfd3-8a14-4749-8346-77a415261216,WAIVER,FAILED_INVALIDPLAYERSOURCE,14,NightlyLeagueUpdateTaskProcessor,1,ADD,-16029.0,Panthers D/ST,0.0,14.0,2021-09-22
2021,3,6335ce32-b7e7-4a87-9549-f10817905526,b987cfd3-8a14-4749-8346-77a415261216,WAIVER,FAILED_INVALIDPLAYERSOURCE,14,NightlyLeagueUpdateTaskProcessor,1,DROP,-16015.0,Dolphins D/ST,14.0,0.0,2021-09-22
2021,3,745bb88f-acef-4b79-917c-a5651200990c,0883d68c-f6aa-4754-80ba-5511a4e34534,TRADE_DECLINE,EXECUTED,5,{77F704CF-0C76-4984-9A71-8BD39511C19F},0,,,,,,2021-09-23
2021,3,e045775b-b315-4616-a4ab-9a7cc3806483,,TRADE_PROPOSAL,PENDING,3,{C52D799E-6C1C-44B9-8371-9B6AF857D8E8},0,TRADE,16813.0,Logan Thomas,3.0,10.0,2021-09-22
2021,3,e045775b-b315-4616-a4ab-9a7cc3806483,,TRADE_PROPOSAL,PENDING,3,{C52D799E-6C1C-44B9-8371-9B6AF857D8E8},0,TRADE,4039359.0,Darrell Henderson Jr.,10.0,3.0,2021-09-22
2021,3,ad6c5415-382d-4c3d-8183-cdbf0d17bd02,7a282d5d-5cb0-4c22-a2f0-65670ea2bee2,TRADE_PROPOSAL,CANCELED,10,TradeTaskProcessor,0,TRADE,4241389.0,CeeDee Lamb,6.0,10.0,2021-09-24
2021,3,ad6c5415-382d-4c3d-8183-cdbf0d17bd02,7a282d5d-5cb0-4c22-a2f0-65670ea2bee2,TRADE_PROPOSAL,CANCELED,10,TradeTaskProcessor,0,TRADE,4036133.0,T.J. Hockenson,6.0,10.0,2021-09-24
2021,3,ad6c5415-382d-4c3d-8183-cdbf0d17bd02,7a282d5d-5cb0-4c22-a2f0-65670ea2bee2,TRADE_PROPOSAL,CANCELED,10,TradeTaskProcessor,0,TRADE,3121023.0,Dallas Goedert,10.0,6.0,2021-09-24
2021,3,ad6c5415-382d-4c3d-8183-cdbf0d17bd02,7a282d5d-5cb0-4c22-a2f0-65670ea2bee2,TRADE_PROPOSAL,CANCELED,10,TradeTaskProcessor,0,TRADE,3932905.0,Diontae Johnson,10.0,6.0,2021-09-24
2021,3,ad6c5415-382d-4c3d-8183-cdbf0d17bd02,7a282d5d-5cb0-4c22-a2f0-65670ea2bee2,TRADE_PROPOSAL,CANCELED,10,TradeTaskProcessor,0,TRADE,3025433.0,Mike Davis,10.0,6.0,2021-09-24
2021,3,2b4d696e-b76d-44d2-b205-0753131cfdcb,,FREEAGENT,EXECUTED,14,{C2BAB8A3-9ED5-425C-BAB8-A39ED5B25CC2},0,ADD,-16013.0,Raiders D/ST,0.0,14.0,2021-09-22
2021,3,2b4d696e-b76d-44d2-b205-0753131cfdcb,,FREEAGENT,EXECUTED,14,{C2BAB8A3-9ED5-425C-BAB8-A39ED5B25CC2},0,DROP,-16015.0,Dolphins D/ST,14.0,0.0,2021-09-22
2021,3,f9da7334-1966-4a07-aece-8a809623970f,09889316-d5e3-41ea-9832-05ffb9fd483d,TRADE_PROPOSAL,CANCELED,10,{91D28B99-9234-408F-ACE7-32AEC03EE9E2},0,TRADE,15818.0,Keenan Allen,12.0,10.0,2021-09-23
2021,3,f9da7334-1966-4a07-aece-8a809623970f,09889316-d5e3-41ea-9832-05ffb9fd483d,TRADE_PROPOSAL,CANCELED,10,{91D28B99-9234-408F-ACE7-32AEC03EE9E2},0,TRADE,2576925.0,Darren Waller,12.0,10.0,2021-09-23
2021,3,f9da7334-1966-4a07-aece-8a809623970f,09889316-d5e3-41ea-9832-05ffb9fd483d,TRADE_PROPOSAL,CANCELED,10,{91D28B99-9234-408F-ACE7-32AEC03EE9E2},0,TRADE,3932905.0,Diontae Johnson,10.0,12.0,2021-09-23
2021,3,f9da7334-1966-4a07-aece-8a809623970f,09889316-d5e3-41ea-9832-05ffb9fd483d,TRADE_PROPOSAL,CANCELED,10,{91D28B99-9234-408F-ACE7-32AEC03EE9E2},0,TRADE,4039359.0,Darrell Henderson Jr.,10.0,12.0,2021-09-23
2021,3,65d934ad-3816-47d4-bacf-929a215c342b,fb31a870-c8dc-43f7-8fef-22360d12d874,TRADE_DECLINE,EXECUTED,2,{EC970810-E14F-4307-8FA6-3BAE92CC1B4E},0,,,,,,2021-09-23
2021,3,79a13522-cfdf-40f9-ae99-853cbe9ec500,,FREEAGENT,EXECUTED,13,{85A6A0E4-D846-4046-B7F8-487FAD9165E0},0,ADD,3917792.0,Daniel Jones,0.0,13.0,2021-09-22
2021,3,79a13522-cfdf-40f9-ae99-853cbe9ec500,,FREEAGENT,EXECUTED,13,{85A6A0E4-D846-4046-B7F8-487FAD9165E0},0,DROP,3929645.0,Juwan Johnson,13.0,0.0,2021-09-22
2021,3,7a282d5d-5cb0-4c22-a2f0-65670ea2bee2,,TRADE_PROPOSAL,PENDING,10,{2C8A1B87-268B-45A5-A0E5-C4A3F61C9BC2},0,TRADE,4241389.0,CeeDee Lamb,6.0,10.0,2021-09-22
2021,3,7a282d5d-5cb0-4c22-a2f0-65670ea2bee2,,TRADE_PROPOSAL,PENDING,10,{2C8A1B87-268B-45A5-A0E5-C4A3F61C9BC2},0,TRADE,4036133.0,T.J. Hockenson,6.0,10.0,2021-09-22
2021,3,7a282d5d-5cb0-4c22-a2f0-65670ea2bee2,,TRADE_PROPOSAL,PENDING,10,{2C8A1B87-268B-45A5-A0E5-C4A3F61C9BC2},0,TRADE,3121023.0,Dallas Goedert,10.0,6.0,2021-09-22
2021,3,7a282d5d-5cb0-4c22-a2f0-65670ea2bee2,,TRADE_PROPOSAL,PENDING,10,{2C8A1B87-268B-45A5-A0E5-C4A3F61C9BC2},0,TRADE,3932905.0,Diontae Johnson,10.0,6.0,2021-09-22
2021,3,7a282d5d-5cb0-4c22-a2f0-65670ea2bee2,,TRADE_PROPOSAL,PENDING,10,{2C8A1B87-268B-45A5-A0E5-C4A3F61C9BC2},0,TRADE,3025433.0,Mike Davis,10.0,6.0,2021-09-22
2021,3,6f187512-e413-452d-acc4-9fddd4cfe393,09889316-d5e3-41ea-9832-05ffb9fd483d,TRADE_DECLINE,EXECUTED,12,{91D28B99-9234-408F-ACE7-32AEC03EE9E2},0,,,,,,2021-09-23
2021,3,4574fbd6-cd08-4922-b819-089beae45d5b,,FREEAGENT,EXECUTED,5,{77F704CF-0C76-4984-9A71-8BD39511C19F},0,ADD,-16010.0,Titans D/ST,0.0,5.0,2021-09-26
2021,3,9abbd583-be04-4128-9ec4-1cc4d4093c09,607123d0-b5b8-4662-9784-555a5353a53c,WAIVER,EXECUTED,10,NightlyLeagueUpdateTaskProcessor,9,ADD,3134353.0,Tim Patrick,0.0,10.0,2021-09-22
2021,3,9abbd583-be04-4128-9ec4-1cc4d4093c09,607123d0-b5b8-4662-9784-555a5353a53c,WAIVER,EXECUTED,10,NightlyLeagueUpdateTaskProcessor,9,DROP,3930066.0,Van Jefferson,10.0,0.0,2021-09-22
2021,3,fb31a870-c8dc-43f7-8fef-22360d12d874,,TRADE_PROPOSAL,PENDING,10,{2C8A1B87-268B-45A5-A0E5-C4A3F61C9BC2},0,TRADE,4242335.0,Jonathan Taylor,2.0,10.0,2021-09-22
2021,3,fb31a870-c8dc-43f7-8fef-22360d12d874,,TRADE_PROPOSAL,PENDING,10,{2C8A1B87-268B-45A5-A0E5-C4A3F61C9BC2},0,TRADE,15847.0,Travis Kelce,2.0,10.0,2021-09-22
2021,3,fb31a870-c8dc-43f7-8fef-22360d12d874,,TRADE_PROPOSAL,PENDING,10,{2C8A1B87-268B-45A5-A0E5-C4A3F61C9BC2},0,TRADE,4039359.0,Darrell Henderson Jr.,10.0,2.0,2021-09-22
2021,3,fb31a870-c8dc-43f7-8fef-22360d12d874,,TRADE_PROPOSAL,PENDING,10,{2C8A1B87-268B-45A5-A0E5-C4A3F61C9BC2},0,TRADE,3121023.0,Dallas Goedert,10.0,2.0,2021-09-22
2021,3,fb31a870-c8dc-43f7-8fef-22360d12d874,,TRADE_PROPOSAL,PENDING,10,{2C8A1B87-268B-45A5-A0E5-C4A3F61C9BC2},0,TRADE,3932905.0,Diontae Johnson,10.0,2.0,2021-09-22
2021,3,462a6049-c8b7-42cc-8688-d126da005fa7,,FREEAGENT,EXECUTED,4,{8242D4C8-FCD1-4A28-9373-CD282687A8E7},0,ADD,3916945.0,Darius Slayton,0.0,4.0,2021-09-22
2021,3,c7883534-1d9d-47bc-b3ae-e64366bdae3e,4cb5e1a3-c880-46ca-aa8b-0992c8666543,TRADE_PROPOSAL,CANCELED,12,{91D28B99-9234-408F-ACE7-32AEC03EE9E2},0,TRADE,3925347.0,Damien Harris,12.0,6.0,2021-09-25
2021,3,c7883534-1d9d-47bc-b3ae-e64366bdae3e,4cb5e1a3-c880-46ca-aa8b-0992c8666543,TRADE_PROPOSAL,CANCELED,12,{91D28B99-9234-408F-ACE7-32AEC03EE9E2},0,TRADE,4046692.0,Chase Claypool,12.0,6.0,2021-09-25
2021,3,c7883534-1d9d-47bc-b3ae-e64366bdae3e,4cb5e1a3-c880-46ca-aa8b-0992c8666543,TRADE_PROPOSAL,CANCELED,12,{91D28B99-9234-408F-ACE7-32AEC03EE9E2},0,TRADE,3929630.0,Saquon Barkley,6.0,12.0,2021-09-25
2021,3,40e12983-ee80-4a6b-8fcb-b4f5a940f23e,72f5400a-a190-42e0-89ae-47afac4f185f,TRADE_DECLINE,EXECUTED,7,{430447A7-381F-4E40-AD53-6A9C1F157A25},0,,,,,,2021-09-24
2021,3,b79bd5e5-0f05-49f4-9154-96dbe52b4f54,,FREEAGENT,EXECUTED,7,{430447A7-381F-4E40-AD53-6A9C1F157A25},0,ADD,-16019.0,Giants D/ST,0.0,7.0,2021-09-22
2021,3,b79bd5e5-0f05-49f4-9154-96dbe52b4f54,,FREEAGENT,EXECUTED,7,{430447A7-381F-4E40-AD53-6A9C1F157A25},0,DROP,4035170.0,Marquez Callaway,7.0,0.0,2021-09-22
2021,3,6c5cee81-187a-4d30-96e7-77c4f87a536c,e045775b-b315-4616-a4ab-9a7cc3806483,TRADE_PROPOSAL,CANCELED,3,{2C8A1B87-268B-45A5-A0E5-C4A3F61C9BC2},0,TRADE,16813.0,Logan Thomas,3.0,10.0,2021-09-22
2021,3,6c5cee81-187a-4d30-96e7-77c4f87a536c,e045775b-b315-4616-a4ab-9a7cc3806483,TRADE_PROPOSAL,CANCELED,3,{2C8A1B87-268B-45A5-A0E5-C4A3F61C9BC2},0,TRADE,4039359.0,Darrell Henderson Jr.,10.0,3.0,2021-09-22
2021,3,3811bb7d-fd6e-4d43-a0b0-ce43fcc61834,e045775b-b315-4616-a4ab-9a7cc3806483,TRADE_DECLINE,EXECUTED,10,{2C8A1B87-268B-45A5-A0E5-C4A3F61C9BC2},0,,,,,,2021-09-22
2021,3,4cb4e2d3-370a-41e4-93ec-5f9b90304e4a,,FREEAGENT,EXECUTED,10,{2C8A1B87-268B-45A5-A0E5-C4A3F61C9BC2},0,ADD,3051902.0,Peyton Barber,0.0,10.0,2021-09-26
2021,3,4cb4e2d3-370a-41e4-93ec-5f9b90304e4a,,FREEAGENT,EXECUTED,10,{2C8A1B87-268B-45A5-A0E5-C4A3F61C9BC2},0,DROP,2969939.0,Jameis Winston,10.0,0.0,2021-09-26
2021,3,5d970d89-6243-4b0d-9b5a-68021c54082d,,FREEAGENT,EXECUTED,8,{00408013-39CF-40FC-8080-1339CFD0FC06},0,ADD,4362887.0,Justin Fields,0.0,8.0,2021-09-22
2021,3,5d970d89-6243-4b0d-9b5a-68021c54082d,,FREEAGENT,EXECUTED,8,{00408013-39CF-40FC-8080-1339CFD0FC06},0,DROP,3046439.0,Hunter Henry,8.0,0.0,2021-09-22
2021,3,66b25127-0c84-44ab-8484-c764a9b857d4,,FREEAGENT,EXECUTED,8,{00408013-39CF-40FC-8080-1339CFD0FC06},0,ADD,16504.0,Jack Doyle,0.0,8.0,2021-09-25
2021,3,66b25127-0c84-44ab-8484-c764a9b857d4,,FREEAGENT,EXECUTED,8,{00408013-39CF-40FC-8080-1339CFD0FC06},0,DROP,3121410.0,Parris Campbell,8.0,0.0,2021-09-25
2021,3,558072fa-92a6-4e59-8d05-865e01af7dc1,,FREEAGENT,EXECUTED,12,{91D28B99-9234-408F-ACE7-32AEC03EE9E2},0,ADD,4035793.0,Quintez Cephus,0.0,12.0,2021-09-23
2021,3,558072fa-92a6-4e59-8d05-865e01af7dc1,,FREEAGENT,EXECUTED,12,{91D28B99-9234-408F-ACE7-32AEC03EE9E2},0,DROP,4372414.0,Elijah Moore,12.0,0.0,2021-09-23
2021,3,71a5bf14-f141-4006-9f23-1dc16f21fd70,0883d68c-f6aa-4754-80ba-5511a4e34534,TRADE_PROPOSAL,CANCELED,10,{77F704CF-0C76-4984-9A71-8BD39511C19F},0,TRADE,3043078.0,Derrick Henry,5.0,10.0,2021-09-23
2021,3,71a5bf14-f141-4006-9f23-1dc16f21fd70,0883d68c-f6aa-4754-80ba-5511a4e34534,TRADE_PROPOSAL,CANCELED,10,{77F704CF-0C76-4984-9A71-8BD39511C19F},0,TRADE,3040151.0,George Kittle,5.0,10.0,2021-09-23
2021,3,71a5bf14-f141-4006-9f23-1dc16f21fd70,0883d68c-f6aa-4754-80ba-5511a4e34534,TRADE_PROPOSAL,CANCELED,10,{77F704CF-0C76-4984-9A71-8BD39511C19F},0,TRADE,3932905.0,Diontae Johnson,10.0,5.0,2021-09-23
2021,3,71a5bf14-f141-4006-9f23-1dc16f21fd70,0883d68c-f6aa-4754-80ba-5511a4e34534,TRADE_PROPOSAL,CANCELED,10,{77F704CF-0C76-4984-9A71-8BD39511C19F},0,TRADE,4039359.0,Darrell Henderson Jr.,10.0,5.0,2021-09-23
2021,3,71a5bf14-f141-4006-9f23-1dc16f21fd70,0883d68c-f6aa-4754-80ba-5511a4e34534,TRADE_PROPOSAL,CANCELED,10,{77F704CF-0C76-4984-9A71-8BD39511C19F},0,TRADE,3121023.0,Dallas Goedert,10.0,5.0,2021-09-23
2021,3,df41257a-a23f-4c1c-8e24-cdbc76b41bc1,7afb1042-fcab-4100-a99b-8e903db1c18c,WAIVER,FAILED_INVALIDPLAYERSOURCE,7,NightlyLeagueUpdateTaskProcessor,5,ADD,-16029.0,Panthers D/ST,0.0,7.0,2021-09-22
2021,3,df41257a-a23f-4c1c-8e24-cdbc76b41bc1,7afb1042-fcab-4100-a99b-8e903db1c18c,WAIVER,FAILED_INVALIDPLAYERSOURCE,7,NightlyLeagueUpdateTaskProcessor,5,DROP,4035170.0,Marquez Callaway,7.0,0.0,2021-09-22
2021,3,8f3ce9ce-e22f-4188-ba68-95001ce6092b,581be556-eeac-4e10-b805-16396b004236,WAIVER,EXECUTED,10,NightlyLeagueUpdateTaskProcessor,19,ADD,3916566.0,K.J. Osborn,0.0,10.0,2021-09-22
2021,3,8f3ce9ce-e22f-4188-ba68-95001ce6092b,581be556-eeac-4e10-b805-16396b004236,WAIVER,EXECUTED,10,NightlyLeagueUpdateTaskProcessor,19,DROP,3051902.0,Peyton Barber,10.0,0.0,2021-09-22
2021,4,46052ca1-326a-4cea-b748-73be8f68b32d,,FREEAGENT,EXECUTED,10,{2C8A1B87-268B-45A5-A0E5-C4A3F61C9BC2},0,ADD,3912547.0,Sam Darnold,0.0,10.0,2021-09-30
2021,4,46052ca1-326a-4cea-b748-73be8f68b32d,,FREEAGENT,EXECUTED,10,{2C8A1B87-268B-45A5-A0E5-C4A3F61C9BC2},0,DROP,3916566.0,K.J. Osborn,10.0,0.0,2021-09-30
2021,4,4d428dc4-9142-46f0-9324-6e1b24477d5d,14156da1-7c59-4e23-9175-9b11bf0e725b,TRADE_PROPOSAL,CANCELED,4,{8242D4C8-FCD1-4A28-9373-CD282687A8E7},0,TRADE,4047650.0,DK Metcalf,4.0,10.0,2021-10-03
2021,4,4d428dc4-9142-46f0-9324-6e1b24477d5d,14156da1-7c59-4e23-9175-9b11bf0e725b,TRADE_PROPOSAL,CANCELED,4,{8242D4C8-FCD1-4A28-9373-CD282687A8E7},0,TRADE,3128720.0,Nick Chubb,10.0,4.0,2021-10-03
2021,4,5789981c-af64-4457-b6de-cd60cf5383c4,,FREEAGENT,EXECUTED,12,{91D28B99-9234-408F-ACE7-32AEC03EE9E2},0,ADD,3122449.0,James Washington,0.0,12.0,2021-10-02
2021,4,5789981c-af64-4457-b6de-cd60cf5383c4,,FREEAGENT,EXECUTED,12,{91D28B99-9234-408F-ACE7-32AEC03EE9E2},0,DROP,3122672.0,Royce Freeman,12.0,0.0,2021-10-02
2021,4,b5b06ecc-d505-4aa8-b2fd-dee554906a5a,1c13c266-dd6a-4d7c-92ba-347eb64e0ca6,TRADE_PROPOSAL,CANCELED,7,{430447A7-381F-4E40-AD53-6A9C1F157A25},0,TRADE,16460.0,Adam Thielen,7.0,10.0,2021-09-28
2021,4,b5b06ecc-d505-4aa8-b2fd-dee554906a5a,1c13c266-dd6a-4d7c-92ba-347eb64e0ca6,TRADE_PROPOSAL,CANCELED,7,{430447A7-381F-4E40-AD53-6A9C1F157A25},0,TRADE,3916387.0,Lamar Jackson,7.0,10.0,2021-09-28
2021,4,b5b06ecc-d505-4aa8-b2fd-dee554906a5a,1c13c266-dd6a-4d7c-92ba-347eb64e0ca6,TRADE_PROPOSAL,CANCELED,7,{430447A7-381F-4E40-AD53-6A9C1F157A25},0,TRADE,3121023.0,Dallas Goedert,10.0,7.0,2021-09-28
2021,4,b5b06ecc-d505-4aa8-b2fd-dee554906a5a,1c13c266-dd6a-4d7c-92ba-347eb64e0ca6,TRADE_PROPOSAL,CANCELED,7,{430447A7-381F-4E40-AD53-6A9C1F157A25},0,TRADE,2977187.0,Cooper Kupp,10.0,7.0,2021-09-28
2021,4,69a15dfe-1ce4-4c57-a02a-8cf692b3f2bf,,ROSTER,EXECUTED,14,{C2BAB8A3-9ED5-425C-BAB8-A39ED5B25CC2},0,DROP,-16013.0,Raiders D/ST,14.0,0.0,2021-09-29
2021,4,14156da1-7c59-4e23-9175-9b11bf0e725b,,TRADE_PROPOSAL,PENDING,4,{8242D4C8-FCD1-4A28-9373-CD282687A8E7},0,TRADE,4047650.0,DK Metcalf,4.0,10.0,2021-10-01
2021,4,14156da1-7c59-4e23-9175-9b11bf0e725b,,TRADE_PROPOSAL,PENDING,4,{8242D4C8-FCD1-4A28-9373-CD282687A8E7},0,TRADE,3128720.0,Nick Chubb,10.0,4.0,2021-10-01
2021,4,9879f4aa-e154-4a64-aebb-adc23838d2a2,5e227f87-f998-4123-874c-a866b1fd7e77,TRADE_UPHOLD,EXECUTED,7,{430447A7-381F-4E40-AD53-6A9C1F157A25},0,,,,,,2021-09-29
2021,4,9cf3f903-e640-4532-b69e-1fb437b49c1a,,ROSTER,EXECUTED,7,{430447A7-381F-4E40-AD53-6A9C1F157A25},0,DROP,12537.0,Jared Cook,7.0,0.0,2021-09-28
2021,4,29b16303-2a5b-4cfd-a349-82ff130a65b3,,ROSTER,EXECUTED,7,{430447A7-381F-4E40-AD53-6A9C1F157A25},0,DROP,-16019.0,Giants D/ST,7.0,0.0,2021-09-28
2021,4,92155a72-3bde-4b38-a11c-d2929f1f62bd,d97ec71c-7a87-4050-94a8-d13a6c52334a,WAIVER,EXECUTED,12,NightlyLeagueUpdateTaskProcessor,1,ADD,-16006.0,Cowboys D/ST,0.0,12.0,2021-09-29
2021,4,92155a72-3bde-4b38-a11c-d2929f1f62bd,d97ec71c-7a87-4050-94a8-d13a6c52334a,WAIVER,EXECUTED,12,NightlyLeagueUpdateTaskProcessor,1,DROP,-16005.0,Browns D/ST,12.0,0.0,2021-09-29
2021,4,7b081387-bafd-4557-b505-43429fc28a23,4c94546f-a59a-4c65-bc09-d288e889c34d,WAIVER,FAILED_INVALIDPLAYERSOURCE,12,NightlyLeagueUpdateTaskProcessor,1,ADD,-16004.0,Bengals D/ST,0.0,12.0,2021-09-29
2021,4,7b081387-bafd-4557-b505-43429fc28a23,4c94546f-a59a-4c65-bc09-d288e889c34d,WAIVER,FAILED_INVALIDPLAYERSOURCE,12,NightlyLeagueUpdateTaskProcessor,1,DROP,-16005.0,Browns D/ST,12.0,0.0,2021-09-29
2021,4,4c216dd8-7bf9-4871-9d87-28a9598a61cb,,FREEAGENT,EXECUTED,5,{77F704CF-0C76-4984-9A71-8BD39511C19F},0,ADD,3929785.0,Nick Westbrook-Ikhine,0.0,5.0,2021-10-02
2021,4,4c216dd8-7bf9-4871-9d87-28a9598a61cb,,FREEAGENT,EXECUTED,5,{77F704CF-0C76-4984-9A71-8BD39511C19F},0,DROP,3116164.0,Mike Gesicki,5.0,0.0,2021-10-02
2021,4,3b30f15d-5fa1-4ed7-9b03-b98d9e2cbab3,59e84df1-8f9f-4cf7-abbd-5f94fa86aa44,WAIVER,EXECUTED,14,NightlyLeagueUpdateTaskProcessor,4,ADD,13981.0,Mark Ingram II,0.0,14.0,2021-09-30
2021,4,eb34161f-26a2-4e0f-ab97-a33825e8e7a1,394f63f6-3aa4-4da2-973d-d631dfcef8b7,WAIVER,CANCELED,1,{C1E09685-96D1-4750-BA21-8BE16D3BF7CA},0,ADD,14880.0,Kirk Cousins,0.0,1.0,2021-09-28
2021,4,eb34161f-26a2-4e0f-ab97-a33825e8e7a1,394f63f6-3aa4-4da2-973d-d631dfcef8b7,WAIVER,CANCELED,1,{C1E09685-96D1-4750-BA21-8BE16D3BF7CA},0,DROP,16944.0,Devonta Freeman,1.0,0.0,2021-09-28
2021,4,d2f40b86-6402-4f97-b91d-c633fe3df47b,,FREEAGENT,EXECUTED,4,{8242D4C8-FCD1-4A28-9373-CD282687A8E7},0,ADD,4362630.0,Terrace Marshall Jr.,0.0,4.0,2021-10-03
2021,4,d2f40b86-6402-4f97-b91d-c633fe3df47b,,FREEAGENT,EXECUTED,4,{8242D4C8-FCD1-4A28-9373-CD282687A8E7},0,DROP,3916945.0,Darius Slayton,4.0,0.0,2021-10-03
2021,4,3b0b2492-daa3-402a-98a4-614875a200b0,18be3e6c-e750-4bcc-8397-82fac4dcd408,WAIVER,FAILED_INVALIDPLAYERSOURCE,4,NightlyLeagueUpdateTaskProcessor,2,ADD,-16004.0,Bengals D/ST,0.0,4.0,2021-09-29
2021,4,3b0b2492-daa3-402a-98a4-614875a200b0,18be3e6c-e750-4bcc-8397-82fac4dcd408,WAIVER,FAILED_INVALIDPLAYERSOURCE,4,NightlyLeagueUpdateTaskProcessor,2,DROP,-16003.0,Bears D/ST,4.0,0.0,2021-09-29
2021,4,fb24ce58-00cf-49e9-b6dd-32988d9c5e6b,,FREEAGENT,EXECUTED,5,{77F704CF-0C76-4984-9A71-8BD39511C19F},0,ADD,12537.0,Jared Cook,0.0,5.0,2021-10-03
2021,4,26b765b5-20d0-4517-9e00-c13c26a70cf4,1aae49b6-6406-417c-b217-1c3a7e8183c4,TRADE_DECLINE,EXECUTED,8,{00408013-39CF-40FC-8080-1339CFD0FC06},0,,,,,,2021-09-28
2021,4,4874750c-1669-4cb9-97cf-dca544492156,,WAIVER,PENDING,10,{2C8A1B87-268B-45A5-A0E5-C4A3F61C9BC2},3,ADD,3930086.0,Dawson Knox,0.0,10.0,2021-09-29
2021,4,4874750c-1669-4cb9-97cf-dca544492156,,WAIVER,PENDING,10,{2C8A1B87-268B-45A5-A0E5-C4A3F61C9BC2},3,DROP,3121023.0,Dallas Goedert,10.0,0.0,2021-09-29
2021,4,10f9fb87-1241-47ca-a012-8b567843ae48,,TRADE_PROPOSAL,PENDING,8,{00408013-39CF-40FC-8080-1339CFD0FC06},0,TRADE,2976212.0,Stefon Diggs,8.0,10.0,2021-09-28
2021,4,10f9fb87-1241-47ca-a012-8b567843ae48,,TRADE_PROPOSAL,PENDING,8,{00408013-39CF-40FC-8080-1339CFD0FC06},0,TRADE,3042519.0,Aaron Jones,10.0,8.0,2021-09-28
2021,4,4a2cc732-8677-4b9f-8e71-5c6d86331483,,FREEAGENT,EXECUTED,5,{77F704CF-0C76-4984-9A71-8BD39511C19F},0,ADD,3117256.0,Dalton Schultz,0.0,5.0,2021-10-03
2021,4,78f3eacc-8dfb-4353-9edd-a0541ea03694,5e227f87-f998-4123-874c-a866b1fd7e77,TRADE_UPHOLD,EXECUTED,1,{C1E09685-96D1-4750-BA21-8BE16D3BF7CA},0,,,,,,2021-09-28
2021,4,3530e8ad-bb06-4d89-8e98-cfc619877ef5,70d88e1d-e508-4b2c-a3b7-6fcff9fe1b05,WAIVER,EXECUTED,8,NightlyLeagueUpdateTaskProcessor,7,ADD,3915411.0,Ty Johnson,0.0,8.0,2021-09-29
2021,4,3530e8ad-bb06-4d89-8e98-cfc619877ef5,70d88e1d-e508-4b2c-a3b7-6fcff9fe1b05,WAIVER,EXECUTED,8,NightlyLeagueUpdateTaskProcessor,7,DROP,16504.0,Jack Doyle,8.0,0.0,2021-09-29
2021,4,edab07f2-4284-41e0-a2ed-80b33134cb7f,,FREEAGENT,EXECUTED,14,{C2BAB8A3-9ED5-425C-BAB8-A39ED5B25CC2},0,ADD,-16004.0,Bengals D/ST,0.0,14.0,2021-09-29
2021,4,86a35295-ff97-417a-8ae3-59f655cb6edc,0e8988ee-a54b-4454-b786-b9f5457adca9,TRADE_DECLINE,EXECUTED,8,{00408013-39CF-40FC-8080-1339CFD0FC06},0,,,,,,2021-09-30
2021,4,39f552fa-5d79-487f-afb5-8265e24241bc,abb848c8-8286-4559-84a2-8518fbe1bab0,WAIVER,EXECUTED,8,NightlyLeagueUpdateTaskProcessor,6,ADD,-16004.0,Bengals D/ST,0.0,8.0,2021-09-29
2021,4,39f552fa-5d79-487f-afb5-8265e24241bc,abb848c8-8286-4559-84a2-8518fbe1bab0,WAIVER,EXECUTED,8,NightlyLeagueUpdateTaskProcessor,6,DROP,4362887.0,Justin Fields,8.0,0.0,2021-09-29
2021,4,bd8862fc-a8df-4731-85fd-b9cf2f41e04e,,WAIVER,PENDING,10,{2C8A1B87-268B-45A5-A0E5-C4A3F61C9BC2},7,ADD,3895856.0,Christian Kirk,0.0,10.0,2021-09-29
2021,4,bd8862fc-a8df-4731-85fd-b9cf2f41e04e,,WAIVER,PENDING,10,{2C8A1B87-268B-45A5-A0E5-C4A3F61C9BC2},7,DROP,-16033.0,Ravens D/ST,10.0,0.0,2021-09-29
2021,4,3f4b8c25-3cca-433d-82e0-3320ad143e68,,FREEAGENT,EXECUTED,13,{85A6A0E4-D846-4046-B7F8-487FAD9165E0},0,ADD,4360939.0,Rashod Bateman,0.0,13.0,2021-10-02
2021,4,3f4b8c25-3cca-433d-82e0-3320ad143e68,,FREEAGENT,EXECUTED,13,{85A6A0E4-D846-4046-B7F8-487FAD9165E0},0,DROP,4038818.0,Bryan Edwards,13.0,0.0,2021-10-02
2021,4,e016980d-12c9-4523-b862-7ce11222437d,10f9fb87-1241-47ca-a012-8b567843ae48,TRADE_PROPOSAL,CANCELED,8,{00408013-39CF-40FC-8080-1339CFD0FC06},0,TRADE,2976212.0,Stefon Diggs,8.0,10.0,2021-09-28
2021,4,e016980d-12c9-4523-b862-7ce11222437d,10f9fb87-1241-47ca-a012-8b567843ae48,TRADE_PROPOSAL,CANCELED,8,{00408013-39CF-40FC-8080-1339CFD0FC06},0,TRADE,3042519.0,Aaron Jones,10.0,8.0,2021-09-28
2021,4,1c13c266-dd6a-4d7c-92ba-347eb64e0ca6,,TRADE_PROPOSAL,PENDING,7,{430447A7-381F-4E40-AD53-6A9C1F157A25},0,TRADE,16460.0,Adam Thielen,7.0,10.0,2021-09-28
2021,4,1c13c266-dd6a-4d7c-92ba-347eb64e0ca6,,TRADE_PROPOSAL,PENDING,7,{430447A7-381F-4E40-AD53-6A9C1F157A25},0,TRADE,3916387.0,Lamar Jackson,7.0,10.0,2021-09-28
2021,4,1c13c266-dd6a-4d7c-92ba-347eb64e0ca6,,TRADE_PROPOSAL,PENDING,7,{430447A7-381F-4E40-AD53-6A9C1F157A25},0,TRADE,3121023.0,Dallas Goedert,10.0,7.0,2021-09-28
2021,4,1c13c266-dd6a-4d7c-92ba-347eb64e0ca6,,TRADE_PROPOSAL,PENDING,7,{430447A7-381F-4E40-AD53-6A9C1F157A25},0,TRADE,2977187.0,Cooper Kupp,10.0,7.0,2021-09-28
2021,4,eea8ad1c-5835-466a-b2e2-a7b1bee16d6c,,FREEAGENT,EXECUTED,2,{EC970810-E14F-4307-8FA6-3BAE92CC1B4E},0,ADD,14880.0,Kirk Cousins,0.0,2.0,2021-09-29
2021,4,eea8ad1c-5835-466a-b2e2-a7b1bee16d6c,,FREEAGENT,EXECUTED,2,{EC970810-E14F-4307-8FA6-3BAE92CC1B4E},0,DROP,14053.0,Randall Cobb,2.0,0.0,2021-09-29
2021,4,47765254-1465-4a32-bf4c-2340acb9238b,,FREEAGENT,EXECUTED,14,{C2BAB8A3-9ED5-425C-BAB8-A39ED5B25CC2},0,ADD,17453.0,Cameron Brate,0.0,14.0,2021-10-01
2021,4,5352671f-583d-458a-a710-2cb9bcef294c,,FREEAGENT,EXECUTED,6,{FE8F6865-8A47-4C3A-8D66-0780982B48DD},0,ADD,17359.0,Damien Williams,0.0,6.0,2021-09-30
2021,4,bb437eda-f95d-4a4e-9c1e-e355aa509960,0e8988ee-a54b-4454-b786-b9f5457adca9,TRADE_PROPOSAL,CANCELED,10,{00408013-39CF-40FC-8080-1339CFD0FC06},0,TRADE,2976212.0,Stefon Diggs,8.0,10.0,2021-09-30
2021,4,bb437eda-f95d-4a4e-9c1e-e355aa509960,0e8988ee-a54b-4454-b786-b9f5457adca9,TRADE_PROPOSAL,CANCELED,10,{00408013-39CF-40FC-8080-1339CFD0FC06},0,TRADE,2976316.0,Michael Thomas,8.0,10.0,2021-09-30
2021,4,bb437eda-f95d-4a4e-9c1e-e355aa509960,0e8988ee-a54b-4454-b786-b9f5457adca9,TRADE_PROPOSAL,CANCELED,10,{00408013-39CF-40FC-8080-1339CFD0FC06},0,TRADE,3932905.0,Diontae Johnson,10.0,8.0,2021-09-30
2021,4,bb437eda-f95d-4a4e-9c1e-e355aa509960,0e8988ee-a54b-4454-b786-b9f5457adca9,TRADE_PROPOSAL,CANCELED,10,{00408013-39CF-40FC-8080-1339CFD0FC06},0,TRADE,3025433.0,Mike Davis,10.0,8.0,2021-09-30
2021,4,d7154a2a-7e21-4ee8-9a85-bfe9b5f38ba4,,FREEAGENT,EXECUTED,5,{77F704CF-0C76-4984-9A71-8BD39511C19F},0,ADD,3116164.0,Mike Gesicki,0.0,5.0,2021-09-29
2021,4,892e4a2c-ac4d-4161-873f-e29e7df6b0bf,,FREEAGENT,EXECUTED,6,{FE8F6865-8A47-4C3A-8D66-0780982B48DD},0,ADD,2978109.0,Zach Pascal,0.0,6.0,2021-09-30
2021,4,dbb9feeb-6aaf-47cb-bf22-afd209fee47e,,FREEAGENT,EXECUTED,13,{85A6A0E4-D846-4046-B7F8-487FAD9165E0},0,ADD,4035170.0,Marquez Callaway,0.0,13.0,2021-10-02
2021,4,dbb9feeb-6aaf-47cb-bf22-afd209fee47e,,FREEAGENT,EXECUTED,13,{85A6A0E4-D846-4046-B7F8-487FAD9165E0},0,DROP,3917792.0,Daniel Jones,13.0,0.0,2021-10-02
2021,4,f343953f-345c-484c-951d-644f01fdc000,36e329b2-6031-4404-a16d-b638b3362a70,WAIVER,EXECUTED,12,NightlyLeagueUpdateTaskProcessor,1,ADD,3122672.0,Royce Freeman,0.0,12.0,2021-09-29
2021,4,f343953f-345c-484c-951d-644f01fdc000,36e329b2-6031-4404-a16d-b638b3362a70,WAIVER,EXECUTED,12,NightlyLeagueUpdateTaskProcessor,1,DROP,4035793.0,Quintez Cephus,12.0,0.0,2021-09-29
2021,4,6c67027c-49a1-45a3-ab04-6d28ed2cd75c,,ROSTER,EXECUTED,6,{FE8F6865-8A47-4C3A-8D66-0780982B48DD},0,DROP,16913.0,James White,6.0,0.0,2021-09-30
2021,4,0d61de1c-842b-4243-9f38-13bdbd968422,5e227f87-f998-4123-874c-a866b1fd7e77,TRADE_UPHOLD,EXECUTED,14,{C1E09685-96D1-4750-BA21-8BE16D3BF7CA},0,,,,,,2021-09-29
2021,4,d004da44-7dcc-4c72-92ab-a7ff739934fa,42fa5993-24e2-412e-9de8-8f4bc4661a8c,TRADE_PROPOSAL,CANCELED,4,{8242D4C8-FCD1-4A28-9373-CD282687A8E7},0,TRADE,4047650.0,DK Metcalf,4.0,10.0,2021-10-01
2021,4,d004da44-7dcc-4c72-92ab-a7ff739934fa,42fa5993-24e2-412e-9de8-8f4bc4661a8c,TRADE_PROPOSAL,CANCELED,4,{8242D4C8-FCD1-4A28-9373-CD282687A8E7},0,TRADE,3128720.0,Nick Chubb,10.0,4.0,2021-10-01
2021,4,ffcf5557-e696-4750-b051-6c0bf9ab2577,,FREEAGENT,EXECUTED,8,{00408013-39CF-40FC-8080-1339CFD0FC06},0,ADD,3139605.0,Marlon Mack,0.0,8.0,2021-09-29
2021,4,ffcf5557-e696-4750-b051-6c0bf9ab2577,,FREEAGENT,EXECUTED,8,{00408013-39CF-40FC-8080-1339CFD0FC06},0,DROP,-16004.0,Bengals D/ST,8.0,0.0,2021-09-29
2021,4,14e4eaf6-29fb-4b1d-96a6-98ac62d57f03,bd8862fc-a8df-4731-85fd-b9cf2f41e04e,WAIVER,FAILED_INVALIDPLAYERSOURCE,10,NightlyLeagueUpdateTaskProcessor,7,ADD,3895856.0,Christian Kirk,0.0,10.0,2021-09-29
2021,4,14e4eaf6-29fb-4b1d-96a6-98ac62d57f03,bd8862fc-a8df-4731-85fd-b9cf2f41e04e,WAIVER,FAILED_INVALIDPLAYERSOURCE,10,NightlyLeagueUpdateTaskProcessor,7,DROP,-16033.0,Ravens D/ST,10.0,0.0,2021-09-29
2021,4,2119b8fe-2cdb-4bfe-857c-f67287dccfb0,437e16b7-4008-4211-9799-3da225e148f9,WAIVER,EXECUTED,7,NightlyLeagueUpdateTaskProcessor,16,ADD,3135321.0,Hunter Renfrow,0.0,7.0,2021-09-29
2021,4,2119b8fe-2cdb-4bfe-857c-f67287dccfb0,437e16b7-4008-4211-9799-3da225e148f9,WAIVER,EXECUTED,7,NightlyLeagueUpdateTaskProcessor,16,DROP,17359.0,Damien Williams,7.0,0.0,2021-09-29
2021,4,d000b5d4-9437-43b9-b121-65330f92a900,,ROSTER,EXECUTED,5,{77F704CF-0C76-4984-9A71-8BD39511C19F},0,DROP,2978109.0,Zach Pascal,5.0,0.0,2021-09-28
2021,4,451108db-fb0c-4a6d-acbd-e4ae4f9f2eea,c5f48a24-759c-49b2-8f03-06285b952b34,WAIVER,EXECUTED,7,NightlyLeagueUpdateTaskProcessor,18,ADD,3895856.0,Christian Kirk,0.0,7.0,2021-09-29
2021,4,0814a1df-f60a-4692-89aa-88b7ec71ae5d,,TRADE_PROPOSAL,PENDING,10,{2C8A1B87-268B-45A5-A0E5-C4A3F61C9BC2},0,TRADE,3134353.0,Tim Patrick,10.0,4.0,2021-10-01
2021,4,0814a1df-f60a-4692-89aa-88b7ec71ae5d,,TRADE_PROPOSAL,PENDING,10,{2C8A1B87-268B-45A5-A0E5-C4A3F61C9BC2},0,TRADE,3025433.0,Mike Davis,10.0,4.0,2021-10-01
2021,4,0814a1df-f60a-4692-89aa-88b7ec71ae5d,,TRADE_PROPOSAL,PENDING,10,{2C8A1B87-268B-45A5-A0E5-C4A3F61C9BC2},0,TRADE,3116165.0,Chris Godwin,4.0,10.0,2021-10-01
2021,4,2a08bbf4-6af8-4e43-a974-64ff48bd47a3,,ROSTER,EXECUTED,5,{77F704CF-0C76-4984-9A71-8BD39511C19F},0,DROP,3929785.0,Nick Westbrook-Ikhine,5.0,0.0,2021-10-03
2021,4,b4bceabb-1e47-4e52-a982-6b883ef95887,,ROSTER,EXECUTED,5,{77F704CF-0C76-4984-9A71-8BD39511C19F},0,DROP,3117256.0,Dalton Schultz,5.0,0.0,2021-10-03
2021,4,1b2971c3-0668-4e0d-9320-bad91d24f3b8,85271af7-330d-4c2f-a1b3-24de9f7327bc,WAIVER,CANCELED,5,{77F704CF-0C76-4984-9A71-8BD39511C19F},0,ADD,3116164.0,Mike Gesicki,0.0,5.0,2021-09-28
2021,4,1b2971c3-0668-4e0d-9320-bad91d24f3b8,85271af7-330d-4c2f-a1b3-24de9f7327bc,WAIVER,CANCELED,5,{77F704CF-0C76-4984-9A71-8BD39511C19F},0,DROP,2978109.0,Zach Pascal,5.0,0.0,2021-09-28
2021,4,b14dc21d-4d74-4737-beb1-9a9091a4d262,f25a8878-23fb-496c-8ff6-6cdacd990afd,WAIVER,FAILED_INVALIDPLAYERSOURCE,14,NightlyLeagueUpdateTaskProcessor,1,ADD,-16004.0,Bengals D/ST,0.0,14.0,2021-09-29
2021,4,b14dc21d-4d74-4737-beb1-9a9091a4d262,f25a8878-23fb-496c-8ff6-6cdacd990afd,WAIVER,FAILED_INVALIDPLAYERSOURCE,14,NightlyLeagueUpdateTaskProcessor,1,DROP,-16013.0,Raiders D/ST,14.0,0.0,2021-09-29
2021,4,79e6e759-f860-41f6-a130-c30e879f9577,3146cb59-ed00-49ca-b1a9-68a4e86ac8a5,TRADE_DECLINE,EXECUTED,5,{77F704CF-0C76-4984-9A71-8BD39511C19F},0,,,,,,2021-09-28
2021,4,4d1cead2-9eba-4488-be26-a477b82f32fa,,TRADE_PROPOSAL,PENDING,8,{00408013-39CF-40FC-8080-1339CFD0FC06},0,TRADE,2976316.0,Michael Thomas,8.0,10.0,2021-09-28
2021,4,4d1cead2-9eba-4488-be26-a477b82f32fa,,TRADE_PROPOSAL,PENDING,8,{00408013-39CF-40FC-8080-1339CFD0FC06},0,TRADE,4039359.0,Darrell Henderson Jr.,10.0,8.0,2021-09-28
2021,4,4d1cead2-9eba-4488-be26-a477b82f32fa,,TRADE_PROPOSAL,PENDING,8,{00408013-39CF-40FC-8080-1339CFD0FC06},0,DROP,4362887.0,Justin Fields,8.0,0.0,2021-09-28
2021,4,fbca428b-2596-4e63-81f5-0e0e4c3c621a,0814a1df-f60a-4692-89aa-88b7ec71ae5d,TRADE_DECLINE,EXECUTED,4,{8242D4C8-FCD1-4A28-9373-CD282687A8E7},0,,,,,,2021-10-01
2021,4,0e8988ee-a54b-4454-b786-b9f5457adca9,,TRADE_PROPOSAL,PENDING,10,{2C8A1B87-268B-45A5-A0E5-C4A3F61C9BC2},0,TRADE,2976212.0,Stefon Diggs,8.0,10.0,2021-09-30
2021,4,0e8988ee-a54b-4454-b786-b9f5457adca9,,TRADE_PROPOSAL,PENDING,10,{2C8A1B87-268B-45A5-A0E5-C4A3F61C9BC2},0,TRADE,2976316.0,Michael Thomas,8.0,10.0,2021-09-30
2021,4,0e8988ee-a54b-4454-b786-b9f5457adca9,,TRADE_PROPOSAL,PENDING,10,{2C8A1B87-268B-45A5-A0E5-C4A3F61C9BC2},0,TRADE,3932905.0,Diontae Johnson,10.0,8.0,2021-09-30
2021,4,0e8988ee-a54b-4454-b786-b9f5457adca9,,TRADE_PROPOSAL,PENDING,10,{2C8A1B87-268B-45A5-A0E5-C4A3F61C9BC2},0,TRADE,3025433.0,Mike Davis,10.0,8.0,2021-09-30
2021,4,18719076-cb2f-44f3-b3aa-0c46db144151,e09c3861-d19b-496c-bcd7-41e41af693f3,WAIVER,FAILED_PLAYERALREADYDROPPED,8,NightlyLeagueUpdateTaskProcessor,5,ADD,14880.0,Kirk Cousins,0.0,8.0,2021-09-29
2021,4,18719076-cb2f-44f3-b3aa-0c46db144151,e09c3861-d19b-496c-bcd7-41e41af693f3,WAIVER,FAILED_PLAYERALREADYDROPPED,8,NightlyLeagueUpdateTaskProcessor,5,DROP,4362887.0,Justin Fields,8.0,0.0,2021-09-29
2021,4,d448efd2-883b-4db8-9bc6-55ab89137998,,FREEAGENT,EXECUTED,10,{2C8A1B87-268B-45A5-A0E5-C4A3F61C9BC2},0,ADD,-16011.0,Colts D/ST,0.0,10.0,2021-09-30
2021,4,d448efd2-883b-4db8-9bc6-55ab89137998,,FREEAGENT,EXECUTED,10,{2C8A1B87-268B-45A5-A0E5-C4A3F61C9BC2},0,DROP,-16033.0,Ravens D/ST,10.0,0.0,2021-09-30
2021,4,a514acee-d6c4-4aa0-9f2f-a7d3d45443d0,0814a1df-f60a-4692-89aa-88b7ec71ae5d,TRADE_PROPOSAL,CANCELED,10,{8242D4C8-FCD1-4A28-9373-CD282687A8E7},0,TRADE,3134353.0,Tim Patrick,10.0,4.0,2021-10-01
2021,4,a514acee-d6c4-4aa0-9f2f-a7d3d45443d0,0814a1df-f60a-4692-89aa-88b7ec71ae5d,TRADE_PROPOSAL,CANCELED,10,{8242D4C8-FCD1-4A28-9373-CD282687A8E7},0,TRADE,3025433.0,Mike Davis,10.0,4.0,2021-10-01
2021,4,a514acee-d6c4-4aa0-9f2f-a7d3d45443d0,0814a1df-f60a-4692-89aa-88b7ec71ae5d,TRADE_PROPOSAL,CANCELED,10,{8242D4C8-FCD1-4A28-9373-CD282687A8E7},0,TRADE,3116165.0,Chris Godwin,4.0,10.0,2021-10-01
2021,4,a7b242ad-69a1-4cfd-b7ba-16160a1d69af,,FREEAGENT,EXECUTED,14,{C2BAB8A3-9ED5-425C-BAB8-A39ED5B25CC2},0,ADD,3051876.0,Evan Engram,0.0,14.0,2021-10-01
2021,4,a7b242ad-69a1-4cfd-b7ba-16160a1d69af,,FREEAGENT,EXECUTED,14,{C2BAB8A3-9ED5-425C-BAB8-A39ED5B25CC2},0,DROP,17453.0,Cameron Brate,14.0,0.0,2021-10-01
2021,4,35752f53-f5f5-4d61-a906-a26e86bd9e3d,4d1cead2-9eba-4488-be26-a477b82f32fa,TRADE_PROPOSAL,CANCELED,8,{00408013-39CF-40FC-8080-1339CFD0FC06},0,TRADE,2976316.0,Michael Thomas,8.0,10.0,2021-09-28
2021,4,35752f53-f5f5-4d61-a906-a26e86bd9e3d,4d1cead2-9eba-4488-be26-a477b82f32fa,TRADE_PROPOSAL,CANCELED,8,{00408013-39CF-40FC-8080-1339CFD0FC06},0,TRADE,4039359.0,Darrell Henderson Jr.,10.0,8.0,2021-09-28
2021,4,35752f53-f5f5-4d61-a906-a26e86bd9e3d,4d1cead2-9eba-4488-be26-a477b82f32fa,TRADE_PROPOSAL,CANCELED,8,{00408013-39CF-40FC-8080-1339CFD0FC06},0,DROP,4362887.0,Justin Fields,8.0,0.0,2021-09-28
2021,4,f025ff55-3c23-4c04-94ab-8460a1a1bcdc,071f7d36-cdb8-4820-a1bc-cf7d19dd2ab6,WAIVER,FAILED_INVALIDPLAYERSOURCE,2,NightlyLeagueUpdateTaskProcessor,5,ADD,3135321.0,Hunter Renfrow,0.0,2.0,2021-09-29
2021,4,f025ff55-3c23-4c04-94ab-8460a1a1bcdc,071f7d36-cdb8-4820-a1bc-cf7d19dd2ab6,WAIVER,FAILED_INVALIDPLAYERSOURCE,2,NightlyLeagueUpdateTaskProcessor,5,DROP,14053.0,Randall Cobb,2.0,0.0,2021-09-29
2021,4,c9e93834-c3b0-4a40-95fe-a4b8404c02e8,,ROSTER,EXECUTED,7,{430447A7-381F-4E40-AD53-6A9C1F157A25},0,DROP,13981.0,Mark Ingram II,7.0,0.0,2021-09-28
2021,4,ef016ebc-2303-45b2-9330-25583b860584,5e227f87-f998-4123-874c-a866b1fd7e77,TRADE_ACCEPT,,7,{430447A7-381F-4E40-AD53-6A9C1F157A25},0,,,,,,2021-09-28
2021,4,2d067313-7b3f-48eb-ae39-8ae29f983863,eceba5d2-f887-4f75-928c-dd9fe2034672,WAIVER,FAILED_ROSTERLIMIT,7,NightlyLeagueUpdateTaskProcessor,7,ADD,14880.0,Kirk Cousins,0.0,7.0,2021-09-29
2021,4,42fa5993-24e2-412e-9de8-8f4bc4661a8c,,TRADE_PROPOSAL,PENDING,4,{8242D4C8-FCD1-4A28-9373-CD282687A8E7},0,TRADE,4047650.0,DK Metcalf,4.0,10.0,2021-10-01
2021,4,42fa5993-24e2-412e-9de8-8f4bc4661a8c,,TRADE_PROPOSAL,PENDING,4,{8242D4C8-FCD1-4A28-9373-CD282687A8E7},0,TRADE,3128720.0,Nick Chubb,10.0,4.0,2021-10-01
2021,4,aba40723-9f4c-4dd0-9d8a-e9dc2dda8be2,4874750c-1669-4cb9-97cf-dca544492156,WAIVER,EXECUTED,10,NightlyLeagueUpdateTaskProcessor,3,ADD,3930086.0,Dawson Knox,0.0,10.0,2021-09-29
2021,4,aba40723-9f4c-4dd0-9d8a-e9dc2dda8be2,4874750c-1669-4cb9-97cf-dca544492156,WAIVER,EXECUTED,10,NightlyLeagueUpdateTaskProcessor,3,DROP,3121023.0,Dallas Goedert,10.0,0.0,2021-09-29
2021,5,170a6f67-83db-4758-8494-0eaa122a856f,149b57b4-a003-4562-8cbf-4c09a5b9bf05,TRADE_PROPOSAL,CANCELED,8,{00408013-39CF-40FC-8080-1339CFD0FC06},0,TRADE,2976212.0,Stefon Diggs,8.0,13.0,2021-10-05
2021,5,170a6f67-83db-4758-8494-0eaa122a856f,149b57b4-a003-4562-8cbf-4c09a5b9bf05,TRADE_PROPOSAL,CANCELED,8,{00408013-39CF-40FC-8080-1339CFD0FC06},0,TRADE,4036131.0,Noah Fant,13.0,8.0,2021-10-05
2021,5,170a6f67-83db-4758-8494-0eaa122a856f,149b57b4-a003-4562-8cbf-4c09a5b9bf05,TRADE_PROPOSAL,CANCELED,8,{00408013-39CF-40FC-8080-1339CFD0FC06},0,TRADE,3119195.0,Chase Edmonds,13.0,8.0,2021-10-05
2021,5,170a6f67-83db-4758-8494-0eaa122a856f,149b57b4-a003-4562-8cbf-4c09a5b9bf05,TRADE_PROPOSAL,CANCELED,8,{00408013-39CF-40FC-8080-1339CFD0FC06},0,DROP,3915411.0,Ty Johnson,8.0,0.0,2021-10-05
2021,5,6ec0decd-40ba-425c-9b31-94c4b2d2eff1,,FREEAGENT,EXECUTED,8,{00408013-39CF-40FC-8080-1339CFD0FC06},0,ADD,2973405.0,Kalif Raymond,0.0,8.0,2021-10-08
2021,5,6ec0decd-40ba-425c-9b31-94c4b2d2eff1,,FREEAGENT,EXECUTED,8,{00408013-39CF-40FC-8080-1339CFD0FC06},0,DROP,-16005.0,Browns D/ST,8.0,0.0,2021-10-08
2021,5,4382f218-aa69-4a63-bba8-e8aa82f93397,,FREEAGENT,EXECUTED,12,{91D28B99-9234-408F-ACE7-32AEC03EE9E2},1,ADD,-16033.0,Ravens D/ST,0.0,12.0,2021-10-06
2021,5,4382f218-aa69-4a63-bba8-e8aa82f93397,,FREEAGENT,EXECUTED,12,{91D28B99-9234-408F-ACE7-32AEC03EE9E2},1,DROP,-16006.0,Cowboys D/ST,12.0,0.0,2021-10-06
2021,5,aa6e0f35-a386-49c7-b8bf-20521756c4ae,9c7f8316-f5d1-4029-9640-07b0fc79978c,TRADE_DECLINE,EXECUTED,3,{C52D799E-6C1C-44B9-8371-9B6AF857D8E8},0,,,,,,2021-10-07
2021,5,8385927b-824b-454d-9e03-003f4902cbde,,FREEAGENT,EXECUTED,7,{430447A7-381F-4E40-AD53-6A9C1F157A25},0,ADD,2565969.0,Taylor Heinicke,0.0,7.0,2021-10-09
2021,5,8f17b9a6-bbc1-45cf-87b2-fe2dff9e25cd,,FREEAGENT,EXECUTED,8,{00408013-39CF-40FC-8080-1339CFD0FC06},0,ADD,-16005.0,Browns D/ST,0.0,8.0,2021-10-07
2021,5,8f17b9a6-bbc1-45cf-87b2-fe2dff9e25cd,,FREEAGENT,EXECUTED,8,{00408013-39CF-40FC-8080-1339CFD0FC06},0,DROP,3139605.0,Marlon Mack,8.0,0.0,2021-10-07
2021,5,6838c734-58d4-43d1-b488-b2e610cb41b5,,FREEAGENT,EXECUTED,8,{00408013-39CF-40FC-8080-1339CFD0FC06},0,ADD,-16005.0,Browns D/ST,0.0,8.0,2021-10-08
2021,5,6838c734-58d4-43d1-b488-b2e610cb41b5,,FREEAGENT,EXECUTED,8,{00408013-39CF-40FC-8080-1339CFD0FC06},0,DROP,-16025.0,49ers D/ST,8.0,0.0,2021-10-08
2021,5,197da448-0383-4d6a-be69-090df1953cbd,,ROSTER,EXECUTED,14,{C2BAB8A3-9ED5-425C-BAB8-A39ED5B25CC2},0,DROP,13981.0,Mark Ingram II,14.0,0.0,2021-10-05
2021,5,5ba64058-80dc-461b-b06a-4d14020d5274,ad4eed64-da89-45a5-aa9d-4906ce223985,TRADE_DECLINE,EXECUTED,12,{91D28B99-9234-408F-ACE7-32AEC03EE9E2},0,,,,,,2021-10-05
2021,5,ec0e7007-a062-4cce-a19d-fb58e602bc90,8aa30262-1b65-4319-93dc-50d2c8b7a5e3,TRADE_DECLINE,EXECUTED,8,{00408013-39CF-40FC-8080-1339CFD0FC06},0,,,,,,2021-10-05
2021,5,35b00d07-ed6f-4eb4-ba07-5b58ea2091e2,f9a1b04f-befc-4175-824e-3fb9d9d35ff1,WAIVER,EXECUTED,8,NightlyLeagueUpdateTaskProcessor,10,ADD,3116164.0,Mike Gesicki,0.0,8.0,2021-10-06
2021,5,35b00d07-ed6f-4eb4-ba07-5b58ea2091e2,f9a1b04f-befc-4175-824e-3fb9d9d35ff1,WAIVER,EXECUTED,8,NightlyLeagueUpdateTaskProcessor,10,DROP,3915411.0,Ty Johnson,8.0,0.0,2021-10-06
2021,5,3845e1f1-aa73-4d61-b8f1-b8379c5d2b0f,c5aaac1b-81b2-4186-be38-357ac411371a,WAIVER,EXECUTED,7,NightlyLeagueUpdateTaskProcessor,2,ADD,13983.0,A.J. Green,0.0,7.0,2021-10-10
2021,5,803f9beb-037c-4093-846d-dc387e3aa1e7,,WAIVER,PENDING,10,{2C8A1B87-268B-45A5-A0E5-C4A3F61C9BC2},1,ADD,3046409.0,Alex Collins,0.0,10.0,2021-10-06
2021,5,803f9beb-037c-4093-846d-dc387e3aa1e7,,WAIVER,PENDING,10,{2C8A1B87-268B-45A5-A0E5-C4A3F61C9BC2},1,DROP,3051902.0,Peyton Barber,10.0,0.0,2021-10-06
2021,5,3444e7e5-4afb-43cd-8eae-32c1f1058dce,b1103ad3-edde-4e50-b66b-1da1e789134c,TRADE_DECLINE,EXECUTED,1,{C1E09685-96D1-4750-BA21-8BE16D3BF7CA},0,,,,,,2021-10-07
2021,5,03e159f8-15d1-440c-8a76-83ee587ad5a6,,ROSTER,EXECUTED,5,{77F704CF-0C76-4984-9A71-8BD39511C19F},0,DROP,-16018.0,Saints D/ST,5.0,0.0,2021-10-05
2021,5,257f9183-1862-4e61-8e3d-e52355ecc48f,027697b9-8147-4e05-a864-b5036ba0d99f,TRADE_PROPOSAL,CANCELED,1,{C1E09685-96D1-4750-BA21-8BE16D3BF7CA},0,TRADE,2576434.0,Melvin Gordon III,1.0,3.0,2021-10-11
2021,5,257f9183-1862-4e61-8e3d-e52355ecc48f,027697b9-8147-4e05-a864-b5036ba0d99f,TRADE_PROPOSAL,CANCELED,1,{C1E09685-96D1-4750-BA21-8BE16D3BF7CA},0,TRADE,4048244.0,Alexander Mattison,3.0,1.0,2021-10-11
2021,5,7a40dc2f-8791-4a50-94dd-e38a4c46ae3a,c9bdcdb5-b0a7-487d-a39e-e4441e65534b,TRADE_PROPOSAL,CANCELED,10,{00408013-39CF-40FC-8080-1339CFD0FC06},0,TRADE,2976316.0,Michael Thomas,8.0,10.0,2021-10-06
2021,5,7a40dc2f-8791-4a50-94dd-e38a4c46ae3a,c9bdcdb5-b0a7-487d-a39e-e4441e65534b,TRADE_PROPOSAL,CANCELED,10,{00408013-39CF-40FC-8080-1339CFD0FC06},0,TRADE,3025433.0,Mike Davis,10.0,8.0,2021-10-06
2021,5,b4cdbcbb-ef85-4815-9fc4-0375742c5de2,f8e20ce8-c4fe-41b4-9ffa-7b6788b2d37d,WAIVER,EXECUTED,10,NightlyLeagueUpdateTaskProcessor,1,ADD,15478.0,Brandon Bolden,0.0,10.0,2021-10-06
2021,5,b4cdbcbb-ef85-4815-9fc4-0375742c5de2,f8e20ce8-c4fe-41b4-9ffa-7b6788b2d37d,WAIVER,EXECUTED,10,NightlyLeagueUpdateTaskProcessor,1,DROP,3051902.0,Peyton Barber,10.0,0.0,2021-10-06
2021,5,85908bf4-d6ce-4ef2-bbce-46a34ff0d15f,a3997386-d586-45ff-bf74-a94408b3c0d1,TRADE_PROPOSAL,CANCELED,8,{00408013-39CF-40FC-8080-1339CFD0FC06},0,TRADE,2976212.0,Stefon Diggs,8.0,13.0,2021-10-05
2021,5,85908bf4-d6ce-4ef2-bbce-46a34ff0d15f,a3997386-d586-45ff-bf74-a94408b3c0d1,TRADE_PROPOSAL,CANCELED,8,{00408013-39CF-40FC-8080-1339CFD0FC06},0,TRADE,3119195.0,Chase Edmonds,13.0,8.0,2021-10-05
2021,5,85908bf4-d6ce-4ef2-bbce-46a34ff0d15f,a3997386-d586-45ff-bf74-a94408b3c0d1,TRADE_PROPOSAL,CANCELED,8,{00408013-39CF-40FC-8080-1339CFD0FC06},0,TRADE,4047646.0,A.J. Brown,13.0,8.0,2021-10-05
2021,5,85908bf4-d6ce-4ef2-bbce-46a34ff0d15f,a3997386-d586-45ff-bf74-a94408b3c0d1,TRADE_PROPOSAL,CANCELED,8,{00408013-39CF-40FC-8080-1339CFD0FC06},0,DROP,3915411.0,Ty Johnson,8.0,0.0,2021-10-05
2021,5,26d90e27-dd56-4a63-93ed-ad8269e43ae4,3f00eb7f-fa8a-471e-aa07-da53afb1b319,TRADE_PROPOSAL,CANCELED,10,{2C8A1B87-268B-45A5-A0E5-C4A3F61C9BC2},0,TRADE,16799.0,Allen Robinson II,3.0,10.0,2021-10-08
2021,5,26d90e27-dd56-4a63-93ed-ad8269e43ae4,3f00eb7f-fa8a-471e-aa07-da53afb1b319,TRADE_PROPOSAL,CANCELED,10,{2C8A1B87-268B-45A5-A0E5-C4A3F61C9BC2},0,TRADE,3134353.0,Tim Patrick,10.0,3.0,2021-10-08
2021,5,29ebc09f-9595-4470-a08f-7ac30a0023c7,,FREEAGENT,EXECUTED,14,{C2BAB8A3-9ED5-425C-BAB8-A39ED5B25CC2},0,ADD,-16034.0,Texans D/ST,0.0,14.0,2021-10-08
2021,5,29ebc09f-9595-4470-a08f-7ac30a0023c7,,FREEAGENT,EXECUTED,14,{C2BAB8A3-9ED5-425C-BAB8-A39ED5B25CC2},0,DROP,-16016.0,Vikings D/ST,14.0,0.0,2021-10-08
2021,5,8cc6caff-8fc7-4885-b746-fa66650860f4,877526b6-b29d-4169-b2ce-cdeb23650731,WAIVER,FAILED_INVALIDPLAYERSOURCE,12,NightlyLeagueUpdateTaskProcessor,1,ADD,-16013.0,Raiders D/ST,0.0,12.0,2021-10-06
2021,5,8cc6caff-8fc7-4885-b746-fa66650860f4,877526b6-b29d-4169-b2ce-cdeb23650731,WAIVER,FAILED_INVALIDPLAYERSOURCE,12,NightlyLeagueUpdateTaskProcessor,1,DROP,-16006.0,Cowboys D/ST,12.0,0.0,2021-10-06
2021,5,f9dce4b6-d655-40e6-9a95-e0f048104983,,FREEAGENT,EXECUTED,5,{77F704CF-0C76-4984-9A71-8BD39511C19F},0,ADD,-16011.0,Colts D/ST,0.0,5.0,2021-10-09
2021,5,f54a28d3-c01c-4bb0-9d15-be40f31f60f6,11f56171-f777-4266-8953-04e597f76305,TRADE_DECLINE,EXECUTED,8,{00408013-39CF-40FC-8080-1339CFD0FC06},0,,,,,,2021-10-05
2021,5,3f00eb7f-fa8a-471e-aa07-da53afb1b319,,TRADE_PROPOSAL,PENDING,10,{2C8A1B87-268B-45A5-A0E5-C4A3F61C9BC2},0,TRADE,16799.0,Allen Robinson II,3.0,10.0,2021-10-08
2021,5,3f00eb7f-fa8a-471e-aa07-da53afb1b319,,TRADE_PROPOSAL,PENDING,10,{2C8A1B87-268B-45A5-A0E5-C4A3F61C9BC2},0,TRADE,3134353.0,Tim Patrick,10.0,3.0,2021-10-08
2021,5,1096d2a7-df3f-49d5-ac8a-2f9ba50d52d2,66420ac8-8401-425b-8937-da5a1df62734,WAIVER,FAILED_INVALIDPLAYERSOURCE,7,NightlyLeagueUpdateTaskProcessor,3,ADD,3046409.0,Alex Collins,0.0,7.0,2021-10-06
2021,5,b683a3ed-6b03-4fd0-b0c4-b83de1ab927b,,TRADE_PROPOSAL,PENDING,1,{C1E09685-96D1-4750-BA21-8BE16D3BF7CA},0,TRADE,15825.0,Le'Veon Bell,1.0,10.0,2021-10-11
2021,5,b683a3ed-6b03-4fd0-b0c4-b83de1ab927b,,TRADE_PROPOSAL,PENDING,1,{C1E09685-96D1-4750-BA21-8BE16D3BF7CA},0,TRADE,2576434.0,Melvin Gordon III,1.0,10.0,2021-10-11
2021,5,b683a3ed-6b03-4fd0-b0c4-b83de1ab927b,,TRADE_PROPOSAL,PENDING,1,{C1E09685-96D1-4750-BA21-8BE16D3BF7CA},0,TRADE,3918298.0,Josh Allen,1.0,10.0,2021-10-11
2021,5,b683a3ed-6b03-4fd0-b0c4-b83de1ab927b,,TRADE_PROPOSAL,PENDING,1,{C1E09685-96D1-4750-BA21-8BE16D3BF7CA},0,TRADE,4039359.0,Darrell Henderson Jr.,10.0,1.0,2021-10-11
2021,5,b683a3ed-6b03-4fd0-b0c4-b83de1ab927b,,TRADE_PROPOSAL,PENDING,1,{C1E09685-96D1-4750-BA21-8BE16D3BF7CA},0,TRADE,3930086.0,Dawson Knox,10.0,1.0,2021-10-11
2021,5,b683a3ed-6b03-4fd0-b0c4-b83de1ab927b,,TRADE_PROPOSAL,PENDING,1,{C1E09685-96D1-4750-BA21-8BE16D3BF7CA},0,TRADE,3912547.0,Sam Darnold,10.0,1.0,2021-10-11
2021,5,7133efad-0bce-481e-8b01-8b85f3177060,803f9beb-037c-4093-846d-dc387e3aa1e7,WAIVER,FAILED_INVALIDPLAYERSOURCE,10,NightlyLeagueUpdateTaskProcessor,1,ADD,3046409.0,Alex Collins,0.0,10.0,2021-10-06
2021,5,7133efad-0bce-481e-8b01-8b85f3177060,803f9beb-037c-4093-846d-dc387e3aa1e7,WAIVER,FAILED_INVALIDPLAYERSOURCE,10,NightlyLeagueUpdateTaskProcessor,1,DROP,3051902.0,Peyton Barber,10.0,0.0,2021-10-06
2021,5,f3db8def-8da9-47e2-a429-d19b5e0ecf69,b36a6140-b981-4812-80e7-1c297faa0ff5,WAIVER,EXECUTED,12,NightlyLeagueUpdateTaskProcessor,1,ADD,13983.0,A.J. Green,0.0,12.0,2021-10-06
2021,5,f3db8def-8da9-47e2-a429-d19b5e0ecf69,b36a6140-b981-4812-80e7-1c297faa0ff5,WAIVER,EXECUTED,12,NightlyLeagueUpdateTaskProcessor,1,DROP,4241802.0,Jalen Reagor,12.0,0.0,2021-10-06
2021,5,3ab792d5-ab08-4828-9127-1e4c869f2601,d90a541c-1d86-4878-9003-dfc3eb695a80,WAIVER,EXECUTED,14,NightlyLeagueUpdateTaskProcessor,5,ADD,2576623.0,DeVante Parker,0.0,14.0,2021-10-07
2021,5,4c6b348c-1503-47ec-9740-2a4208c33df1,347cbd2f-5b1c-4caa-a5f5-f3af54981059,WAIVER,FAILED_INVALIDPLAYERSOURCE,8,NightlyLeagueUpdateTaskProcessor,1,ADD,-16006.0,Cowboys D/ST,0.0,8.0,2021-10-08
2021,5,4c6b348c-1503-47ec-9740-2a4208c33df1,347cbd2f-5b1c-4caa-a5f5-f3af54981059,WAIVER,FAILED_INVALIDPLAYERSOURCE,8,NightlyLeagueUpdateTaskProcessor,1,DROP,-16025.0,49ers D/ST,8.0,0.0,2021-10-08
2021,5,dcff0d64-1a1e-4352-b9f5-8d58044f63e6,465c1836-f63d-4060-bbd6-b8824d721070,WAIVER,EXECUTED,1,NightlyLeagueUpdateTaskProcessor,7,ADD,15705.0,Josh Gordon,0.0,1.0,2021-10-06
2021,5,dcff0d64-1a1e-4352-b9f5-8d58044f63e6,465c1836-f63d-4060-bbd6-b8824d721070,WAIVER,EXECUTED,1,NightlyLeagueUpdateTaskProcessor,7,DROP,2576623.0,DeVante Parker,1.0,0.0,2021-10-06
2021,5,744f3cd3-2b0f-4867-84a8-6b7664b49b3d,fa7224e3-3d69-4f6b-a185-63fb192c31e6,WAIVER,EXECUTED,12,NightlyLeagueUpdateTaskProcessor,4,ADD,3917792.0,Daniel Jones,0.0,12.0,2021-10-06
2021,5,744f3cd3-2b0f-4867-84a8-6b7664b49b3d,fa7224e3-3d69-4f6b-a185-63fb192c31e6,WAIVER,EXECUTED,12,NightlyLeagueUpdateTaskProcessor,4,DROP,3122449.0,James Washington,12.0,0.0,2021-10-06
2021,5,c468c00d-1b62-402d-a100-976aefa9dbd9,99d29246-0de3-489b-95e5-b4f57b557b4e,TRADE_DECLINE,EXECUTED,7,{430447A7-381F-4E40-AD53-6A9C1F157A25},0,,,,,,2021-10-11
2021,5,cdcd4f3e-2e04-417d-8540-18935d955dee,,FREEAGENT,EXECUTED,12,{91D28B99-9234-408F-ACE7-32AEC03EE9E2},0,ADD,-16001.0,Falcons D/ST,0.0,12.0,2021-10-08
2021,5,cdcd4f3e-2e04-417d-8540-18935d955dee,,FREEAGENT,EXECUTED,12,{91D28B99-9234-408F-ACE7-32AEC03EE9E2},0,DROP,-16033.0,Ravens D/ST,12.0,0.0,2021-10-08
2021,5,516977e4-96fa-4c59-b136-f46fe94ea534,695ae166-0449-4061-b53c-6160ff757b89,TRADE_DECLINE,EXECUTED,8,{00408013-39CF-40FC-8080-1339CFD0FC06},0,,,,,,2021-10-05
2021,5,58b324d0-9251-4e84-86d0-b32b2efb68fc,23c32241-3556-43d7-9589-4eb748a8d2aa,WAIVER,EXECUTED,14,NightlyLeagueUpdateTaskProcessor,20,ADD,3046409.0,Alex Collins,0.0,14.0,2021-10-06
2021,5,58b324d0-9251-4e84-86d0-b32b2efb68fc,23c32241-3556-43d7-9589-4eb748a8d2aa,WAIVER,EXECUTED,14,NightlyLeagueUpdateTaskProcessor,20,DROP,3052587.0,Baker Mayfield,14.0,0.0,2021-10-06
2021,5,22ecc5f7-e2e8-45f3-95ba-ac42882c5ced,ff85e156-2a0a-458d-9b01-fe857909cc47,WAIVER,EXECUTED,6,NightlyLeagueUpdateTaskProcessor,3,ADD,-16018.0,Saints D/ST,0.0,6.0,2021-10-07
2021,5,22ecc5f7-e2e8-45f3-95ba-ac42882c5ced,ff85e156-2a0a-458d-9b01-fe857909cc47,WAIVER,EXECUTED,6,NightlyLeagueUpdateTaskProcessor,3,DROP,3115394.0,DJ Chark Jr.,6.0,0.0,2021-10-07
2021,5,a18e341d-f5b1-4312-b99b-f7c1150be36d,9ee1e5ac-a2cd-48fb-a52c-fa93e660b0f8,TRADE_PROPOSAL,CANCELED,1,{C1E09685-96D1-4750-BA21-8BE16D3BF7CA},0,TRADE,2976316.0,Michael Thomas,8.0,1.0,2021-10-07
2021,5,a18e341d-f5b1-4312-b99b-f7c1150be36d,9ee1e5ac-a2cd-48fb-a52c-fa93e660b0f8,TRADE_PROPOSAL,CANCELED,1,{C1E09685-96D1-4750-BA21-8BE16D3BF7CA},0,TRADE,3116389.0,Samaje Perine,1.0,8.0,2021-10-07
2021,5,49dca6ae-ac1d-481d-8168-d76db79bf3cb,,FREEAGENT,EXECUTED,12,{91D28B99-9234-408F-ACE7-32AEC03EE9E2},0,ADD,3917792.0,Daniel Jones,0.0,12.0,2021-10-08
2021,5,49dca6ae-ac1d-481d-8168-d76db79bf3cb,,FREEAGENT,EXECUTED,12,{91D28B99-9234-408F-ACE7-32AEC03EE9E2},0,DROP,13983.0,A.J. Green,12.0,0.0,2021-10-08
2021,5,24ff8d04-c4d2-4ba4-96d5-463b260a82cd,77028394-83ab-4cf2-977b-03c893476603,WAIVER,FAILED_INVALIDPLAYERSOURCE,3,NightlyLeagueUpdateTaskProcessor,2,ADD,3116164.0,Mike Gesicki,0.0,3.0,2021-10-06
2021,5,24ff8d04-c4d2-4ba4-96d5-463b260a82cd,77028394-83ab-4cf2-977b-03c893476603,WAIVER,FAILED_INVALIDPLAYERSOURCE,3,NightlyLeagueUpdateTaskProcessor,2,DROP,3895827.0,Ty'Son Williams,3.0,0.0,2021-10-06
2021,5,30d57d23-158f-4c33-a4b6-dff1bb9e3eb6,bc0502ce-27f3-472b-a8b1-4a7a5c00b53c,TRADE_PROPOSAL,CANCELED,10,{85A6A0E4-D846-4046-B7F8-487FAD9165E0},0,TRADE,4052042.0,James Robinson,13.0,10.0,2021-10-09
2021,5,30d57d23-158f-4c33-a4b6-dff1bb9e3eb6,bc0502ce-27f3-472b-a8b1-4a7a5c00b53c,TRADE_PROPOSAL,CANCELED,10,{85A6A0E4-D846-4046-B7F8-487FAD9165E0},0,TRADE,3025433.0,Mike Davis,10.0,13.0,2021-10-09
2021,5,30d57d23-158f-4c33-a4b6-dff1bb9e3eb6,bc0502ce-27f3-472b-a8b1-4a7a5c00b53c,TRADE_PROPOSAL,CANCELED,10,{85A6A0E4-D846-4046-B7F8-487FAD9165E0},0,TRADE,2576716.0,Jamison Crowder,10.0,13.0,2021-10-09
2021,5,38b19335-d034-48ba-a0f3-61b78736a6b1,,FREEAGENT,EXECUTED,13,{85A6A0E4-D846-4046-B7F8-487FAD9165E0},0,ADD,3046439.0,Hunter Henry,0.0,13.0,2021-10-06
2021,5,38b19335-d034-48ba-a0f3-61b78736a6b1,,FREEAGENT,EXECUTED,13,{85A6A0E4-D846-4046-B7F8-487FAD9165E0},0,DROP,4035170.0,Marquez Callaway,13.0,0.0,2021-10-06
2021,5,c621f6b8-dd99-4204-9791-7e27de3b65ac,ccc56795-2426-4289-8c93-aa94311d4386,WAIVER,FAILED_INVALIDPLAYERSOURCE,14,NightlyLeagueUpdateTaskProcessor,10,ADD,3117256.0,Dalton Schultz,0.0,14.0,2021-10-06
2021,5,c621f6b8-dd99-4204-9791-7e27de3b65ac,ccc56795-2426-4289-8c93-aa94311d4386,WAIVER,FAILED_INVALIDPLAYERSOURCE,14,NightlyLeagueUpdateTaskProcessor,10,DROP,3051876.0,Evan Engram,14.0,0.0,2021-10-06
2021,5,fedb04fb-1c35-45df-aba5-2fd4dea71348,29e9a045-d952-41d3-b1ad-1550ddb252c3,WAIVER,EXECUTED,14,NightlyLeagueUpdateTaskProcessor,5,ADD,-16033.0,Ravens D/ST,0.0,14.0,2021-10-10
2021,5,fedb04fb-1c35-45df-aba5-2fd4dea71348,29e9a045-d952-41d3-b1ad-1550ddb252c3,WAIVER,EXECUTED,14,NightlyLeagueUpdateTaskProcessor,5,DROP,2979843.0,Kenyan Drake,14.0,0.0,2021-10-10
2021,5,fedb04fb-1c35-45df-aba5-2fd4dea71348,29e9a045-d952-41d3-b1ad-1550ddb252c3,WAIVER,EXECUTED,14,NightlyLeagueUpdateTaskProcessor,5,DROP,-16034.0,Texans D/ST,14.0,0.0,2021-10-10
2021,5,9a74a024-c81d-4e7a-9fba-553d8d6c93e5,,FREEAGENT,EXECUTED,14,{C2BAB8A3-9ED5-425C-BAB8-A39ED5B25CC2},0,ADD,17453.0,Cameron Brate,0.0,14.0,2021-10-10
2021,5,01f1b351-2c74-444d-b7d5-5bc7b5eb5fd1,06874e2f-4d11-40fe-b530-cf4341977e04,TRADE_DECLINE,EXECUTED,5,{77F704CF-0C76-4984-9A71-8BD39511C19F},0,,,,,,2021-10-09
2021,5,cc32a9c0-28d7-4889-8927-6ee6202df19a,,FREEAGENT,EXECUTED,7,{430447A7-381F-4E40-AD53-6A9C1F157A25},0,ADD,4036348.0,Michael Gallup,0.0,7.0,2021-10-09
2021,5,535520cf-ede4-4092-94fb-812db906f3e6,,FREEAGENT,EXECUTED,3,{C52D799E-6C1C-44B9-8371-9B6AF857D8E8},0,ADD,3043275.0,Austin Hooper,0.0,3.0,2021-10-07
2021,5,d08bb305-3e00-4eb8-9bc5-93e5350fa649,,FREEAGENT,EXECUTED,8,{00408013-39CF-40FC-8080-1339CFD0FC06},0,ADD,14876.0,Ryan Tannehill,0.0,8.0,2021-10-07
2021,5,d08bb305-3e00-4eb8-9bc5-93e5350fa649,,FREEAGENT,EXECUTED,8,{00408013-39CF-40FC-8080-1339CFD0FC06},0,DROP,3054212.0,Jonnu Smith,8.0,0.0,2021-10-07
2021,5,be8f613e-a9af-4482-9c4f-200ef2f5ffef,1f1cebfd-0851-428f-b3f6-5b31c058be54,TRADE_DECLINE,EXECUTED,8,{00408013-39CF-40FC-8080-1339CFD0FC06},0,,,,,,2021-10-05
2021,5,ad6c303b-13dc-4d96-92d2-08c3259615a9,e00e6f6c-f4c6-49d7-8648-a75212f29029,TRADE_ACCEPT,,7,{430447A7-381F-4E40-AD53-6A9C1F157A25},0,,,,,,2021-10-09
2021,5,d950e181-98a5-43f8-8c01-5d8dad2016dc,,FREEAGENT,EXECUTED,3,{C52D799E-6C1C-44B9-8371-9B6AF857D8E8},0,ADD,14053.0,Randall Cobb,0.0,3.0,2021-10-07
2021,5,d950e181-98a5-43f8-8c01-5d8dad2016dc,,FREEAGENT,EXECUTED,3,{C52D799E-6C1C-44B9-8371-9B6AF857D8E8},0,DROP,3895827.0,Ty'Son Williams,3.0,0.0,2021-10-07
2021,5,6cd6c7bb-66a8-4820-b731-9dc863becf15,97efc8ab-73e2-451b-97e3-69312cce9a8a,TRADE_ACCEPT,,8,{00408013-39CF-40FC-8080-1339CFD0FC06},0,,,,,,2021-10-06
2021,5,bdb7c1b1-6c61-4caa-a59e-6d15f5729272,,FREEAGENT,EXECUTED,14,{C2BAB8A3-9ED5-425C-BAB8-A39ED5B25CC2},0,ADD,3121023.0,Dallas Goedert,0.0,14.0,2021-10-06
2021,5,4a31019c-ef75-4b44-872b-3c37493edf46,,ROSTER,EXECUTED,7,{430447A7-381F-4E40-AD53-6A9C1F157A25},0,DROP,3052876.0,William Fuller V,7.0,0.0,2021-10-09
2021,5,1472a12c-7a30-4de5-a16c-8ff4a3d75d8e,0a28ccdf-130f-4b07-a14d-4fccb865d57a,TRADE_DECLINE,EXECUTED,6,{FE8F6865-8A47-4C3A-8D66-0780982B48DD},0,,,,,,2021-10-09
2021,5,fb4094e1-3e29-4c21-8135-29e4749b7d85,,FREEAGENT,EXECUTED,4,{8242D4C8-FCD1-4A28-9373-CD282687A8E7},0,ADD,-16020.0,Jets D/ST,0.0,4.0,2021-10-07
2021,5,fb4094e1-3e29-4c21-8135-29e4749b7d85,,FREEAGENT,EXECUTED,4,{8242D4C8-FCD1-4A28-9373-CD282687A8E7},0,DROP,4362630.0,Terrace Marshall Jr.,4.0,0.0,2021-10-07
2021,5,8a41114c-3524-4d0f-9a1e-aa0f2c3d536c,c9bdcdb5-b0a7-487d-a39e-e4441e65534b,TRADE_DECLINE,EXECUTED,8,{00408013-39CF-40FC-8080-1339CFD0FC06},0,,,,,,2021-10-06
2021,5,ecc47251-e4bd-4671-a171-b56a28b7d8bd,2fe35d75-c87d-4135-a2e2-fc6e07360b0e,WAIVER,EXECUTED,1,NightlyLeagueUpdateTaskProcessor,5,ADD,3116389.0,Samaje Perine,0.0,1.0,2021-10-06
2021,5,ecc47251-e4bd-4671-a171-b56a28b7d8bd,2fe35d75-c87d-4135-a2e2-fc6e07360b0e,WAIVER,EXECUTED,1,NightlyLeagueUpdateTaskProcessor,5,DROP,16944.0,Devonta Freeman,1.0,0.0,2021-10-06
2021,5,9bf0d001-0bc6-45e3-9f46-40d4d2b0b296,c18de1ee-1805-4d4b-a73b-718a491aa99f,TRADE_DECLINE,EXECUTED,7,{430447A7-381F-4E40-AD53-6A9C1F157A25},0,,,,,,2021-10-11
2021,5,b534e18c-0b34-41b9-82a4-1139ae212cd7,22901647-d05b-4cd0-a7e9-762b8e71ab03,TRADE_PROPOSAL,CANCELED,8,{00408013-39CF-40FC-8080-1339CFD0FC06},0,TRADE,3128429.0,Courtland Sutton,8.0,12.0,2021-10-05
2021,5,b534e18c-0b34-41b9-82a4-1139ae212cd7,22901647-d05b-4cd0-a7e9-762b8e71ab03,TRADE_PROPOSAL,CANCELED,8,{00408013-39CF-40FC-8080-1339CFD0FC06},0,TRADE,2976212.0,Stefon Diggs,8.0,12.0,2021-10-05
2021,5,b534e18c-0b34-41b9-82a4-1139ae212cd7,22901647-d05b-4cd0-a7e9-762b8e71ab03,TRADE_PROPOSAL,CANCELED,8,{00408013-39CF-40FC-8080-1339CFD0FC06},0,TRADE,15818.0,Keenan Allen,12.0,8.0,2021-10-05
2021,5,b534e18c-0b34-41b9-82a4-1139ae212cd7,22901647-d05b-4cd0-a7e9-762b8e71ab03,TRADE_PROPOSAL,CANCELED,8,{00408013-39CF-40FC-8080-1339CFD0FC06},0,TRADE,15807.0,Cordarrelle Patterson,12.0,8.0,2021-10-05
2021,5,71f2bcdb-f889-46a7-ad47-fc17950f5284,97efc8ab-73e2-451b-97e3-69312cce9a8a,TRADE_UPHOLD,EXECUTED,12,{91D28B99-9234-408F-ACE7-32AEC03EE9E2},0,,,,,,2021-10-07
2021,5,0fa1f06b-fe51-4873-9b2a-b199688ae115,c92d3062-fe6e-42ac-9c78-3df32c94d06c,WAIVER,FAILED_INVALIDPLAYERSOURCE,14,NightlyLeagueUpdateTaskProcessor,1,ADD,3116389.0,Samaje Perine,0.0,14.0,2021-10-06
2021,5,f0fc5de5-b317-496b-956f-8c0c24ce65a3,d3c6e0d3-2a45-463b-bf4f-95d9aa16db84,TRADE_PROPOSAL,CANCELED,10,{2C8A1B87-268B-45A5-A0E5-C4A3F61C9BC2},0,TRADE,4241389.0,CeeDee Lamb,6.0,10.0,2021-10-08
2021,5,f0fc5de5-b317-496b-956f-8c0c24ce65a3,d3c6e0d3-2a45-463b-bf4f-95d9aa16db84,TRADE_PROPOSAL,CANCELED,10,{2C8A1B87-268B-45A5-A0E5-C4A3F61C9BC2},0,TRADE,3025433.0,Mike Davis,10.0,6.0,2021-10-08
2021,5,4e908ad3-3732-4dd8-9209-4dc7593ab91b,8319b7db-1566-436d-b9ed-60cbab6ca267,WAIVER,CANCELED,14,{C2BAB8A3-9ED5-425C-BAB8-A39ED5B25CC2},0,ADD,3121023.0,Dallas Goedert,0.0,14.0,2021-10-05
2021,5,c9bdcdb5-b0a7-487d-a39e-e4441e65534b,,TRADE_PROPOSAL,PENDING,10,{2C8A1B87-268B-45A5-A0E5-C4A3F61C9BC2},0,TRADE,2976316.0,Michael Thomas,8.0,10.0,2021-10-06
2021,5,c9bdcdb5-b0a7-487d-a39e-e4441e65534b,,TRADE_PROPOSAL,PENDING,10,{2C8A1B87-268B-45A5-A0E5-C4A3F61C9BC2},0,TRADE,3025433.0,Mike Davis,10.0,8.0,2021-10-06
2021,5,8fc9bb80-e80f-4d9e-9be4-bc8ba1b468c6,60de66be-272f-4850-bbc6-4ac8a887e0d7,WAIVER,EXECUTED,8,NightlyLeagueUpdateTaskProcessor,5,ADD,-16006.0,Cowboys D/ST,0.0,8.0,2021-10-08
2021,5,8fc9bb80-e80f-4d9e-9be4-bc8ba1b468c6,60de66be-272f-4850-bbc6-4ac8a887e0d7,WAIVER,EXECUTED,8,NightlyLeagueUpdateTaskProcessor,5,DROP,4035004.0,Mecole Hardman,8.0,0.0,2021-10-08
2021,5,a95d3894-ae34-4ffe-8ec1-5dabf178a958,,ROSTER,EXECUTED,10,{2C8A1B87-268B-45A5-A0E5-C4A3F61C9BC2},0,DROP,14876.0,Ryan Tannehill,10.0,0.0,2021-10-06
2021,5,a95d3894-ae34-4ffe-8ec1-5dabf178a958,,ROSTER,EXECUTED,10,{2C8A1B87-268B-45A5-A0E5-C4A3F61C9BC2},0,LINEUP,3121427.0,Curtis Samuel,0.0,0.0,2021-10-06
2021,5,bc0502ce-27f3-472b-a8b1-4a7a5c00b53c,,TRADE_PROPOSAL,PENDING,10,{2C8A1B87-268B-45A5-A0E5-C4A3F61C9BC2},0,TRADE,4052042.0,James Robinson,13.0,10.0,2021-10-08
2021,5,bc0502ce-27f3-472b-a8b1-4a7a5c00b53c,,TRADE_PROPOSAL,PENDING,10,{2C8A1B87-268B-45A5-A0E5-C4A3F61C9BC2},0,TRADE,3025433.0,Mike Davis,10.0,13.0,2021-10-08
2021,5,bc0502ce-27f3-472b-a8b1-4a7a5c00b53c,,TRADE_PROPOSAL,PENDING,10,{2C8A1B87-268B-45A5-A0E5-C4A3F61C9BC2},0,TRADE,2576716.0,Jamison Crowder,10.0,13.0,2021-10-08
2021,5,15b81efb-b1d4-416e-9264-5a639128a27c,,ROSTER,EXECUTED,3,{C52D799E-6C1C-44B9-8371-9B6AF857D8E8},0,DROP,4036348.0,Michael Gallup,3.0,0.0,2021-10-07
2021,5,c9828374-f259-48bd-8f9c-7679bbbdb395,d493a84e-9410-4271-83b5-9a20f2f04cf4,WAIVER,FAILED_PLAYERALREADYDROPPED,12,NightlyLeagueUpdateTaskProcessor,1,ADD,2979477.0,Tevin Coleman,0.0,12.0,2021-10-06
2021,5,c9828374-f259-48bd-8f9c-7679bbbdb395,d493a84e-9410-4271-83b5-9a20f2f04cf4,WAIVER,FAILED_PLAYERALREADYDROPPED,12,NightlyLeagueUpdateTaskProcessor,1,DROP,3122449.0,James Washington,12.0,0.0,2021-10-06
2021,5,912eba23-2a9b-4c4d-865e-54f07f6f096e,b6e95331-64d8-4c3d-848b-20207d54851b,WAIVER,FAILED_INVALIDPLAYERSOURCE,7,NightlyLeagueUpdateTaskProcessor,1,ADD,15705.0,Josh Gordon,0.0,7.0,2021-10-06
2021,5,39699b97-b7c9-4a18-83e1-f04bfc53ffbf,f121ca06-044a-4c3a-bf72-d89094020895,TRADE_PROPOSAL,CANCELED,8,{00408013-39CF-40FC-8080-1339CFD0FC06},0,TRADE,3128429.0,Courtland Sutton,8.0,13.0,2021-10-05
2021,5,39699b97-b7c9-4a18-83e1-f04bfc53ffbf,f121ca06-044a-4c3a-bf72-d89094020895,TRADE_PROPOSAL,CANCELED,8,{00408013-39CF-40FC-8080-1339CFD0FC06},0,TRADE,2976499.0,Amari Cooper,8.0,13.0,2021-10-05
2021,5,39699b97-b7c9-4a18-83e1-f04bfc53ffbf,f121ca06-044a-4c3a-bf72-d89094020895,TRADE_PROPOSAL,CANCELED,8,{00408013-39CF-40FC-8080-1339CFD0FC06},0,TRADE,4047646.0,A.J. Brown,13.0,8.0,2021-10-05
2021,5,39699b97-b7c9-4a18-83e1-f04bfc53ffbf,f121ca06-044a-4c3a-bf72-d89094020895,TRADE_PROPOSAL,CANCELED,8,{00408013-39CF-40FC-8080-1339CFD0FC06},0,TRADE,4052042.0,James Robinson,13.0,8.0,2021-10-05
2021,5,b9e57d8f-dc78-4f9d-9e51-a84a09868562,e611cdef-71e4-41bb-a490-48fb5a8c3df3,WAIVER,EXECUTED,1,NightlyLeagueUpdateTaskProcessor,5,ADD,-16013.0,Raiders D/ST,0.0,1.0,2021-10-06
2021,5,b9e57d8f-dc78-4f9d-9e51-a84a09868562,e611cdef-71e4-41bb-a490-48fb5a8c3df3,WAIVER,EXECUTED,1,NightlyLeagueUpdateTaskProcessor,5,DROP,-16014.0,Rams D/ST,1.0,0.0,2021-10-06
2021,5,c7d9b3f8-0170-49e5-b7db-23d6320868e1,e00e6f6c-f4c6-49d7-8648-a75212f29029,TRADE_UPHOLD,EXECUTED,1,{C1E09685-96D1-4750-BA21-8BE16D3BF7CA},0,,,,,,2021-10-09
2021,5,712c8d55-e629-4fe6-9432-90c2b3210ff8,,WAIVER,PENDING,10,{2C8A1B87-268B-45A5-A0E5-C4A3F61C9BC2},19,ADD,3117256.0,Dalton Schultz,0.0,10.0,2021-10-06
2021,5,712c8d55-e629-4fe6-9432-90c2b3210ff8,,WAIVER,PENDING,10,{2C8A1B87-268B-45A5-A0E5-C4A3F61C9BC2},19,DROP,-16011.0,Colts D/ST,10.0,0.0,2021-10-06
2021,5,20610e58-5dc6-4153-aabf-f17e0b00d408,,ROSTER,EXECUTED,14,{C2BAB8A3-9ED5-425C-BAB8-A39ED5B25CC2},0,DROP,-16004.0,Bengals D/ST,14.0,0.0,2021-10-05
2021,5,77e81f6e-bfd8-4cb0-8641-747e6c9a532c,4c74a0bd-8724-4044-9a41-430c25088be8,WAIVER,EXECUTED,13,NightlyLeagueUpdateTaskProcessor,6,ADD,4383351.0,Trey Lance,0.0,13.0,2021-10-06
2021,5,77e81f6e-bfd8-4cb0-8641-747e6c9a532c,4c74a0bd-8724-4044-9a41-430c25088be8,WAIVER,EXECUTED,13,NightlyLeagueUpdateTaskProcessor,6,DROP,4046676.0,Tony Jones Jr.,13.0,0.0,2021-10-06
2021,5,c1f86fd4-7b1e-4165-bf27-29be50622955,712c8d55-e629-4fe6-9432-90c2b3210ff8,WAIVER,EXECUTED,10,NightlyLeagueUpdateTaskProcessor,29,ADD,3117256.0,Dalton Schultz,0.0,10.0,2021-10-06
2021,5,c1f86fd4-7b1e-4165-bf27-29be50622955,712c8d55-e629-4fe6-9432-90c2b3210ff8,WAIVER,EXECUTED,10,NightlyLeagueUpdateTaskProcessor,29,DROP,-16011.0,Colts D/ST,10.0,0.0,2021-10-06
2021,5,a031407a-10e5-482b-949c-2ff5af955b19,,FREEAGENT,EXECUTED,12,{91D28B99-9234-408F-ACE7-32AEC03EE9E2},0,ADD,4240600.0,Kadarius Toney,0.0,12.0,2021-10-08
2021,5,f8e20ce8-c4fe-41b4-9ffa-7b6788b2d37d,,WAIVER,PENDING,10,{2C8A1B87-268B-45A5-A0E5-C4A3F61C9BC2},1,ADD,15478.0,Brandon Bolden,0.0,10.0,2021-10-06
2021,5,f8e20ce8-c4fe-41b4-9ffa-7b6788b2d37d,,WAIVER,PENDING,10,{2C8A1B87-268B-45A5-A0E5-C4A3F61C9BC2},1,DROP,3051902.0,Peyton Barber,10.0,0.0,2021-10-06
2021,5,14fbcf38-2517-43dd-9778-49a61eb349a1,,ROSTER,EXECUTED,14,{C2BAB8A3-9ED5-425C-BAB8-A39ED5B25CC2},0,DROP,3051876.0,Evan Engram,14.0,0.0,2021-10-06
2021,5,207f002f-4baf-4c49-9f42-1f36320aa623,bc0502ce-27f3-472b-a8b1-4a7a5c00b53c,TRADE_DECLINE,EXECUTED,13,{85A6A0E4-D846-4046-B7F8-487FAD9165E0},0,,,,,,2021-10-09
2021,5,d3c6e0d3-2a45-463b-bf4f-95d9aa16db84,,TRADE_PROPOSAL,PENDING,10,{2C8A1B87-268B-45A5-A0E5-C4A3F61C9BC2},0,TRADE,4241389.0,CeeDee Lamb,6.0,10.0,2021-10-08
2021,5,d3c6e0d3-2a45-463b-bf4f-95d9aa16db84,,TRADE_PROPOSAL,PENDING,10,{2C8A1B87-268B-45A5-A0E5-C4A3F61C9BC2},0,TRADE,3025433.0,Mike Davis,10.0,6.0,2021-10-08
2021,5,2cccd20c-4855-4dcb-ab5a-c67c001ac90d,,ROSTER,EXECUTED,12,{91D28B99-9234-408F-ACE7-32AEC03EE9E2},0,LINEUP,15807.0,Cordarrelle Patterson,0.0,0.0,2021-10-07
2021,5,2cccd20c-4855-4dcb-ab5a-c67c001ac90d,,ROSTER,EXECUTED,12,{91D28B99-9234-408F-ACE7-32AEC03EE9E2},0,LINEUP,3117251.0,Christian McCaffrey,0.0,0.0,2021-10-07
2021,5,2cccd20c-4855-4dcb-ab5a-c67c001ac90d,,ROSTER,EXECUTED,12,{91D28B99-9234-408F-ACE7-32AEC03EE9E2},0,DROP,3917792.0,Daniel Jones,12.0,0.0,2021-10-07
2021,5,50fde614-1709-4ed1-a31d-844d4ccf6fd7,e00e6f6c-f4c6-49d7-8648-a75212f29029,TRADE_UPHOLD,EXECUTED,5,{C1E09685-96D1-4750-BA21-8BE16D3BF7CA},0,,,,,,2021-10-09
2021,5,35d5119b-98fc-4a5a-a10e-89730d194ae1,bb38cbff-a5e0-4e5f-8109-9cc072555376,WAIVER,EXECUTED,7,NightlyLeagueUpdateTaskProcessor,3,ADD,4035886.0,Khalil Herbert,0.0,7.0,2021-10-06
2021,5,49522d7f-2f7b-4f64-8f66-e6286895599f,,FREEAGENT,EXECUTED,14,{C2BAB8A3-9ED5-425C-BAB8-A39ED5B25CC2},0,ADD,-16016.0,Vikings D/ST,0.0,14.0,2021-10-06
2021,5,8c17f9ec-90a8-40e7-910d-e1ee28687c4a,97efc8ab-73e2-451b-97e3-69312cce9a8a,TRADE_UPHOLD,EXECUTED,12,{C1E09685-96D1-4750-BA21-8BE16D3BF7CA},0,,,,,,2021-10-07
2021,6,dfb9b8c6-cb76-4509-b927-b2e439fdcdb4,286769df-e4ae-4ce7-82ba-23275c719f7b,TRADE_VETO,EXECUTED,4,{8242D4C8-FCD1-4A28-9373-CD282687A8E7},0,,,,,,2021-10-13
2021,6,0f996dd3-2899-4959-8622-8374828ca849,61047d73-ca1b-410d-a1f8-c5ba661722fd,TRADE_PROPOSAL,CANCELED,10,{77F704CF-0C76-4984-9A71-8BD39511C19F},0,TRADE,3916387.0,Lamar Jackson,5.0,10.0,2021-10-13
2021,6,0f996dd3-2899-4959-8622-8374828ca849,61047d73-ca1b-410d-a1f8-c5ba661722fd,TRADE_PROPOSAL,CANCELED,10,{77F704CF-0C76-4984-9A71-8BD39511C19F},0,TRADE,4240657.0,Michael Carter,5.0,10.0,2021-10-13
2021,6,0f996dd3-2899-4959-8622-8374828ca849,61047d73-ca1b-410d-a1f8-c5ba661722fd,TRADE_PROPOSAL,CANCELED,10,{77F704CF-0C76-4984-9A71-8BD39511C19F},0,TRADE,3912547.0,Sam Darnold,10.0,5.0,2021-10-13
2021,6,0f996dd3-2899-4959-8622-8374828ca849,61047d73-ca1b-410d-a1f8-c5ba661722fd,TRADE_PROPOSAL,CANCELED,10,{77F704CF-0C76-4984-9A71-8BD39511C19F},0,TRADE,3025433.0,Mike Davis,10.0,5.0,2021-10-13
2021,6,0f996dd3-2899-4959-8622-8374828ca849,61047d73-ca1b-410d-a1f8-c5ba661722fd,TRADE_PROPOSAL,CANCELED,10,{77F704CF-0C76-4984-9A71-8BD39511C19F},0,TRADE,3930086.0,Dawson Knox,10.0,5.0,2021-10-13
2021,6,d615d7e8-f4c3-45b7-9c7c-bb1b7da66fd7,b683a3ed-6b03-4fd0-b0c4-b83de1ab927b,TRADE_PROPOSAL,CANCELED,1,{C1E09685-96D1-4750-BA21-8BE16D3BF7CA},0,TRADE,15825.0,Le'Veon Bell,1.0,10.0,2021-10-12
2021,6,d615d7e8-f4c3-45b7-9c7c-bb1b7da66fd7,b683a3ed-6b03-4fd0-b0c4-b83de1ab927b,TRADE_PROPOSAL,CANCELED,1,{C1E09685-96D1-4750-BA21-8BE16D3BF7CA},0,TRADE,2576434.0,Melvin Gordon III,1.0,10.0,2021-10-12
2021,6,d615d7e8-f4c3-45b7-9c7c-bb1b7da66fd7,b683a3ed-6b03-4fd0-b0c4-b83de1ab927b,TRADE_PROPOSAL,CANCELED,1,{C1E09685-96D1-4750-BA21-8BE16D3BF7CA},0,TRADE,3918298.0,Josh Allen,1.0,10.0,2021-10-12
2021,6,d615d7e8-f4c3-45b7-9c7c-bb1b7da66fd7,b683a3ed-6b03-4fd0-b0c4-b83de1ab927b,TRADE_PROPOSAL,CANCELED,1,{C1E09685-96D1-4750-BA21-8BE16D3BF7CA},0,TRADE,4039359.0,Darrell Henderson Jr.,10.0,1.0,2021-10-12
2021,6,d615d7e8-f4c3-45b7-9c7c-bb1b7da66fd7,b683a3ed-6b03-4fd0-b0c4-b83de1ab927b,TRADE_PROPOSAL,CANCELED,1,{C1E09685-96D1-4750-BA21-8BE16D3BF7CA},0,TRADE,3930086.0,Dawson Knox,10.0,1.0,2021-10-12
2021,6,d615d7e8-f4c3-45b7-9c7c-bb1b7da66fd7,b683a3ed-6b03-4fd0-b0c4-b83de1ab927b,TRADE_PROPOSAL,CANCELED,1,{C1E09685-96D1-4750-BA21-8BE16D3BF7CA},0,TRADE,3912547.0,Sam Darnold,10.0,1.0,2021-10-12
2021,6,c59a1f1f-14d2-4166-bd91-5136e58a6c90,c0571af4-985d-4a50-9e20-a484c1a21df2,TRADE_PROPOSAL,CANCELED,10,{00408013-39CF-40FC-8080-1339CFD0FC06},0,TRADE,2976316.0,Michael Thomas,8.0,10.0,2021-10-13
2021,6,c59a1f1f-14d2-4166-bd91-5136e58a6c90,c0571af4-985d-4a50-9e20-a484c1a21df2,TRADE_PROPOSAL,CANCELED,10,{00408013-39CF-40FC-8080-1339CFD0FC06},0,TRADE,3930086.0,Dawson Knox,10.0,8.0,2021-10-13
2021,6,0d4e3dc3-5d94-4f38-9229-fecf01488ff3,c0571af4-985d-4a50-9e20-a484c1a21df2,TRADE_DECLINE,EXECUTED,8,{00408013-39CF-40FC-8080-1339CFD0FC06},0,,,,,,2021-10-13
2021,6,5ea09b60-ed5c-4bd4-b9b5-8c054a5d9716,c9b020c5-cb16-49f0-ae39-5e9734e3bfbf,TRADE_DECLINE,EXECUTED,1,{C1E09685-96D1-4750-BA21-8BE16D3BF7CA},0,,,,,,2021-10-13
2021,6,c28c1a75-3989-42f1-ace0-cc062315f381,53a6cc01-c81f-4902-8643-21cb4c801e44,TRADE_DECLINE,EXECUTED,2,{EC970810-E14F-4307-8FA6-3BAE92CC1B4E},0,,4242335.0,Jonathan Taylor,0.0,0.0,2021-10-13
2021,6,c28c1a75-3989-42f1-ace0-cc062315f381,53a6cc01-c81f-4902-8643-21cb4c801e44,TRADE_DECLINE,EXECUTED,2,{EC970810-E14F-4307-8FA6-3BAE92CC1B4E},0,,2576434.0,Melvin Gordon III,0.0,0.0,2021-10-13
2021,6,c28c1a75-3989-42f1-ace0-cc062315f381,53a6cc01-c81f-4902-8643-21cb4c801e44,TRADE_DECLINE,EXECUTED,2,{EC970810-E14F-4307-8FA6-3BAE92CC1B4E},0,,15705.0,Josh Gordon,0.0,0.0,2021-10-13
2021,6,f0318af2-9337-4ddf-92a6-b9929e46e745,ad6a3914-6ae4-43aa-bcb1-1eeea78b0953,TRADE_PROPOSAL,CANCELED,1,{C1E09685-96D1-4750-BA21-8BE16D3BF7CA},0,TRADE,4048244.0,Alexander Mattison,1.0,10.0,2021-10-14
2021,6,f0318af2-9337-4ddf-92a6-b9929e46e745,ad6a3914-6ae4-43aa-bcb1-1eeea78b0953,TRADE_PROPOSAL,CANCELED,1,{C1E09685-96D1-4750-BA21-8BE16D3BF7CA},0,TRADE,2573401.0,Tyler Higbee,1.0,10.0,2021-10-14
2021,6,f0318af2-9337-4ddf-92a6-b9929e46e745,ad6a3914-6ae4-43aa-bcb1-1eeea78b0953,TRADE_PROPOSAL,CANCELED,1,{C1E09685-96D1-4750-BA21-8BE16D3BF7CA},0,TRADE,3116593.0,Dalvin Cook,1.0,10.0,2021-10-14
2021,6,f0318af2-9337-4ddf-92a6-b9929e46e745,ad6a3914-6ae4-43aa-bcb1-1eeea78b0953,TRADE_PROPOSAL,CANCELED,1,{C1E09685-96D1-4750-BA21-8BE16D3BF7CA},0,TRADE,4039359.0,Darrell Henderson Jr.,10.0,1.0,2021-10-14
2021,6,f0318af2-9337-4ddf-92a6-b9929e46e745,ad6a3914-6ae4-43aa-bcb1-1eeea78b0953,TRADE_PROPOSAL,CANCELED,1,{C1E09685-96D1-4750-BA21-8BE16D3BF7CA},0,TRADE,3930086.0,Dawson Knox,10.0,1.0,2021-10-14
2021,6,f0318af2-9337-4ddf-92a6-b9929e46e745,ad6a3914-6ae4-43aa-bcb1-1eeea78b0953,TRADE_PROPOSAL,CANCELED,1,{C1E09685-96D1-4750-BA21-8BE16D3BF7CA},0,TRADE,3128720.0,Nick Chubb,10.0,1.0,2021-10-14
2021,6,f558780c-adcf-4010-be4f-8f2c97ff2f08,1a29e100-2b6d-46d6-a29b-4888b016c949,WAIVER,FAILED_INVALIDPLAYERSOURCE,10,NightlyLeagueUpdateTaskProcessor,28,ADD,3886818.0,Myles Gaskin,0.0,10.0,2021-10-13
2021,6,f558780c-adcf-4010-be4f-8f2c97ff2f08,1a29e100-2b6d-46d6-a29b-4888b016c949,WAIVER,FAILED_INVALIDPLAYERSOURCE,10,NightlyLeagueUpdateTaskProcessor,28,DROP,15478.0,Brandon Bolden,10.0,0.0,2021-10-13
2021,6,69b888a6-dbc4-4d2d-8d56-7c1e29965cd7,15fe1ee7-1fd6-4fbe-b16b-66cee8fe684e,WAIVER,FAILED_INVALIDPLAYERSOURCE,5,NightlyLeagueUpdateTaskProcessor,24,ADD,3122866.0,Devontae Booker,0.0,5.0,2021-10-13
2021,6,69ef2843-0158-4dee-9e36-3e17953e5f07,19260e1b-a9b8-4bfa-b30c-092fbc824964,WAIVER,EXECUTED,2,NightlyLeagueUpdateTaskProcessor,1,ADD,15835.0,Zach Ertz,0.0,2.0,2021-10-13
2021,6,69ef2843-0158-4dee-9e36-3e17953e5f07,19260e1b-a9b8-4bfa-b30c-092fbc824964,WAIVER,EXECUTED,2,NightlyLeagueUpdateTaskProcessor,1,DROP,3120348.0,JuJu Smith-Schuster,2.0,0.0,2021-10-13
2021,6,e69b90d1-d9a1-4369-aa4d-441a14417790,,FREEAGENT,EXECUTED,14,{C2BAB8A3-9ED5-425C-BAB8-A39ED5B25CC2},0,ADD,3046409.0,Alex Collins,0.0,14.0,2021-10-15
2021,6,e69b90d1-d9a1-4369-aa4d-441a14417790,,FREEAGENT,EXECUTED,14,{C2BAB8A3-9ED5-425C-BAB8-A39ED5B25CC2},0,DROP,2980453.0,Jamaal Williams,14.0,0.0,2021-10-15
2021,6,2d2da3a1-7316-4943-b6fc-d1cb50da1f33,860a7931-e742-41b0-8f09-f8cf52a8b0b7,WAIVER,EXECUTED,6,NightlyLeagueUpdateTaskProcessor,3,ADD,-16014.0,Rams D/ST,0.0,6.0,2021-10-13
2021,6,2d2da3a1-7316-4943-b6fc-d1cb50da1f33,860a7931-e742-41b0-8f09-f8cf52a8b0b7,WAIVER,EXECUTED,6,NightlyLeagueUpdateTaskProcessor,3,DROP,-16018.0,Saints D/ST,6.0,0.0,2021-10-13
2021,6,4e2a183f-e739-4c52-8247-6f8ea163244d,bed50f64-11c8-436a-94ba-74ad7d3790c4,WAIVER,FAILED_INVALIDPLAYERSOURCE,8,NightlyLeagueUpdateTaskProcessor,10,ADD,3115375.0,Darrel Williams,0.0,8.0,2021-10-13
2021,6,4e2a183f-e739-4c52-8247-6f8ea163244d,bed50f64-11c8-436a-94ba-74ad7d3790c4,WAIVER,FAILED_INVALIDPLAYERSOURCE,8,NightlyLeagueUpdateTaskProcessor,10,DROP,2973405.0,Kalif Raymond,8.0,0.0,2021-10-13
2021,6,2e46189f-88ce-41e1-a0fb-22d89eef7635,e7bc58ba-fd9b-4463-9cc9-808b5e41af40,TRADE_DECLINE,EXECUTED,7,{430447A7-381F-4E40-AD53-6A9C1F157A25},0,,,,,,2021-10-16
2021,6,98e7a7b9-1a1a-4060-ad5b-b4f34d342938,61047d73-ca1b-410d-a1f8-c5ba661722fd,TRADE_DECLINE,EXECUTED,5,{77F704CF-0C76-4984-9A71-8BD39511C19F},0,,,,,,2021-10-13
2021,6,1519ad0e-f796-4d19-bb5f-64b1caa07b54,1ee470a3-aa10-4a02-bd98-45e4e909b41c,TRADE_PROPOSAL,CANCELED,10,{C52D799E-6C1C-44B9-8371-9B6AF857D8E8},0,TRADE,2330.0,Tom Brady,3.0,10.0,2021-10-13
2021,6,1519ad0e-f796-4d19-bb5f-64b1caa07b54,1ee470a3-aa10-4a02-bd98-45e4e909b41c,TRADE_PROPOSAL,CANCELED,10,{C52D799E-6C1C-44B9-8371-9B6AF857D8E8},0,TRADE,3925357.0,Calvin Ridley,3.0,10.0,2021-10-13
2021,6,1519ad0e-f796-4d19-bb5f-64b1caa07b54,1ee470a3-aa10-4a02-bd98-45e4e909b41c,TRADE_PROPOSAL,CANCELED,10,{C52D799E-6C1C-44B9-8371-9B6AF857D8E8},0,TRADE,3912547.0,Sam Darnold,10.0,3.0,2021-10-13
2021,6,1519ad0e-f796-4d19-bb5f-64b1caa07b54,1ee470a3-aa10-4a02-bd98-45e4e909b41c,TRADE_PROPOSAL,CANCELED,10,{C52D799E-6C1C-44B9-8371-9B6AF857D8E8},0,TRADE,3930086.0,Dawson Knox,10.0,3.0,2021-10-13
2021,6,1519ad0e-f796-4d19-bb5f-64b1caa07b54,1ee470a3-aa10-4a02-bd98-45e4e909b41c,TRADE_PROPOSAL,CANCELED,10,{C52D799E-6C1C-44B9-8371-9B6AF857D8E8},0,TRADE,3134353.0,Tim Patrick,10.0,3.0,2021-10-13
2021,6,c5af7e67-ebb8-4283-982f-d41826de6eb1,1ae15a02-6362-4be2-90db-83bd9a4e06c5,WAIVER,EXECUTED,3,NightlyLeagueUpdateTaskProcessor,1,ADD,3121023.0,Dallas Goedert,0.0,3.0,2021-10-14
2021,6,c5af7e67-ebb8-4283-982f-d41826de6eb1,1ae15a02-6362-4be2-90db-83bd9a4e06c5,WAIVER,EXECUTED,3,NightlyLeagueUpdateTaskProcessor,1,DROP,16725.0,Sammy Watkins,3.0,0.0,2021-10-14
2021,6,c34cfdb7-782d-4114-8e89-fc21725c061f,1ee470a3-aa10-4a02-bd98-45e4e909b41c,TRADE_DECLINE,EXECUTED,3,{C52D799E-6C1C-44B9-8371-9B6AF857D8E8},0,,,,,,2021-10-13
2021,6,b5f9a0a2-72f5-4289-83d7-9ed595c0ec39,7b4e0394-3db3-414b-a1a9-05f3277f8049,WAIVER,EXECUTED,12,NightlyLeagueUpdateTaskProcessor,1,ADD,-16016.0,Vikings D/ST,0.0,12.0,2021-10-13
2021,6,b5f9a0a2-72f5-4289-83d7-9ed595c0ec39,7b4e0394-3db3-414b-a1a9-05f3277f8049,WAIVER,EXECUTED,12,NightlyLeagueUpdateTaskProcessor,1,DROP,-16001.0,Falcons D/ST,12.0,0.0,2021-10-13
2021,6,5652aa95-7e15-4310-9ecc-d3674eaab1f6,d293cf36-921a-4534-b906-4154d2c48bae,WAIVER,EXECUTED,5,NightlyLeagueUpdateTaskProcessor,17,ADD,2980453.0,Jamaal Williams,0.0,5.0,2021-10-17
2021,6,5652aa95-7e15-4310-9ecc-d3674eaab1f6,d293cf36-921a-4534-b906-4154d2c48bae,WAIVER,EXECUTED,5,NightlyLeagueUpdateTaskProcessor,17,DROP,4372485.0,Rondale Moore,5.0,0.0,2021-10-17
2021,6,c5aca617-73a3-4066-a142-6fe53cdcd450,293ab5e6-9592-4864-bfb3-d14d3d111144,WAIVER,FAILED_INVALIDPLAYERSOURCE,3,NightlyLeagueUpdateTaskProcessor,5,ADD,2980453.0,Jamaal Williams,0.0,3.0,2021-10-17
2021,6,c5aca617-73a3-4066-a142-6fe53cdcd450,293ab5e6-9592-4864-bfb3-d14d3d111144,WAIVER,FAILED_INVALIDPLAYERSOURCE,3,NightlyLeagueUpdateTaskProcessor,5,DROP,13981.0,Mark Ingram II,3.0,0.0,2021-10-17
2021,6,d6ca2d2a-975a-492d-a9b9-42155202709f,dec6e505-93e3-448c-b3d8-bb0a23176c0f,WAIVER,FAILED_INVALIDPLAYERSOURCE,12,NightlyLeagueUpdateTaskProcessor,7,ADD,3122866.0,Devontae Booker,0.0,12.0,2021-10-13
2021,6,d6ca2d2a-975a-492d-a9b9-42155202709f,dec6e505-93e3-448c-b3d8-bb0a23176c0f,WAIVER,FAILED_INVALIDPLAYERSOURCE,12,NightlyLeagueUpdateTaskProcessor,7,DROP,4241401.0,Trey Sermon,12.0,0.0,2021-10-13
2021,6,0af58391-52e3-474d-b43b-2cec880f3ba3,d0078cbb-6d76-4729-a9a5-4fda30767d7f,WAIVER,FAILED_INVALIDPLAYERSOURCE,12,NightlyLeagueUpdateTaskProcessor,1,ADD,15835.0,Zach Ertz,0.0,12.0,2021-10-13
2021,6,1ee470a3-aa10-4a02-bd98-45e4e909b41c,,TRADE_PROPOSAL,PENDING,10,{2C8A1B87-268B-45A5-A0E5-C4A3F61C9BC2},0,TRADE,2330.0,Tom Brady,3.0,10.0,2021-10-13
2021,6,1ee470a3-aa10-4a02-bd98-45e4e909b41c,,TRADE_PROPOSAL,PENDING,10,{2C8A1B87-268B-45A5-A0E5-C4A3F61C9BC2},0,TRADE,3925357.0,Calvin Ridley,3.0,10.0,2021-10-13
2021,6,1ee470a3-aa10-4a02-bd98-45e4e909b41c,,TRADE_PROPOSAL,PENDING,10,{2C8A1B87-268B-45A5-A0E5-C4A3F61C9BC2},0,TRADE,3912547.0,Sam Darnold,10.0,3.0,2021-10-13
2021,6,1ee470a3-aa10-4a02-bd98-45e4e909b41c,,TRADE_PROPOSAL,PENDING,10,{2C8A1B87-268B-45A5-A0E5-C4A3F61C9BC2},0,TRADE,3930086.0,Dawson Knox,10.0,3.0,2021-10-13
2021,6,1ee470a3-aa10-4a02-bd98-45e4e909b41c,,TRADE_PROPOSAL,PENDING,10,{2C8A1B87-268B-45A5-A0E5-C4A3F61C9BC2},0,TRADE,3134353.0,Tim Patrick,10.0,3.0,2021-10-13
2021,6,81e04bbc-5ebb-4128-a70e-0c0557848619,,TRADE_PROPOSAL,PENDING,10,{2C8A1B87-268B-45A5-A0E5-C4A3F61C9BC2},0,TRADE,3925357.0,Calvin Ridley,3.0,10.0,2021-10-18
2021,6,81e04bbc-5ebb-4128-a70e-0c0557848619,,TRADE_PROPOSAL,PENDING,10,{2C8A1B87-268B-45A5-A0E5-C4A3F61C9BC2},0,TRADE,3025433.0,Mike Davis,10.0,3.0,2021-10-18
2021,6,81e04bbc-5ebb-4128-a70e-0c0557848619,,TRADE_PROPOSAL,PENDING,10,{2C8A1B87-268B-45A5-A0E5-C4A3F61C9BC2},0,TRADE,3134353.0,Tim Patrick,10.0,3.0,2021-10-18
2021,6,c0114583-0b5e-4716-ad87-234950c13fee,e7c85ee5-b03e-4e1f-afcf-db1f46104c95,WAIVER,CANCELED,7,{430447A7-381F-4E40-AD53-6A9C1F157A25},0,ADD,3886818.0,Myles Gaskin,0.0,7.0,2021-10-12
2021,6,d42c1165-5d1f-43ad-bed4-279e07cd7859,,ROSTER,EXECUTED,14,{C2BAB8A3-9ED5-425C-BAB8-A39ED5B25CC2},0,DROP,17453.0,Cameron Brate,14.0,0.0,2021-10-13
2021,6,329d31ca-eba7-4c9a-aa41-76a9e670c3d6,996a2a5d-0f57-49e0-9525-ea7135ad9f3b,WAIVER,EXECUTED,12,NightlyLeagueUpdateTaskProcessor,1,ADD,15478.0,Brandon Bolden,0.0,12.0,2021-10-16
2021,6,841da5c0-79e9-45cc-b9f2-e2136a577a96,87b455b5-8518-4438-a64e-15507d4ee103,TRADE_DECLINE,EXECUTED,12,{91D28B99-9234-408F-ACE7-32AEC03EE9E2},0,,,,,,2021-10-13
2021,6,e7b16720-b26e-4b1a-8642-f1f0fd8637f5,,FREEAGENT,EXECUTED,5,{77F704CF-0C76-4984-9A71-8BD39511C19F},0,ADD,4372485.0,Rondale Moore,0.0,5.0,2021-10-13
2021,6,e7b16720-b26e-4b1a-8642-f1f0fd8637f5,,FREEAGENT,EXECUTED,5,{77F704CF-0C76-4984-9A71-8BD39511C19F},0,DROP,4040655.0,Darnell Mooney,5.0,0.0,2021-10-13
2021,6,561ff362-f11d-40c4-8f4b-1d0d5e404d6f,84f1e148-73bb-4e8d-9e48-69d300dce7c2,WAIVER,FAILED_INVALIDPLAYERSOURCE,1,NightlyLeagueUpdateTaskProcessor,5,ADD,3115375.0,Darrel Williams,0.0,1.0,2021-10-13
2021,6,561ff362-f11d-40c4-8f4b-1d0d5e404d6f,84f1e148-73bb-4e8d-9e48-69d300dce7c2,WAIVER,FAILED_INVALIDPLAYERSOURCE,1,NightlyLeagueUpdateTaskProcessor,5,DROP,15825.0,Le'Veon Bell,1.0,0.0,2021-10-13
2021,6,ebf23d4b-eb13-44aa-a614-73666e9d7564,,FREEAGENT,EXECUTED,10,{2C8A1B87-268B-45A5-A0E5-C4A3F61C9BC2},0,ADD,3895827.0,Ty'Son Williams,0.0,10.0,2021-10-15
2021,6,ebf23d4b-eb13-44aa-a614-73666e9d7564,,FREEAGENT,EXECUTED,10,{2C8A1B87-268B-45A5-A0E5-C4A3F61C9BC2},0,DROP,15478.0,Brandon Bolden,10.0,0.0,2021-10-15
2021,6,891e5e55-ec3f-47f4-818b-2bb54dcfdd74,c3b94bb2-af8d-45a8-a4e9-f1d7f304bd3b,WAIVER,FAILED_INVALIDPLAYERSOURCE,14,NightlyLeagueUpdateTaskProcessor,10,ADD,3886818.0,Myles Gaskin,0.0,14.0,2021-10-13
2021,6,891e5e55-ec3f-47f4-818b-2bb54dcfdd74,c3b94bb2-af8d-45a8-a4e9-f1d7f304bd3b,WAIVER,FAILED_INVALIDPLAYERSOURCE,14,NightlyLeagueUpdateTaskProcessor,10,DROP,17453.0,Cameron Brate,14.0,0.0,2021-10-13
2021,6,bc9cd4ee-f2ca-41f2-840d-deddc3fd125f,07806c40-3304-4e60-8965-cd13cacb06c9,TRADE_DECLINE,EXECUTED,14,{C2BAB8A3-9ED5-425C-BAB8-A39ED5B25CC2},0,,,,,,2021-10-15
2021,6,8d4dfeaa-19fc-4ea2-b214-5100d87991fd,fc0e3406-8f0e-4bcf-b004-6e1acaf3de34,TRADE_DECLINE,EXECUTED,4,{8242D4C8-FCD1-4A28-9373-CD282687A8E7},0,,,,,,2021-10-14
2021,6,ae6347e7-f78e-4d44-8fe2-aa38ab6d2071,,FREEAGENT,EXECUTED,1,{C1E09685-96D1-4750-BA21-8BE16D3BF7CA},0,ADD,-16004.0,Bengals D/ST,0.0,1.0,2021-10-14
2021,6,ae6347e7-f78e-4d44-8fe2-aa38ab6d2071,,FREEAGENT,EXECUTED,1,{C1E09685-96D1-4750-BA21-8BE16D3BF7CA},0,DROP,-16013.0,Raiders D/ST,1.0,0.0,2021-10-14
2021,6,0cd80dff-183c-4fed-8509-849dfa7a953b,,ROSTER,EXECUTED,5,{77F704CF-0C76-4984-9A71-8BD39511C19F},0,DROP,-16010.0,Titans D/ST,5.0,0.0,2021-10-12
2021,6,2d5c233f-8f61-4068-8143-4378e7541630,b5cd6840-12a6-4802-a7e9-6ba089c435df,WAIVER,FAILED_INVALIDPLAYERSOURCE,12,NightlyLeagueUpdateTaskProcessor,1,ADD,2980453.0,Jamaal Williams,0.0,12.0,2021-10-17
2021,6,48a9d2d0-365b-4dcb-86d2-82646fa08f35,,FREEAGENT,EXECUTED,14,{C2BAB8A3-9ED5-425C-BAB8-A39ED5B25CC2},0,ADD,-16009.0,Packers D/ST,0.0,14.0,2021-10-13
2021,6,ad386080-154d-4e40-b189-ff8d2da57b69,0d3bcd13-8358-4112-9dee-df422a87a45e,WAIVER,FAILED_INVALIDPLAYERSOURCE,5,NightlyLeagueUpdateTaskProcessor,27,ADD,3886818.0,Myles Gaskin,0.0,5.0,2021-10-13
2021,6,339284bc-eb88-442b-a5a3-df4337b09807,,FREEAGENT,EXECUTED,14,{C2BAB8A3-9ED5-425C-BAB8-A39ED5B25CC2},0,ADD,4046530.0,Chris Evans,0.0,14.0,2021-10-14
2021,6,a92c5c0d-c676-489f-880e-cceeb742ea23,,WAIVER,PENDING,10,{2C8A1B87-268B-45A5-A0E5-C4A3F61C9BC2},1,ADD,2980453.0,Jamaal Williams,0.0,10.0,2021-10-16
2021,6,a92c5c0d-c676-489f-880e-cceeb742ea23,,WAIVER,PENDING,10,{2C8A1B87-268B-45A5-A0E5-C4A3F61C9BC2},1,DROP,3895827.0,Ty'Son Williams,10.0,0.0,2021-10-16
2021,6,0ee7b30f-a974-4728-af90-66faf7bafd58,ba52eafc-19c4-414e-8be2-449429ae4eef,TRADE_PROPOSAL,CANCELED,10,{2C8A1B87-268B-45A5-A0E5-C4A3F61C9BC2},0,TRADE,4047646.0,A.J. Brown,13.0,10.0,2021-10-16
2021,6,0ee7b30f-a974-4728-af90-66faf7bafd58,ba52eafc-19c4-414e-8be2-449429ae4eef,TRADE_PROPOSAL,CANCELED,10,{2C8A1B87-268B-45A5-A0E5-C4A3F61C9BC2},0,TRADE,4052042.0,James Robinson,13.0,10.0,2021-10-16
2021,6,0ee7b30f-a974-4728-af90-66faf7bafd58,ba52eafc-19c4-414e-8be2-449429ae4eef,TRADE_PROPOSAL,CANCELED,10,{2C8A1B87-268B-45A5-A0E5-C4A3F61C9BC2},0,TRADE,3128720.0,Nick Chubb,10.0,13.0,2021-10-16
2021,6,0ee7b30f-a974-4728-af90-66faf7bafd58,ba52eafc-19c4-414e-8be2-449429ae4eef,TRADE_PROPOSAL,CANCELED,10,{2C8A1B87-268B-45A5-A0E5-C4A3F61C9BC2},0,TRADE,3134353.0,Tim Patrick,10.0,13.0,2021-10-16
2021,6,0ee7b30f-a974-4728-af90-66faf7bafd58,ba52eafc-19c4-414e-8be2-449429ae4eef,TRADE_PROPOSAL,CANCELED,10,{2C8A1B87-268B-45A5-A0E5-C4A3F61C9BC2},0,TRADE,3930086.0,Dawson Knox,10.0,13.0,2021-10-16
2021,6,07806c40-3304-4e60-8965-cd13cacb06c9,,TRADE_PROPOSAL,PENDING,10,{2C8A1B87-268B-45A5-A0E5-C4A3F61C9BC2},0,TRADE,3139477.0,Patrick Mahomes,14.0,10.0,2021-10-15
2021,6,07806c40-3304-4e60-8965-cd13cacb06c9,,TRADE_PROPOSAL,PENDING,10,{2C8A1B87-268B-45A5-A0E5-C4A3F61C9BC2},0,TRADE,3116406.0,Tyreek Hill,14.0,10.0,2021-10-15
2021,6,07806c40-3304-4e60-8965-cd13cacb06c9,,TRADE_PROPOSAL,PENDING,10,{2C8A1B87-268B-45A5-A0E5-C4A3F61C9BC2},0,TRADE,3128720.0,Nick Chubb,10.0,14.0,2021-10-15
2021,6,07806c40-3304-4e60-8965-cd13cacb06c9,,TRADE_PROPOSAL,PENDING,10,{2C8A1B87-268B-45A5-A0E5-C4A3F61C9BC2},0,TRADE,3912547.0,Sam Darnold,10.0,14.0,2021-10-15
2021,6,07806c40-3304-4e60-8965-cd13cacb06c9,,TRADE_PROPOSAL,PENDING,10,{2C8A1B87-268B-45A5-A0E5-C4A3F61C9BC2},0,TRADE,3930086.0,Dawson Knox,10.0,14.0,2021-10-15
2021,6,1a29e100-2b6d-46d6-a29b-4888b016c949,,WAIVER,PENDING,10,{2C8A1B87-268B-45A5-A0E5-C4A3F61C9BC2},28,ADD,3886818.0,Myles Gaskin,0.0,10.0,2021-10-13
2021,6,1a29e100-2b6d-46d6-a29b-4888b016c949,,WAIVER,PENDING,10,{2C8A1B87-268B-45A5-A0E5-C4A3F61C9BC2},28,DROP,15478.0,Brandon Bolden,10.0,0.0,2021-10-13
2021,6,66833fee-d0ee-4938-8522-c8e22e2d1b07,a92c5c0d-c676-489f-880e-cceeb742ea23,WAIVER,FAILED_INVALIDPLAYERSOURCE,10,NightlyLeagueUpdateTaskProcessor,1,ADD,2980453.0,Jamaal Williams,0.0,10.0,2021-10-17
2021,6,66833fee-d0ee-4938-8522-c8e22e2d1b07,a92c5c0d-c676-489f-880e-cceeb742ea23,WAIVER,FAILED_INVALIDPLAYERSOURCE,10,NightlyLeagueUpdateTaskProcessor,1,DROP,3895827.0,Ty'Son Williams,10.0,0.0,2021-10-17
2021,6,2ae135a7-67b9-454a-97e9-fa8f30436926,555c4650-5eb4-40e2-ad4a-ccfb7804cf2c,TRADE_PROPOSAL,CANCELED,1,{C1E09685-96D1-4750-BA21-8BE16D3BF7CA},0,TRADE,16733.0,Odell Beckham Jr.,1.0,3.0,2021-10-12
2021,6,2ae135a7-67b9-454a-97e9-fa8f30436926,555c4650-5eb4-40e2-ad4a-ccfb7804cf2c,TRADE_PROPOSAL,CANCELED,1,{C1E09685-96D1-4750-BA21-8BE16D3BF7CA},0,TRADE,4048244.0,Alexander Mattison,3.0,1.0,2021-10-12
2021,6,ad6a3914-6ae4-43aa-bcb1-1eeea78b0953,,TRADE_PROPOSAL,PENDING,1,{C1E09685-96D1-4750-BA21-8BE16D3BF7CA},0,TRADE,4048244.0,Alexander Mattison,1.0,10.0,2021-10-14
2021,6,ad6a3914-6ae4-43aa-bcb1-1eeea78b0953,,TRADE_PROPOSAL,PENDING,1,{C1E09685-96D1-4750-BA21-8BE16D3BF7CA},0,TRADE,2573401.0,Tyler Higbee,1.0,10.0,2021-10-14
2021,6,ad6a3914-6ae4-43aa-bcb1-1eeea78b0953,,TRADE_PROPOSAL,PENDING,1,{C1E09685-96D1-4750-BA21-8BE16D3BF7CA},0,TRADE,3116593.0,Dalvin Cook,1.0,10.0,2021-10-14
2021,6,ad6a3914-6ae4-43aa-bcb1-1eeea78b0953,,TRADE_PROPOSAL,PENDING,1,{C1E09685-96D1-4750-BA21-8BE16D3BF7CA},0,TRADE,4039359.0,Darrell Henderson Jr.,10.0,1.0,2021-10-14
2021,6,ad6a3914-6ae4-43aa-bcb1-1eeea78b0953,,TRADE_PROPOSAL,PENDING,1,{C1E09685-96D1-4750-BA21-8BE16D3BF7CA},0,TRADE,3930086.0,Dawson Knox,10.0,1.0,2021-10-14
2021,6,ad6a3914-6ae4-43aa-bcb1-1eeea78b0953,,TRADE_PROPOSAL,PENDING,1,{C1E09685-96D1-4750-BA21-8BE16D3BF7CA},0,TRADE,3128720.0,Nick Chubb,10.0,1.0,2021-10-14
2021,6,c0571af4-985d-4a50-9e20-a484c1a21df2,,TRADE_PROPOSAL,PENDING,10,{2C8A1B87-268B-45A5-A0E5-C4A3F61C9BC2},0,TRADE,2976316.0,Michael Thomas,8.0,10.0,2021-10-13
2021,6,c0571af4-985d-4a50-9e20-a484c1a21df2,,TRADE_PROPOSAL,PENDING,10,{2C8A1B87-268B-45A5-A0E5-C4A3F61C9BC2},0,TRADE,3930086.0,Dawson Knox,10.0,8.0,2021-10-13
2021,6,894ba864-7d56-40b2-a08d-70839049b1c6,434f814f-9494-4440-bace-9dbc3b592b53,WAIVER,EXECUTED,7,NightlyLeagueUpdateTaskProcessor,31,ADD,3886818.0,Myles Gaskin,0.0,7.0,2021-10-13
2021,6,894ba864-7d56-40b2-a08d-70839049b1c6,434f814f-9494-4440-bace-9dbc3b592b53,WAIVER,EXECUTED,7,NightlyLeagueUpdateTaskProcessor,31,DROP,13983.0,A.J. Green,7.0,0.0,2021-10-13
2021,6,efaf3698-1a3b-4db2-8620-0611390f8acf,,FREEAGENT,EXECUTED,6,{FE8F6865-8A47-4C3A-8D66-0780982B48DD},0,ADD,4035004.0,Mecole Hardman,0.0,6.0,2021-10-13
2021,6,efaf3698-1a3b-4db2-8620-0611390f8acf,,FREEAGENT,EXECUTED,6,{FE8F6865-8A47-4C3A-8D66-0780982B48DD},0,DROP,3128721.0,Sony Michel,6.0,0.0,2021-10-13
2021,6,b79c2df5-6e6e-4454-8271-1eba9f191ccf,,FREEAGENT,EXECUTED,3,{C52D799E-6C1C-44B9-8371-9B6AF857D8E8},0,ADD,4212989.0,Dan Arnold,0.0,3.0,2021-10-13
2021,6,b79c2df5-6e6e-4454-8271-1eba9f191ccf,,FREEAGENT,EXECUTED,3,{C52D799E-6C1C-44B9-8371-9B6AF857D8E8},0,DROP,3043275.0,Austin Hooper,3.0,0.0,2021-10-13
2021,6,2dfad2e4-7d40-4e25-8a73-b04e4de71e8a,07806c40-3304-4e60-8965-cd13cacb06c9,TRADE_PROPOSAL,CANCELED,10,{C2BAB8A3-9ED5-425C-BAB8-A39ED5B25CC2},0,TRADE,3139477.0,Patrick Mahomes,14.0,10.0,2021-10-15
2021,6,2dfad2e4-7d40-4e25-8a73-b04e4de71e8a,07806c40-3304-4e60-8965-cd13cacb06c9,TRADE_PROPOSAL,CANCELED,10,{C2BAB8A3-9ED5-425C-BAB8-A39ED5B25CC2},0,TRADE,3116406.0,Tyreek Hill,14.0,10.0,2021-10-15
2021,6,2dfad2e4-7d40-4e25-8a73-b04e4de71e8a,07806c40-3304-4e60-8965-cd13cacb06c9,TRADE_PROPOSAL,CANCELED,10,{C2BAB8A3-9ED5-425C-BAB8-A39ED5B25CC2},0,TRADE,3128720.0,Nick Chubb,10.0,14.0,2021-10-15
2021,6,2dfad2e4-7d40-4e25-8a73-b04e4de71e8a,07806c40-3304-4e60-8965-cd13cacb06c9,TRADE_PROPOSAL,CANCELED,10,{C2BAB8A3-9ED5-425C-BAB8-A39ED5B25CC2},0,TRADE,3912547.0,Sam Darnold,10.0,14.0,2021-10-15
2021,6,2dfad2e4-7d40-4e25-8a73-b04e4de71e8a,07806c40-3304-4e60-8965-cd13cacb06c9,TRADE_PROPOSAL,CANCELED,10,{C2BAB8A3-9ED5-425C-BAB8-A39ED5B25CC2},0,TRADE,3930086.0,Dawson Knox,10.0,14.0,2021-10-15
2021,6,449e898d-3994-406b-85d0-aad9b8a6818c,,FREEAGENT,EXECUTED,14,{C2BAB8A3-9ED5-425C-BAB8-A39ED5B25CC2},0,ADD,3122672.0,Royce Freeman,0.0,14.0,2021-10-16
2021,6,449e898d-3994-406b-85d0-aad9b8a6818c,,FREEAGENT,EXECUTED,14,{C2BAB8A3-9ED5-425C-BAB8-A39ED5B25CC2},0,DROP,4046530.0,Chris Evans,14.0,0.0,2021-10-16
2021,6,61e7c543-9007-487d-b76c-005610f0d75b,7f7426c0-a6fd-4a8a-aff8-cac77746fa48,WAIVER,FAILED_AUCTIONBUDGETEXCEEDED,7,NightlyLeagueUpdateTaskProcessor,13,ADD,3122866.0,Devontae Booker,0.0,7.0,2021-10-13
2021,6,61e7c543-9007-487d-b76c-005610f0d75b,7f7426c0-a6fd-4a8a-aff8-cac77746fa48,WAIVER,FAILED_AUCTIONBUDGETEXCEEDED,7,NightlyLeagueUpdateTaskProcessor,13,DROP,13983.0,A.J. Green,7.0,0.0,2021-10-13
2021,6,ff84e1a1-b4af-460a-afff-70cb95b246db,013d0f04-5f36-4198-afd2-cf24ca84fe3c,WAIVER,CANCELED,12,{91D28B99-9234-408F-ACE7-32AEC03EE9E2},0,ADD,15478.0,Brandon Bolden,0.0,12.0,2021-10-15
2021,6,ff84e1a1-b4af-460a-afff-70cb95b246db,013d0f04-5f36-4198-afd2-cf24ca84fe3c,WAIVER,CANCELED,12,{91D28B99-9234-408F-ACE7-32AEC03EE9E2},0,DROP,4241401.0,Trey Sermon,12.0,0.0,2021-10-15
2021,6,fd8da214-a7ef-43c0-b8e4-31d06b53b58a,,FREEAGENT,EXECUTED,2,{EC970810-E14F-4307-8FA6-3BAE92CC1B4E},0,ADD,16782.0,Jerick McKinnon,0.0,2.0,2021-10-13
2021,6,fd8da214-a7ef-43c0-b8e4-31d06b53b58a,,FREEAGENT,EXECUTED,2,{EC970810-E14F-4307-8FA6-3BAE92CC1B4E},0,DROP,14880.0,Kirk Cousins,2.0,0.0,2021-10-13
2021,6,1eacb0aa-32b6-48db-b489-d2b5c9a40dbc,dc2c04f0-2cec-4bd4-a6be-8cf1ee7f3a8a,TRADE_DECLINE,EXECUTED,1,{C1E09685-96D1-4750-BA21-8BE16D3BF7CA},0,,4045163.0,Miles Sanders,0.0,0.0,2021-10-14
2021,6,61047d73-ca1b-410d-a1f8-c5ba661722fd,,TRADE_PROPOSAL,PENDING,10,{2C8A1B87-268B-45A5-A0E5-C4A3F61C9BC2},0,TRADE,3916387.0,Lamar Jackson,5.0,10.0,2021-10-13
2021,6,61047d73-ca1b-410d-a1f8-c5ba661722fd,,TRADE_PROPOSAL,PENDING,10,{2C8A1B87-268B-45A5-A0E5-C4A3F61C9BC2},0,TRADE,4240657.0,Michael Carter,5.0,10.0,2021-10-13
2021,6,61047d73-ca1b-410d-a1f8-c5ba661722fd,,TRADE_PROPOSAL,PENDING,10,{2C8A1B87-268B-45A5-A0E5-C4A3F61C9BC2},0,TRADE,3912547.0,Sam Darnold,10.0,5.0,2021-10-13
2021,6,61047d73-ca1b-410d-a1f8-c5ba661722fd,,TRADE_PROPOSAL,PENDING,10,{2C8A1B87-268B-45A5-A0E5-C4A3F61C9BC2},0,TRADE,3025433.0,Mike Davis,10.0,5.0,2021-10-13
2021,6,61047d73-ca1b-410d-a1f8-c5ba661722fd,,TRADE_PROPOSAL,PENDING,10,{2C8A1B87-268B-45A5-A0E5-C4A3F61C9BC2},0,TRADE,3930086.0,Dawson Knox,10.0,5.0,2021-10-13
2021,6,cc127d22-fa94-4e6d-bd0d-582926689ba1,,FREEAGENT,EXECUTED,8,{00408013-39CF-40FC-8080-1339CFD0FC06},0,ADD,4569173.0,Rhamondre Stevenson,0.0,8.0,2021-10-14
2021,6,cc127d22-fa94-4e6d-bd0d-582926689ba1,,FREEAGENT,EXECUTED,8,{00408013-39CF-40FC-8080-1339CFD0FC06},0,DROP,2973405.0,Kalif Raymond,8.0,0.0,2021-10-14
2021,6,5589c883-841d-41d8-8b5c-92b228eebd3b,6d59c1da-6f87-4302-b689-c53153e3c0aa,WAIVER,CANCELED,14,{C2BAB8A3-9ED5-425C-BAB8-A39ED5B25CC2},0,ADD,3122866.0,Devontae Booker,0.0,14.0,2021-10-12
2021,6,5589c883-841d-41d8-8b5c-92b228eebd3b,6d59c1da-6f87-4302-b689-c53153e3c0aa,WAIVER,CANCELED,14,{C2BAB8A3-9ED5-425C-BAB8-A39ED5B25CC2},0,DROP,17453.0,Cameron Brate,14.0,0.0,2021-10-12
2021,6,5589c883-841d-41d8-8b5c-92b228eebd3b,6d59c1da-6f87-4302-b689-c53153e3c0aa,WAIVER,CANCELED,14,{C2BAB8A3-9ED5-425C-BAB8-A39ED5B25CC2},0,DROP,-16033.0,Ravens D/ST,14.0,0.0,2021-10-12
2021,6,5589c883-841d-41d8-8b5c-92b228eebd3b,6d59c1da-6f87-4302-b689-c53153e3c0aa,WAIVER,CANCELED,14,{C2BAB8A3-9ED5-425C-BAB8-A39ED5B25CC2},0,DROP,3046409.0,Alex Collins,14.0,0.0,2021-10-12
2021,6,ffd52635-e0fd-4cb5-af4c-cdf4d5b29d36,,ROSTER,EXECUTED,12,{91D28B99-9234-408F-ACE7-32AEC03EE9E2},0,DROP,3917792.0,Daniel Jones,12.0,0.0,2021-10-12
2021,6,2db3df1a-a346-4637-895b-572f97619635,7cc6e4c9-0272-400d-94ed-9726dc1ab919,WAIVER,CANCELED,12,{91D28B99-9234-408F-ACE7-32AEC03EE9E2},0,ADD,3122866.0,Devontae Booker,0.0,12.0,2021-10-12
2021,6,2db3df1a-a346-4637-895b-572f97619635,7cc6e4c9-0272-400d-94ed-9726dc1ab919,WAIVER,CANCELED,12,{91D28B99-9234-408F-ACE7-32AEC03EE9E2},0,DROP,3917792.0,Daniel Jones,12.0,0.0,2021-10-12
2021,6,ba52eafc-19c4-414e-8be2-449429ae4eef,,TRADE_PROPOSAL,PENDING,10,{2C8A1B87-268B-45A5-A0E5-C4A3F61C9BC2},0,TRADE,4047646.0,A.J. Brown,13.0,10.0,2021-10-15
2021,6,ba52eafc-19c4-414e-8be2-449429ae4eef,,TRADE_PROPOSAL,PENDING,10,{2C8A1B87-268B-45A5-A0E5-C4A3F61C9BC2},0,TRADE,4052042.0,James Robinson,13.0,10.0,2021-10-15
2021,6,ba52eafc-19c4-414e-8be2-449429ae4eef,,TRADE_PROPOSAL,PENDING,10,{2C8A1B87-268B-45A5-A0E5-C4A3F61C9BC2},0,TRADE,3128720.0,Nick Chubb,10.0,13.0,2021-10-15
2021,6,ba52eafc-19c4-414e-8be2-449429ae4eef,,TRADE_PROPOSAL,PENDING,10,{2C8A1B87-268B-45A5-A0E5-C4A3F61C9BC2},0,TRADE,3134353.0,Tim Patrick,10.0,13.0,2021-10-15
2021,6,ba52eafc-19c4-414e-8be2-449429ae4eef,,TRADE_PROPOSAL,PENDING,10,{2C8A1B87-268B-45A5-A0E5-C4A3F61C9BC2},0,TRADE,3930086.0,Dawson Knox,10.0,13.0,2021-10-15
2021,6,d0cb05fe-afb9-427a-a03d-4115e1c37564,54da31e4-8601-4432-828f-4548fbfdeed3,WAIVER,EXECUTED,5,NightlyLeagueUpdateTaskProcessor,25,ADD,3115375.0,Darrel Williams,0.0,5.0,2021-10-13
2021,6,ff234d30-a45b-46d1-a37b-9a05d944b8c8,27ac5e5c-6c2c-4460-9015-a5ec22361b66,WAIVER,FAILED_AUCTIONBUDGETEXCEEDED,7,NightlyLeagueUpdateTaskProcessor,31,ADD,3115375.0,Darrel Williams,0.0,7.0,2021-10-13
2021,6,ff234d30-a45b-46d1-a37b-9a05d944b8c8,27ac5e5c-6c2c-4460-9015-a5ec22361b66,WAIVER,FAILED_AUCTIONBUDGETEXCEEDED,7,NightlyLeagueUpdateTaskProcessor,31,DROP,13983.0,A.J. Green,7.0,0.0,2021-10-13
2021,6,a3b6f6bc-58e5-4b6f-8b2d-033df7eaca69,4b4fe296-3338-4f6e-817e-0fe6b43244e1,TRADE_PROPOSAL,CANCELED,1,{C1E09685-96D1-4750-BA21-8BE16D3BF7CA},0,TRADE,4048244.0,Alexander Mattison,3.0,1.0,2021-10-13
2021,6,a3b6f6bc-58e5-4b6f-8b2d-033df7eaca69,4b4fe296-3338-4f6e-817e-0fe6b43244e1,TRADE_PROPOSAL,CANCELED,1,{C1E09685-96D1-4750-BA21-8BE16D3BF7CA},0,TRADE,16733.0,Odell Beckham Jr.,1.0,3.0,2021-10-13
2021,6,c9b020c5-cb16-49f0-ae39-5e9734e3bfbf,,TRADE_PROPOSAL,PENDING,10,{2C8A1B87-268B-45A5-A0E5-C4A3F61C9BC2},0,TRADE,3918298.0,Josh Allen,1.0,10.0,2021-10-13
2021,6,c9b020c5-cb16-49f0-ae39-5e9734e3bfbf,,TRADE_PROPOSAL,PENDING,10,{2C8A1B87-268B-45A5-A0E5-C4A3F61C9BC2},0,TRADE,3912547.0,Sam Darnold,10.0,1.0,2021-10-13
2021,6,c9b020c5-cb16-49f0-ae39-5e9734e3bfbf,,TRADE_PROPOSAL,PENDING,10,{2C8A1B87-268B-45A5-A0E5-C4A3F61C9BC2},0,TRADE,3930086.0,Dawson Knox,10.0,1.0,2021-10-13
2021,6,664bb7d1-c9f0-4afe-b840-f2cb4b5919b9,c9b020c5-cb16-49f0-ae39-5e9734e3bfbf,TRADE_PROPOSAL,CANCELED,10,{C1E09685-96D1-4750-BA21-8BE16D3BF7CA},0,TRADE,3918298.0,Josh Allen,1.0,10.0,2021-10-13
2021,6,664bb7d1-c9f0-4afe-b840-f2cb4b5919b9,c9b020c5-cb16-49f0-ae39-5e9734e3bfbf,TRADE_PROPOSAL,CANCELED,10,{C1E09685-96D1-4750-BA21-8BE16D3BF7CA},0,TRADE,3912547.0,Sam Darnold,10.0,1.0,2021-10-13
2021,6,664bb7d1-c9f0-4afe-b840-f2cb4b5919b9,c9b020c5-cb16-49f0-ae39-5e9734e3bfbf,TRADE_PROPOSAL,CANCELED,10,{C1E09685-96D1-4750-BA21-8BE16D3BF7CA},0,TRADE,3930086.0,Dawson Knox,10.0,1.0,2021-10-13
2021,6,235f4ae1-9574-47ac-8dd0-b1374ef7adfd,4cc55ad2-76e1-4fe9-8c7a-dc7f3ef2cb85,WAIVER,EXECUTED,14,NightlyLeagueUpdateTaskProcessor,25,ADD,3122866.0,Devontae Booker,0.0,14.0,2021-10-13
2021,6,235f4ae1-9574-47ac-8dd0-b1374ef7adfd,4cc55ad2-76e1-4fe9-8c7a-dc7f3ef2cb85,WAIVER,EXECUTED,14,NightlyLeagueUpdateTaskProcessor,25,DROP,3121023.0,Dallas Goedert,14.0,0.0,2021-10-13
2021,6,235f4ae1-9574-47ac-8dd0-b1374ef7adfd,4cc55ad2-76e1-4fe9-8c7a-dc7f3ef2cb85,WAIVER,EXECUTED,14,NightlyLeagueUpdateTaskProcessor,25,DROP,3046409.0,Alex Collins,14.0,0.0,2021-10-13
2021,6,235f4ae1-9574-47ac-8dd0-b1374ef7adfd,4cc55ad2-76e1-4fe9-8c7a-dc7f3ef2cb85,WAIVER,EXECUTED,14,NightlyLeagueUpdateTaskProcessor,25,DROP,-16033.0,Ravens D/ST,14.0,0.0,2021-10-13
2021,6,91d81ebc-7bb0-42d1-bf0c-0a734ea1d3df,42b2d9f4-3988-49be-aaec-16dbefd26cf7,WAIVER,EXECUTED,7,NightlyLeagueUpdateTaskProcessor,1,ADD,14880.0,Kirk Cousins,0.0,7.0,2021-10-15
2021,6,91d81ebc-7bb0-42d1-bf0c-0a734ea1d3df,42b2d9f4-3988-49be-aaec-16dbefd26cf7,WAIVER,EXECUTED,7,NightlyLeagueUpdateTaskProcessor,1,DROP,16757.0,Derek Carr,7.0,0.0,2021-10-15
2021,6,6eab8367-5edb-4d9f-b0cb-058ced157012,286769df-e4ae-4ce7-82ba-23275c719f7b,TRADE_UPHOLD,EXECUTED,1,{C1E09685-96D1-4750-BA21-8BE16D3BF7CA},0,,,,,,2021-10-13
2021,6,0c54062b-4fa4-4e46-adc4-7c312637c7dc,,FREEAGENT,EXECUTED,10,{2C8A1B87-268B-45A5-A0E5-C4A3F61C9BC2},0,ADD,3139602.0,D'Ernest Johnson,0.0,10.0,2021-10-16
2021,6,0c54062b-4fa4-4e46-adc4-7c312637c7dc,,FREEAGENT,EXECUTED,10,{2C8A1B87-268B-45A5-A0E5-C4A3F61C9BC2},0,DROP,3121427.0,Curtis Samuel,10.0,0.0,2021-10-16
2021,6,4c9ee2ab-3cbe-42c1-b22d-0d1359283da4,286769df-e4ae-4ce7-82ba-23275c719f7b,TRADE_ACCEPT,,3,{C52D799E-6C1C-44B9-8371-9B6AF857D8E8},0,,,,,,2021-10-13
2021,6,4eea3263-777a-41fe-a29c-03771159db47,398b7096-bcc5-4f61-aec0-f54b795daf31,WAIVER,FAILED_INVALIDPLAYERSOURCE,8,NightlyLeagueUpdateTaskProcessor,21,ADD,3886818.0,Myles Gaskin,0.0,8.0,2021-10-13
2021,6,4eea3263-777a-41fe-a29c-03771159db47,398b7096-bcc5-4f61-aec0-f54b795daf31,WAIVER,FAILED_INVALIDPLAYERSOURCE,8,NightlyLeagueUpdateTaskProcessor,21,DROP,2973405.0,Kalif Raymond,8.0,0.0,2021-10-13
2021,6,c1ed5d94-30cf-4a7c-97ac-4e28948161c3,3344d2ba-c1f9-48f0-9212-e7b294c57d0c,WAIVER,FAILED_INVALIDPLAYERSOURCE,12,NightlyLeagueUpdateTaskProcessor,15,ADD,3115375.0,Darrel Williams,0.0,12.0,2021-10-13
2021,6,88852c19-1859-4497-a42f-f8051d088886,,FREEAGENT,EXECUTED,14,{C2BAB8A3-9ED5-425C-BAB8-A39ED5B25CC2},0,ADD,3051806.0,Ricky Seals-Jones,0.0,14.0,2021-10-13
2021,6,8e523626-44be-48a1-a3ee-a68d7dd44730,,FREEAGENT,EXECUTED,3,{C52D799E-6C1C-44B9-8371-9B6AF857D8E8},0,ADD,13981.0,Mark Ingram II,0.0,3.0,2021-10-13
2021,6,8e523626-44be-48a1-a3ee-a68d7dd44730,,FREEAGENT,EXECUTED,3,{C52D799E-6C1C-44B9-8371-9B6AF857D8E8},0,DROP,14053.0,Randall Cobb,3.0,0.0,2021-10-13
2021,6,3145f02e-d5f0-4716-922f-4db7e32a2bda,,FREEAGENT,EXECUTED,4,{8242D4C8-FCD1-4A28-9373-CD282687A8E7},0,ADD,3123076.0,David Njoku,0.0,4.0,2021-10-13
2021,6,3145f02e-d5f0-4716-922f-4db7e32a2bda,,FREEAGENT,EXECUTED,4,{8242D4C8-FCD1-4A28-9373-CD282687A8E7},0,DROP,-16020.0,Jets D/ST,4.0,0.0,2021-10-13
2021,6,9deee350-1823-4909-9675-4ac3f0bb4a10,216b2e63-6c00-49c2-8de9-c2c3a7708dd0,WAIVER,FAILED_INVALIDPLAYERSOURCE,8,NightlyLeagueUpdateTaskProcessor,15,ADD,3122866.0,Devontae Booker,0.0,8.0,2021-10-13
2021,6,9deee350-1823-4909-9675-4ac3f0bb4a10,216b2e63-6c00-49c2-8de9-c2c3a7708dd0,WAIVER,FAILED_INVALIDPLAYERSOURCE,8,NightlyLeagueUpdateTaskProcessor,15,DROP,2973405.0,Kalif Raymond,8.0,0.0,2021-10-13
2021,7,59bc8786-4dab-4aed-b6e4-77d3e6fac5ac,9b6ee998-7a6c-4175-b8bb-7b01a964fba4,TRADE_PROPOSAL,CANCELED,1,{C1E09685-96D1-4750-BA21-8BE16D3BF7CA},0,TRADE,2976212.0,Stefon Diggs,12.0,1.0,2021-10-19
2021,7,59bc8786-4dab-4aed-b6e4-77d3e6fac5ac,9b6ee998-7a6c-4175-b8bb-7b01a964fba4,TRADE_PROPOSAL,CANCELED,1,{C1E09685-96D1-4750-BA21-8BE16D3BF7CA},0,TRADE,4048244.0,Alexander Mattison,1.0,12.0,2021-10-19
2021,7,59bc8786-4dab-4aed-b6e4-77d3e6fac5ac,9b6ee998-7a6c-4175-b8bb-7b01a964fba4,TRADE_PROPOSAL,CANCELED,1,{C1E09685-96D1-4750-BA21-8BE16D3BF7CA},0,TRADE,4262921.0,Justin Jefferson,1.0,12.0,2021-10-19
2021,7,9985b4f0-f684-414c-9251-1cc4c533460a,,FREEAGENT,EXECUTED,4,{8242D4C8-FCD1-4A28-9373-CD282687A8E7},0,ADD,-16001.0,Falcons D/ST,0.0,4.0,2021-10-21
2021,7,9985b4f0-f684-414c-9251-1cc4c533460a,,FREEAGENT,EXECUTED,4,{8242D4C8-FCD1-4A28-9373-CD282687A8E7},0,DROP,3123076.0,David Njoku,4.0,0.0,2021-10-21
2021,7,a9ecef2b-0977-4cbd-a4b4-0e774bca4f0d,cfdceea9-998b-4d80-8078-9d249f2cc818,WAIVER,EXECUTED,5,NightlyLeagueUpdateTaskProcessor,3,ADD,-16017.0,Patriots D/ST,0.0,5.0,2021-10-21
2021,7,a9ecef2b-0977-4cbd-a4b4-0e774bca4f0d,cfdceea9-998b-4d80-8078-9d249f2cc818,WAIVER,EXECUTED,5,NightlyLeagueUpdateTaskProcessor,3,DROP,-16011.0,Colts D/ST,5.0,0.0,2021-10-21
2021,7,87e07b91-d428-47b3-aa25-9cc82202e49e,,FREEAGENT,EXECUTED,8,{00408013-39CF-40FC-8080-1339CFD0FC06},0,ADD,4035170.0,Marquez Callaway,0.0,8.0,2021-10-22
2021,7,87e07b91-d428-47b3-aa25-9cc82202e49e,,FREEAGENT,EXECUTED,8,{00408013-39CF-40FC-8080-1339CFD0FC06},0,DROP,4569173.0,Rhamondre Stevenson,8.0,0.0,2021-10-22
2021,7,f0c7d8d1-3d18-45b3-b96c-6972bd095dd1,c51c7a5e-6b1b-48b7-9e81-63b4908d28cf,WAIVER,EXECUTED,3,NightlyLeagueUpdateTaskProcessor,5,ADD,-16018.0,Saints D/ST,0.0,3.0,2021-10-20
2021,7,f0c7d8d1-3d18-45b3-b96c-6972bd095dd1,c51c7a5e-6b1b-48b7-9e81-63b4908d28cf,WAIVER,EXECUTED,3,NightlyLeagueUpdateTaskProcessor,5,DROP,-16017.0,Patriots D/ST,3.0,0.0,2021-10-20
2021,7,9d07f010-db5c-46c6-9a67-41bebf0411a8,6090ee54-aa8c-4128-8d93-d2c351280480,WAIVER,CANCELED,14,{C2BAB8A3-9ED5-425C-BAB8-A39ED5B25CC2},0,ADD,13983.0,A.J. Green,0.0,14.0,2021-10-19
2021,7,9d07f010-db5c-46c6-9a67-41bebf0411a8,6090ee54-aa8c-4128-8d93-d2c351280480,WAIVER,CANCELED,14,{C2BAB8A3-9ED5-425C-BAB8-A39ED5B25CC2},0,DROP,3045144.0,Tyler Boyd,14.0,0.0,2021-10-19
2021,7,c822c4bd-65e3-49f2-858c-6e0a33be2d4d,d88c7415-f9ad-4048-8038-cb0753984c9e,TRADE_DECLINE,EXECUTED,1,{C1E09685-96D1-4750-BA21-8BE16D3BF7CA},0,,,,,,2021-10-23
2021,7,e1362b9b-c6f0-4ca5-b794-86936c83b347,,FREEAGENT,EXECUTED,4,{8242D4C8-FCD1-4A28-9373-CD282687A8E7},0,ADD,16944.0,Devonta Freeman,0.0,4.0,2021-10-22
2021,7,e1362b9b-c6f0-4ca5-b794-86936c83b347,,FREEAGENT,EXECUTED,4,{8242D4C8-FCD1-4A28-9373-CD282687A8E7},0,DROP,3895827.0,Ty'Son Williams,4.0,0.0,2021-10-22
2021,7,a016d162-6e5d-42de-af41-8725ac6d36ea,95b455b2-114f-4290-9bac-65d7394363cc,TRADE_ACCEPT,,3,{C52D799E-6C1C-44B9-8371-9B6AF857D8E8},0,,,,,,2021-10-26
2021,7,9d36f3c3-8123-485f-8fc0-12a795d7d626,ae52ca13-2224-4197-a7ce-d586268f3d79,TRADE_PROPOSAL,CANCELED,8,{00408013-39CF-40FC-8080-1339CFD0FC06},0,TRADE,3042519.0,Aaron Jones,10.0,8.0,2021-10-25
2021,7,9d36f3c3-8123-485f-8fc0-12a795d7d626,ae52ca13-2224-4197-a7ce-d586268f3d79,TRADE_PROPOSAL,CANCELED,8,{00408013-39CF-40FC-8080-1339CFD0FC06},0,TRADE,3932905.0,Diontae Johnson,10.0,8.0,2021-10-25
2021,7,9d36f3c3-8123-485f-8fc0-12a795d7d626,ae52ca13-2224-4197-a7ce-d586268f3d79,TRADE_PROPOSAL,CANCELED,8,{00408013-39CF-40FC-8080-1339CFD0FC06},0,TRADE,2577417.0,Dak Prescott,8.0,10.0,2021-10-25
2021,7,9d36f3c3-8123-485f-8fc0-12a795d7d626,ae52ca13-2224-4197-a7ce-d586268f3d79,TRADE_PROPOSAL,CANCELED,8,{00408013-39CF-40FC-8080-1339CFD0FC06},0,TRADE,2976499.0,Amari Cooper,8.0,10.0,2021-10-25
2021,7,ab74e698-d895-4aea-a071-083a5eaaf9f1,,FREEAGENT,EXECUTED,12,{91D28B99-9234-408F-ACE7-32AEC03EE9E2},0,ADD,-16025.0,49ers D/ST,0.0,12.0,2021-10-21
2021,7,ab74e698-d895-4aea-a071-083a5eaaf9f1,,FREEAGENT,EXECUTED,12,{91D28B99-9234-408F-ACE7-32AEC03EE9E2},0,DROP,-16016.0,Vikings D/ST,12.0,0.0,2021-10-21
2021,7,8b86b7b8-527f-46d6-87f2-7b7112bb5b2f,46d1fd8c-c7e9-43f5-a5da-b32678896d4e,WAIVER,CANCELED,14,{C2BAB8A3-9ED5-425C-BAB8-A39ED5B25CC2},0,ADD,13983.0,A.J. Green,0.0,14.0,2021-10-19
2021,7,8b86b7b8-527f-46d6-87f2-7b7112bb5b2f,46d1fd8c-c7e9-43f5-a5da-b32678896d4e,WAIVER,CANCELED,14,{C2BAB8A3-9ED5-425C-BAB8-A39ED5B25CC2},0,DROP,2574808.0,Robby Anderson,14.0,0.0,2021-10-19
2021,7,38ef6551-a644-4c92-96b9-4605b237ebfd,209ffda1-4abe-4516-bb3d-f94aed13f286,TRADE_DECLINE,EXECUTED,5,{77F704CF-0C76-4984-9A71-8BD39511C19F},0,,,,,,2021-10-25
2021,7,6e1c7978-ada2-40b2-9f47-58b9c8ed777e,81e04bbc-5ebb-4128-a70e-0c0557848619,TRADE_PROPOSAL,CANCELED,10,{2C8A1B87-268B-45A5-A0E5-C4A3F61C9BC2},0,TRADE,3925357.0,Calvin Ridley,3.0,10.0,2021-10-19
2021,7,6e1c7978-ada2-40b2-9f47-58b9c8ed777e,81e04bbc-5ebb-4128-a70e-0c0557848619,TRADE_PROPOSAL,CANCELED,10,{2C8A1B87-268B-45A5-A0E5-C4A3F61C9BC2},0,TRADE,3025433.0,Mike Davis,10.0,3.0,2021-10-19
2021,7,6e1c7978-ada2-40b2-9f47-58b9c8ed777e,81e04bbc-5ebb-4128-a70e-0c0557848619,TRADE_PROPOSAL,CANCELED,10,{2C8A1B87-268B-45A5-A0E5-C4A3F61C9BC2},0,TRADE,3134353.0,Tim Patrick,10.0,3.0,2021-10-19
2021,7,e0eb9849-37d0-424d-8872-17e44b446ec0,,ROSTER,EXECUTED,6,{FE8F6865-8A47-4C3A-8D66-0780982B48DD},10,DROP,4360438.0,Brandon Aiyuk,6.0,0.0,2021-10-19
2021,7,69bb4f62-1969-42b4-9781-43fdbc4a74a5,099f3828-3088-478f-b3d1-d379056edefc,TRADE_PROPOSAL,CANCELED,13,{85A6A0E4-D846-4046-B7F8-487FAD9165E0},0,TRADE,4036131.0,Noah Fant,13.0,10.0,2021-10-19
2021,7,69bb4f62-1969-42b4-9781-43fdbc4a74a5,099f3828-3088-478f-b3d1-d379056edefc,TRADE_PROPOSAL,CANCELED,13,{85A6A0E4-D846-4046-B7F8-487FAD9165E0},0,TRADE,4052042.0,James Robinson,13.0,10.0,2021-10-19
2021,7,69bb4f62-1969-42b4-9781-43fdbc4a74a5,099f3828-3088-478f-b3d1-d379056edefc,TRADE_PROPOSAL,CANCELED,13,{85A6A0E4-D846-4046-B7F8-487FAD9165E0},0,TRADE,3117256.0,Dalton Schultz,10.0,13.0,2021-10-19
2021,7,69bb4f62-1969-42b4-9781-43fdbc4a74a5,099f3828-3088-478f-b3d1-d379056edefc,TRADE_PROPOSAL,CANCELED,13,{85A6A0E4-D846-4046-B7F8-487FAD9165E0},0,TRADE,3128720.0,Nick Chubb,10.0,13.0,2021-10-19
2021,7,db3f5175-08bb-4e53-84b2-cd59e4778697,3ac15af9-7494-4846-b3ef-d43c4a7c4e65,TRADE_DECLINE,EXECUTED,5,{77F704CF-0C76-4984-9A71-8BD39511C19F},0,,,,,,2021-10-20
2021,7,3ac15af9-7494-4846-b3ef-d43c4a7c4e65,,TRADE_PROPOSAL,PENDING,10,{2C8A1B87-268B-45A5-A0E5-C4A3F61C9BC2},0,TRADE,3139602.0,D'Ernest Johnson,10.0,5.0,2021-10-20
2021,7,3ac15af9-7494-4846-b3ef-d43c4a7c4e65,,TRADE_PROPOSAL,PENDING,10,{2C8A1B87-268B-45A5-A0E5-C4A3F61C9BC2},0,TRADE,14881.0,Russell Wilson,5.0,10.0,2021-10-20
2021,7,115bca0e-5a00-4025-b8ef-99a9756118d7,c2785ecb-bbd4-4dea-a204-6c19d58bda8a,TRADE_UPHOLD,EXECUTED,1,{C1E09685-96D1-4750-BA21-8BE16D3BF7CA},0,,,,,,2021-10-19
2021,7,5f4ab3f7-899f-4319-8ae1-47957eb3584b,d88c7415-f9ad-4048-8038-cb0753984c9e,TRADE_PROPOSAL,CANCELED,10,{C1E09685-96D1-4750-BA21-8BE16D3BF7CA},0,TRADE,3918298.0,Josh Allen,1.0,10.0,2021-10-23
2021,7,5f4ab3f7-899f-4319-8ae1-47957eb3584b,d88c7415-f9ad-4048-8038-cb0753984c9e,TRADE_PROPOSAL,CANCELED,10,{C1E09685-96D1-4750-BA21-8BE16D3BF7CA},0,TRADE,3912547.0,Sam Darnold,10.0,1.0,2021-10-23
2021,7,5f4ab3f7-899f-4319-8ae1-47957eb3584b,d88c7415-f9ad-4048-8038-cb0753984c9e,TRADE_PROPOSAL,CANCELED,10,{C1E09685-96D1-4750-BA21-8BE16D3BF7CA},0,TRADE,3134353.0,Tim Patrick,10.0,1.0,2021-10-23
2021,7,5f4ab3f7-899f-4319-8ae1-47957eb3584b,d88c7415-f9ad-4048-8038-cb0753984c9e,TRADE_PROPOSAL,CANCELED,10,{C1E09685-96D1-4750-BA21-8BE16D3BF7CA},0,TRADE,3025433.0,Mike Davis,10.0,1.0,2021-10-23
2021,7,f2480be1-8c39-454b-9a2f-9910d623c250,20365c08-1588-40e7-b018-f5293208ea5e,WAIVER,FAILED_ROSTERLIMIT,1,NightlyLeagueUpdateTaskProcessor,13,ADD,16757.0,Derek Carr,0.0,1.0,2021-10-20
2021,7,fef4993e-26f6-4121-8fc0-ee6f42d802b3,b89f2235-7694-4fb9-bd92-5cb4ff38792e,WAIVER,FAILED_INVALIDPLAYERSOURCE,14,NightlyLeagueUpdateTaskProcessor,1,ADD,13983.0,A.J. Green,0.0,14.0,2021-10-20
2021,7,fef4993e-26f6-4121-8fc0-ee6f42d802b3,b89f2235-7694-4fb9-bd92-5cb4ff38792e,WAIVER,FAILED_INVALIDPLAYERSOURCE,14,NightlyLeagueUpdateTaskProcessor,1,DROP,2574808.0,Robby Anderson,14.0,0.0,2021-10-20
2021,7,c3025d98-1a8f-4e94-9dc7-56e6e6419dd3,,FREEAGENT,EXECUTED,8,{00408013-39CF-40FC-8080-1339CFD0FC06},0,ADD,2973405.0,Kalif Raymond,0.0,8.0,2021-10-22
2021,7,c3025d98-1a8f-4e94-9dc7-56e6e6419dd3,,FREEAGENT,EXECUTED,8,{00408013-39CF-40FC-8080-1339CFD0FC06},0,DROP,-16006.0,Cowboys D/ST,8.0,0.0,2021-10-22
2021,7,2fd16183-6566-44a0-ad97-1982e306192d,,FREEAGENT,EXECUTED,1,{C1E09685-96D1-4750-BA21-8BE16D3BF7CA},0,ADD,3843945.0,Foster Moreau,0.0,1.0,2021-10-24
2021,7,4c3685dd-2d2c-4c95-b1dc-af1264f709fb,47a0af73-5217-4dfe-a21d-d991f3c0a06d,TRADE_DECLINE,EXECUTED,7,{430447A7-381F-4E40-AD53-6A9C1F157A25},0,,,,,,2021-10-19
2021,7,bdde4a95-0124-46aa-bdea-26360092e839,c838ef81-9ab8-4165-ba12-fd8a944786ad,TRADE_PROPOSAL,CANCELED,10,{2C8A1B87-268B-45A5-A0E5-C4A3F61C9BC2},0,TRADE,3139602.0,D'Ernest Johnson,10.0,8.0,2021-10-22
2021,7,bdde4a95-0124-46aa-bdea-26360092e839,c838ef81-9ab8-4165-ba12-fd8a944786ad,TRADE_PROPOSAL,CANCELED,10,{2C8A1B87-268B-45A5-A0E5-C4A3F61C9BC2},0,TRADE,4239934.0,AJ Dillon,8.0,10.0,2021-10-22
2021,7,f2befde0-ff23-4553-bd45-f24b9e9ef202,1e6de795-b379-499e-b1cb-0beb43b0d841,TRADE_UPHOLD,EXECUTED,1,{C1E09685-96D1-4750-BA21-8BE16D3BF7CA},0,,,,,,2021-10-19
2021,7,1550ef97-c9af-45ba-ae6f-69d05d03c338,,TRADE_PROPOSAL,PENDING,10,{2C8A1B87-268B-45A5-A0E5-C4A3F61C9BC2},0,TRADE,3916148.0,Tony Pollard,6.0,10.0,2021-10-20
2021,7,1550ef97-c9af-45ba-ae6f-69d05d03c338,,TRADE_PROPOSAL,PENDING,10,{2C8A1B87-268B-45A5-A0E5-C4A3F61C9BC2},0,TRADE,3139602.0,D'Ernest Johnson,10.0,6.0,2021-10-20
2021,7,a4ceee8f-310c-430d-9ea3-e45009428646,,FREEAGENT,EXECUTED,4,{8242D4C8-FCD1-4A28-9373-CD282687A8E7},0,ADD,3895827.0,Ty'Son Williams,0.0,4.0,2021-10-22
2021,7,a4ceee8f-310c-430d-9ea3-e45009428646,,FREEAGENT,EXECUTED,4,{8242D4C8-FCD1-4A28-9373-CD282687A8E7},0,DROP,3912550.0,Ronald Jones II,4.0,0.0,2021-10-22
2021,7,81f0ceca-9e1c-4c69-a067-afa8488d99be,c2785ecb-bbd4-4dea-a204-6c19d58bda8a,TRADE_UPHOLD,EXECUTED,2,{EC970810-E14F-4307-8FA6-3BAE92CC1B4E},0,,,,,,2021-10-19
2021,7,d0684e96-55bc-425c-b34d-912bda2c52c5,,FREEAGENT,EXECUTED,1,{C1E09685-96D1-4750-BA21-8BE16D3BF7CA},0,ADD,2978109.0,Zach Pascal,0.0,1.0,2021-10-22
2021,7,d0684e96-55bc-425c-b34d-912bda2c52c5,,FREEAGENT,EXECUTED,1,{C1E09685-96D1-4750-BA21-8BE16D3BF7CA},0,DROP,3116389.0,Samaje Perine,1.0,0.0,2021-10-22
2021,7,50ec924a-2d32-43a2-afbd-72593d2ea1da,,FREEAGENT,EXECUTED,14,{C2BAB8A3-9ED5-425C-BAB8-A39ED5B25CC2},0,ADD,2310331.0,Tyler Johnson,0.0,14.0,2021-10-24
2021,7,50ec924a-2d32-43a2-afbd-72593d2ea1da,,FREEAGENT,EXECUTED,14,{C2BAB8A3-9ED5-425C-BAB8-A39ED5B25CC2},0,DROP,3045144.0,Tyler Boyd,14.0,0.0,2021-10-24
2021,7,a394ae75-7546-420d-92ca-0f8509e23b9d,,FREEAGENT,EXECUTED,6,{FE8F6865-8A47-4C3A-8D66-0780982B48DD},0,ADD,4372485.0,Rondale Moore,0.0,6.0,2021-10-24
2021,7,9bc5dafe-cefa-4f77-8008-d2460efa6746,,FREEAGENT,EXECUTED,12,{91D28B99-9234-408F-ACE7-32AEC03EE9E2},0,ADD,4372485.0,Rondale Moore,0.0,12.0,2021-10-21
2021,7,9bc5dafe-cefa-4f77-8008-d2460efa6746,,FREEAGENT,EXECUTED,12,{91D28B99-9234-408F-ACE7-32AEC03EE9E2},0,DROP,4243160.0,Laviska Shenault Jr.,12.0,0.0,2021-10-21
2021,7,4beb25c7-4c3e-49c8-a673-839b84efe19c,38bfb984-ddc5-4130-b2ea-828d5a40df49,WAIVER,CANCELED,14,{C2BAB8A3-9ED5-425C-BAB8-A39ED5B25CC2},0,ADD,13983.0,A.J. Green,0.0,14.0,2021-10-19
2021,7,4beb25c7-4c3e-49c8-a673-839b84efe19c,38bfb984-ddc5-4130-b2ea-828d5a40df49,WAIVER,CANCELED,14,{C2BAB8A3-9ED5-425C-BAB8-A39ED5B25CC2},0,DROP,3122672.0,Royce Freeman,14.0,0.0,2021-10-19
2021,7,4beb25c7-4c3e-49c8-a673-839b84efe19c,38bfb984-ddc5-4130-b2ea-828d5a40df49,WAIVER,CANCELED,14,{C2BAB8A3-9ED5-425C-BAB8-A39ED5B25CC2},0,DROP,3045144.0,Tyler Boyd,14.0,0.0,2021-10-19
2021,7,6ae3ac3a-a7d6-4768-b172-ff3fda80b813,fea1f10a-c6cb-4535-a82f-da58b44c2b4c,TRADE_DECLINE,EXECUTED,1,{C1E09685-96D1-4750-BA21-8BE16D3BF7CA},0,,,,,,2021-10-21
2021,7,be7bcada-33f9-43f1-8616-0dce0e616b29,,FREEAGENT,EXECUTED,5,{77F704CF-0C76-4984-9A71-8BD39511C19F},0,ADD,4258595.0,Cole Kmet,0.0,5.0,2021-10-20
2021,7,be7bcada-33f9-43f1-8616-0dce0e616b29,,FREEAGENT,EXECUTED,5,{77F704CF-0C76-4984-9A71-8BD39511C19F},0,DROP,12537.0,Jared Cook,5.0,0.0,2021-10-20
2021,7,4b963406-5fff-4868-9187-dc618a9df0df,5e2cf363-dd42-486e-a603-b3ec028d5330,TRADE_DECLINE,EXECUTED,14,{C2BAB8A3-9ED5-425C-BAB8-A39ED5B25CC2},0,,,,,,2021-10-19
2021,7,a34d826f-24a6-4a34-b59c-c6fdf518b442,638e7b78-f296-4a6a-8a43-afcd1c424a32,WAIVER,EXECUTED,3,NightlyLeagueUpdateTaskProcessor,5,ADD,2979843.0,Kenyan Drake,0.0,3.0,2021-10-20
2021,7,a34d826f-24a6-4a34-b59c-c6fdf518b442,638e7b78-f296-4a6a-8a43-afcd1c424a32,WAIVER,EXECUTED,3,NightlyLeagueUpdateTaskProcessor,5,DROP,4212989.0,Dan Arnold,3.0,0.0,2021-10-20
2021,7,d88c7415-f9ad-4048-8038-cb0753984c9e,,TRADE_PROPOSAL,PENDING,10,{2C8A1B87-268B-45A5-A0E5-C4A3F61C9BC2},0,TRADE,3918298.0,Josh Allen,1.0,10.0,2021-10-21
2021,7,d88c7415-f9ad-4048-8038-cb0753984c9e,,TRADE_PROPOSAL,PENDING,10,{2C8A1B87-268B-45A5-A0E5-C4A3F61C9BC2},0,TRADE,3912547.0,Sam Darnold,10.0,1.0,2021-10-21
2021,7,d88c7415-f9ad-4048-8038-cb0753984c9e,,TRADE_PROPOSAL,PENDING,10,{2C8A1B87-268B-45A5-A0E5-C4A3F61C9BC2},0,TRADE,3134353.0,Tim Patrick,10.0,1.0,2021-10-21
2021,7,d88c7415-f9ad-4048-8038-cb0753984c9e,,TRADE_PROPOSAL,PENDING,10,{2C8A1B87-268B-45A5-A0E5-C4A3F61C9BC2},0,TRADE,3025433.0,Mike Davis,10.0,1.0,2021-10-21
2021,7,d9b6bf8a-9eec-4d36-8d18-cd6a2fb5518f,49d794ab-2aa3-4d95-8b63-e10256961014,WAIVER,CANCELED,14,{C2BAB8A3-9ED5-425C-BAB8-A39ED5B25CC2},0,ADD,4241479.0,Tua Tagovailoa,0.0,14.0,2021-10-21
2021,7,d9b6bf8a-9eec-4d36-8d18-cd6a2fb5518f,49d794ab-2aa3-4d95-8b63-e10256961014,WAIVER,CANCELED,14,{C2BAB8A3-9ED5-425C-BAB8-A39ED5B25CC2},0,DROP,2574808.0,Robby Anderson,14.0,0.0,2021-10-21
2021,7,55573880-86fe-49f5-9f02-8dacd84fe330,1e6de795-b379-499e-b1cb-0beb43b0d841,TRADE_ACCEPT,,3,{C52D799E-6C1C-44B9-8371-9B6AF857D8E8},0,DROP,3916430.0,Nyheim Hines,3.0,0.0,2021-10-19
2021,7,8f55995f-afbf-4de2-bbc9-cf503040f307,,FREEAGENT,EXECUTED,12,{91D28B99-9234-408F-ACE7-32AEC03EE9E2},0,ADD,4035170.0,Marquez Callaway,0.0,12.0,2021-10-20
2021,7,25e03b1d-5536-4261-8ae2-805dec56ccc6,c46820db-64d0-4e35-a07b-6e82a94cba56,TRADE_PROPOSAL,CANCELED,13,{85A6A0E4-D846-4046-B7F8-487FAD9165E0},0,TRADE,3119195.0,Chase Edmonds,13.0,3.0,2021-10-24
2021,7,25e03b1d-5536-4261-8ae2-805dec56ccc6,c46820db-64d0-4e35-a07b-6e82a94cba56,TRADE_PROPOSAL,CANCELED,13,{85A6A0E4-D846-4046-B7F8-487FAD9165E0},0,TRADE,3915511.0,Joe Burrow,3.0,13.0,2021-10-24
2021,7,099f3828-3088-478f-b3d1-d379056edefc,,TRADE_PROPOSAL,PENDING,13,{85A6A0E4-D846-4046-B7F8-487FAD9165E0},0,TRADE,4036131.0,Noah Fant,13.0,10.0,2021-10-19
2021,7,099f3828-3088-478f-b3d1-d379056edefc,,TRADE_PROPOSAL,PENDING,13,{85A6A0E4-D846-4046-B7F8-487FAD9165E0},0,TRADE,4052042.0,James Robinson,13.0,10.0,2021-10-19
2021,7,099f3828-3088-478f-b3d1-d379056edefc,,TRADE_PROPOSAL,PENDING,13,{85A6A0E4-D846-4046-B7F8-487FAD9165E0},0,TRADE,3117256.0,Dalton Schultz,10.0,13.0,2021-10-19
2021,7,099f3828-3088-478f-b3d1-d379056edefc,,TRADE_PROPOSAL,PENDING,13,{85A6A0E4-D846-4046-B7F8-487FAD9165E0},0,TRADE,3128720.0,Nick Chubb,10.0,13.0,2021-10-19
2021,7,088fe907-5c83-4738-b90f-b93f0ecc0198,,FREEAGENT,EXECUTED,7,{430447A7-381F-4E40-AD53-6A9C1F157A25},0,ADD,11237.0,Matt Ryan,0.0,7.0,2021-10-20
2021,7,088fe907-5c83-4738-b90f-b93f0ecc0198,,FREEAGENT,EXECUTED,7,{430447A7-381F-4E40-AD53-6A9C1F157A25},0,DROP,2565969.0,Taylor Heinicke,7.0,0.0,2021-10-20
2021,7,6360414a-1722-477e-915d-52bca130667f,3ac15af9-7494-4846-b3ef-d43c4a7c4e65,TRADE_PROPOSAL,CANCELED,10,{77F704CF-0C76-4984-9A71-8BD39511C19F},0,TRADE,3139602.0,D'Ernest Johnson,10.0,5.0,2021-10-20
2021,7,6360414a-1722-477e-915d-52bca130667f,3ac15af9-7494-4846-b3ef-d43c4a7c4e65,TRADE_PROPOSAL,CANCELED,10,{77F704CF-0C76-4984-9A71-8BD39511C19F},0,TRADE,14881.0,Russell Wilson,5.0,10.0,2021-10-20
2021,7,42ee547b-42a8-472d-a392-e4578e511cd0,6fde2b8c-51ab-4955-bdd4-f555c0e003a6,TRADE_PROPOSAL,CANCELED,1,{C1E09685-96D1-4750-BA21-8BE16D3BF7CA},0,TRADE,15705.0,Josh Gordon,1.0,10.0,2021-10-21
2021,7,42ee547b-42a8-472d-a392-e4578e511cd0,6fde2b8c-51ab-4955-bdd4-f555c0e003a6,TRADE_PROPOSAL,CANCELED,1,{C1E09685-96D1-4750-BA21-8BE16D3BF7CA},0,TRADE,3918298.0,Josh Allen,1.0,10.0,2021-10-21
2021,7,42ee547b-42a8-472d-a392-e4578e511cd0,6fde2b8c-51ab-4955-bdd4-f555c0e003a6,TRADE_PROPOSAL,CANCELED,1,{C1E09685-96D1-4750-BA21-8BE16D3BF7CA},0,TRADE,2977187.0,Cooper Kupp,10.0,1.0,2021-10-21
2021,7,42ee547b-42a8-472d-a392-e4578e511cd0,6fde2b8c-51ab-4955-bdd4-f555c0e003a6,TRADE_PROPOSAL,CANCELED,1,{C1E09685-96D1-4750-BA21-8BE16D3BF7CA},0,TRADE,3912547.0,Sam Darnold,10.0,1.0,2021-10-21
2021,7,046fe3f7-e33e-49ce-b34b-e9429245155e,7a78bc88-50b2-475d-a1d0-4ec21e09dd9e,WAIVER,FAILED_INVALIDPLAYERSOURCE,12,NightlyLeagueUpdateTaskProcessor,1,ADD,-16018.0,Saints D/ST,0.0,12.0,2021-10-20
2021,7,046fe3f7-e33e-49ce-b34b-e9429245155e,7a78bc88-50b2-475d-a1d0-4ec21e09dd9e,WAIVER,FAILED_INVALIDPLAYERSOURCE,12,NightlyLeagueUpdateTaskProcessor,1,DROP,-16016.0,Vikings D/ST,12.0,0.0,2021-10-20
2021,7,2847856a-22fd-4ad7-97c2-d698020c5e98,0e642e23-27fd-4aab-9218-c4fdee1d59d7,WAIVER,FAILED_INVALIDPLAYERSOURCE,14,NightlyLeagueUpdateTaskProcessor,1,ADD,-16033.0,Ravens D/ST,0.0,14.0,2021-10-20
2021,7,2847856a-22fd-4ad7-97c2-d698020c5e98,0e642e23-27fd-4aab-9218-c4fdee1d59d7,WAIVER,FAILED_INVALIDPLAYERSOURCE,14,NightlyLeagueUpdateTaskProcessor,1,DROP,-16009.0,Packers D/ST,14.0,0.0,2021-10-20
2021,7,73e8072a-92b7-4dc9-9087-9cf61661db9f,d84a9e80-5b99-4c7f-a9b6-18facb20b65c,WAIVER,EXECUTED,1,NightlyLeagueUpdateTaskProcessor,1,ADD,2565969.0,Taylor Heinicke,0.0,1.0,2021-10-22
2021,7,73e8072a-92b7-4dc9-9087-9cf61661db9f,d84a9e80-5b99-4c7f-a9b6-18facb20b65c,WAIVER,EXECUTED,1,NightlyLeagueUpdateTaskProcessor,1,DROP,15705.0,Josh Gordon,1.0,0.0,2021-10-22
2021,7,94c8a697-abaa-4c19-a4be-547b211b45fe,f9bf6c58-87b4-4a27-8b34-0ad611721e13,WAIVER,FAILED_INVALIDPLAYERSOURCE,12,NightlyLeagueUpdateTaskProcessor,1,ADD,-16017.0,Patriots D/ST,0.0,12.0,2021-10-21
2021,7,94c8a697-abaa-4c19-a4be-547b211b45fe,f9bf6c58-87b4-4a27-8b34-0ad611721e13,WAIVER,FAILED_INVALIDPLAYERSOURCE,12,NightlyLeagueUpdateTaskProcessor,1,DROP,-16016.0,Vikings D/ST,12.0,0.0,2021-10-21
2021,7,ae52ca13-2224-4197-a7ce-d586268f3d79,,TRADE_PROPOSAL,PENDING,8,{00408013-39CF-40FC-8080-1339CFD0FC06},0,TRADE,3042519.0,Aaron Jones,10.0,8.0,2021-10-25
2021,7,ae52ca13-2224-4197-a7ce-d586268f3d79,,TRADE_PROPOSAL,PENDING,8,{00408013-39CF-40FC-8080-1339CFD0FC06},0,TRADE,3932905.0,Diontae Johnson,10.0,8.0,2021-10-25
2021,7,ae52ca13-2224-4197-a7ce-d586268f3d79,,TRADE_PROPOSAL,PENDING,8,{00408013-39CF-40FC-8080-1339CFD0FC06},0,TRADE,2577417.0,Dak Prescott,8.0,10.0,2021-10-25
2021,7,ae52ca13-2224-4197-a7ce-d586268f3d79,,TRADE_PROPOSAL,PENDING,8,{00408013-39CF-40FC-8080-1339CFD0FC06},0,TRADE,2976499.0,Amari Cooper,8.0,10.0,2021-10-25
2021,7,1db9cce7-d89a-4422-8e2e-9ae90756ba32,,FREEAGENT,EXECUTED,12,{91D28B99-9234-408F-ACE7-32AEC03EE9E2},0,ADD,3916945.0,Darius Slayton,0.0,12.0,2021-10-22
2021,7,1db9cce7-d89a-4422-8e2e-9ae90756ba32,,FREEAGENT,EXECUTED,12,{91D28B99-9234-408F-ACE7-32AEC03EE9E2},0,DROP,4372485.0,Rondale Moore,12.0,0.0,2021-10-22
2021,7,22354895-6239-4b1c-b75d-0ff81a276bbb,b6f2990e-e337-479a-90ba-edcdbf644f64,WAIVER,FAILED_INVALIDPLAYERSOURCE,12,NightlyLeagueUpdateTaskProcessor,7,ADD,4040655.0,Darnell Mooney,0.0,12.0,2021-10-20
2021,7,b307ddf4-5336-4aca-852c-22dc9f66d1df,,FREEAGENT,EXECUTED,2,{EC970810-E14F-4307-8FA6-3BAE92CC1B4E},0,ADD,4243160.0,Laviska Shenault Jr.,0.0,2.0,2021-10-24
2021,7,b307ddf4-5336-4aca-852c-22dc9f66d1df,,FREEAGENT,EXECUTED,2,{EC970810-E14F-4307-8FA6-3BAE92CC1B4E},0,DROP,16782.0,Jerick McKinnon,2.0,0.0,2021-10-24
2021,7,ff34b6c6-353c-48b3-b23a-d792793d9ea9,1550ef97-c9af-45ba-ae6f-69d05d03c338,TRADE_PROPOSAL,CANCELED,10,{2C8A1B87-268B-45A5-A0E5-C4A3F61C9BC2},0,TRADE,3916148.0,Tony Pollard,6.0,10.0,2021-10-22
2021,7,ff34b6c6-353c-48b3-b23a-d792793d9ea9,1550ef97-c9af-45ba-ae6f-69d05d03c338,TRADE_PROPOSAL,CANCELED,10,{2C8A1B87-268B-45A5-A0E5-C4A3F61C9BC2},0,TRADE,3139602.0,D'Ernest Johnson,10.0,6.0,2021-10-22
2021,7,56e9ca2e-3d22-40f2-8a74-4344789e9463,27df0219-f288-46d8-96c2-80dc79581872,WAIVER,CANCELED,1,{C1E09685-96D1-4750-BA21-8BE16D3BF7CA},0,ADD,11237.0,Matt Ryan,0.0,1.0,2021-10-19
2021,7,56e9ca2e-3d22-40f2-8a74-4344789e9463,27df0219-f288-46d8-96c2-80dc79581872,WAIVER,CANCELED,1,{C1E09685-96D1-4750-BA21-8BE16D3BF7CA},0,DROP,15705.0,Josh Gordon,1.0,0.0,2021-10-19
2021,7,5f588252-34b8-4b3c-849f-a51df529c67e,,FREEAGENT,EXECUTED,13,{85A6A0E4-D846-4046-B7F8-487FAD9165E0},0,ADD,4362452.0,Jaret Patterson,0.0,13.0,2021-10-24
2021,7,5f588252-34b8-4b3c-849f-a51df529c67e,,FREEAGENT,EXECUTED,13,{85A6A0E4-D846-4046-B7F8-487FAD9165E0},0,DROP,4383351.0,Trey Lance,13.0,0.0,2021-10-24
2021,7,bcf3319a-113d-447b-a0a2-8938759dcd6d,,FREEAGENT,EXECUTED,10,{2C8A1B87-268B-45A5-A0E5-C4A3F61C9BC2},0,ADD,2574576.0,C.J. Uzomah,0.0,10.0,2021-10-20
2021,7,bcf3319a-113d-447b-a0a2-8938759dcd6d,,FREEAGENT,EXECUTED,10,{2C8A1B87-268B-45A5-A0E5-C4A3F61C9BC2},0,DROP,3895827.0,Ty'Son Williams,10.0,0.0,2021-10-20
2021,7,c8fbfb67-d6f2-4a8b-813e-f4470673d58c,c2785ecb-bbd4-4dea-a204-6c19d58bda8a,TRADE_UPHOLD,EXECUTED,1,{C1E09685-96D1-4750-BA21-8BE16D3BF7CA},0,,,,,,2021-10-19
2021,7,a1bb694b-9145-44c6-b7ce-7ac20ef2496b,27fafed8-7a92-4cfc-8cd9-7df686e1f4c5,WAIVER,EXECUTED,12,NightlyLeagueUpdateTaskProcessor,6,ADD,4374302.0,Amon-Ra St. Brown,0.0,12.0,2021-10-20
2021,7,a1bb694b-9145-44c6-b7ce-7ac20ef2496b,27fafed8-7a92-4cfc-8cd9-7df686e1f4c5,WAIVER,EXECUTED,12,NightlyLeagueUpdateTaskProcessor,6,DROP,15478.0,Brandon Bolden,12.0,0.0,2021-10-20
2021,7,b36c9b31-1a28-4404-90a0-1a943bf8b06d,,FREEAGENT,EXECUTED,6,{FE8F6865-8A47-4C3A-8D66-0780982B48DD},0,ADD,16757.0,Derek Carr,0.0,6.0,2021-10-20
2021,7,b36c9b31-1a28-4404-90a0-1a943bf8b06d,,FREEAGENT,EXECUTED,6,{FE8F6865-8A47-4C3A-8D66-0780982B48DD},0,DROP,4241479.0,Tua Tagovailoa,6.0,0.0,2021-10-20
2021,7,6fde2b8c-51ab-4955-bdd4-f555c0e003a6,,TRADE_PROPOSAL,PENDING,1,{C1E09685-96D1-4750-BA21-8BE16D3BF7CA},0,TRADE,15705.0,Josh Gordon,1.0,10.0,2021-10-21
2021,7,6fde2b8c-51ab-4955-bdd4-f555c0e003a6,,TRADE_PROPOSAL,PENDING,1,{C1E09685-96D1-4750-BA21-8BE16D3BF7CA},0,TRADE,3918298.0,Josh Allen,1.0,10.0,2021-10-21
2021,7,6fde2b8c-51ab-4955-bdd4-f555c0e003a6,,TRADE_PROPOSAL,PENDING,1,{C1E09685-96D1-4750-BA21-8BE16D3BF7CA},0,TRADE,2977187.0,Cooper Kupp,10.0,1.0,2021-10-21
2021,7,6fde2b8c-51ab-4955-bdd4-f555c0e003a6,,TRADE_PROPOSAL,PENDING,1,{C1E09685-96D1-4750-BA21-8BE16D3BF7CA},0,TRADE,3912547.0,Sam Darnold,10.0,1.0,2021-10-21
2021,7,b71b94f6-14ea-4c47-8fca-53f093cc88f5,b31b27fa-8576-46f6-aff7-d0abc4e02539,WAIVER,EXECUTED,14,NightlyLeagueUpdateTaskProcessor,1,ADD,3139925.0,Rashaad Penny,0.0,14.0,2021-10-20
2021,7,b71b94f6-14ea-4c47-8fca-53f093cc88f5,b31b27fa-8576-46f6-aff7-d0abc4e02539,WAIVER,EXECUTED,14,NightlyLeagueUpdateTaskProcessor,1,DROP,3122672.0,Royce Freeman,14.0,0.0,2021-10-20
2021,7,211510a3-476f-4f98-8026-47c6af41b677,c2785ecb-bbd4-4dea-a204-6c19d58bda8a,TRADE_ACCEPT,,12,{91D28B99-9234-408F-ACE7-32AEC03EE9E2},0,,,,,,2021-10-19
2021,7,c838ef81-9ab8-4165-ba12-fd8a944786ad,,TRADE_PROPOSAL,PENDING,10,{2C8A1B87-268B-45A5-A0E5-C4A3F61C9BC2},0,TRADE,3139602.0,D'Ernest Johnson,10.0,8.0,2021-10-20
2021,7,c838ef81-9ab8-4165-ba12-fd8a944786ad,,TRADE_PROPOSAL,PENDING,10,{2C8A1B87-268B-45A5-A0E5-C4A3F61C9BC2},0,TRADE,4239934.0,AJ Dillon,8.0,10.0,2021-10-20
2021,7,0286794e-aa6f-44be-b98f-637ce459ec50,f306fceb-a281-470d-a9c4-0b64860bbace,WAIVER,CANCELED,12,{91D28B99-9234-408F-ACE7-32AEC03EE9E2},0,ADD,2979843.0,Kenyan Drake,0.0,12.0,2021-10-19
2021,7,0286794e-aa6f-44be-b98f-637ce459ec50,f306fceb-a281-470d-a9c4-0b64860bbace,WAIVER,CANCELED,12,{91D28B99-9234-408F-ACE7-32AEC03EE9E2},0,DROP,15478.0,Brandon Bolden,12.0,0.0,2021-10-19
2021,7,04142275-d8fe-4455-a30d-8b2b8446cd51,209ffda1-4abe-4516-bb3d-f94aed13f286,TRADE_PROPOSAL,CANCELED,10,{77F704CF-0C76-4984-9A71-8BD39511C19F},0,TRADE,2980453.0,Jamaal Williams,5.0,10.0,2021-10-25
2021,7,04142275-d8fe-4455-a30d-8b2b8446cd51,209ffda1-4abe-4516-bb3d-f94aed13f286,TRADE_PROPOSAL,CANCELED,10,{77F704CF-0C76-4984-9A71-8BD39511C19F},0,TRADE,2574576.0,C.J. Uzomah,10.0,5.0,2021-10-25
2021,7,7ec68b6c-676f-45a5-bb41-c70896c31f24,6e126a0d-c206-4375-b95a-7470a48d8d10,WAIVER,EXECUTED,3,NightlyLeagueUpdateTaskProcessor,5,ADD,13983.0,A.J. Green,0.0,3.0,2021-10-20
2021,7,7ec68b6c-676f-45a5-bb41-c70896c31f24,6e126a0d-c206-4375-b95a-7470a48d8d10,WAIVER,EXECUTED,3,NightlyLeagueUpdateTaskProcessor,5,DROP,4243160.0,Laviska Shenault Jr.,3.0,0.0,2021-10-20
2021,7,7e6f1db3-f742-4b41-b8ad-142484135d3a,95b455b2-114f-4290-9bac-65d7394363cc,TRADE_UPHOLD,EXECUTED,12,{91D28B99-9234-408F-ACE7-32AEC03EE9E2},0,,,,,,2021-10-26
2021,7,ff2f1f0a-43df-409c-a302-44b14f903a85,,FREEAGENT,EXECUTED,14,{C2BAB8A3-9ED5-425C-BAB8-A39ED5B25CC2},0,ADD,-16020.0,Jets D/ST,0.0,14.0,2021-10-21
2021,7,ff2f1f0a-43df-409c-a302-44b14f903a85,,FREEAGENT,EXECUTED,14,{C2BAB8A3-9ED5-425C-BAB8-A39ED5B25CC2},0,DROP,-16009.0,Packers D/ST,14.0,0.0,2021-10-21
2021,7,5aedf7c3-f130-49b0-a751-79646948a050,52135a80-9250-44c8-9cc8-d55c6aacad04,WAIVER,CANCELED,1,{C1E09685-96D1-4750-BA21-8BE16D3BF7CA},0,ADD,11237.0,Matt Ryan,0.0,1.0,2021-10-19
2021,7,5aedf7c3-f130-49b0-a751-79646948a050,52135a80-9250-44c8-9cc8-d55c6aacad04,WAIVER,CANCELED,1,{C1E09685-96D1-4750-BA21-8BE16D3BF7CA},0,DROP,15705.0,Josh Gordon,1.0,0.0,2021-10-19
2021,7,1d54267a-fe32-41eb-8737-bd5a4198e88b,cd33eb47-60e6-42b0-bd0d-b012a8bb540f,WAIVER,EXECUTED,6,NightlyLeagueUpdateTaskProcessor,12,ADD,4040655.0,Darnell Mooney,0.0,6.0,2021-10-20
2021,7,1d54267a-fe32-41eb-8737-bd5a4198e88b,cd33eb47-60e6-42b0-bd0d-b012a8bb540f,WAIVER,EXECUTED,6,NightlyLeagueUpdateTaskProcessor,12,DROP,2978109.0,Zach Pascal,6.0,0.0,2021-10-20
2021,7,6f6db9f0-0f6f-4bed-9b5d-a76896b2d6e9,7e072d63-dc73-4e43-bf96-9b85879d3c96,WAIVER,EXECUTED,12,NightlyLeagueUpdateTaskProcessor,1,ADD,4243160.0,Laviska Shenault Jr.,0.0,12.0,2021-10-21
2021,7,6f6db9f0-0f6f-4bed-9b5d-a76896b2d6e9,7e072d63-dc73-4e43-bf96-9b85879d3c96,WAIVER,EXECUTED,12,NightlyLeagueUpdateTaskProcessor,1,DROP,4035170.0,Marquez Callaway,12.0,0.0,2021-10-21
2021,7,d17be463-9800-4200-8fe5-b3d3fea9ab64,c6df80f5-2240-4e0a-91e8-78d27b1183b0,WAIVER,EXECUTED,1,NightlyLeagueUpdateTaskProcessor,5,ADD,-16033.0,Ravens D/ST,0.0,1.0,2021-10-20
2021,7,d17be463-9800-4200-8fe5-b3d3fea9ab64,c6df80f5-2240-4e0a-91e8-78d27b1183b0,WAIVER,EXECUTED,1,NightlyLeagueUpdateTaskProcessor,5,DROP,-16004.0,Bengals D/ST,1.0,0.0,2021-10-20
2021,7,ffe05fc4-de8b-4204-b225-1647e718d133,0579e779-2afd-4782-bd0d-53d178450718,TRADE_DECLINE,EXECUTED,8,{00408013-39CF-40FC-8080-1339CFD0FC06},0,,,,,,2021-10-19
2021,7,209ffda1-4abe-4516-bb3d-f94aed13f286,,TRADE_PROPOSAL,PENDING,10,{2C8A1B87-268B-45A5-A0E5-C4A3F61C9BC2},0,TRADE,2980453.0,Jamaal Williams,5.0,10.0,2021-10-25
2021,7,209ffda1-4abe-4516-bb3d-f94aed13f286,,TRADE_PROPOSAL,PENDING,10,{2C8A1B87-268B-45A5-A0E5-C4A3F61C9BC2},0,TRADE,2574576.0,C.J. Uzomah,10.0,5.0,2021-10-25
2021,8,a91cb53d-951b-4255-b741-afa1ec5fba6a,,FREEAGENT,EXECUTED,14,{C2BAB8A3-9ED5-425C-BAB8-A39ED5B25CC2},0,ADD,-16033.0,Ravens D/ST,0.0,14.0,2021-11-02
2021,8,a91cb53d-951b-4255-b741-afa1ec5fba6a,,FREEAGENT,EXECUTED,14,{C2BAB8A3-9ED5-425C-BAB8-A39ED5B25CC2},0,DROP,3127306.0,Dante Pettis,14.0,0.0,2021-11-02
2021,8,efdf3774-4a34-490e-af77-793c34d04b93,5b359bf1-7eaa-4c49-9aa8-12709eb96c0b,WAIVER,CANCELED,8,{00408013-39CF-40FC-8080-1339CFD0FC06},0,ADD,-16006.0,Cowboys D/ST,0.0,8.0,2021-10-26
2021,8,efdf3774-4a34-490e-af77-793c34d04b93,5b359bf1-7eaa-4c49-9aa8-12709eb96c0b,WAIVER,CANCELED,8,{00408013-39CF-40FC-8080-1339CFD0FC06},0,DROP,-16005.0,Browns D/ST,8.0,0.0,2021-10-26
2021,8,a9e57fc7-ab8b-42b4-9b20-df6413bfda96,,TRADE_PROPOSAL,PENDING,8,{00408013-39CF-40FC-8080-1339CFD0FC06},0,TRADE,2577417.0,Dak Prescott,8.0,10.0,2021-11-01
2021,8,a9e57fc7-ab8b-42b4-9b20-df6413bfda96,,TRADE_PROPOSAL,PENDING,8,{00408013-39CF-40FC-8080-1339CFD0FC06},0,TRADE,3042519.0,Aaron Jones,10.0,8.0,2021-11-01
2021,8,02c2f0f7-ab18-422f-8a81-a169a252183a,91a0831b-6bc5-48ab-af6e-1aca52d1443d,WAIVER,CANCELED,7,{430447A7-381F-4E40-AD53-6A9C1F157A25},0,ADD,10452.0,Adrian Peterson,0.0,7.0,2021-11-01
2021,8,02c2f0f7-ab18-422f-8a81-a169a252183a,91a0831b-6bc5-48ab-af6e-1aca52d1443d,WAIVER,CANCELED,7,{430447A7-381F-4E40-AD53-6A9C1F157A25},0,DROP,3917792.0,Daniel Jones,7.0,0.0,2021-11-01
2021,8,f6731d62-24ad-4122-a925-a7aca8e29d71,,FREEAGENT,EXECUTED,7,{430447A7-381F-4E40-AD53-6A9C1F157A25},0,ADD,3917792.0,Daniel Jones,0.0,7.0,2021-10-27
2021,8,f6731d62-24ad-4122-a925-a7aca8e29d71,,FREEAGENT,EXECUTED,7,{430447A7-381F-4E40-AD53-6A9C1F157A25},0,DROP,11237.0,Matt Ryan,7.0,0.0,2021-10-27
2021,8,7253e3d2-3d81-4559-800d-373ec9849354,d3adba03-eb7c-4de8-a94f-fcf107dee6d0,TRADE_PROPOSAL,CANCELED,10,{2C8A1B87-268B-45A5-A0E5-C4A3F61C9BC2},0,TRADE,3139477.0,Patrick Mahomes,14.0,10.0,2021-10-27
2021,8,7253e3d2-3d81-4559-800d-373ec9849354,d3adba03-eb7c-4de8-a94f-fcf107dee6d0,TRADE_PROPOSAL,CANCELED,10,{2C8A1B87-268B-45A5-A0E5-C4A3F61C9BC2},0,TRADE,3116385.0,Joe Mixon,14.0,10.0,2021-10-27
2021,8,7253e3d2-3d81-4559-800d-373ec9849354,d3adba03-eb7c-4de8-a94f-fcf107dee6d0,TRADE_PROPOSAL,CANCELED,10,{2C8A1B87-268B-45A5-A0E5-C4A3F61C9BC2},0,TRADE,3042519.0,Aaron Jones,10.0,14.0,2021-10-27
2021,8,7253e3d2-3d81-4559-800d-373ec9849354,d3adba03-eb7c-4de8-a94f-fcf107dee6d0,TRADE_PROPOSAL,CANCELED,10,{2C8A1B87-268B-45A5-A0E5-C4A3F61C9BC2},0,DROP,2574576.0,C.J. Uzomah,10.0,0.0,2021-10-27
2021,8,b08d045b-5ab9-4b79-b57b-524032d9bd46,df04feed-3abc-4d53-a5fe-9a84faa1ee08,TRADE_PROPOSAL,CANCELED,7,{2C8A1B87-268B-45A5-A0E5-C4A3F61C9BC2},0,TRADE,3917792.0,Daniel Jones,7.0,10.0,2021-10-29
2021,8,b08d045b-5ab9-4b79-b57b-524032d9bd46,df04feed-3abc-4d53-a5fe-9a84faa1ee08,TRADE_PROPOSAL,CANCELED,7,{2C8A1B87-268B-45A5-A0E5-C4A3F61C9BC2},0,TRADE,3895856.0,Christian Kirk,7.0,10.0,2021-10-29
2021,8,b08d045b-5ab9-4b79-b57b-524032d9bd46,df04feed-3abc-4d53-a5fe-9a84faa1ee08,TRADE_PROPOSAL,CANCELED,7,{2C8A1B87-268B-45A5-A0E5-C4A3F61C9BC2},0,TRADE,3932905.0,Diontae Johnson,10.0,7.0,2021-10-29
2021,8,010e60da-b3d7-4049-8378-20879ccf1a13,,ROSTER,EXECUTED,10,{2C8A1B87-268B-45A5-A0E5-C4A3F61C9BC2},0,DROP,3912547.0,Sam Darnold,10.0,0.0,2021-10-26
2021,8,4a53d91b-e3ec-4304-8530-b374df8f69f5,,TRADE_PROPOSAL,PENDING,10,{2C8A1B87-268B-45A5-A0E5-C4A3F61C9BC2},0,TRADE,2576716.0,Jamison Crowder,10.0,8.0,2021-11-01
2021,8,4a53d91b-e3ec-4304-8530-b374df8f69f5,,TRADE_PROPOSAL,PENDING,10,{2C8A1B87-268B-45A5-A0E5-C4A3F61C9BC2},0,TRADE,3025433.0,Mike Davis,10.0,8.0,2021-11-01
2021,8,4a53d91b-e3ec-4304-8530-b374df8f69f5,,TRADE_PROPOSAL,PENDING,10,{2C8A1B87-268B-45A5-A0E5-C4A3F61C9BC2},0,TRADE,2577417.0,Dak Prescott,8.0,10.0,2021-11-01
2021,8,8f00458a-ac49-445e-ba39-1c630a8dadc3,957db7e7-624d-4543-a1d2-f057c635be1b,WAIVER,EXECUTED,8,NightlyLeagueUpdateTaskProcessor,11,ADD,-16004.0,Bengals D/ST,0.0,8.0,2021-10-27
2021,8,8f00458a-ac49-445e-ba39-1c630a8dadc3,957db7e7-624d-4543-a1d2-f057c635be1b,WAIVER,EXECUTED,8,NightlyLeagueUpdateTaskProcessor,11,DROP,-16005.0,Browns D/ST,8.0,0.0,2021-10-27
2021,8,0f1df3f7-fd3d-4cef-887d-0e29572a5fdc,0d1d3899-7f95-4151-90c8-f06a8b0664f7,WAIVER,CANCELED,12,{91D28B99-9234-408F-ACE7-32AEC03EE9E2},0,ADD,3128390.0,Allen Lazard,0.0,12.0,2021-10-27
2021,8,0f1df3f7-fd3d-4cef-887d-0e29572a5fdc,0d1d3899-7f95-4151-90c8-f06a8b0664f7,WAIVER,CANCELED,12,{91D28B99-9234-408F-ACE7-32AEC03EE9E2},0,DROP,4241401.0,Trey Sermon,12.0,0.0,2021-10-27
2021,8,d8eb9891-e96b-4d04-94e7-35cfc7f7c34a,c30c91a3-21c7-45e0-9c7b-e99d376aa717,TRADE_PROPOSAL,CANCELED,10,{2C8A1B87-268B-45A5-A0E5-C4A3F61C9BC2},0,TRADE,3025433.0,Mike Davis,10.0,1.0,2021-11-01
2021,8,d8eb9891-e96b-4d04-94e7-35cfc7f7c34a,c30c91a3-21c7-45e0-9c7b-e99d376aa717,TRADE_PROPOSAL,CANCELED,10,{2C8A1B87-268B-45A5-A0E5-C4A3F61C9BC2},0,TRADE,2576716.0,Jamison Crowder,10.0,1.0,2021-11-01
2021,8,d8eb9891-e96b-4d04-94e7-35cfc7f7c34a,c30c91a3-21c7-45e0-9c7b-e99d376aa717,TRADE_PROPOSAL,CANCELED,10,{2C8A1B87-268B-45A5-A0E5-C4A3F61C9BC2},0,TRADE,3918298.0,Josh Allen,1.0,10.0,2021-11-01
2021,8,4783965d-34d7-49c4-a4a5-5a276abe085d,c03b3f9e-43bc-47a1-9686-296e41975908,TRADE_DECLINE,EXECUTED,1,{C1E09685-96D1-4750-BA21-8BE16D3BF7CA},0,,,,,,2021-10-26
2021,8,b3bd3db3-f5ec-4ef1-b462-f6da0d61804d,,TRADE_PROPOSAL,PENDING,10,{2C8A1B87-268B-45A5-A0E5-C4A3F61C9BC2},0,TRADE,12483.0,Matthew Stafford,13.0,10.0,2021-10-27
2021,8,b3bd3db3-f5ec-4ef1-b462-f6da0d61804d,,TRADE_PROPOSAL,PENDING,10,{2C8A1B87-268B-45A5-A0E5-C4A3F61C9BC2},0,TRADE,4047646.0,A.J. Brown,13.0,10.0,2021-10-27
2021,8,b3bd3db3-f5ec-4ef1-b462-f6da0d61804d,,TRADE_PROPOSAL,PENDING,10,{2C8A1B87-268B-45A5-A0E5-C4A3F61C9BC2},0,TRADE,3042519.0,Aaron Jones,10.0,13.0,2021-10-27
2021,8,541de4ab-b8bf-4be9-ade5-50ec6c7b0503,69c1810b-a999-41cb-bab7-7817854d8aef,TRADE_DECLINE,EXECUTED,12,{91D28B99-9234-408F-ACE7-32AEC03EE9E2},0,,,,,,2021-10-28
2021,8,b21c8c31-6761-4cc1-b451-3eb6ed82fc5e,81c9bcba-0055-48e1-9952-3f8236875307,WAIVER,EXECUTED,1,NightlyLeagueUpdateTaskProcessor,15,ADD,14053.0,Randall Cobb,0.0,1.0,2021-10-27
2021,8,b21c8c31-6761-4cc1-b451-3eb6ed82fc5e,81c9bcba-0055-48e1-9952-3f8236875307,WAIVER,EXECUTED,1,NightlyLeagueUpdateTaskProcessor,15,DROP,2978109.0,Zach Pascal,1.0,0.0,2021-10-27
2021,8,76cd4453-a77a-4ad8-b3fb-ac38c4048041,7f52e959-11c9-4f10-85d1-5741de083915,TRADE_PROPOSAL,CANCELED,8,{00408013-39CF-40FC-8080-1339CFD0FC06},0,TRADE,2976499.0,Amari Cooper,8.0,10.0,2021-10-26
2021,8,76cd4453-a77a-4ad8-b3fb-ac38c4048041,7f52e959-11c9-4f10-85d1-5741de083915,TRADE_PROPOSAL,CANCELED,8,{00408013-39CF-40FC-8080-1339CFD0FC06},0,TRADE,3042519.0,Aaron Jones,10.0,8.0,2021-10-26
2021,8,76cd4453-a77a-4ad8-b3fb-ac38c4048041,7f52e959-11c9-4f10-85d1-5741de083915,TRADE_PROPOSAL,CANCELED,8,{00408013-39CF-40FC-8080-1339CFD0FC06},0,TRADE,2577417.0,Dak Prescott,8.0,10.0,2021-10-26
2021,8,d584a0c6-f37b-4606-80ca-400d5345e300,,TRADE_PROPOSAL,PENDING,10,{2C8A1B87-268B-45A5-A0E5-C4A3F61C9BC2},0,TRADE,2576716.0,Jamison Crowder,10.0,5.0,2021-10-31
2021,8,d584a0c6-f37b-4606-80ca-400d5345e300,,TRADE_PROPOSAL,PENDING,10,{2C8A1B87-268B-45A5-A0E5-C4A3F61C9BC2},0,TRADE,4240657.0,Michael Carter,5.0,10.0,2021-10-31
2021,8,60562ec4-673e-4446-b13c-54853677eca2,94b9759d-7be6-44c6-89f6-2a66e3a3953e,WAIVER,EXECUTED,14,NightlyLeagueUpdateTaskProcessor,7,ADD,4241479.0,Tua Tagovailoa,0.0,14.0,2021-10-27
2021,8,88197338-025c-4def-860e-94802d263a88,4a53d91b-e3ec-4304-8530-b374df8f69f5,TRADE_DECLINE,EXECUTED,8,{00408013-39CF-40FC-8080-1339CFD0FC06},0,,,,,,2021-11-01
2021,8,bf94673c-7624-463a-aa4b-ede4459b7f06,535680bf-ab5d-4a43-b1ea-8905ee500343,WAIVER,FAILED_INVALIDPLAYERSOURCE,14,NightlyLeagueUpdateTaskProcessor,8,ADD,3128390.0,Allen Lazard,0.0,14.0,2021-10-27
2021,8,bf94673c-7624-463a-aa4b-ede4459b7f06,535680bf-ab5d-4a43-b1ea-8905ee500343,WAIVER,FAILED_INVALIDPLAYERSOURCE,14,NightlyLeagueUpdateTaskProcessor,8,DROP,2574808.0,Robby Anderson,14.0,0.0,2021-10-27
2021,8,3e0a3fd5-9d62-4b7e-be1b-112e185d671e,df04feed-3abc-4d53-a5fe-9a84faa1ee08,TRADE_DECLINE,EXECUTED,10,{2C8A1B87-268B-45A5-A0E5-C4A3F61C9BC2},0,,,,,,2021-10-29
2021,8,df04feed-3abc-4d53-a5fe-9a84faa1ee08,,TRADE_PROPOSAL,PENDING,7,{430447A7-381F-4E40-AD53-6A9C1F157A25},0,TRADE,3917792.0,Daniel Jones,7.0,10.0,2021-10-28
2021,8,df04feed-3abc-4d53-a5fe-9a84faa1ee08,,TRADE_PROPOSAL,PENDING,7,{430447A7-381F-4E40-AD53-6A9C1F157A25},0,TRADE,3895856.0,Christian Kirk,7.0,10.0,2021-10-28
2021,8,df04feed-3abc-4d53-a5fe-9a84faa1ee08,,TRADE_PROPOSAL,PENDING,7,{430447A7-381F-4E40-AD53-6A9C1F157A25},0,TRADE,3932905.0,Diontae Johnson,10.0,7.0,2021-10-28
2021,8,54270c65-26d8-4a57-af3a-372190058a02,,TRADE_PROPOSAL,PENDING,8,{00408013-39CF-40FC-8080-1339CFD0FC06},0,TRADE,2976499.0,Amari Cooper,8.0,10.0,2021-10-26
2021,8,54270c65-26d8-4a57-af3a-372190058a02,,TRADE_PROPOSAL,PENDING,8,{00408013-39CF-40FC-8080-1339CFD0FC06},0,TRADE,2577417.0,Dak Prescott,8.0,10.0,2021-10-26
2021,8,54270c65-26d8-4a57-af3a-372190058a02,,TRADE_PROPOSAL,PENDING,8,{00408013-39CF-40FC-8080-1339CFD0FC06},0,TRADE,3932905.0,Diontae Johnson,10.0,8.0,2021-10-26
2021,8,54270c65-26d8-4a57-af3a-372190058a02,,TRADE_PROPOSAL,PENDING,8,{00408013-39CF-40FC-8080-1339CFD0FC06},0,TRADE,4039359.0,Darrell Henderson Jr.,10.0,8.0,2021-10-26
2021,8,7e0a9217-07f4-435c-8217-6ddd22ac601b,a6189271-f48d-4320-bfa9-dd5a3ef94e8b,WAIVER,EXECUTED,1,NightlyLeagueUpdateTaskProcessor,1,ADD,-16001.0,Falcons D/ST,0.0,1.0,2021-10-28
2021,8,7e0a9217-07f4-435c-8217-6ddd22ac601b,a6189271-f48d-4320-bfa9-dd5a3ef94e8b,WAIVER,EXECUTED,1,NightlyLeagueUpdateTaskProcessor,1,DROP,-16033.0,Ravens D/ST,1.0,0.0,2021-10-28
2021,8,09574819-880e-4beb-8357-83a7eb74f394,,ROSTER,EXECUTED,13,{85A6A0E4-D846-4046-B7F8-487FAD9165E0},0,LINEUP,3916433.0,Jakobi Meyers,0.0,0.0,2021-10-27
2021,8,09574819-880e-4beb-8357-83a7eb74f394,,ROSTER,EXECUTED,13,{85A6A0E4-D846-4046-B7F8-487FAD9165E0},0,LINEUP,4241463.0,Jerry Jeudy,0.0,0.0,2021-10-27
2021,8,09574819-880e-4beb-8357-83a7eb74f394,,ROSTER,EXECUTED,13,{85A6A0E4-D846-4046-B7F8-487FAD9165E0},0,DROP,4362452.0,Jaret Patterson,13.0,0.0,2021-10-27
2021,8,340a4dfd-a298-48fb-b1f7-66259af23646,9403002b-f94f-4b0d-bb75-f904a8731da8,WAIVER,EXECUTED,3,NightlyLeagueUpdateTaskProcessor,1,ADD,2573079.0,Carson Wentz,0.0,3.0,2021-10-27
2021,8,340a4dfd-a298-48fb-b1f7-66259af23646,9403002b-f94f-4b0d-bb75-f904a8731da8,WAIVER,EXECUTED,3,NightlyLeagueUpdateTaskProcessor,1,DROP,13981.0,Mark Ingram II,3.0,0.0,2021-10-27
2021,8,4e507252-cf87-4802-a266-1c10f0be338c,,FREEAGENT,EXECUTED,7,{430447A7-381F-4E40-AD53-6A9C1F157A25},0,ADD,3915486.0,Tyler Conklin,0.0,7.0,2021-10-30
2021,8,4e507252-cf87-4802-a266-1c10f0be338c,,FREEAGENT,EXECUTED,7,{430447A7-381F-4E40-AD53-6A9C1F157A25},0,DROP,2974858.0,Kenny Golladay,7.0,0.0,2021-10-30
2021,8,39e456ea-1ee5-4343-bf0e-5c2213fe62c2,,TRADE_PROPOSAL,PENDING,10,{2C8A1B87-268B-45A5-A0E5-C4A3F61C9BC2},0,TRADE,12483.0,Matthew Stafford,13.0,10.0,2021-11-02
2021,8,39e456ea-1ee5-4343-bf0e-5c2213fe62c2,,TRADE_PROPOSAL,PENDING,10,{2C8A1B87-268B-45A5-A0E5-C4A3F61C9BC2},0,TRADE,4035687.0,Michael Pittman Jr.,13.0,10.0,2021-11-02
2021,8,39e456ea-1ee5-4343-bf0e-5c2213fe62c2,,TRADE_PROPOSAL,PENDING,10,{2C8A1B87-268B-45A5-A0E5-C4A3F61C9BC2},0,TRADE,3128720.0,Nick Chubb,10.0,13.0,2021-11-02
2021,8,39e456ea-1ee5-4343-bf0e-5c2213fe62c2,,TRADE_PROPOSAL,PENDING,10,{2C8A1B87-268B-45A5-A0E5-C4A3F61C9BC2},0,TRADE,3134353.0,Tim Patrick,10.0,13.0,2021-11-02
2021,8,aa34fda7-05f7-42e4-8208-f8c260d48958,94e88664-93c7-47af-9cdd-33dbfd45729b,TRADE_DECLINE,EXECUTED,3,{C52D799E-6C1C-44B9-8371-9B6AF857D8E8},0,,,,,,2021-10-26
2021,8,23852050-8af3-42bd-b40c-e8729e10725b,cbb8998a-6d95-48c4-8493-8da55415713f,TRADE_PROPOSAL,CANCELED,10,{C1E09685-96D1-4750-BA21-8BE16D3BF7CA},0,TRADE,3918298.0,Josh Allen,1.0,10.0,2021-10-26
2021,8,23852050-8af3-42bd-b40c-e8729e10725b,cbb8998a-6d95-48c4-8493-8da55415713f,TRADE_PROPOSAL,CANCELED,10,{C1E09685-96D1-4750-BA21-8BE16D3BF7CA},0,TRADE,4262921.0,Justin Jefferson,1.0,10.0,2021-10-26
2021,8,23852050-8af3-42bd-b40c-e8729e10725b,cbb8998a-6d95-48c4-8493-8da55415713f,TRADE_PROPOSAL,CANCELED,10,{C1E09685-96D1-4750-BA21-8BE16D3BF7CA},0,TRADE,3128720.0,Nick Chubb,10.0,1.0,2021-10-26
2021,8,0bf1238f-63b6-4b6a-8d28-82e41785534b,9d12fa09-70b8-4aa2-a3ee-a501d1737c35,WAIVER,FAILED_INVALIDPLAYERSOURCE,5,NightlyLeagueUpdateTaskProcessor,3,ADD,-16004.0,Bengals D/ST,0.0,5.0,2021-10-27
2021,8,a48e013f-2ab5-47c4-934a-032775aa33c4,,FREEAGENT,EXECUTED,14,{C2BAB8A3-9ED5-425C-BAB8-A39ED5B25CC2},0,ADD,15478.0,Brandon Bolden,0.0,14.0,2021-10-29
2021,8,a48e013f-2ab5-47c4-934a-032775aa33c4,,FREEAGENT,EXECUTED,14,{C2BAB8A3-9ED5-425C-BAB8-A39ED5B25CC2},0,DROP,3139925.0,Rashaad Penny,14.0,0.0,2021-10-29
2021,8,a8a7f61a-080b-4eff-9a1a-11cacf8e66d5,,FREEAGENT,EXECUTED,5,{77F704CF-0C76-4984-9A71-8BD39511C19F},0,ADD,2969939.0,Jameis Winston,0.0,5.0,2021-10-27
2021,8,125f95f4-f170-4f73-abde-ee26ce1050e2,9669a4ef-780e-4179-9de7-15406a67602f,WAIVER,FAILED_INVALIDPLAYERSOURCE,14,NightlyLeagueUpdateTaskProcessor,4,ADD,-16004.0,Bengals D/ST,0.0,14.0,2021-10-27
2021,8,125f95f4-f170-4f73-abde-ee26ce1050e2,9669a4ef-780e-4179-9de7-15406a67602f,WAIVER,FAILED_INVALIDPLAYERSOURCE,14,NightlyLeagueUpdateTaskProcessor,4,DROP,-16020.0,Jets D/ST,14.0,0.0,2021-10-27
2021,8,5378a668-a6c5-4624-b0b7-e77691bad842,bd4e68c4-9b27-41a1-b3b4-8ee785529d8b,WAIVER,CANCELED,1,{C1E09685-96D1-4750-BA21-8BE16D3BF7CA},0,ADD,3128390.0,Allen Lazard,0.0,1.0,2021-10-27
2021,8,5378a668-a6c5-4624-b0b7-e77691bad842,bd4e68c4-9b27-41a1-b3b4-8ee785529d8b,WAIVER,CANCELED,1,{C1E09685-96D1-4750-BA21-8BE16D3BF7CA},0,DROP,2565969.0,Taylor Heinicke,1.0,0.0,2021-10-27
2021,8,d745c9cd-e5e4-447e-bded-3b2d1cc788e8,2b32e341-a2c2-4f92-808e-f17e527829a1,WAIVER,EXECUTED,12,NightlyLeagueUpdateTaskProcessor,7,ADD,3051738.0,Marquez Valdes-Scantling,0.0,12.0,2021-10-27
2021,8,d745c9cd-e5e4-447e-bded-3b2d1cc788e8,2b32e341-a2c2-4f92-808e-f17e527829a1,WAIVER,EXECUTED,12,NightlyLeagueUpdateTaskProcessor,7,DROP,4374302.0,Amon-Ra St. Brown,12.0,0.0,2021-10-27
2021,8,1f579e99-68b5-495b-af2b-6701349d9801,b3bd3db3-f5ec-4ef1-b462-f6da0d61804d,TRADE_PROPOSAL,CANCELED,10,{2C8A1B87-268B-45A5-A0E5-C4A3F61C9BC2},0,TRADE,12483.0,Matthew Stafford,13.0,10.0,2021-10-27
2021,8,1f579e99-68b5-495b-af2b-6701349d9801,b3bd3db3-f5ec-4ef1-b462-f6da0d61804d,TRADE_PROPOSAL,CANCELED,10,{2C8A1B87-268B-45A5-A0E5-C4A3F61C9BC2},0,TRADE,4047646.0,A.J. Brown,13.0,10.0,2021-10-27
2021,8,1f579e99-68b5-495b-af2b-6701349d9801,b3bd3db3-f5ec-4ef1-b462-f6da0d61804d,TRADE_PROPOSAL,CANCELED,10,{2C8A1B87-268B-45A5-A0E5-C4A3F61C9BC2},0,TRADE,3042519.0,Aaron Jones,10.0,13.0,2021-10-27
2021,8,bddcf06d-0ec2-48ca-95d5-3afb7ace01b7,cbb8998a-6d95-48c4-8493-8da55415713f,TRADE_DECLINE,EXECUTED,1,{C1E09685-96D1-4750-BA21-8BE16D3BF7CA},0,,,,,,2021-10-26
2021,8,e2b20112-a1a7-4e64-a8d9-a5181f335d4f,ba5448eb-e023-4c63-b9a9-3e47d6670422,WAIVER,FAILED_ROSTERLIMIT,10,NightlyLeagueUpdateTaskProcessor,5,ADD,2573079.0,Carson Wentz,0.0,10.0,2021-10-27
2021,8,c6c92dcd-26f2-476c-8d92-88bdca04c94d,,FREEAGENT,EXECUTED,14,{C2BAB8A3-9ED5-425C-BAB8-A39ED5B25CC2},0,ADD,3045144.0,Tyler Boyd,0.0,14.0,2021-10-27
2021,8,c6c92dcd-26f2-476c-8d92-88bdca04c94d,,FREEAGENT,EXECUTED,14,{C2BAB8A3-9ED5-425C-BAB8-A39ED5B25CC2},0,DROP,2574808.0,Robby Anderson,14.0,0.0,2021-10-27
2021,8,27200e1d-d76d-46c4-b3bc-5f85495abf13,63b8ecd0-bfd6-41de-84fd-d0d7191de9be,WAIVER,CANCELED,12,{91D28B99-9234-408F-ACE7-32AEC03EE9E2},0,ADD,3051738.0,Marquez Valdes-Scantling,0.0,12.0,2021-10-27
2021,8,27200e1d-d76d-46c4-b3bc-5f85495abf13,63b8ecd0-bfd6-41de-84fd-d0d7191de9be,WAIVER,CANCELED,12,{91D28B99-9234-408F-ACE7-32AEC03EE9E2},0,DROP,3916945.0,Darius Slayton,12.0,0.0,2021-10-27
2021,8,d4c0c418-212b-43aa-8b3f-6739e31b59cd,78016f14-b940-4031-a6b2-b5a8e26b3917,TRADE_DECLINE,EXECUTED,10,{2C8A1B87-268B-45A5-A0E5-C4A3F61C9BC2},0,,,,,,2021-10-28
2021,8,0632f8b8-ac6c-4eba-a5e9-e772621c1518,4a53d91b-e3ec-4304-8530-b374df8f69f5,TRADE_PROPOSAL,CANCELED,10,{00408013-39CF-40FC-8080-1339CFD0FC06},0,TRADE,2576716.0,Jamison Crowder,10.0,8.0,2021-11-01
2021,8,0632f8b8-ac6c-4eba-a5e9-e772621c1518,4a53d91b-e3ec-4304-8530-b374df8f69f5,TRADE_PROPOSAL,CANCELED,10,{00408013-39CF-40FC-8080-1339CFD0FC06},0,TRADE,3025433.0,Mike Davis,10.0,8.0,2021-11-01
2021,8,0632f8b8-ac6c-4eba-a5e9-e772621c1518,4a53d91b-e3ec-4304-8530-b374df8f69f5,TRADE_PROPOSAL,CANCELED,10,{00408013-39CF-40FC-8080-1339CFD0FC06},0,TRADE,2577417.0,Dak Prescott,8.0,10.0,2021-11-01
2021,8,89463a3f-dee3-4d4c-ad46-0198c6f71d12,9213bea4-8508-488c-8ce4-bafda16dbc1a,WAIVER,EXECUTED,4,NightlyLeagueUpdateTaskProcessor,19,ADD,3128390.0,Allen Lazard,0.0,4.0,2021-10-27
2021,8,89463a3f-dee3-4d4c-ad46-0198c6f71d12,9213bea4-8508-488c-8ce4-bafda16dbc1a,WAIVER,EXECUTED,4,NightlyLeagueUpdateTaskProcessor,19,DROP,16944.0,Devonta Freeman,4.0,0.0,2021-10-27
2021,8,a95b53bd-0020-43ab-b06f-afddf6250b11,90728ec6-3fb5-4b41-ba18-dfc597c93da4,WAIVER,EXECUTED,4,NightlyLeagueUpdateTaskProcessor,10,ADD,3116389.0,Samaje Perine,0.0,4.0,2021-10-27
2021,8,a95b53bd-0020-43ab-b06f-afddf6250b11,90728ec6-3fb5-4b41-ba18-dfc597c93da4,WAIVER,EXECUTED,4,NightlyLeagueUpdateTaskProcessor,10,DROP,-16001.0,Falcons D/ST,4.0,0.0,2021-10-27
2021,8,d3adba03-eb7c-4de8-a94f-fcf107dee6d0,,TRADE_PROPOSAL,PENDING,10,{2C8A1B87-268B-45A5-A0E5-C4A3F61C9BC2},0,TRADE,3139477.0,Patrick Mahomes,14.0,10.0,2021-10-27
2021,8,d3adba03-eb7c-4de8-a94f-fcf107dee6d0,,TRADE_PROPOSAL,PENDING,10,{2C8A1B87-268B-45A5-A0E5-C4A3F61C9BC2},0,TRADE,3116385.0,Joe Mixon,14.0,10.0,2021-10-27
2021,8,d3adba03-eb7c-4de8-a94f-fcf107dee6d0,,TRADE_PROPOSAL,PENDING,10,{2C8A1B87-268B-45A5-A0E5-C4A3F61C9BC2},0,TRADE,3042519.0,Aaron Jones,10.0,14.0,2021-10-27
2021,8,d3adba03-eb7c-4de8-a94f-fcf107dee6d0,,TRADE_PROPOSAL,PENDING,10,{2C8A1B87-268B-45A5-A0E5-C4A3F61C9BC2},0,DROP,2574576.0,C.J. Uzomah,10.0,0.0,2021-10-27
2021,8,05c6e78d-e780-4226-bbdc-36417b599126,95b455b2-114f-4290-9bac-65d7394363cc,TRADE_UPHOLD,EXECUTED,13,{C1E09685-96D1-4750-BA21-8BE16D3BF7CA},0,,,,,,2021-10-26
2021,8,694887dd-8a32-4d88-b00e-ade5b7c0b171,7b5cfe9b-f48d-4ea3-9c76-b641c15bdee4,TRADE_DECLINE,EXECUTED,7,{430447A7-381F-4E40-AD53-6A9C1F157A25},0,,,,,,2021-10-26
2021,8,9b43b1ca-bda0-48cd-99e4-5eba3b850132,a9e57fc7-ab8b-42b4-9b20-df6413bfda96,TRADE_PROPOSAL,CANCELED,8,{00408013-39CF-40FC-8080-1339CFD0FC06},0,TRADE,2577417.0,Dak Prescott,8.0,10.0,2021-11-01
2021,8,9b43b1ca-bda0-48cd-99e4-5eba3b850132,a9e57fc7-ab8b-42b4-9b20-df6413bfda96,TRADE_PROPOSAL,CANCELED,8,{00408013-39CF-40FC-8080-1339CFD0FC06},0,TRADE,3042519.0,Aaron Jones,10.0,8.0,2021-11-01
2021,8,800b6a6e-0758-4fea-a94e-017366ca361e,6b20730c-b265-48cd-8ccb-dc8ad44912b7,TRADE_DECLINE,EXECUTED,5,{77F704CF-0C76-4984-9A71-8BD39511C19F},0,,,,,,2021-10-28
2021,8,525a3d68-aa84-45fa-b96b-ee710a8b40d8,170edadd-2b2d-4cde-a9e7-717bf43e6bdc,WAIVER,CANCELED,12,{91D28B99-9234-408F-ACE7-32AEC03EE9E2},0,ADD,3051439.0,Boston Scott,0.0,12.0,2021-10-27
2021,8,525a3d68-aa84-45fa-b96b-ee710a8b40d8,170edadd-2b2d-4cde-a9e7-717bf43e6bdc,WAIVER,CANCELED,12,{91D28B99-9234-408F-ACE7-32AEC03EE9E2},0,DROP,4374302.0,Amon-Ra St. Brown,12.0,0.0,2021-10-27
2021,8,78016f14-b940-4031-a6b2-b5a8e26b3917,,TRADE_PROPOSAL,PENDING,5,{77F704CF-0C76-4984-9A71-8BD39511C19F},0,TRADE,4039359.0,Darrell Henderson Jr.,10.0,5.0,2021-10-28
2021,8,78016f14-b940-4031-a6b2-b5a8e26b3917,,TRADE_PROPOSAL,PENDING,5,{77F704CF-0C76-4984-9A71-8BD39511C19F},0,TRADE,3117256.0,Dalton Schultz,10.0,5.0,2021-10-28
2021,8,78016f14-b940-4031-a6b2-b5a8e26b3917,,TRADE_PROPOSAL,PENDING,5,{77F704CF-0C76-4984-9A71-8BD39511C19F},0,TRADE,14881.0,Russell Wilson,5.0,10.0,2021-10-28
2021,8,78016f14-b940-4031-a6b2-b5a8e26b3917,,TRADE_PROPOSAL,PENDING,5,{77F704CF-0C76-4984-9A71-8BD39511C19F},0,TRADE,3040151.0,George Kittle,5.0,10.0,2021-10-28
2021,8,78016f14-b940-4031-a6b2-b5a8e26b3917,,TRADE_PROPOSAL,PENDING,5,{77F704CF-0C76-4984-9A71-8BD39511C19F},0,TRADE,4242214.0,Clyde Edwards-Helaire,5.0,10.0,2021-10-28
2021,8,dc6aed71-4cdd-401f-bd57-9db5d2500169,5cf8c514-1c97-4a2f-a8db-a5c80dfb3ab4,TRADE_DECLINE,EXECUTED,3,{C52D799E-6C1C-44B9-8371-9B6AF857D8E8},0,,,,,,2021-10-26
2021,8,44a10a70-8151-4bca-90d5-cc6d2cd2d42f,9ac99aaf-4ede-4c96-b766-d0c0be379f20,TRADE_UPHOLD,EXECUTED,12,{91D28B99-9234-408F-ACE7-32AEC03EE9E2},0,,,,,,2021-10-27
2021,8,9ef54fbd-7117-49bd-88d4-33a64ea14f3e,,ROSTER,EXECUTED,5,{77F704CF-0C76-4984-9A71-8BD39511C19F},0,DROP,-16017.0,Patriots D/ST,5.0,0.0,2021-10-26
2021,8,79d83800-e357-4a1d-b41a-5eef24e26393,78016f14-b940-4031-a6b2-b5a8e26b3917,TRADE_PROPOSAL,CANCELED,5,{2C8A1B87-268B-45A5-A0E5-C4A3F61C9BC2},0,TRADE,4039359.0,Darrell Henderson Jr.,10.0,5.0,2021-10-28
2021,8,79d83800-e357-4a1d-b41a-5eef24e26393,78016f14-b940-4031-a6b2-b5a8e26b3917,TRADE_PROPOSAL,CANCELED,5,{2C8A1B87-268B-45A5-A0E5-C4A3F61C9BC2},0,TRADE,3117256.0,Dalton Schultz,10.0,5.0,2021-10-28
2021,8,79d83800-e357-4a1d-b41a-5eef24e26393,78016f14-b940-4031-a6b2-b5a8e26b3917,TRADE_PROPOSAL,CANCELED,5,{2C8A1B87-268B-45A5-A0E5-C4A3F61C9BC2},0,TRADE,14881.0,Russell Wilson,5.0,10.0,2021-10-28
2021,8,79d83800-e357-4a1d-b41a-5eef24e26393,78016f14-b940-4031-a6b2-b5a8e26b3917,TRADE_PROPOSAL,CANCELED,5,{2C8A1B87-268B-45A5-A0E5-C4A3F61C9BC2},0,TRADE,3040151.0,George Kittle,5.0,10.0,2021-10-28
2021,8,79d83800-e357-4a1d-b41a-5eef24e26393,78016f14-b940-4031-a6b2-b5a8e26b3917,TRADE_PROPOSAL,CANCELED,5,{2C8A1B87-268B-45A5-A0E5-C4A3F61C9BC2},0,TRADE,4242214.0,Clyde Edwards-Helaire,5.0,10.0,2021-10-28
2021,8,a80d70d5-0387-4e14-aa9e-89c94f581470,,FREEAGENT,EXECUTED,1,{C1E09685-96D1-4750-BA21-8BE16D3BF7CA},0,ADD,13981.0,Mark Ingram II,0.0,1.0,2021-10-28
2021,8,a80d70d5-0387-4e14-aa9e-89c94f581470,,FREEAGENT,EXECUTED,1,{C1E09685-96D1-4750-BA21-8BE16D3BF7CA},0,DROP,2565969.0,Taylor Heinicke,1.0,0.0,2021-10-28
2021,8,fd892345-3190-410b-ad9c-0d5f90d7696e,998929f8-7ae7-45f6-b01f-0de498c9440d,WAIVER,EXECUTED,1,NightlyLeagueUpdateTaskProcessor,10,ADD,12537.0,Jared Cook,0.0,1.0,2021-10-27
2021,8,fd892345-3190-410b-ad9c-0d5f90d7696e,998929f8-7ae7-45f6-b01f-0de498c9440d,WAIVER,EXECUTED,1,NightlyLeagueUpdateTaskProcessor,10,DROP,3843945.0,Foster Moreau,1.0,0.0,2021-10-27
2021,8,4d319069-2871-4490-a6a2-c6e2d4d0ac3b,9ac99aaf-4ede-4c96-b766-d0c0be379f20,TRADE_ACCEPT,,3,{C52D799E-6C1C-44B9-8371-9B6AF857D8E8},0,,,,,,2021-10-27
2021,8,79169b37-4e08-4850-bec0-fa5f161d2d3a,d584a0c6-f37b-4606-80ca-400d5345e300,TRADE_DECLINE,EXECUTED,5,{77F704CF-0C76-4984-9A71-8BD39511C19F},0,,,,,,2021-10-31
2021,8,6b20730c-b265-48cd-8ccb-dc8ad44912b7,,TRADE_PROPOSAL,PENDING,10,{2C8A1B87-268B-45A5-A0E5-C4A3F61C9BC2},0,TRADE,4242214.0,Clyde Edwards-Helaire,5.0,10.0,2021-10-28
2021,8,6b20730c-b265-48cd-8ccb-dc8ad44912b7,,TRADE_PROPOSAL,PENDING,10,{2C8A1B87-268B-45A5-A0E5-C4A3F61C9BC2},0,TRADE,3040151.0,George Kittle,5.0,10.0,2021-10-28
2021,8,6b20730c-b265-48cd-8ccb-dc8ad44912b7,,TRADE_PROPOSAL,PENDING,10,{2C8A1B87-268B-45A5-A0E5-C4A3F61C9BC2},0,TRADE,2574576.0,C.J. Uzomah,10.0,5.0,2021-10-28
2021,8,6b20730c-b265-48cd-8ccb-dc8ad44912b7,,TRADE_PROPOSAL,PENDING,10,{2C8A1B87-268B-45A5-A0E5-C4A3F61C9BC2},0,TRADE,2576716.0,Jamison Crowder,10.0,5.0,2021-10-28
2021,8,6b20730c-b265-48cd-8ccb-dc8ad44912b7,,TRADE_PROPOSAL,PENDING,10,{2C8A1B87-268B-45A5-A0E5-C4A3F61C9BC2},0,TRADE,3025433.0,Mike Davis,10.0,5.0,2021-10-28
2021,8,44500e36-c223-4869-b42b-4d90bd7026d3,6b20730c-b265-48cd-8ccb-dc8ad44912b7,TRADE_PROPOSAL,CANCELED,10,{77F704CF-0C76-4984-9A71-8BD39511C19F},0,TRADE,4242214.0,Clyde Edwards-Helaire,5.0,10.0,2021-10-28
2021,8,44500e36-c223-4869-b42b-4d90bd7026d3,6b20730c-b265-48cd-8ccb-dc8ad44912b7,TRADE_PROPOSAL,CANCELED,10,{77F704CF-0C76-4984-9A71-8BD39511C19F},0,TRADE,3040151.0,George Kittle,5.0,10.0,2021-10-28
2021,8,44500e36-c223-4869-b42b-4d90bd7026d3,6b20730c-b265-48cd-8ccb-dc8ad44912b7,TRADE_PROPOSAL,CANCELED,10,{77F704CF-0C76-4984-9A71-8BD39511C19F},0,TRADE,2574576.0,C.J. Uzomah,10.0,5.0,2021-10-28
2021,8,44500e36-c223-4869-b42b-4d90bd7026d3,6b20730c-b265-48cd-8ccb-dc8ad44912b7,TRADE_PROPOSAL,CANCELED,10,{77F704CF-0C76-4984-9A71-8BD39511C19F},0,TRADE,2576716.0,Jamison Crowder,10.0,5.0,2021-10-28
2021,8,44500e36-c223-4869-b42b-4d90bd7026d3,6b20730c-b265-48cd-8ccb-dc8ad44912b7,TRADE_PROPOSAL,CANCELED,10,{77F704CF-0C76-4984-9A71-8BD39511C19F},0,TRADE,3025433.0,Mike Davis,10.0,5.0,2021-10-28
2021,8,4b66298b-73bf-4cb8-bc16-51bfbe307940,,FREEAGENT,EXECUTED,10,{2C8A1B87-268B-45A5-A0E5-C4A3F61C9BC2},0,ADD,16728.0,Teddy Bridgewater,0.0,10.0,2021-10-27
2021,8,8e805bca-e5fc-4582-a41f-8ff13ecf5727,10c6ffd6-1f48-4e48-a0a9-07a5d4e981e6,TRADE_PROPOSAL,CANCELED,13,{85A6A0E4-D846-4046-B7F8-487FAD9165E0},0,TRADE,4360939.0,Rashod Bateman,13.0,3.0,2021-10-27
2021,8,8e805bca-e5fc-4582-a41f-8ff13ecf5727,10c6ffd6-1f48-4e48-a0a9-07a5d4e981e6,TRADE_PROPOSAL,CANCELED,13,{85A6A0E4-D846-4046-B7F8-487FAD9165E0},0,TRADE,16799.0,Allen Robinson II,3.0,13.0,2021-10-27
2021,8,33af0b22-6423-482e-9ed4-f9123f81a0b7,9ac99aaf-4ede-4c96-b766-d0c0be379f20,TRADE_UPHOLD,EXECUTED,13,{C1E09685-96D1-4750-BA21-8BE16D3BF7CA},0,,,,,,2021-10-28
2021,8,c8a5012e-e9af-421e-9b48-0095c3f7b9ad,d584a0c6-f37b-4606-80ca-400d5345e300,TRADE_PROPOSAL,CANCELED,10,{77F704CF-0C76-4984-9A71-8BD39511C19F},0,TRADE,2576716.0,Jamison Crowder,10.0,5.0,2021-10-31
2021,8,c8a5012e-e9af-421e-9b48-0095c3f7b9ad,d584a0c6-f37b-4606-80ca-400d5345e300,TRADE_PROPOSAL,CANCELED,10,{77F704CF-0C76-4984-9A71-8BD39511C19F},0,TRADE,4240657.0,Michael Carter,5.0,10.0,2021-10-31
2021,8,b7d0aa18-7bb9-4221-9fc8-e4d87122ad38,54270c65-26d8-4a57-af3a-372190058a02,TRADE_PROPOSAL,CANCELED,8,{00408013-39CF-40FC-8080-1339CFD0FC06},0,TRADE,2976499.0,Amari Cooper,8.0,10.0,2021-10-26
2021,8,b7d0aa18-7bb9-4221-9fc8-e4d87122ad38,54270c65-26d8-4a57-af3a-372190058a02,TRADE_PROPOSAL,CANCELED,8,{00408013-39CF-40FC-8080-1339CFD0FC06},0,TRADE,2577417.0,Dak Prescott,8.0,10.0,2021-10-26
2021,8,b7d0aa18-7bb9-4221-9fc8-e4d87122ad38,54270c65-26d8-4a57-af3a-372190058a02,TRADE_PROPOSAL,CANCELED,8,{00408013-39CF-40FC-8080-1339CFD0FC06},0,TRADE,3932905.0,Diontae Johnson,10.0,8.0,2021-10-26
2021,8,b7d0aa18-7bb9-4221-9fc8-e4d87122ad38,54270c65-26d8-4a57-af3a-372190058a02,TRADE_PROPOSAL,CANCELED,8,{00408013-39CF-40FC-8080-1339CFD0FC06},0,TRADE,4039359.0,Darrell Henderson Jr.,10.0,8.0,2021-10-26
2021,8,7f52e959-11c9-4f10-85d1-5741de083915,,TRADE_PROPOSAL,PENDING,8,{00408013-39CF-40FC-8080-1339CFD0FC06},0,TRADE,2976499.0,Amari Cooper,8.0,10.0,2021-10-26
2021,8,7f52e959-11c9-4f10-85d1-5741de083915,,TRADE_PROPOSAL,PENDING,8,{00408013-39CF-40FC-8080-1339CFD0FC06},0,TRADE,3042519.0,Aaron Jones,10.0,8.0,2021-10-26
2021,8,7f52e959-11c9-4f10-85d1-5741de083915,,TRADE_PROPOSAL,PENDING,8,{00408013-39CF-40FC-8080-1339CFD0FC06},0,TRADE,2577417.0,Dak Prescott,8.0,10.0,2021-10-26
2021,8,fd3ef339-4210-4c80-bf6c-4654a79d2779,4fe3b94d-e13c-438c-a827-71cb818e06e6,WAIVER,FAILED_INVALIDPLAYERSOURCE,1,NightlyLeagueUpdateTaskProcessor,4,ADD,-16004.0,Bengals D/ST,0.0,1.0,2021-10-27
2021,8,fd3ef339-4210-4c80-bf6c-4654a79d2779,4fe3b94d-e13c-438c-a827-71cb818e06e6,WAIVER,FAILED_INVALIDPLAYERSOURCE,1,NightlyLeagueUpdateTaskProcessor,4,DROP,-16033.0,Ravens D/ST,1.0,0.0,2021-10-27
2021,8,38f0f359-d616-4fff-9279-59d50a895c2a,d856dc6f-6fbe-4071-acd5-3d5ea6012fe8,TRADE_DECLINE,EXECUTED,1,{C1E09685-96D1-4750-BA21-8BE16D3BF7CA},0,,,,,,2021-10-26
2021,8,737cc62d-4665-49f2-8f76-e02e9155ae9a,,FREEAGENT,EXECUTED,14,{C2BAB8A3-9ED5-425C-BAB8-A39ED5B25CC2},0,ADD,-16005.0,Browns D/ST,0.0,14.0,2021-10-31
2021,8,737cc62d-4665-49f2-8f76-e02e9155ae9a,,FREEAGENT,EXECUTED,14,{C2BAB8A3-9ED5-425C-BAB8-A39ED5B25CC2},0,DROP,-16026.0,Seahawks D/ST,14.0,0.0,2021-10-31
2021,8,ba5448eb-e023-4c63-b9a9-3e47d6670422,,WAIVER,PENDING,10,{2C8A1B87-268B-45A5-A0E5-C4A3F61C9BC2},5,ADD,2573079.0,Carson Wentz,0.0,10.0,2021-10-26
2021,8,b062ce30-9d2f-4317-816e-8c3d76ad1cc7,,ROSTER,EXECUTED,6,{FE8F6865-8A47-4C3A-8D66-0780982B48DD},0,LINEUP,16757.0,Derek Carr,0.0,0.0,2021-10-26
2021,8,b062ce30-9d2f-4317-816e-8c3d76ad1cc7,,ROSTER,EXECUTED,6,{FE8F6865-8A47-4C3A-8D66-0780982B48DD},0,LINEUP,4038941.0,Justin Herbert,0.0,0.0,2021-10-26
2021,8,b062ce30-9d2f-4317-816e-8c3d76ad1cc7,,ROSTER,EXECUTED,6,{FE8F6865-8A47-4C3A-8D66-0780982B48DD},0,LINEUP,4372485.0,Rondale Moore,0.0,0.0,2021-10-26
2021,8,b062ce30-9d2f-4317-816e-8c3d76ad1cc7,,ROSTER,EXECUTED,6,{FE8F6865-8A47-4C3A-8D66-0780982B48DD},0,LINEUP,3045138.0,Mike Williams,0.0,0.0,2021-10-26
2021,8,b062ce30-9d2f-4317-816e-8c3d76ad1cc7,,ROSTER,EXECUTED,6,{FE8F6865-8A47-4C3A-8D66-0780982B48DD},0,LINEUP,4035004.0,Mecole Hardman,0.0,0.0,2021-10-26
2021,8,b062ce30-9d2f-4317-816e-8c3d76ad1cc7,,ROSTER,EXECUTED,6,{FE8F6865-8A47-4C3A-8D66-0780982B48DD},0,LINEUP,4241389.0,CeeDee Lamb,0.0,0.0,2021-10-26
2021,8,b062ce30-9d2f-4317-816e-8c3d76ad1cc7,,ROSTER,EXECUTED,6,{FE8F6865-8A47-4C3A-8D66-0780982B48DD},0,LINEUP,4040655.0,Darnell Mooney,0.0,0.0,2021-10-26
2021,8,b062ce30-9d2f-4317-816e-8c3d76ad1cc7,,ROSTER,EXECUTED,6,{FE8F6865-8A47-4C3A-8D66-0780982B48DD},0,LINEUP,3916148.0,Tony Pollard,0.0,0.0,2021-10-26
2021,8,b062ce30-9d2f-4317-816e-8c3d76ad1cc7,,ROSTER,EXECUTED,6,{FE8F6865-8A47-4C3A-8D66-0780982B48DD},0,LINEUP,3929630.0,Saquon Barkley,0.0,0.0,2021-10-26
2021,8,b062ce30-9d2f-4317-816e-8c3d76ad1cc7,,ROSTER,EXECUTED,6,{FE8F6865-8A47-4C3A-8D66-0780982B48DD},0,DROP,17359.0,Damien Williams,6.0,0.0,2021-10-26
2021,8,67d7158e-78db-403d-bc79-6306b3e27361,,ROSTER,EXECUTED,14,{C2BAB8A3-9ED5-425C-BAB8-A39ED5B25CC2},0,DROP,2310331.0,Tyler Johnson,14.0,0.0,2021-10-26
2021,8,cbb8998a-6d95-48c4-8493-8da55415713f,,TRADE_PROPOSAL,PENDING,10,{2C8A1B87-268B-45A5-A0E5-C4A3F61C9BC2},0,TRADE,3918298.0,Josh Allen,1.0,10.0,2021-10-26
2021,8,cbb8998a-6d95-48c4-8493-8da55415713f,,TRADE_PROPOSAL,PENDING,10,{2C8A1B87-268B-45A5-A0E5-C4A3F61C9BC2},0,TRADE,4262921.0,Justin Jefferson,1.0,10.0,2021-10-26
2021,8,cbb8998a-6d95-48c4-8493-8da55415713f,,TRADE_PROPOSAL,PENDING,10,{2C8A1B87-268B-45A5-A0E5-C4A3F61C9BC2},0,TRADE,3128720.0,Nick Chubb,10.0,1.0,2021-10-26
2021,8,c30c91a3-21c7-45e0-9c7b-e99d376aa717,,TRADE_PROPOSAL,PENDING,10,{2C8A1B87-268B-45A5-A0E5-C4A3F61C9BC2},0,TRADE,3025433.0,Mike Davis,10.0,1.0,2021-11-01
2021,8,c30c91a3-21c7-45e0-9c7b-e99d376aa717,,TRADE_PROPOSAL,PENDING,10,{2C8A1B87-268B-45A5-A0E5-C4A3F61C9BC2},0,TRADE,2576716.0,Jamison Crowder,10.0,1.0,2021-11-01
2021,8,c30c91a3-21c7-45e0-9c7b-e99d376aa717,,TRADE_PROPOSAL,PENDING,10,{2C8A1B87-268B-45A5-A0E5-C4A3F61C9BC2},0,TRADE,3918298.0,Josh Allen,1.0,10.0,2021-11-01
2021,8,b29c0990-0687-4fc1-95ac-363dc6f92b5f,,FREEAGENT,EXECUTED,10,{2C8A1B87-268B-45A5-A0E5-C4A3F61C9BC2},0,ADD,2508176.0,David Johnson,0.0,10.0,2021-10-28
2021,8,b29c0990-0687-4fc1-95ac-363dc6f92b5f,,FREEAGENT,EXECUTED,10,{2C8A1B87-268B-45A5-A0E5-C4A3F61C9BC2},0,DROP,2574576.0,C.J. Uzomah,10.0,0.0,2021-10-28
2021,8,f25518b0-9baa-4063-9735-ecf5b68a2415,,TRADE_PROPOSAL,PENDING,8,{00408013-39CF-40FC-8080-1339CFD0FC06},0,TRADE,13934.0,Antonio Brown,8.0,10.0,2021-11-01
2021,8,f25518b0-9baa-4063-9735-ecf5b68a2415,,TRADE_PROPOSAL,PENDING,8,{00408013-39CF-40FC-8080-1339CFD0FC06},0,TRADE,2577417.0,Dak Prescott,8.0,10.0,2021-11-01
2021,8,f25518b0-9baa-4063-9735-ecf5b68a2415,,TRADE_PROPOSAL,PENDING,8,{00408013-39CF-40FC-8080-1339CFD0FC06},0,TRADE,3128720.0,Nick Chubb,10.0,8.0,2021-11-01
2021,8,f25518b0-9baa-4063-9735-ecf5b68a2415,,TRADE_PROPOSAL,PENDING,8,{00408013-39CF-40FC-8080-1339CFD0FC06},0,TRADE,3932905.0,Diontae Johnson,10.0,8.0,2021-11-01
2021,8,51abc1b6-b1f0-4622-8888-3e6c00a6a9db,,FREEAGENT,EXECUTED,14,{C2BAB8A3-9ED5-425C-BAB8-A39ED5B25CC2},0,ADD,-16026.0,Seahawks D/ST,0.0,14.0,2021-10-27
2021,8,51abc1b6-b1f0-4622-8888-3e6c00a6a9db,,FREEAGENT,EXECUTED,14,{C2BAB8A3-9ED5-425C-BAB8-A39ED5B25CC2},0,DROP,-16020.0,Jets D/ST,14.0,0.0,2021-10-27
2021,8,884878cc-4013-4b97-a7a6-f4c80efa11ec,,FREEAGENT,EXECUTED,5,{77F704CF-0C76-4984-9A71-8BD39511C19F},0,ADD,3051876.0,Evan Engram,0.0,5.0,2021-10-27
2021,8,884878cc-4013-4b97-a7a6-f4c80efa11ec,,FREEAGENT,EXECUTED,5,{77F704CF-0C76-4984-9A71-8BD39511C19F},0,DROP,4258595.0,Cole Kmet,5.0,0.0,2021-10-27
2021,8,b4b13071-abad-49ed-82e6-2d58d9ac70ef,,FREEAGENT,EXECUTED,14,{C2BAB8A3-9ED5-425C-BAB8-A39ED5B25CC2},0,ADD,-16013.0,Raiders D/ST,0.0,14.0,2021-10-29
2021,8,b4b13071-abad-49ed-82e6-2d58d9ac70ef,,FREEAGENT,EXECUTED,14,{C2BAB8A3-9ED5-425C-BAB8-A39ED5B25CC2},0,DROP,15478.0,Brandon Bolden,14.0,0.0,2021-10-29
2021,8,1c540610-6a8e-4236-8770-7c2ee865f4ca,,FREEAGENT,EXECUTED,5,{77F704CF-0C76-4984-9A71-8BD39511C19F},0,ADD,-16011.0,Colts D/ST,0.0,5.0,2021-10-29
2021,8,1c540610-6a8e-4236-8770-7c2ee865f4ca,,FREEAGENT,EXECUTED,5,{77F704CF-0C76-4984-9A71-8BD39511C19F},0,DROP,2980453.0,Jamaal Williams,5.0,0.0,2021-10-29
2021,8,6f1bb0e1-eed9-4c94-bc8d-15338b035c07,,FREEAGENT,EXECUTED,14,{C2BAB8A3-9ED5-425C-BAB8-A39ED5B25CC2},0,ADD,3127306.0,Dante Pettis,0.0,14.0,2021-10-29
2021,8,6f1bb0e1-eed9-4c94-bc8d-15338b035c07,,FREEAGENT,EXECUTED,14,{C2BAB8A3-9ED5-425C-BAB8-A39ED5B25CC2},0,DROP,-16013.0,Raiders D/ST,14.0,0.0,2021-10-29
2021,8,7fae33bd-f14b-4a23-b2f7-40b23c7dc432,,FREEAGENT,EXECUTED,14,{C2BAB8A3-9ED5-425C-BAB8-A39ED5B25CC2},0,ADD,-16013.0,Raiders D/ST,0.0,14.0,2021-10-31
2021,8,7fae33bd-f14b-4a23-b2f7-40b23c7dc432,,FREEAGENT,EXECUTED,14,{C2BAB8A3-9ED5-425C-BAB8-A39ED5B25CC2},0,DROP,4241479.0,Tua Tagovailoa,14.0,0.0,2021-10-31
2021,9,83a9b76a-1550-4197-8a7b-df89daf0c98f,2102e57f-1bf8-4e4f-b3cb-4481f2c3759d,TRADE_DECLINE,EXECUTED,7,{430447A7-381F-4E40-AD53-6A9C1F157A25},0,,,,,,2021-11-03
2021,9,b8e3c896-b68a-43a3-a17a-e0d1d5365656,,FREEAGENT,EXECUTED,5,{77F704CF-0C76-4984-9A71-8BD39511C19F},0,ADD,4360438.0,Brandon Aiyuk,0.0,5.0,2021-11-03
2021,9,9d1edf30-ba9f-423c-908a-67c1323c65f1,d6d59799-0053-4b6c-b2fa-735759204c6d,TRADE_PROPOSAL,CANCELED,14,{C2BAB8A3-9ED5-425C-BAB8-A39ED5B25CC2},0,TRADE,3046409.0,Alex Collins,14.0,7.0,2021-11-02
2021,9,9d1edf30-ba9f-423c-908a-67c1323c65f1,d6d59799-0053-4b6c-b2fa-735759204c6d,TRADE_PROPOSAL,CANCELED,14,{C2BAB8A3-9ED5-425C-BAB8-A39ED5B25CC2},0,TRADE,3919596.0,Chris Carson,14.0,7.0,2021-11-02
2021,9,9d1edf30-ba9f-423c-908a-67c1323c65f1,d6d59799-0053-4b6c-b2fa-735759204c6d,TRADE_PROPOSAL,CANCELED,14,{C2BAB8A3-9ED5-425C-BAB8-A39ED5B25CC2},0,TRADE,3139477.0,Patrick Mahomes,14.0,7.0,2021-11-02
2021,9,9d1edf30-ba9f-423c-908a-67c1323c65f1,d6d59799-0053-4b6c-b2fa-735759204c6d,TRADE_PROPOSAL,CANCELED,14,{C2BAB8A3-9ED5-425C-BAB8-A39ED5B25CC2},0,TRADE,3122866.0,Devontae Booker,14.0,7.0,2021-11-02
2021,9,9d1edf30-ba9f-423c-908a-67c1323c65f1,d6d59799-0053-4b6c-b2fa-735759204c6d,TRADE_PROPOSAL,CANCELED,14,{C2BAB8A3-9ED5-425C-BAB8-A39ED5B25CC2},0,TRADE,3051392.0,Ezekiel Elliott,7.0,14.0,2021-11-02
2021,9,f9919a00-2b2f-405d-96a7-5e152a5bc51d,b50e2745-c7d4-4a80-976c-1caa8423a802,TRADE_PROPOSAL,CANCELED,10,{77F704CF-0C76-4984-9A71-8BD39511C19F},0,TRADE,3916387.0,Lamar Jackson,5.0,10.0,2021-11-02
2021,9,f9919a00-2b2f-405d-96a7-5e152a5bc51d,b50e2745-c7d4-4a80-976c-1caa8423a802,TRADE_PROPOSAL,CANCELED,10,{77F704CF-0C76-4984-9A71-8BD39511C19F},0,TRADE,4240657.0,Michael Carter,5.0,10.0,2021-11-02
2021,9,f9919a00-2b2f-405d-96a7-5e152a5bc51d,b50e2745-c7d4-4a80-976c-1caa8423a802,TRADE_PROPOSAL,CANCELED,10,{77F704CF-0C76-4984-9A71-8BD39511C19F},0,TRADE,3128720.0,Nick Chubb,10.0,5.0,2021-11-02
2021,9,f9919a00-2b2f-405d-96a7-5e152a5bc51d,b50e2745-c7d4-4a80-976c-1caa8423a802,TRADE_PROPOSAL,CANCELED,10,{77F704CF-0C76-4984-9A71-8BD39511C19F},0,TRADE,16728.0,Teddy Bridgewater,10.0,5.0,2021-11-02
2021,9,3e4ad882-62b5-460a-ab5c-52f3a6c6528c,ebe7d9a7-9bd4-4596-927d-4e1afff1fe04,TRADE_UPHOLD,EXECUTED,7,{C1E09685-96D1-4750-BA21-8BE16D3BF7CA},0,,,,,,2021-11-06
2021,9,435eea15-44d4-44b5-879d-59f6984671b5,,FREEAGENT,EXECUTED,12,{91D28B99-9234-408F-ACE7-32AEC03EE9E2},0,ADD,2974858.0,Kenny Golladay,0.0,12.0,2021-11-03
2021,9,435eea15-44d4-44b5-879d-59f6984671b5,,FREEAGENT,EXECUTED,12,{91D28B99-9234-408F-ACE7-32AEC03EE9E2},0,DROP,3916945.0,Darius Slayton,12.0,0.0,2021-11-03
2021,9,7b3d19ed-bd41-4341-afed-084cc6a0dd23,81bc521c-ea67-4634-8e18-c41148fbde65,WAIVER,EXECUTED,14,NightlyLeagueUpdateTaskProcessor,4,ADD,4361411.0,Pat Freiermuth,0.0,14.0,2021-11-03
2021,9,7b3d19ed-bd41-4341-afed-084cc6a0dd23,81bc521c-ea67-4634-8e18-c41148fbde65,WAIVER,EXECUTED,14,NightlyLeagueUpdateTaskProcessor,4,DROP,-16013.0,Raiders D/ST,14.0,0.0,2021-11-03
2021,9,7b3d19ed-bd41-4341-afed-084cc6a0dd23,81bc521c-ea67-4634-8e18-c41148fbde65,WAIVER,EXECUTED,14,NightlyLeagueUpdateTaskProcessor,4,DROP,3051806.0,Ricky Seals-Jones,14.0,0.0,2021-11-03
2021,9,8666eb85-659c-4f9a-947f-b1efc7a95ec0,2102e57f-1bf8-4e4f-b3cb-4481f2c3759d,TRADE_PROPOSAL,CANCELED,10,{430447A7-381F-4E40-AD53-6A9C1F157A25},0,TRADE,3043078.0,Derrick Henry,7.0,10.0,2021-11-03
2021,9,8666eb85-659c-4f9a-947f-b1efc7a95ec0,2102e57f-1bf8-4e4f-b3cb-4481f2c3759d,TRADE_PROPOSAL,CANCELED,10,{430447A7-381F-4E40-AD53-6A9C1F157A25},0,TRADE,2508176.0,David Johnson,10.0,7.0,2021-11-03
2021,9,77d9fd3d-8c5b-4bd9-aa66-9f942e048c08,,FREEAGENT,EXECUTED,10,{2C8A1B87-268B-45A5-A0E5-C4A3F61C9BC2},0,ADD,13983.0,A.J. Green,0.0,10.0,2021-11-07
2021,9,77d9fd3d-8c5b-4bd9-aa66-9f942e048c08,,FREEAGENT,EXECUTED,10,{2C8A1B87-268B-45A5-A0E5-C4A3F61C9BC2},0,DROP,3139602.0,D'Ernest Johnson,10.0,0.0,2021-11-07
2021,9,d9b227e8-2d20-428d-8748-1911380df617,f5acf49d-22b7-4d34-b4c5-7240dc6f2df2,WAIVER,FAILED_INVALIDPLAYERSOURCE,8,NightlyLeagueUpdateTaskProcessor,20,ADD,3051439.0,Boston Scott,0.0,8.0,2021-11-03
2021,9,d9b227e8-2d20-428d-8748-1911380df617,f5acf49d-22b7-4d34-b4c5-7240dc6f2df2,WAIVER,FAILED_INVALIDPLAYERSOURCE,8,NightlyLeagueUpdateTaskProcessor,20,DROP,2973405.0,Kalif Raymond,8.0,0.0,2021-11-03
2021,9,c3116aea-9881-455d-b6c7-074ad3684947,988e1723-f1b4-40f8-8dc2-471aeee5647f,WAIVER,FAILED_AUCTIONBUDGETEXCEEDED,1,NightlyLeagueUpdateTaskProcessor,2,ADD,-16017.0,Patriots D/ST,0.0,1.0,2021-11-03
2021,9,c3116aea-9881-455d-b6c7-074ad3684947,988e1723-f1b4-40f8-8dc2-471aeee5647f,WAIVER,FAILED_AUCTIONBUDGETEXCEEDED,1,NightlyLeagueUpdateTaskProcessor,2,DROP,-16001.0,Falcons D/ST,1.0,0.0,2021-11-03
2021,9,4edbc544-ef01-4966-a923-04b4e5c03a25,,FREEAGENT,EXECUTED,12,{91D28B99-9234-408F-ACE7-32AEC03EE9E2},0,ADD,3928925.0,JaMycal Hasty,0.0,12.0,2021-11-03
2021,9,4edbc544-ef01-4966-a923-04b4e5c03a25,,FREEAGENT,EXECUTED,12,{91D28B99-9234-408F-ACE7-32AEC03EE9E2},0,DROP,4241401.0,Trey Sermon,12.0,0.0,2021-11-03
2021,9,abe7edd4-9cb7-42f6-a875-fb2f59a2192d,,FREEAGENT,EXECUTED,1,{C1E09685-96D1-4750-BA21-8BE16D3BF7CA},0,ADD,3115378.0,Russell Gage,0.0,1.0,2021-11-03
2021,9,abe7edd4-9cb7-42f6-a875-fb2f59a2192d,,FREEAGENT,EXECUTED,1,{C1E09685-96D1-4750-BA21-8BE16D3BF7CA},0,DROP,14053.0,Randall Cobb,1.0,0.0,2021-11-03
2021,9,80cbc0f8-2624-4734-a858-313dcae0ed3f,,FREEAGENT,EXECUTED,1,{C1E09685-96D1-4750-BA21-8BE16D3BF7CA},0,ADD,-16004.0,Bengals D/ST,0.0,1.0,2021-11-05
2021,9,80cbc0f8-2624-4734-a858-313dcae0ed3f,,FREEAGENT,EXECUTED,1,{C1E09685-96D1-4750-BA21-8BE16D3BF7CA},0,DROP,-16001.0,Falcons D/ST,1.0,0.0,2021-11-05
2021,9,025dd5a5-dd57-4e4d-adcd-032c85f78374,,FREEAGENT,EXECUTED,3,{C52D799E-6C1C-44B9-8371-9B6AF857D8E8},0,ADD,2982828.0,Tajae Sharpe,0.0,3.0,2021-11-04
2021,9,025dd5a5-dd57-4e4d-adcd-032c85f78374,,FREEAGENT,EXECUTED,3,{C52D799E-6C1C-44B9-8371-9B6AF857D8E8},0,DROP,13983.0,A.J. Green,3.0,0.0,2021-11-04
2021,9,fcb5f7b6-6786-4aec-ae68-b4a778abe68c,613240ce-2c56-443b-bc09-fd7bcb85ea39,TRADE_DECLINE,EXECUTED,1,{C1E09685-96D1-4750-BA21-8BE16D3BF7CA},0,,3045144.0,Tyler Boyd,0.0,0.0,2021-11-04
2021,9,497f1ab8-a3d8-4ffe-a7b9-9938d2eb7693,,FREEAGENT,EXECUTED,7,{430447A7-381F-4E40-AD53-6A9C1F157A25},0,ADD,3127586.0,Jeremy McNichols,0.0,7.0,2021-11-03
2021,9,497f1ab8-a3d8-4ffe-a7b9-9938d2eb7693,,FREEAGENT,EXECUTED,7,{430447A7-381F-4E40-AD53-6A9C1F157A25},0,DROP,3915486.0,Tyler Conklin,7.0,0.0,2021-11-03
2021,9,a38d0e0d-dfa9-4882-b330-6ad1330c8755,,FREEAGENT,EXECUTED,13,{85A6A0E4-D846-4046-B7F8-487FAD9165E0},0,ADD,-16013.0,Raiders D/ST,0.0,13.0,2021-11-05
2021,9,92dfbba6-26bb-419d-a707-dca24870a60d,70e0067b-0c47-4e9b-bfa8-0871359dfe76,WAIVER,FAILED_INVALIDPLAYERSOURCE,3,NightlyLeagueUpdateTaskProcessor,9,ADD,3051439.0,Boston Scott,0.0,3.0,2021-11-03
2021,9,92dfbba6-26bb-419d-a707-dca24870a60d,70e0067b-0c47-4e9b-bfa8-0871359dfe76,WAIVER,FAILED_INVALIDPLAYERSOURCE,3,NightlyLeagueUpdateTaskProcessor,9,DROP,4371733.0,Kenneth Gainwell,3.0,0.0,2021-11-03
2021,9,a66017cc-4f1b-4a29-8278-cec25acf54fb,,FREEAGENT,EXECUTED,5,{77F704CF-0C76-4984-9A71-8BD39511C19F},0,ADD,4372485.0,Rondale Moore,0.0,5.0,2021-11-06
2021,9,a66017cc-4f1b-4a29-8278-cec25acf54fb,,FREEAGENT,EXECUTED,5,{77F704CF-0C76-4984-9A71-8BD39511C19F},0,DROP,3051876.0,Evan Engram,5.0,0.0,2021-11-06
2021,9,7b1e9a50-2796-4039-84b6-69a33231067d,,FREEAGENT,EXECUTED,4,{8242D4C8-FCD1-4A28-9373-CD282687A8E7},0,ADD,14163.0,Tyrod Taylor,0.0,4.0,2021-11-07
2021,9,7b1e9a50-2796-4039-84b6-69a33231067d,,FREEAGENT,EXECUTED,4,{8242D4C8-FCD1-4A28-9373-CD282687A8E7},0,DROP,4360310.0,Trevor Lawrence,4.0,0.0,2021-11-07
2021,9,498c0c75-90ae-48cd-9236-2c95423c7e35,5912764f-c015-4dac-bd46-45b4e851cc56,WAIVER,EXECUTED,12,NightlyLeagueUpdateTaskProcessor,1,ADD,12537.0,Jared Cook,0.0,12.0,2021-11-04
2021,9,498c0c75-90ae-48cd-9236-2c95423c7e35,5912764f-c015-4dac-bd46-45b4e851cc56,WAIVER,EXECUTED,12,NightlyLeagueUpdateTaskProcessor,1,DROP,2573401.0,Tyler Higbee,12.0,0.0,2021-11-04
2021,9,6a58cc2d-72d8-492b-b54c-d9d9d538abb8,,ROSTER,EXECUTED,12,{91D28B99-9234-408F-ACE7-32AEC03EE9E2},0,DROP,3051738.0,Marquez Valdes-Scantling,12.0,0.0,2021-11-05
2021,9,07a07a4d-4c96-4838-aa36-5664fd4a357f,39e456ea-1ee5-4343-bf0e-5c2213fe62c2,TRADE_PROPOSAL,CANCELED,10,{2C8A1B87-268B-45A5-A0E5-C4A3F61C9BC2},0,TRADE,12483.0,Matthew Stafford,13.0,10.0,2021-11-02
2021,9,07a07a4d-4c96-4838-aa36-5664fd4a357f,39e456ea-1ee5-4343-bf0e-5c2213fe62c2,TRADE_PROPOSAL,CANCELED,10,{2C8A1B87-268B-45A5-A0E5-C4A3F61C9BC2},0,TRADE,4035687.0,Michael Pittman Jr.,13.0,10.0,2021-11-02
2021,9,07a07a4d-4c96-4838-aa36-5664fd4a357f,39e456ea-1ee5-4343-bf0e-5c2213fe62c2,TRADE_PROPOSAL,CANCELED,10,{2C8A1B87-268B-45A5-A0E5-C4A3F61C9BC2},0,TRADE,3128720.0,Nick Chubb,10.0,13.0,2021-11-02
2021,9,07a07a4d-4c96-4838-aa36-5664fd4a357f,39e456ea-1ee5-4343-bf0e-5c2213fe62c2,TRADE_PROPOSAL,CANCELED,10,{2C8A1B87-268B-45A5-A0E5-C4A3F61C9BC2},0,TRADE,3134353.0,Tim Patrick,10.0,13.0,2021-11-02
2021,9,eed17b82-63d8-4875-a0ca-ef45f6b959ec,8ba76ce2-d16f-48bc-9c29-ecc38107f77b,WAIVER,EXECUTED,14,NightlyLeagueUpdateTaskProcessor,25,ADD,3051439.0,Boston Scott,0.0,14.0,2021-11-03
2021,9,eed17b82-63d8-4875-a0ca-ef45f6b959ec,8ba76ce2-d16f-48bc-9c29-ecc38107f77b,WAIVER,EXECUTED,14,NightlyLeagueUpdateTaskProcessor,25,DROP,-16033.0,Ravens D/ST,14.0,0.0,2021-11-03
2021,9,154c57c6-57fe-47d9-aab5-b1dda6275457,,FREEAGENT,EXECUTED,14,{C2BAB8A3-9ED5-425C-BAB8-A39ED5B25CC2},0,ADD,4372414.0,Elijah Moore,0.0,14.0,2021-11-04
2021,9,154c57c6-57fe-47d9-aab5-b1dda6275457,,FREEAGENT,EXECUTED,14,{C2BAB8A3-9ED5-425C-BAB8-A39ED5B25CC2},0,DROP,-16009.0,Packers D/ST,14.0,0.0,2021-11-04
2021,9,2af9434b-429a-410b-aa80-af37b3fab049,,TRADE_PROPOSAL,PENDING,10,{2C8A1B87-268B-45A5-A0E5-C4A3F61C9BC2},0,TRADE,3918298.0,Josh Allen,1.0,10.0,2021-11-08
2021,9,2af9434b-429a-410b-aa80-af37b3fab049,,TRADE_PROPOSAL,PENDING,10,{2C8A1B87-268B-45A5-A0E5-C4A3F61C9BC2},0,TRADE,3932905.0,Diontae Johnson,10.0,1.0,2021-11-08
2021,9,22364494-9e22-4d8a-a8e4-8f8fe889cd4c,7ee90c13-049b-4b3f-bbfe-2c46e7926a66,WAIVER,EXECUTED,1,NightlyLeagueUpdateTaskProcessor,36,ADD,10452.0,Adrian Peterson,0.0,1.0,2021-11-03
2021,9,22364494-9e22-4d8a-a8e4-8f8fe889cd4c,7ee90c13-049b-4b3f-bbfe-2c46e7926a66,WAIVER,EXECUTED,1,NightlyLeagueUpdateTaskProcessor,36,DROP,12537.0,Jared Cook,1.0,0.0,2021-11-03
2021,9,7a28e83b-1f5a-4292-b36a-cb64e06b5dae,,FREEAGENT,EXECUTED,5,{77F704CF-0C76-4984-9A71-8BD39511C19F},0,ADD,3915486.0,Tyler Conklin,0.0,5.0,2021-11-07
2021,9,7a28e83b-1f5a-4292-b36a-cb64e06b5dae,,FREEAGENT,EXECUTED,5,{77F704CF-0C76-4984-9A71-8BD39511C19F},0,DROP,4360438.0,Brandon Aiyuk,5.0,0.0,2021-11-07
2021,9,dceb2fb8-f774-406d-9bba-21bd5fe32268,b5e12f09-8e5d-4bae-bb12-faf18af0dbff,WAIVER,FAILED_INVALIDPLAYERSOURCE,5,NightlyLeagueUpdateTaskProcessor,4,ADD,4038818.0,Bryan Edwards,0.0,5.0,2021-11-03
2021,9,fe630444-d965-444f-b42d-0c22e0e54bac,bc36c46a-c7d4-43c6-af48-280c6a64aa8f,TRADE_DECLINE,EXECUTED,8,{00408013-39CF-40FC-8080-1339CFD0FC06},0,,,,,,2021-11-02
2021,9,6a4210bd-d3f9-4f0e-a96c-59fbb9642758,,ROSTER,EXECUTED,5,{77F704CF-0C76-4984-9A71-8BD39511C19F},0,DROP,2969939.0,Jameis Winston,5.0,0.0,2021-11-02
2021,9,c9835ed2-4d14-4747-a2c1-aa3ae6e657bb,,FREEAGENT,EXECUTED,5,{77F704CF-0C76-4984-9A71-8BD39511C19F},0,ADD,3061612.0,Jamal Agnew,0.0,5.0,2021-11-03
2021,9,1f8e4753-f5bb-4f29-a883-0151a239ba6b,,FREEAGENT,EXECUTED,2,{EC970810-E14F-4307-8FA6-3BAE92CC1B4E},0,ADD,11237.0,Matt Ryan,0.0,2.0,2021-11-03
2021,9,1f8e4753-f5bb-4f29-a883-0151a239ba6b,,FREEAGENT,EXECUTED,2,{EC970810-E14F-4307-8FA6-3BAE92CC1B4E},0,DROP,4243160.0,Laviska Shenault Jr.,2.0,0.0,2021-11-03
2021,9,fd370086-84c2-46f0-bf72-cb1ec2ce22e8,,FREEAGENT,EXECUTED,6,{FE8F6865-8A47-4C3A-8D66-0780982B48DD},0,ADD,4243315.0,Salvon Ahmed,0.0,6.0,2021-11-07
2021,9,8e1078e3-3d7b-485d-9c9b-5c73cc73c984,a22a6e6b-f433-41cb-a72d-3e10c5ae2767,WAIVER,EXECUTED,8,NightlyLeagueUpdateTaskProcessor,15,ADD,3930066.0,Van Jefferson,0.0,8.0,2021-11-03
2021,9,8e1078e3-3d7b-485d-9c9b-5c73cc73c984,a22a6e6b-f433-41cb-a72d-3e10c5ae2767,WAIVER,EXECUTED,8,NightlyLeagueUpdateTaskProcessor,15,DROP,2973405.0,Kalif Raymond,8.0,0.0,2021-11-03
2021,9,bf16d2ca-e90c-4d48-9276-46824c0ef76a,2af9434b-429a-410b-aa80-af37b3fab049,TRADE_PROPOSAL,CANCELED,10,{C1E09685-96D1-4750-BA21-8BE16D3BF7CA},0,TRADE,3918298.0,Josh Allen,1.0,10.0,2021-11-09
2021,9,bf16d2ca-e90c-4d48-9276-46824c0ef76a,2af9434b-429a-410b-aa80-af37b3fab049,TRADE_PROPOSAL,CANCELED,10,{C1E09685-96D1-4750-BA21-8BE16D3BF7CA},0,TRADE,3932905.0,Diontae Johnson,10.0,1.0,2021-11-09
2021,9,2b5944e1-a573-4995-af2a-455aaf943071,ea91456c-93ab-41cc-befc-2d50f412fac7,WAIVER,EXECUTED,8,NightlyLeagueUpdateTaskProcessor,10,ADD,-16006.0,Cowboys D/ST,0.0,8.0,2021-11-03
2021,9,2b5944e1-a573-4995-af2a-455aaf943071,ea91456c-93ab-41cc-befc-2d50f412fac7,WAIVER,EXECUTED,8,NightlyLeagueUpdateTaskProcessor,10,DROP,-16004.0,Bengals D/ST,8.0,0.0,2021-11-03
2021,9,95ef32f9-9fab-4b9b-a010-d61d49276243,2f6c23bf-f24e-4f2a-b832-4c8bba5aca75,WAIVER,FAILED_INVALIDPLAYERSOURCE,14,NightlyLeagueUpdateTaskProcessor,1,ADD,-16006.0,Cowboys D/ST,0.0,14.0,2021-11-03
2021,9,95ef32f9-9fab-4b9b-a010-d61d49276243,2f6c23bf-f24e-4f2a-b832-4c8bba5aca75,WAIVER,FAILED_INVALIDPLAYERSOURCE,14,NightlyLeagueUpdateTaskProcessor,1,DROP,-16005.0,Browns D/ST,14.0,0.0,2021-11-03
2021,9,8a078aa2-e1c5-472d-9a64-4e59012eef80,,ROSTER,EXECUTED,4,{8242D4C8-FCD1-4A28-9373-CD282687A8E7},0,LINEUP,4035538.0,David Montgomery,0.0,0.0,2021-11-07
2021,9,8a078aa2-e1c5-472d-9a64-4e59012eef80,,ROSTER,EXECUTED,4,{8242D4C8-FCD1-4A28-9373-CD282687A8E7},0,DROP,15920.0,Latavius Murray,4.0,0.0,2021-11-07
2021,9,89a0c9af-c73d-48c7-8bb2-62c53e73680e,66ff803d-8378-49fd-9a00-02263a7dcb1d,TRADE_DECLINE,EXECUTED,3,{C52D799E-6C1C-44B9-8371-9B6AF857D8E8},0,,,,,,2021-11-05
2021,9,57757e5c-6328-458d-bb62-1b26569f4a86,,FREEAGENT,EXECUTED,2,{EC970810-E14F-4307-8FA6-3BAE92CC1B4E},0,ADD,4036378.0,Jordan Love,0.0,2.0,2021-11-04
2021,9,277e3c75-7225-42d0-94df-36f3b59a2435,ebe7d9a7-9bd4-4596-927d-4e1afff1fe04,TRADE_ACCEPT,,12,{91D28B99-9234-408F-ACE7-32AEC03EE9E2},0,,,,,,2021-11-06
2021,9,4415caad-2cae-4a09-996d-760ad43f1114,f25518b0-9baa-4063-9735-ecf5b68a2415,TRADE_PROPOSAL,CANCELED,8,{00408013-39CF-40FC-8080-1339CFD0FC06},0,TRADE,13934.0,Antonio Brown,8.0,10.0,2021-11-02
2021,9,4415caad-2cae-4a09-996d-760ad43f1114,f25518b0-9baa-4063-9735-ecf5b68a2415,TRADE_PROPOSAL,CANCELED,8,{00408013-39CF-40FC-8080-1339CFD0FC06},0,TRADE,2577417.0,Dak Prescott,8.0,10.0,2021-11-02
2021,9,4415caad-2cae-4a09-996d-760ad43f1114,f25518b0-9baa-4063-9735-ecf5b68a2415,TRADE_PROPOSAL,CANCELED,8,{00408013-39CF-40FC-8080-1339CFD0FC06},0,TRADE,3128720.0,Nick Chubb,10.0,8.0,2021-11-02
2021,9,4415caad-2cae-4a09-996d-760ad43f1114,f25518b0-9baa-4063-9735-ecf5b68a2415,TRADE_PROPOSAL,CANCELED,8,{00408013-39CF-40FC-8080-1339CFD0FC06},0,TRADE,3932905.0,Diontae Johnson,10.0,8.0,2021-11-02
2021,9,b77b14d7-78a2-48a8-803f-b3c34e632464,,ROSTER,EXECUTED,8,{00408013-39CF-40FC-8080-1339CFD0FC06},0,DROP,2976316.0,Michael Thomas,8.0,0.0,2021-11-03
2021,9,99457aac-f2eb-4004-aa60-e51c52c64df8,,ROSTER,EXECUTED,5,{77F704CF-0C76-4984-9A71-8BD39511C19F},0,DROP,4241475.0,Henry Ruggs III,5.0,0.0,2021-11-03
2021,9,acf9474e-102a-4052-85ce-6fed8c3abd89,b1df21dd-3f94-42bc-8f1c-efc2c08a4dd8,WAIVER,FAILED_INVALIDPLAYERSOURCE,7,NightlyLeagueUpdateTaskProcessor,1,ADD,10452.0,Adrian Peterson,0.0,7.0,2021-11-03
2021,9,acf9474e-102a-4052-85ce-6fed8c3abd89,b1df21dd-3f94-42bc-8f1c-efc2c08a4dd8,WAIVER,FAILED_INVALIDPLAYERSOURCE,7,NightlyLeagueUpdateTaskProcessor,1,DROP,3915486.0,Tyler Conklin,7.0,0.0,2021-11-03
2021,9,e683ddc9-7d67-490c-a9fb-99f96c6a4e75,ebe7d9a7-9bd4-4596-927d-4e1afff1fe04,TRADE_UPHOLD,EXECUTED,12,{91D28B99-9234-408F-ACE7-32AEC03EE9E2},0,,,,,,2021-11-06
2021,9,a07a6ec6-5fd9-451a-bc5b-ca2f24429df2,64689775-ed2d-4533-8550-32be450f28db,TRADE_DECLINE,EXECUTED,14,{C2BAB8A3-9ED5-425C-BAB8-A39ED5B25CC2},0,,,,,,2021-11-05
2021,9,7ab8e6c3-e97a-47eb-b7ea-77b8c9b30cf0,b9be2f9b-c433-4587-95ff-97a6b6bfa9d9,WAIVER,EXECUTED,1,NightlyLeagueUpdateTaskProcessor,14,ADD,4038818.0,Bryan Edwards,0.0,1.0,2021-11-03
2021,9,7ab8e6c3-e97a-47eb-b7ea-77b8c9b30cf0,b9be2f9b-c433-4587-95ff-97a6b6bfa9d9,WAIVER,EXECUTED,1,NightlyLeagueUpdateTaskProcessor,14,DROP,14924.0,T.Y. Hilton,1.0,0.0,2021-11-03
2021,9,3c9443bd-11fd-4aa7-aeea-91c005275a2f,,FREEAGENT,EXECUTED,12,{91D28B99-9234-408F-ACE7-32AEC03EE9E2},0,ADD,-16015.0,Dolphins D/ST,0.0,12.0,2021-11-03
2021,9,3c9443bd-11fd-4aa7-aeea-91c005275a2f,,FREEAGENT,EXECUTED,12,{91D28B99-9234-408F-ACE7-32AEC03EE9E2},0,DROP,-16025.0,49ers D/ST,12.0,0.0,2021-11-03
2021,9,56a5b944-e5cb-46b1-83d6-514e4d3bce6c,,FREEAGENT,EXECUTED,12,{91D28B99-9234-408F-ACE7-32AEC03EE9E2},0,ADD,3122976.0,Jeff Wilson Jr.,0.0,12.0,2021-11-07
2021,9,43ce9adc-b394-4f6d-b536-5da47c8297d2,9bb3dabf-43c9-4f55-9863-a8947ebbc57a,TRADE_DECLINE,EXECUTED,12,{91D28B99-9234-408F-ACE7-32AEC03EE9E2},0,,,,,,2021-11-05
2021,9,2102e57f-1bf8-4e4f-b3cb-4481f2c3759d,,TRADE_PROPOSAL,PENDING,10,{2C8A1B87-268B-45A5-A0E5-C4A3F61C9BC2},0,TRADE,3043078.0,Derrick Henry,7.0,10.0,2021-11-02
2021,9,2102e57f-1bf8-4e4f-b3cb-4481f2c3759d,,TRADE_PROPOSAL,PENDING,10,{2C8A1B87-268B-45A5-A0E5-C4A3F61C9BC2},0,TRADE,2508176.0,David Johnson,10.0,7.0,2021-11-02
2021,9,b2124cec-bcc7-4633-aa8e-b8f29eed28c6,29fe2f26-74aa-4bae-9551-a8e7189ce8a4,WAIVER,EXECUTED,10,NightlyLeagueUpdateTaskProcessor,6,ADD,4241479.0,Tua Tagovailoa,0.0,10.0,2021-11-03
2021,9,b2124cec-bcc7-4633-aa8e-b8f29eed28c6,29fe2f26-74aa-4bae-9551-a8e7189ce8a4,WAIVER,EXECUTED,10,NightlyLeagueUpdateTaskProcessor,6,DROP,16728.0,Teddy Bridgewater,10.0,0.0,2021-11-03
2021,9,76db2e38-98d7-41ea-ad06-2cdbbd45252a,,FREEAGENT,EXECUTED,14,{C2BAB8A3-9ED5-425C-BAB8-A39ED5B25CC2},0,ADD,3051381.0,Mike White,0.0,14.0,2021-11-04
2021,9,76db2e38-98d7-41ea-ad06-2cdbbd45252a,,FREEAGENT,EXECUTED,14,{C2BAB8A3-9ED5-425C-BAB8-A39ED5B25CC2},0,DROP,4372414.0,Elijah Moore,14.0,0.0,2021-11-04
2021,9,29fe2f26-74aa-4bae-9551-a8e7189ce8a4,,WAIVER,PENDING,10,{2C8A1B87-268B-45A5-A0E5-C4A3F61C9BC2},6,ADD,4241479.0,Tua Tagovailoa,0.0,10.0,2021-11-02
2021,9,29fe2f26-74aa-4bae-9551-a8e7189ce8a4,,WAIVER,PENDING,10,{2C8A1B87-268B-45A5-A0E5-C4A3F61C9BC2},6,DROP,16728.0,Teddy Bridgewater,10.0,0.0,2021-11-02
2021,9,5931b4cf-9fce-4178-981d-bfdea9edbb36,,FREEAGENT,EXECUTED,7,{430447A7-381F-4E40-AD53-6A9C1F157A25},0,ADD,-16017.0,Patriots D/ST,0.0,7.0,2021-11-03
2021,9,f7bb5255-46fb-4d2d-a268-de810e5f22ce,bc36c46a-c7d4-43c6-af48-280c6a64aa8f,TRADE_PROPOSAL,CANCELED,10,{00408013-39CF-40FC-8080-1339CFD0FC06},0,TRADE,3068267.0,Austin Ekeler,8.0,10.0,2021-11-02
2021,9,f7bb5255-46fb-4d2d-a268-de810e5f22ce,bc36c46a-c7d4-43c6-af48-280c6a64aa8f,TRADE_PROPOSAL,CANCELED,10,{00408013-39CF-40FC-8080-1339CFD0FC06},0,TRADE,2577417.0,Dak Prescott,8.0,10.0,2021-11-02
2021,9,f7bb5255-46fb-4d2d-a268-de810e5f22ce,bc36c46a-c7d4-43c6-af48-280c6a64aa8f,TRADE_PROPOSAL,CANCELED,10,{00408013-39CF-40FC-8080-1339CFD0FC06},0,TRADE,2977187.0,Cooper Kupp,10.0,8.0,2021-11-02
2021,9,f7bb5255-46fb-4d2d-a268-de810e5f22ce,bc36c46a-c7d4-43c6-af48-280c6a64aa8f,TRADE_PROPOSAL,CANCELED,10,{00408013-39CF-40FC-8080-1339CFD0FC06},0,DROP,2508176.0,David Johnson,10.0,0.0,2021-11-02
2021,9,e5a8ccda-39ca-4810-90aa-365cabfb57ec,ec6be0cd-81bc-4e22-a77f-547d68472bcf,TRADE_DECLINE,EXECUTED,7,{430447A7-381F-4E40-AD53-6A9C1F157A25},0,,,,,,2021-11-06
2021,9,04627749-6fd6-46ec-aea0-96a354f01642,,FREEAGENT,EXECUTED,10,{2C8A1B87-268B-45A5-A0E5-C4A3F61C9BC2},0,ADD,2578570.0,Jacoby Brissett,0.0,10.0,2021-11-07
2021,9,04627749-6fd6-46ec-aea0-96a354f01642,,FREEAGENT,EXECUTED,10,{2C8A1B87-268B-45A5-A0E5-C4A3F61C9BC2},0,DROP,4241479.0,Tua Tagovailoa,10.0,0.0,2021-11-07
2021,9,8471a6b8-e636-4e93-8502-12730811f8cc,c18ab9de-9765-4eb5-9b46-68ca9fa108c4,TRADE_DECLINE,EXECUTED,2,{EC970810-E14F-4307-8FA6-3BAE92CC1B4E},0,,,,,,2021-11-05
2021,9,e1d3e858-ed58-479d-ade4-13cbd81c0639,2b14dbdc-6769-4fa8-9d4f-2011e6c83873,WAIVER,EXECUTED,10,NightlyLeagueUpdateTaskProcessor,6,ADD,2468609.0,Taysom Hill,0.0,10.0,2021-11-03
2021,9,e1d3e858-ed58-479d-ade4-13cbd81c0639,2b14dbdc-6769-4fa8-9d4f-2011e6c83873,WAIVER,EXECUTED,10,NightlyLeagueUpdateTaskProcessor,6,DROP,2508176.0,David Johnson,10.0,0.0,2021-11-03
2021,9,9068bde3-f27f-454f-9d56-5b6ddd589f42,,FREEAGENT,EXECUTED,14,{C2BAB8A3-9ED5-425C-BAB8-A39ED5B25CC2},0,ADD,-16009.0,Packers D/ST,0.0,14.0,2021-11-04
2021,9,87a5aaec-9bbd-48d4-a94a-59274af6de4e,,FREEAGENT,EXECUTED,4,{8242D4C8-FCD1-4A28-9373-CD282687A8E7},0,ADD,3915411.0,Ty Johnson,0.0,4.0,2021-11-04
2021,9,87a5aaec-9bbd-48d4-a94a-59274af6de4e,,FREEAGENT,EXECUTED,4,{8242D4C8-FCD1-4A28-9373-CD282687A8E7},0,DROP,2975674.0,Robert Tonyan,4.0,0.0,2021-11-04
2021,9,bb24483a-403c-4e1a-98be-bd9bcea732cb,fd018869-f32b-4ec9-ad94-b1f9ee99c4cf,WAIVER,CANCELED,3,{C52D799E-6C1C-44B9-8371-9B6AF857D8E8},0,ADD,3051439.0,Boston Scott,0.0,3.0,2021-11-02
2021,9,bb24483a-403c-4e1a-98be-bd9bcea732cb,fd018869-f32b-4ec9-ad94-b1f9ee99c4cf,WAIVER,CANCELED,3,{C52D799E-6C1C-44B9-8371-9B6AF857D8E8},0,DROP,4045163.0,Miles Sanders,3.0,0.0,2021-11-02
2021,9,6bd0fcbf-b641-465a-8b5b-8d8bbca2c0f4,59031351-6aa9-4339-b6ba-549c1bbecd80,TRADE_DECLINE,EXECUTED,12,{91D28B99-9234-408F-ACE7-32AEC03EE9E2},0,,,,,,2021-11-06
2021,9,848f5080-c961-47f5-86f3-97c5a3b6a4fd,9ef38809-db45-44f3-8061-86d6ed610492,TRADE_DECLINE,EXECUTED,7,{430447A7-381F-4E40-AD53-6A9C1F157A25},0,,,,,,2021-11-02
2021,9,bc36c46a-c7d4-43c6-af48-280c6a64aa8f,,TRADE_PROPOSAL,PENDING,10,{2C8A1B87-268B-45A5-A0E5-C4A3F61C9BC2},0,TRADE,3068267.0,Austin Ekeler,8.0,10.0,2021-11-02
2021,9,bc36c46a-c7d4-43c6-af48-280c6a64aa8f,,TRADE_PROPOSAL,PENDING,10,{2C8A1B87-268B-45A5-A0E5-C4A3F61C9BC2},0,TRADE,2577417.0,Dak Prescott,8.0,10.0,2021-11-02
2021,9,bc36c46a-c7d4-43c6-af48-280c6a64aa8f,,TRADE_PROPOSAL,PENDING,10,{2C8A1B87-268B-45A5-A0E5-C4A3F61C9BC2},0,TRADE,2977187.0,Cooper Kupp,10.0,8.0,2021-11-02
2021,9,bc36c46a-c7d4-43c6-af48-280c6a64aa8f,,TRADE_PROPOSAL,PENDING,10,{2C8A1B87-268B-45A5-A0E5-C4A3F61C9BC2},0,DROP,2508176.0,David Johnson,10.0,0.0,2021-11-02
2021,9,73df5eca-43a4-43a0-a90e-643c633281e5,,TRADE_PROPOSAL,PENDING,14,{C2BAB8A3-9ED5-425C-BAB8-A39ED5B25CC2},0,TRADE,3122866.0,Devontae Booker,14.0,10.0,2021-11-02
2021,9,73df5eca-43a4-43a0-a90e-643c633281e5,,TRADE_PROPOSAL,PENDING,14,{C2BAB8A3-9ED5-425C-BAB8-A39ED5B25CC2},0,TRADE,3046409.0,Alex Collins,14.0,10.0,2021-11-02
2021,9,73df5eca-43a4-43a0-a90e-643c633281e5,,TRADE_PROPOSAL,PENDING,14,{C2BAB8A3-9ED5-425C-BAB8-A39ED5B25CC2},0,TRADE,3139477.0,Patrick Mahomes,14.0,10.0,2021-11-02
2021,9,73df5eca-43a4-43a0-a90e-643c633281e5,,TRADE_PROPOSAL,PENDING,14,{C2BAB8A3-9ED5-425C-BAB8-A39ED5B25CC2},0,TRADE,4039359.0,Darrell Henderson Jr.,10.0,14.0,2021-11-02
2021,9,7fa95b82-1bcf-4df0-8603-1b2ddd65a2a5,,FREEAGENT,EXECUTED,8,{00408013-39CF-40FC-8080-1339CFD0FC06},0,ADD,16777.0,Carlos Hyde,0.0,8.0,2021-11-04
2021,9,7fa95b82-1bcf-4df0-8603-1b2ddd65a2a5,,FREEAGENT,EXECUTED,8,{00408013-39CF-40FC-8080-1339CFD0FC06},0,DROP,4035170.0,Marquez Callaway,8.0,0.0,2021-11-04
2021,9,ade8d723-2793-4525-8187-76cc39aa7c7b,784a248d-b929-4fde-9f66-2749fdec8bb2,TRADE_PROPOSAL,CANCELED,8,{00408013-39CF-40FC-8080-1339CFD0FC06},0,TRADE,3068267.0,Austin Ekeler,8.0,10.0,2021-11-02
2021,9,ade8d723-2793-4525-8187-76cc39aa7c7b,784a248d-b929-4fde-9f66-2749fdec8bb2,TRADE_PROPOSAL,CANCELED,8,{00408013-39CF-40FC-8080-1339CFD0FC06},0,TRADE,2577417.0,Dak Prescott,8.0,10.0,2021-11-02
2021,9,ade8d723-2793-4525-8187-76cc39aa7c7b,784a248d-b929-4fde-9f66-2749fdec8bb2,TRADE_PROPOSAL,CANCELED,8,{00408013-39CF-40FC-8080-1339CFD0FC06},0,TRADE,4039359.0,Darrell Henderson Jr.,10.0,8.0,2021-11-02
2021,9,ade8d723-2793-4525-8187-76cc39aa7c7b,784a248d-b929-4fde-9f66-2749fdec8bb2,TRADE_PROPOSAL,CANCELED,8,{00408013-39CF-40FC-8080-1339CFD0FC06},0,TRADE,2977187.0,Cooper Kupp,10.0,8.0,2021-11-02
2021,9,2b14dbdc-6769-4fa8-9d4f-2011e6c83873,,WAIVER,PENDING,10,{2C8A1B87-268B-45A5-A0E5-C4A3F61C9BC2},6,ADD,2468609.0,Taysom Hill,0.0,10.0,2021-11-02
2021,9,2b14dbdc-6769-4fa8-9d4f-2011e6c83873,,WAIVER,PENDING,10,{2C8A1B87-268B-45A5-A0E5-C4A3F61C9BC2},6,DROP,2508176.0,David Johnson,10.0,0.0,2021-11-02
2021,9,784a248d-b929-4fde-9f66-2749fdec8bb2,,TRADE_PROPOSAL,PENDING,8,{00408013-39CF-40FC-8080-1339CFD0FC06},0,TRADE,3068267.0,Austin Ekeler,8.0,10.0,2021-11-02
2021,9,784a248d-b929-4fde-9f66-2749fdec8bb2,,TRADE_PROPOSAL,PENDING,8,{00408013-39CF-40FC-8080-1339CFD0FC06},0,TRADE,2577417.0,Dak Prescott,8.0,10.0,2021-11-02
2021,9,784a248d-b929-4fde-9f66-2749fdec8bb2,,TRADE_PROPOSAL,PENDING,8,{00408013-39CF-40FC-8080-1339CFD0FC06},0,TRADE,4039359.0,Darrell Henderson Jr.,10.0,8.0,2021-11-02
2021,9,784a248d-b929-4fde-9f66-2749fdec8bb2,,TRADE_PROPOSAL,PENDING,8,{00408013-39CF-40FC-8080-1339CFD0FC06},0,TRADE,2977187.0,Cooper Kupp,10.0,8.0,2021-11-02
2021,9,c93a7196-aa0b-4b71-93c2-590adf8225fd,ce4eccf7-3579-4ed9-9d6c-50adc0dc0f20,WAIVER,EXECUTED,6,NightlyLeagueUpdateTaskProcessor,5,ADD,4212989.0,Dan Arnold,0.0,6.0,2021-11-03
2021,9,c93a7196-aa0b-4b71-93c2-590adf8225fd,ce4eccf7-3579-4ed9-9d6c-50adc0dc0f20,WAIVER,EXECUTED,6,NightlyLeagueUpdateTaskProcessor,5,DROP,4372485.0,Rondale Moore,6.0,0.0,2021-11-03
2021,9,a2ab0bd1-03c0-4633-a93c-d460beffe8e8,b50e2745-c7d4-4a80-976c-1caa8423a802,TRADE_DECLINE,EXECUTED,5,{77F704CF-0C76-4984-9A71-8BD39511C19F},0,,,,,,2021-11-02
2021,9,b50e2745-c7d4-4a80-976c-1caa8423a802,,TRADE_PROPOSAL,PENDING,10,{2C8A1B87-268B-45A5-A0E5-C4A3F61C9BC2},0,TRADE,3916387.0,Lamar Jackson,5.0,10.0,2021-11-02
2021,9,b50e2745-c7d4-4a80-976c-1caa8423a802,,TRADE_PROPOSAL,PENDING,10,{2C8A1B87-268B-45A5-A0E5-C4A3F61C9BC2},0,TRADE,4240657.0,Michael Carter,5.0,10.0,2021-11-02
2021,9,b50e2745-c7d4-4a80-976c-1caa8423a802,,TRADE_PROPOSAL,PENDING,10,{2C8A1B87-268B-45A5-A0E5-C4A3F61C9BC2},0,TRADE,3128720.0,Nick Chubb,10.0,5.0,2021-11-02
2021,9,b50e2745-c7d4-4a80-976c-1caa8423a802,,TRADE_PROPOSAL,PENDING,10,{2C8A1B87-268B-45A5-A0E5-C4A3F61C9BC2},0,TRADE,16728.0,Teddy Bridgewater,10.0,5.0,2021-11-02
2021,9,b0ee138e-6f12-4070-83f8-9ae1d5788c8f,597be93b-043c-4921-85db-82eb1a294958,TRADE_PROPOSAL,CANCELED,1,{C1E09685-96D1-4750-BA21-8BE16D3BF7CA},0,TRADE,10452.0,Adrian Peterson,1.0,6.0,2021-11-08
2021,9,b0ee138e-6f12-4070-83f8-9ae1d5788c8f,597be93b-043c-4921-85db-82eb1a294958,TRADE_PROPOSAL,CANCELED,1,{C1E09685-96D1-4750-BA21-8BE16D3BF7CA},0,TRADE,-16002.0,Bills D/ST,6.0,1.0,2021-11-08
2021,9,f0722c61-ebea-4d3c-bd09-5bb99dabcaaf,73df5eca-43a4-43a0-a90e-643c633281e5,TRADE_PROPOSAL,CANCELED,14,{C2BAB8A3-9ED5-425C-BAB8-A39ED5B25CC2},0,TRADE,3122866.0,Devontae Booker,14.0,10.0,2021-11-02
2021,9,f0722c61-ebea-4d3c-bd09-5bb99dabcaaf,73df5eca-43a4-43a0-a90e-643c633281e5,TRADE_PROPOSAL,CANCELED,14,{C2BAB8A3-9ED5-425C-BAB8-A39ED5B25CC2},0,TRADE,3046409.0,Alex Collins,14.0,10.0,2021-11-02
2021,9,f0722c61-ebea-4d3c-bd09-5bb99dabcaaf,73df5eca-43a4-43a0-a90e-643c633281e5,TRADE_PROPOSAL,CANCELED,14,{C2BAB8A3-9ED5-425C-BAB8-A39ED5B25CC2},0,TRADE,3139477.0,Patrick Mahomes,14.0,10.0,2021-11-02
2021,9,f0722c61-ebea-4d3c-bd09-5bb99dabcaaf,73df5eca-43a4-43a0-a90e-643c633281e5,TRADE_PROPOSAL,CANCELED,14,{C2BAB8A3-9ED5-425C-BAB8-A39ED5B25CC2},0,TRADE,4039359.0,Darrell Henderson Jr.,10.0,14.0,2021-11-02
2021,9,17a23113-6d37-406c-b16e-f4dce6ce50f6,,ROSTER,EXECUTED,7,{430447A7-381F-4E40-AD53-6A9C1F157A25},0,DROP,4036348.0,Michael Gallup,7.0,0.0,2021-11-03
2021,10,1170077c-4bff-4367-8344-4ceb8e5687d8,c0629955-82d4-455c-ab72-5aca5a760a0e,WAIVER,FAILED_INVALIDPLAYERSOURCE,12,NightlyLeagueUpdateTaskProcessor,3,ADD,4360438.0,Brandon Aiyuk,0.0,12.0,2021-11-10
2021,10,1170077c-4bff-4367-8344-4ceb8e5687d8,c0629955-82d4-455c-ab72-5aca5a760a0e,WAIVER,FAILED_INVALIDPLAYERSOURCE,12,NightlyLeagueUpdateTaskProcessor,3,DROP,3122976.0,Jeff Wilson Jr.,12.0,0.0,2021-11-10
2021,10,103eec81-a56d-4e37-b99b-d6d24b963b81,,TRADE_PROPOSAL,PENDING,8,{00408013-39CF-40FC-8080-1339CFD0FC06},0,TRADE,2577417.0,Dak Prescott,8.0,10.0,2021-11-10
2021,10,103eec81-a56d-4e37-b99b-d6d24b963b81,,TRADE_PROPOSAL,PENDING,8,{00408013-39CF-40FC-8080-1339CFD0FC06},0,TRADE,4039359.0,Darrell Henderson Jr.,10.0,8.0,2021-11-10
2021,10,40b9e40d-a41a-48cf-bbf5-c9cfb8936941,343506cf-d8bd-462e-9058-9807a6af6117,WAIVER,EXECUTED,7,NightlyLeagueUpdateTaskProcessor,5,ADD,4360438.0,Brandon Aiyuk,0.0,7.0,2021-11-10
2021,10,40b9e40d-a41a-48cf-bbf5-c9cfb8936941,343506cf-d8bd-462e-9058-9807a6af6117,WAIVER,EXECUTED,7,NightlyLeagueUpdateTaskProcessor,5,DROP,4035886.0,Khalil Herbert,7.0,0.0,2021-11-10
2021,10,89d8f6e3-e602-45dc-b41e-50b8a1f9f741,78ed3bac-1a8d-4bdc-8e89-a3c9b3d4042b,TRADE_PROPOSAL,CANCELED,8,{00408013-39CF-40FC-8080-1339CFD0FC06},0,TRADE,15818.0,Keenan Allen,8.0,10.0,2021-11-09
2021,10,89d8f6e3-e602-45dc-b41e-50b8a1f9f741,78ed3bac-1a8d-4bdc-8e89-a3c9b3d4042b,TRADE_PROPOSAL,CANCELED,8,{00408013-39CF-40FC-8080-1339CFD0FC06},0,TRADE,2577417.0,Dak Prescott,8.0,10.0,2021-11-09
2021,10,89d8f6e3-e602-45dc-b41e-50b8a1f9f741,78ed3bac-1a8d-4bdc-8e89-a3c9b3d4042b,TRADE_PROPOSAL,CANCELED,8,{00408013-39CF-40FC-8080-1339CFD0FC06},0,TRADE,3932905.0,Diontae Johnson,10.0,8.0,2021-11-09
2021,10,89d8f6e3-e602-45dc-b41e-50b8a1f9f741,78ed3bac-1a8d-4bdc-8e89-a3c9b3d4042b,TRADE_PROPOSAL,CANCELED,8,{00408013-39CF-40FC-8080-1339CFD0FC06},0,TRADE,4039359.0,Darrell Henderson Jr.,10.0,8.0,2021-11-09
2021,10,8c98c5ae-a916-457b-b0ee-71f88aeb593c,34ba2484-71e3-4752-84b7-8c6782e81421,WAIVER,FAILED_INVALIDPLAYERSOURCE,2,NightlyLeagueUpdateTaskProcessor,5,ADD,2573401.0,Tyler Higbee,0.0,2.0,2021-11-10
2021,10,8c98c5ae-a916-457b-b0ee-71f88aeb593c,34ba2484-71e3-4752-84b7-8c6782e81421,WAIVER,FAILED_INVALIDPLAYERSOURCE,2,NightlyLeagueUpdateTaskProcessor,5,DROP,2971618.0,Nelson Agholor,2.0,0.0,2021-11-10
2021,10,c67306ab-8a8b-43ae-89e7-9e34ebc3076d,9f4e1faf-6884-477c-bfb8-37f9f7b175ba,WAIVER,FAILED_INVALIDPLAYERSOURCE,13,NightlyLeagueUpdateTaskProcessor,15,ADD,3139602.0,D'Ernest Johnson,0.0,13.0,2021-11-10
2021,10,c67306ab-8a8b-43ae-89e7-9e34ebc3076d,9f4e1faf-6884-477c-bfb8-37f9f7b175ba,WAIVER,FAILED_INVALIDPLAYERSOURCE,13,NightlyLeagueUpdateTaskProcessor,15,DROP,16799.0,Allen Robinson II,13.0,0.0,2021-11-10
2021,10,b6b9afc4-638b-4520-9136-6002a0f98898,,FREEAGENT,EXECUTED,14,{C2BAB8A3-9ED5-425C-BAB8-A39ED5B25CC2},0,ADD,3051439.0,Boston Scott,0.0,14.0,2021-11-14
2021,10,b6b9afc4-638b-4520-9136-6002a0f98898,,FREEAGENT,EXECUTED,14,{C2BAB8A3-9ED5-425C-BAB8-A39ED5B25CC2},0,DROP,4039607.0,J.J. Taylor,14.0,0.0,2021-11-14
2021,10,2d28709b-c458-462d-8e79-9a05f768cbb5,8924733d-36ed-4509-821e-f48e6d14cc67,TRADE_DECLINE,EXECUTED,10,{2C8A1B87-268B-45A5-A0E5-C4A3F61C9BC2},0,,,,,,2021-11-10
2021,10,d08fead3-7613-4d0f-acfe-efa3fa7ed1ed,e3d54e85-935e-4115-8497-30c7532a1605,WAIVER,FAILED_INVALIDPLAYERSOURCE,14,NightlyLeagueUpdateTaskProcessor,1,ADD,3060022.0,Jordan Howard,0.0,14.0,2021-11-10
2021,10,c56a961f-1ee2-4ca8-93d9-fc0109c296ac,8924733d-36ed-4509-821e-f48e6d14cc67,TRADE_PROPOSAL,CANCELED,8,{2C8A1B87-268B-45A5-A0E5-C4A3F61C9BC2},0,TRADE,2577417.0,Dak Prescott,8.0,10.0,2021-11-10
2021,10,c56a961f-1ee2-4ca8-93d9-fc0109c296ac,8924733d-36ed-4509-821e-f48e6d14cc67,TRADE_PROPOSAL,CANCELED,8,{2C8A1B87-268B-45A5-A0E5-C4A3F61C9BC2},0,TRADE,3042519.0,Aaron Jones,10.0,8.0,2021-11-10
2021,10,62aef465-5576-4d97-a446-fbe822fbd11f,,TRADE_PROPOSAL,PENDING,8,{00408013-39CF-40FC-8080-1339CFD0FC06},0,TRADE,13934.0,Antonio Brown,8.0,10.0,2021-11-10
2021,10,62aef465-5576-4d97-a446-fbe822fbd11f,,TRADE_PROPOSAL,PENDING,8,{00408013-39CF-40FC-8080-1339CFD0FC06},0,TRADE,14876.0,Ryan Tannehill,8.0,10.0,2021-11-10
2021,10,62aef465-5576-4d97-a446-fbe822fbd11f,,TRADE_PROPOSAL,PENDING,8,{00408013-39CF-40FC-8080-1339CFD0FC06},0,TRADE,4039359.0,Darrell Henderson Jr.,10.0,8.0,2021-11-10
2021,10,d4a9be87-6869-43fb-8fac-32f94d93faec,2af9434b-429a-410b-aa80-af37b3fab049,TRADE_DECLINE,EXECUTED,1,{C1E09685-96D1-4750-BA21-8BE16D3BF7CA},0,,,,,,2021-11-09
2021,10,3a16ca31-a482-4e52-9a3d-40f37c42cfc4,,FREEAGENT,EXECUTED,12,{91D28B99-9234-408F-ACE7-32AEC03EE9E2},0,ADD,13994.0,Cam Newton,0.0,12.0,2021-11-11
2021,10,3a16ca31-a482-4e52-9a3d-40f37c42cfc4,,FREEAGENT,EXECUTED,12,{91D28B99-9234-408F-ACE7-32AEC03EE9E2},0,DROP,3928925.0,JaMycal Hasty,12.0,0.0,2021-11-11
2021,10,a90e0732-f985-43d2-8671-668739123431,98335663-2977-4f95-be66-a6467b4dae52,TRADE_ACCEPT,,8,{00408013-39CF-40FC-8080-1339CFD0FC06},0,,,,,,2021-11-14
2021,10,dbbcb0fb-e2d4-4630-80a5-c722f07c1fc1,62aef465-5576-4d97-a446-fbe822fbd11f,TRADE_PROPOSAL,CANCELED,8,{00408013-39CF-40FC-8080-1339CFD0FC06},0,TRADE,13934.0,Antonio Brown,8.0,10.0,2021-11-10
2021,10,dbbcb0fb-e2d4-4630-80a5-c722f07c1fc1,62aef465-5576-4d97-a446-fbe822fbd11f,TRADE_PROPOSAL,CANCELED,8,{00408013-39CF-40FC-8080-1339CFD0FC06},0,TRADE,14876.0,Ryan Tannehill,8.0,10.0,2021-11-10
2021,10,dbbcb0fb-e2d4-4630-80a5-c722f07c1fc1,62aef465-5576-4d97-a446-fbe822fbd11f,TRADE_PROPOSAL,CANCELED,8,{00408013-39CF-40FC-8080-1339CFD0FC06},0,TRADE,4039359.0,Darrell Henderson Jr.,10.0,8.0,2021-11-10
2021,10,4a1c56f3-0026-418f-8ae9-487baa20be6e,103eec81-a56d-4e37-b99b-d6d24b963b81,TRADE_PROPOSAL,CANCELED,8,{00408013-39CF-40FC-8080-1339CFD0FC06},0,TRADE,2577417.0,Dak Prescott,8.0,10.0,2021-11-10
2021,10,4a1c56f3-0026-418f-8ae9-487baa20be6e,103eec81-a56d-4e37-b99b-d6d24b963b81,TRADE_PROPOSAL,CANCELED,8,{00408013-39CF-40FC-8080-1339CFD0FC06},0,TRADE,4039359.0,Darrell Henderson Jr.,10.0,8.0,2021-11-10
2021,10,f391adbc-19c7-4049-b742-0e730f2eb319,,FREEAGENT,EXECUTED,5,{77F704CF-0C76-4984-9A71-8BD39511C19F},0,ADD,4035170.0,Marquez Callaway,0.0,5.0,2021-11-11
2021,10,f391adbc-19c7-4049-b742-0e730f2eb319,,FREEAGENT,EXECUTED,5,{77F704CF-0C76-4984-9A71-8BD39511C19F},0,DROP,4372485.0,Rondale Moore,5.0,0.0,2021-11-11
2021,10,ab77ff21-87ed-4752-93ea-162782d1d248,,FREEAGENT,EXECUTED,10,{2C8A1B87-268B-45A5-A0E5-C4A3F61C9BC2},0,ADD,5536.0,Ben Roethlisberger,0.0,10.0,2021-11-10
2021,10,ab77ff21-87ed-4752-93ea-162782d1d248,,FREEAGENT,EXECUTED,10,{2C8A1B87-268B-45A5-A0E5-C4A3F61C9BC2},0,DROP,2468609.0,Taysom Hill,10.0,0.0,2021-11-10
2021,10,ada4cd48-df91-43ed-a95b-2a6c7469d176,,ROSTER,EXECUTED,1,{C1E09685-96D1-4750-BA21-8BE16D3BF7CA},0,DROP,-16004.0,Bengals D/ST,1.0,0.0,2021-11-09
2021,10,2ba1d54c-0da7-452b-b3fc-fc12fbb1ee7c,,FREEAGENT,EXECUTED,12,{91D28B99-9234-408F-ACE7-32AEC03EE9E2},0,ADD,-16021.0,Eagles D/ST,0.0,12.0,2021-11-10
2021,10,2ba1d54c-0da7-452b-b3fc-fc12fbb1ee7c,,FREEAGENT,EXECUTED,12,{91D28B99-9234-408F-ACE7-32AEC03EE9E2},0,DROP,-16015.0,Dolphins D/ST,12.0,0.0,2021-11-10
2021,10,98335663-2977-4f95-be66-a6467b4dae52,,TRADE_PROPOSAL,PENDING,10,{2C8A1B87-268B-45A5-A0E5-C4A3F61C9BC2},0,TRADE,3042519.0,Aaron Jones,10.0,8.0,2021-11-14
2021,10,98335663-2977-4f95-be66-a6467b4dae52,,TRADE_PROPOSAL,PENDING,10,{2C8A1B87-268B-45A5-A0E5-C4A3F61C9BC2},0,TRADE,15818.0,Keenan Allen,8.0,10.0,2021-11-14
2021,10,98335663-2977-4f95-be66-a6467b4dae52,,TRADE_PROPOSAL,PENDING,10,{2C8A1B87-268B-45A5-A0E5-C4A3F61C9BC2},0,TRADE,2577417.0,Dak Prescott,8.0,10.0,2021-11-14
2021,10,98335663-2977-4f95-be66-a6467b4dae52,,TRADE_PROPOSAL,PENDING,10,{2C8A1B87-268B-45A5-A0E5-C4A3F61C9BC2},0,DROP,4360310.0,Trevor Lawrence,10.0,0.0,2021-11-14
2021,10,1178415a-1433-4e20-bb82-73dcf13407f4,64f1f07c-f668-4936-b0c8-ed141534346a,TRADE_PROPOSAL,CANCELED,14,{C2BAB8A3-9ED5-425C-BAB8-A39ED5B25CC2},0,TRADE,3046409.0,Alex Collins,14.0,10.0,2021-11-12
2021,10,1178415a-1433-4e20-bb82-73dcf13407f4,64f1f07c-f668-4936-b0c8-ed141534346a,TRADE_PROPOSAL,CANCELED,14,{C2BAB8A3-9ED5-425C-BAB8-A39ED5B25CC2},0,TRADE,3139477.0,Patrick Mahomes,14.0,10.0,2021-11-12
2021,10,1178415a-1433-4e20-bb82-73dcf13407f4,64f1f07c-f668-4936-b0c8-ed141534346a,TRADE_PROPOSAL,CANCELED,14,{C2BAB8A3-9ED5-425C-BAB8-A39ED5B25CC2},0,TRADE,3919596.0,Chris Carson,14.0,10.0,2021-11-12
2021,10,1178415a-1433-4e20-bb82-73dcf13407f4,64f1f07c-f668-4936-b0c8-ed141534346a,TRADE_PROPOSAL,CANCELED,14,{C2BAB8A3-9ED5-425C-BAB8-A39ED5B25CC2},0,TRADE,2977187.0,Cooper Kupp,10.0,14.0,2021-11-12
2021,10,78ed3bac-1a8d-4bdc-8e89-a3c9b3d4042b,,TRADE_PROPOSAL,PENDING,8,{00408013-39CF-40FC-8080-1339CFD0FC06},0,TRADE,15818.0,Keenan Allen,8.0,10.0,2021-11-09
2021,10,78ed3bac-1a8d-4bdc-8e89-a3c9b3d4042b,,TRADE_PROPOSAL,PENDING,8,{00408013-39CF-40FC-8080-1339CFD0FC06},0,TRADE,2577417.0,Dak Prescott,8.0,10.0,2021-11-09
2021,10,78ed3bac-1a8d-4bdc-8e89-a3c9b3d4042b,,TRADE_PROPOSAL,PENDING,8,{00408013-39CF-40FC-8080-1339CFD0FC06},0,TRADE,3932905.0,Diontae Johnson,10.0,8.0,2021-11-09
2021,10,78ed3bac-1a8d-4bdc-8e89-a3c9b3d4042b,,TRADE_PROPOSAL,PENDING,8,{00408013-39CF-40FC-8080-1339CFD0FC06},0,TRADE,4039359.0,Darrell Henderson Jr.,10.0,8.0,2021-11-09
2021,10,11de4c7b-b092-461c-adc5-9396ae0186cf,ac63e2c8-485e-4ebd-9bbc-eb098e8aaa52,TRADE_DECLINE,EXECUTED,2,{EC970810-E14F-4307-8FA6-3BAE92CC1B4E},0,,,,,,2021-11-13
2021,10,8f6ba2b6-b5df-4228-8a35-124c425811bf,36db16e3-b13b-4e1b-a2e6-a97266027f99,WAIVER,FAILED_INVALIDPLAYERSOURCE,4,NightlyLeagueUpdateTaskProcessor,23,ADD,3139602.0,D'Ernest Johnson,0.0,4.0,2021-11-10
2021,10,8f6ba2b6-b5df-4228-8a35-124c425811bf,36db16e3-b13b-4e1b-a2e6-a97266027f99,WAIVER,FAILED_INVALIDPLAYERSOURCE,4,NightlyLeagueUpdateTaskProcessor,23,DROP,3116389.0,Samaje Perine,4.0,0.0,2021-11-10
2021,10,a9e9d95c-bf0e-48b7-a763-19d8e1500249,19abca36-5c33-49b9-b20e-903b7eb177f7,TRADE_PROPOSAL,CANCELED,8,{00408013-39CF-40FC-8080-1339CFD0FC06},0,TRADE,3139602.0,D'Ernest Johnson,8.0,10.0,2021-11-14
2021,10,a9e9d95c-bf0e-48b7-a763-19d8e1500249,19abca36-5c33-49b9-b20e-903b7eb177f7,TRADE_PROPOSAL,CANCELED,8,{00408013-39CF-40FC-8080-1339CFD0FC06},0,TRADE,2577417.0,Dak Prescott,8.0,10.0,2021-11-14
2021,10,a9e9d95c-bf0e-48b7-a763-19d8e1500249,19abca36-5c33-49b9-b20e-903b7eb177f7,TRADE_PROPOSAL,CANCELED,8,{00408013-39CF-40FC-8080-1339CFD0FC06},0,TRADE,3042519.0,Aaron Jones,10.0,8.0,2021-11-14
2021,10,b10bddb2-5613-4fc3-b173-d988c340185b,1244e059-ae55-4727-ac45-0b7e5b8bf8c3,TRADE_PROPOSAL,CANCELED,1,{C1E09685-96D1-4750-BA21-8BE16D3BF7CA},0,TRADE,16733.0,Odell Beckham Jr.,1.0,6.0,2021-11-11
2021,10,b10bddb2-5613-4fc3-b173-d988c340185b,1244e059-ae55-4727-ac45-0b7e5b8bf8c3,TRADE_PROPOSAL,CANCELED,1,{C1E09685-96D1-4750-BA21-8BE16D3BF7CA},0,TRADE,2576434.0,Melvin Gordon III,1.0,6.0,2021-11-11
2021,10,b10bddb2-5613-4fc3-b173-d988c340185b,1244e059-ae55-4727-ac45-0b7e5b8bf8c3,TRADE_PROPOSAL,CANCELED,1,{C1E09685-96D1-4750-BA21-8BE16D3BF7CA},0,TRADE,3045138.0,Mike Williams,6.0,1.0,2021-11-11
2021,10,c31a3788-a24c-4332-97c6-8efd3c974c81,b88051e3-3fc9-43a7-a083-4fac520181d1,TRADE_DECLINE,EXECUTED,8,{00408013-39CF-40FC-8080-1339CFD0FC06},0,,,,,,2021-11-09
2021,10,77b7a6ff-7133-4a10-9fa3-dc265d53ff1f,,ROSTER,EXECUTED,3,{C52D799E-6C1C-44B9-8371-9B6AF857D8E8},0,DROP,3119195.0,Chase Edmonds,3.0,0.0,2021-11-13
2021,10,81ae2c96-0d74-4ccb-b9ed-446ad1a24668,7304714b-6314-4eb9-b05c-5d65088b640e,WAIVER,FAILED_INVALIDPLAYERSOURCE,7,NightlyLeagueUpdateTaskProcessor,5,ADD,3139602.0,D'Ernest Johnson,0.0,7.0,2021-11-10
2021,10,81ae2c96-0d74-4ccb-b9ed-446ad1a24668,7304714b-6314-4eb9-b05c-5d65088b640e,WAIVER,FAILED_INVALIDPLAYERSOURCE,7,NightlyLeagueUpdateTaskProcessor,5,DROP,4035886.0,Khalil Herbert,7.0,0.0,2021-11-10
2021,10,c161b19c-4905-4e4d-ba23-da3a191a584c,448a60e7-9b0a-4763-b764-5b66e26fa7ab,WAIVER,FAILED_AUCTIONBUDGETEXCEEDED,8,NightlyLeagueUpdateTaskProcessor,15,ADD,3916430.0,Nyheim Hines,0.0,8.0,2021-11-10
2021,10,c161b19c-4905-4e4d-ba23-da3a191a584c,448a60e7-9b0a-4763-b764-5b66e26fa7ab,WAIVER,FAILED_AUCTIONBUDGETEXCEEDED,8,NightlyLeagueUpdateTaskProcessor,15,DROP,16777.0,Carlos Hyde,8.0,0.0,2021-11-10
2021,10,6f48a44c-4fef-4f55-86d5-7561e3bfaa61,,FREEAGENT,EXECUTED,8,{00408013-39CF-40FC-8080-1339CFD0FC06},0,ADD,4036348.0,Michael Gallup,0.0,8.0,2021-11-11
2021,10,6f48a44c-4fef-4f55-86d5-7561e3bfaa61,,FREEAGENT,EXECUTED,8,{00408013-39CF-40FC-8080-1339CFD0FC06},0,DROP,3930066.0,Van Jefferson,8.0,0.0,2021-11-11
2021,10,5a1ca7bf-d2f3-4464-a7a2-b0542e60aa7b,de5c0403-d532-4ed0-9fb1-0610bc77a8f6,WAIVER,CANCELED,5,{77F704CF-0C76-4984-9A71-8BD39511C19F},0,ADD,4360438.0,Brandon Aiyuk,0.0,5.0,2021-11-09
2021,10,5a1ca7bf-d2f3-4464-a7a2-b0542e60aa7b,de5c0403-d532-4ed0-9fb1-0610bc77a8f6,WAIVER,CANCELED,5,{77F704CF-0C76-4984-9A71-8BD39511C19F},0,DROP,3915486.0,Tyler Conklin,5.0,0.0,2021-11-09
2021,10,f7a7a2f4-83d4-400d-966e-1267a28a5ef4,34dad93d-cf90-4fae-a14b-5091d1066c5a,WAIVER,EXECUTED,13,NightlyLeagueUpdateTaskProcessor,6,ADD,2573401.0,Tyler Higbee,0.0,13.0,2021-11-10
2021,10,000d227e-00b8-40eb-9326-0ae8e827cef4,,FREEAGENT,EXECUTED,14,{C2BAB8A3-9ED5-425C-BAB8-A39ED5B25CC2},0,ADD,-16010.0,Titans D/ST,0.0,14.0,2021-11-10
2021,10,000d227e-00b8-40eb-9326-0ae8e827cef4,,FREEAGENT,EXECUTED,14,{C2BAB8A3-9ED5-425C-BAB8-A39ED5B25CC2},0,DROP,-16005.0,Browns D/ST,14.0,0.0,2021-11-10
2021,10,789f5994-e3c5-496f-85b1-920a293b0fd6,,FREEAGENT,EXECUTED,14,{C2BAB8A3-9ED5-425C-BAB8-A39ED5B25CC2},0,ADD,3916430.0,Nyheim Hines,0.0,14.0,2021-11-10
2021,10,e97cf3e3-6b95-4f6d-a03d-219421afa4d8,,FREEAGENT,EXECUTED,10,{2C8A1B87-268B-45A5-A0E5-C4A3F61C9BC2},0,ADD,4360310.0,Trevor Lawrence,0.0,10.0,2021-11-14
2021,10,e97cf3e3-6b95-4f6d-a03d-219421afa4d8,,FREEAGENT,EXECUTED,10,{2C8A1B87-268B-45A5-A0E5-C4A3F61C9BC2},0,DROP,3116407.0,Mason Rudolph,10.0,0.0,2021-11-14
2021,10,b5a27e33-9f32-48c9-9f10-09fddb455712,0a7546cf-35a5-458a-bbf5-b4e7dc651b54,WAIVER,EXECUTED,8,NightlyLeagueUpdateTaskProcessor,35,ADD,3139602.0,D'Ernest Johnson,0.0,8.0,2021-11-10
2021,10,b5a27e33-9f32-48c9-9f10-09fddb455712,0a7546cf-35a5-458a-bbf5-b4e7dc651b54,WAIVER,EXECUTED,8,NightlyLeagueUpdateTaskProcessor,35,DROP,16777.0,Carlos Hyde,8.0,0.0,2021-11-10
2021,10,7ea1723c-c5e9-4c6c-b26a-453581dc3b5d,,FREEAGENT,EXECUTED,3,{C52D799E-6C1C-44B9-8371-9B6AF857D8E8},0,ADD,2576716.0,Jamison Crowder,0.0,3.0,2021-11-13
2021,10,d7a1ee31-034e-4268-9c0d-b24ebdc7d3eb,59541d82-6f94-4228-8bcd-d5bb6b60b923,WAIVER,FAILED_INVALIDPLAYERSOURCE,5,NightlyLeagueUpdateTaskProcessor,10,ADD,3139602.0,D'Ernest Johnson,0.0,5.0,2021-11-10
2021,10,d7a1ee31-034e-4268-9c0d-b24ebdc7d3eb,59541d82-6f94-4228-8bcd-d5bb6b60b923,WAIVER,FAILED_INVALIDPLAYERSOURCE,5,NightlyLeagueUpdateTaskProcessor,10,DROP,3061612.0,Jamal Agnew,5.0,0.0,2021-11-10
2021,10,46142fe2-6c79-430a-8f31-97b76fecf92f,76f7b1d2-0e16-44ac-bd4c-a6c6d5f8352f,TRADE_DECLINE,EXECUTED,12,{91D28B99-9234-408F-ACE7-32AEC03EE9E2},0,,,,,,2021-11-11
2021,10,dc8c463b-9384-48b3-b59c-45763479b1bd,,TRADE_PROPOSAL,PENDING,14,{C2BAB8A3-9ED5-425C-BAB8-A39ED5B25CC2},0,TRADE,15349.0,Cole Beasley,14.0,10.0,2021-11-11
2021,10,dc8c463b-9384-48b3-b59c-45763479b1bd,,TRADE_PROPOSAL,PENDING,14,{C2BAB8A3-9ED5-425C-BAB8-A39ED5B25CC2},0,TRADE,3139477.0,Patrick Mahomes,14.0,10.0,2021-11-11
2021,10,dc8c463b-9384-48b3-b59c-45763479b1bd,,TRADE_PROPOSAL,PENDING,14,{C2BAB8A3-9ED5-425C-BAB8-A39ED5B25CC2},0,TRADE,2977187.0,Cooper Kupp,10.0,14.0,2021-11-11
2021,10,d8abb473-17c3-47d6-8c3a-79360bc50dc4,b7012c7f-c756-4813-8f0c-945146573f53,TRADE_DECLINE,EXECUTED,1,{C1E09685-96D1-4750-BA21-8BE16D3BF7CA},0,,,,,,2021-11-13
2021,10,e91effe0-a196-411a-a46c-f72ea8a47f72,fcb74391-0818-4a24-8eae-5e8bbbedb702,TRADE_DECLINE,EXECUTED,8,{00408013-39CF-40FC-8080-1339CFD0FC06},0,,,,,,2021-11-13
2021,10,6c4b725d-a333-43ff-ba09-98af8724269e,acec6aa1-3e4c-42a6-b418-4aeead26a244,TRADE_PROPOSAL,CANCELED,3,{C52D799E-6C1C-44B9-8371-9B6AF857D8E8},0,TRADE,13295.0,Emmanuel Sanders,3.0,10.0,2021-11-10
2021,10,6c4b725d-a333-43ff-ba09-98af8724269e,acec6aa1-3e4c-42a6-b418-4aeead26a244,TRADE_PROPOSAL,CANCELED,3,{C52D799E-6C1C-44B9-8371-9B6AF857D8E8},0,TRADE,2330.0,Tom Brady,3.0,10.0,2021-11-10
2021,10,6c4b725d-a333-43ff-ba09-98af8724269e,acec6aa1-3e4c-42a6-b418-4aeead26a244,TRADE_PROPOSAL,CANCELED,3,{C52D799E-6C1C-44B9-8371-9B6AF857D8E8},0,TRADE,2977187.0,Cooper Kupp,10.0,3.0,2021-11-10
2021,10,d1f7ffd3-eaa6-453d-ad34-ba6a5d850bcd,,FREEAGENT,EXECUTED,12,{91D28B99-9234-408F-ACE7-32AEC03EE9E2},0,ADD,4569173.0,Rhamondre Stevenson,0.0,12.0,2021-11-11
2021,10,d1f7ffd3-eaa6-453d-ad34-ba6a5d850bcd,,FREEAGENT,EXECUTED,12,{91D28B99-9234-408F-ACE7-32AEC03EE9E2},0,DROP,3122976.0,Jeff Wilson Jr.,12.0,0.0,2021-11-11
2021,10,28ca1329-4879-431a-9d34-e7803bb3776c,,WAIVER,PENDING,10,{2C8A1B87-268B-45A5-A0E5-C4A3F61C9BC2},2,ADD,4362887.0,Justin Fields,0.0,10.0,2021-11-10
2021,10,28ca1329-4879-431a-9d34-e7803bb3776c,,WAIVER,PENDING,10,{2C8A1B87-268B-45A5-A0E5-C4A3F61C9BC2},2,DROP,2578570.0,Jacoby Brissett,10.0,0.0,2021-11-10
2021,10,b88051e3-3fc9-43a7-a083-4fac520181d1,,TRADE_PROPOSAL,PENDING,10,{2C8A1B87-268B-45A5-A0E5-C4A3F61C9BC2},0,TRADE,2577417.0,Dak Prescott,8.0,10.0,2021-11-09
2021,10,b88051e3-3fc9-43a7-a083-4fac520181d1,,TRADE_PROPOSAL,PENDING,10,{2C8A1B87-268B-45A5-A0E5-C4A3F61C9BC2},0,TRADE,15818.0,Keenan Allen,8.0,10.0,2021-11-09
2021,10,b88051e3-3fc9-43a7-a083-4fac520181d1,,TRADE_PROPOSAL,PENDING,10,{2C8A1B87-268B-45A5-A0E5-C4A3F61C9BC2},0,TRADE,3042519.0,Aaron Jones,10.0,8.0,2021-11-09
2021,10,b88051e3-3fc9-43a7-a083-4fac520181d1,,TRADE_PROPOSAL,PENDING,10,{2C8A1B87-268B-45A5-A0E5-C4A3F61C9BC2},0,DROP,3025433.0,Mike Davis,10.0,0.0,2021-11-09
2021,10,0d7fe838-7706-4fc2-ad5c-0178789906e7,f8a2da17-4f60-423c-a1e9-540e3f73a0a1,TRADE_DECLINE,EXECUTED,4,{8242D4C8-FCD1-4A28-9373-CD282687A8E7},0,,,,,,2021-11-14
2021,10,3289e775-dd5f-47d5-98ba-bedee0683593,dc19da8c-e0b8-4d58-b602-291cae76a01f,WAIVER,FAILED_INVALIDPLAYERSOURCE,12,NightlyLeagueUpdateTaskProcessor,2,ADD,-16033.0,Ravens D/ST,0.0,12.0,2021-11-10
2021,10,3289e775-dd5f-47d5-98ba-bedee0683593,dc19da8c-e0b8-4d58-b602-291cae76a01f,WAIVER,FAILED_INVALIDPLAYERSOURCE,12,NightlyLeagueUpdateTaskProcessor,2,DROP,-16015.0,Dolphins D/ST,12.0,0.0,2021-11-10
2021,10,be2c90a9-be6f-4aa1-b855-7fcc4de92fe6,33832c4e-b55c-4229-85d9-607d1400e3a1,WAIVER,FAILED_INVALIDPLAYERSOURCE,12,NightlyLeagueUpdateTaskProcessor,1,ADD,2573401.0,Tyler Higbee,0.0,12.0,2021-11-10
2021,10,be2c90a9-be6f-4aa1-b855-7fcc4de92fe6,33832c4e-b55c-4229-85d9-607d1400e3a1,WAIVER,FAILED_INVALIDPLAYERSOURCE,12,NightlyLeagueUpdateTaskProcessor,1,DROP,12537.0,Jared Cook,12.0,0.0,2021-11-10
2021,10,30a9a3a0-e119-4e82-a4af-532eb782198e,66052c95-521d-4809-a569-6ba02ab6e9a7,WAIVER,EXECUTED,3,NightlyLeagueUpdateTaskProcessor,18,ADD,3060022.0,Jordan Howard,0.0,3.0,2021-11-10
2021,10,30a9a3a0-e119-4e82-a4af-532eb782198e,66052c95-521d-4809-a569-6ba02ab6e9a7,WAIVER,EXECUTED,3,NightlyLeagueUpdateTaskProcessor,18,DROP,4371733.0,Kenneth Gainwell,3.0,0.0,2021-11-10
2021,10,b51ddb73-59bb-4728-9364-2f2665b29cd8,9d474455-ea94-4f97-a22c-77dec2d70897,TRADE_DECLINE,EXECUTED,3,{C52D799E-6C1C-44B9-8371-9B6AF857D8E8},0,,,,,,2021-11-10
2021,10,df7b2af2-785d-44d0-b607-7ac2c1b90f9e,,FREEAGENT,EXECUTED,7,{430447A7-381F-4E40-AD53-6A9C1F157A25},0,ADD,15825.0,Le'Veon Bell,0.0,7.0,2021-11-10
2021,10,e54e4480-50cd-4815-8d04-9a0a57f81d04,ac63e2c8-485e-4ebd-9bbc-eb098e8aaa52,TRADE_PROPOSAL,CANCELED,10,{EC970810-E14F-4307-8FA6-3BAE92CC1B4E},0,TRADE,3932905.0,Diontae Johnson,10.0,2.0,2021-11-13
2021,10,e54e4480-50cd-4815-8d04-9a0a57f81d04,ac63e2c8-485e-4ebd-9bbc-eb098e8aaa52,TRADE_PROPOSAL,CANCELED,10,{EC970810-E14F-4307-8FA6-3BAE92CC1B4E},0,TRADE,4259545.0,D'Andre Swift,2.0,10.0,2021-11-13
2021,10,191b3c23-7a99-416a-a502-2d175773e253,,ROSTER,EXECUTED,14,{C2BAB8A3-9ED5-425C-BAB8-A39ED5B25CC2},0,DROP,3051381.0,Mike White,14.0,0.0,2021-11-09
2021,10,98c2da65-b470-410f-9a10-9fd87e395cc1,1ee4794f-8523-4ec8-87cf-7634392a0af2,TRADE_PROPOSAL,CANCELED,8,{00408013-39CF-40FC-8080-1339CFD0FC06},0,TRADE,4036348.0,Michael Gallup,8.0,10.0,2021-11-14
2021,10,98c2da65-b470-410f-9a10-9fd87e395cc1,1ee4794f-8523-4ec8-87cf-7634392a0af2,TRADE_PROPOSAL,CANCELED,8,{00408013-39CF-40FC-8080-1339CFD0FC06},0,TRADE,4039359.0,Darrell Henderson Jr.,10.0,8.0,2021-11-14
2021,10,98c2da65-b470-410f-9a10-9fd87e395cc1,1ee4794f-8523-4ec8-87cf-7634392a0af2,TRADE_PROPOSAL,CANCELED,8,{00408013-39CF-40FC-8080-1339CFD0FC06},0,TRADE,2577417.0,Dak Prescott,8.0,10.0,2021-11-14
2021,10,5e4137c6-cdd4-41bc-90d3-778ecf843bb4,,TRADE_PROPOSAL,PENDING,3,{C52D799E-6C1C-44B9-8371-9B6AF857D8E8},0,TRADE,2573079.0,Carson Wentz,3.0,10.0,2021-11-09
2021,10,5e4137c6-cdd4-41bc-90d3-778ecf843bb4,,TRADE_PROPOSAL,PENDING,3,{C52D799E-6C1C-44B9-8371-9B6AF857D8E8},0,TRADE,3932905.0,Diontae Johnson,10.0,3.0,2021-11-09
2021,10,c2bcdd97-8830-4df9-bfb5-810cd987fa36,,FREEAGENT,EXECUTED,14,{C2BAB8A3-9ED5-425C-BAB8-A39ED5B25CC2},0,ADD,11283.0,DeSean Jackson,0.0,14.0,2021-11-11
2021,10,c2bcdd97-8830-4df9-bfb5-810cd987fa36,,FREEAGENT,EXECUTED,14,{C2BAB8A3-9ED5-425C-BAB8-A39ED5B25CC2},0,DROP,3122866.0,Devontae Booker,14.0,0.0,2021-11-11
2021,10,451801e9-d31c-418c-bea4-4e98fd5331e9,,ROSTER,EXECUTED,2,{EC970810-E14F-4307-8FA6-3BAE92CC1B4E},0,LINEUP,11237.0,Matt Ryan,0.0,0.0,2021-11-12
2021,10,451801e9-d31c-418c-bea4-4e98fd5331e9,,ROSTER,EXECUTED,2,{EC970810-E14F-4307-8FA6-3BAE92CC1B4E},0,LINEUP,8439.0,Aaron Rodgers,0.0,0.0,2021-11-12
2021,10,451801e9-d31c-418c-bea4-4e98fd5331e9,,ROSTER,EXECUTED,2,{EC970810-E14F-4307-8FA6-3BAE92CC1B4E},0,DROP,4036378.0,Jordan Love,2.0,0.0,2021-11-12
2021,10,22536725-dbcd-484c-bbe8-f9458ef6dbab,,FREEAGENT,EXECUTED,3,{C52D799E-6C1C-44B9-8371-9B6AF857D8E8},0,ADD,4243160.0,Laviska Shenault Jr.,0.0,3.0,2021-11-14
2021,10,22536725-dbcd-484c-bbe8-f9458ef6dbab,,FREEAGENT,EXECUTED,3,{C52D799E-6C1C-44B9-8371-9B6AF857D8E8},0,DROP,3051439.0,Boston Scott,3.0,0.0,2021-11-14
2021,10,c7c80866-d589-4cbc-9bec-89ec1897ede4,,FREEAGENT,EXECUTED,4,{8242D4C8-FCD1-4A28-9373-CD282687A8E7},0,ADD,4360310.0,Trevor Lawrence,0.0,4.0,2021-11-14
2021,10,c7c80866-d589-4cbc-9bec-89ec1897ede4,,FREEAGENT,EXECUTED,4,{8242D4C8-FCD1-4A28-9373-CD282687A8E7},0,DROP,3915411.0,Ty Johnson,4.0,0.0,2021-11-14
2021,10,859b9d92-9e78-4e08-a5af-01373aa8da8b,5d9ecfcb-378b-4ea9-8659-60be79edcf1c,TRADE_PROPOSAL,CANCELED,8,{00408013-39CF-40FC-8080-1339CFD0FC06},0,TRADE,2976499.0,Amari Cooper,8.0,10.0,2021-11-14
2021,10,859b9d92-9e78-4e08-a5af-01373aa8da8b,5d9ecfcb-378b-4ea9-8659-60be79edcf1c,TRADE_PROPOSAL,CANCELED,8,{00408013-39CF-40FC-8080-1339CFD0FC06},0,TRADE,2577417.0,Dak Prescott,8.0,10.0,2021-11-14
2021,10,859b9d92-9e78-4e08-a5af-01373aa8da8b,5d9ecfcb-378b-4ea9-8659-60be79edcf1c,TRADE_PROPOSAL,CANCELED,8,{00408013-39CF-40FC-8080-1339CFD0FC06},0,TRADE,3042519.0,Aaron Jones,10.0,8.0,2021-11-14
2021,10,ffdb3d8c-3e75-41fc-a1ba-2c700bd99fd7,,FREEAGENT,EXECUTED,1,{C1E09685-96D1-4750-BA21-8BE16D3BF7CA},0,ADD,14924.0,T.Y. Hilton,0.0,1.0,2021-11-10
2021,10,b06a7048-15ce-474b-aad0-5c3fe481e93d,,FREEAGENT,EXECUTED,8,{00408013-39CF-40FC-8080-1339CFD0FC06},0,ADD,14876.0,Ryan Tannehill,0.0,8.0,2021-11-14
2021,10,b06a7048-15ce-474b-aad0-5c3fe481e93d,,FREEAGENT,EXECUTED,8,{00408013-39CF-40FC-8080-1339CFD0FC06},0,DROP,4241416.0,Chuba Hubbard,8.0,0.0,2021-11-14
2021,10,585070d0-e047-48c7-b864-9cc173b84f1d,,TRADE_PROPOSAL,PENDING,10,{2C8A1B87-268B-45A5-A0E5-C4A3F61C9BC2},0,TRADE,4240657.0,Michael Carter,5.0,10.0,2021-11-09
2021,10,585070d0-e047-48c7-b864-9cc173b84f1d,,TRADE_PROPOSAL,PENDING,10,{2C8A1B87-268B-45A5-A0E5-C4A3F61C9BC2},0,TRADE,14881.0,Russell Wilson,5.0,10.0,2021-11-09
2021,10,585070d0-e047-48c7-b864-9cc173b84f1d,,TRADE_PROPOSAL,PENDING,10,{2C8A1B87-268B-45A5-A0E5-C4A3F61C9BC2},0,TRADE,3042519.0,Aaron Jones,10.0,5.0,2021-11-09
2021,10,585070d0-e047-48c7-b864-9cc173b84f1d,,TRADE_PROPOSAL,PENDING,10,{2C8A1B87-268B-45A5-A0E5-C4A3F61C9BC2},0,DROP,2576716.0,Jamison Crowder,10.0,0.0,2021-11-09
2021,10,bc5dcd3c-d70c-4903-b3c9-594d3c07f2ef,b4a50a05-fdd5-4807-8cb2-17f4b716afa8,TRADE_PROPOSAL,CANCELED,1,{C1E09685-96D1-4750-BA21-8BE16D3BF7CA},0,TRADE,13981.0,Mark Ingram II,1.0,6.0,2021-11-10
2021,10,bc5dcd3c-d70c-4903-b3c9-594d3c07f2ef,b4a50a05-fdd5-4807-8cb2-17f4b716afa8,TRADE_PROPOSAL,CANCELED,1,{C1E09685-96D1-4750-BA21-8BE16D3BF7CA},0,TRADE,-16002.0,Bills D/ST,6.0,1.0,2021-11-10
2021,10,6d9414a4-d2f1-4b9d-9da7-4ef298229d32,,ROSTER,EXECUTED,1,{C1E09685-96D1-4750-BA21-8BE16D3BF7CA},0,DROP,4038818.0,Bryan Edwards,1.0,0.0,2021-11-09
2021,10,8924733d-36ed-4509-821e-f48e6d14cc67,,TRADE_PROPOSAL,PENDING,8,{00408013-39CF-40FC-8080-1339CFD0FC06},0,TRADE,2577417.0,Dak Prescott,8.0,10.0,2021-11-10
2021,10,8924733d-36ed-4509-821e-f48e6d14cc67,,TRADE_PROPOSAL,PENDING,8,{00408013-39CF-40FC-8080-1339CFD0FC06},0,TRADE,3042519.0,Aaron Jones,10.0,8.0,2021-11-10
2021,10,cd33499a-b8a3-4b8f-8cfe-44f506cbda22,,FREEAGENT,EXECUTED,4,{8242D4C8-FCD1-4A28-9373-CD282687A8E7},0,ADD,15478.0,Brandon Bolden,0.0,4.0,2021-11-10
2021,10,cd33499a-b8a3-4b8f-8cfe-44f506cbda22,,FREEAGENT,EXECUTED,4,{8242D4C8-FCD1-4A28-9373-CD282687A8E7},0,DROP,14163.0,Tyrod Taylor,4.0,0.0,2021-11-10
2021,10,25d8bba7-20f7-4ff2-aae3-9bb2cd89ce86,641bcf81-a2c8-42c9-848b-795da4b3ad4e,TRADE_DECLINE,EXECUTED,8,{00408013-39CF-40FC-8080-1339CFD0FC06},0,,,,,,2021-11-11
2021,10,35c52bd6-e394-406c-9728-f6e86974cb7b,6073bd0f-3167-4a32-b880-65a409ca76c1,TRADE_PROPOSAL,CANCELED,8,{00408013-39CF-40FC-8080-1339CFD0FC06},0,TRADE,3128720.0,Nick Chubb,10.0,8.0,2021-11-10
2021,10,35c52bd6-e394-406c-9728-f6e86974cb7b,6073bd0f-3167-4a32-b880-65a409ca76c1,TRADE_PROPOSAL,CANCELED,8,{00408013-39CF-40FC-8080-1339CFD0FC06},0,TRADE,14876.0,Ryan Tannehill,8.0,10.0,2021-11-10
2021,10,35c52bd6-e394-406c-9728-f6e86974cb7b,6073bd0f-3167-4a32-b880-65a409ca76c1,TRADE_PROPOSAL,CANCELED,8,{00408013-39CF-40FC-8080-1339CFD0FC06},0,TRADE,13934.0,Antonio Brown,8.0,10.0,2021-11-10
2021,10,6073bd0f-3167-4a32-b880-65a409ca76c1,,TRADE_PROPOSAL,PENDING,8,{00408013-39CF-40FC-8080-1339CFD0FC06},0,TRADE,3128720.0,Nick Chubb,10.0,8.0,2021-11-10
2021,10,6073bd0f-3167-4a32-b880-65a409ca76c1,,TRADE_PROPOSAL,PENDING,8,{00408013-39CF-40FC-8080-1339CFD0FC06},0,TRADE,14876.0,Ryan Tannehill,8.0,10.0,2021-11-10
2021,10,6073bd0f-3167-4a32-b880-65a409ca76c1,,TRADE_PROPOSAL,PENDING,8,{00408013-39CF-40FC-8080-1339CFD0FC06},0,TRADE,13934.0,Antonio Brown,8.0,10.0,2021-11-10
2021,10,0fbf95ff-2086-45fb-99fb-22766d037f92,,FREEAGENT,EXECUTED,10,{2C8A1B87-268B-45A5-A0E5-C4A3F61C9BC2},0,ADD,3128721.0,Sony Michel,0.0,10.0,2021-11-14
2021,10,0fbf95ff-2086-45fb-99fb-22766d037f92,,FREEAGENT,EXECUTED,10,{2C8A1B87-268B-45A5-A0E5-C4A3F61C9BC2},0,DROP,4362887.0,Justin Fields,10.0,0.0,2021-11-14
2021,10,1ee4794f-8523-4ec8-87cf-7634392a0af2,,TRADE_PROPOSAL,PENDING,8,{00408013-39CF-40FC-8080-1339CFD0FC06},0,TRADE,4036348.0,Michael Gallup,8.0,10.0,2021-11-14
2021,10,1ee4794f-8523-4ec8-87cf-7634392a0af2,,TRADE_PROPOSAL,PENDING,8,{00408013-39CF-40FC-8080-1339CFD0FC06},0,TRADE,4039359.0,Darrell Henderson Jr.,10.0,8.0,2021-11-14
2021,10,1ee4794f-8523-4ec8-87cf-7634392a0af2,,TRADE_PROPOSAL,PENDING,8,{00408013-39CF-40FC-8080-1339CFD0FC06},0,TRADE,2577417.0,Dak Prescott,8.0,10.0,2021-11-14
2021,10,515a0947-2f00-44bf-8151-b8f38d55485e,,ROSTER,EXECUTED,10,{2C8A1B87-268B-45A5-A0E5-C4A3F61C9BC2},0,DROP,5536.0,Ben Roethlisberger,10.0,0.0,2021-11-14
2021,10,5d9ecfcb-378b-4ea9-8659-60be79edcf1c,,TRADE_PROPOSAL,PENDING,8,{00408013-39CF-40FC-8080-1339CFD0FC06},0,TRADE,2976499.0,Amari Cooper,8.0,10.0,2021-11-14
2021,10,5d9ecfcb-378b-4ea9-8659-60be79edcf1c,,TRADE_PROPOSAL,PENDING,8,{00408013-39CF-40FC-8080-1339CFD0FC06},0,TRADE,2577417.0,Dak Prescott,8.0,10.0,2021-11-14
2021,10,5d9ecfcb-378b-4ea9-8659-60be79edcf1c,,TRADE_PROPOSAL,PENDING,8,{00408013-39CF-40FC-8080-1339CFD0FC06},0,TRADE,3042519.0,Aaron Jones,10.0,8.0,2021-11-14
2021,10,ede85e4e-891a-4d52-901b-ce1c3f8e927d,,WAIVER,PENDING,10,{2C8A1B87-268B-45A5-A0E5-C4A3F61C9BC2},8,ADD,4241479.0,Tua Tagovailoa,0.0,10.0,2021-11-10
2021,10,ede85e4e-891a-4d52-901b-ce1c3f8e927d,,WAIVER,PENDING,10,{2C8A1B87-268B-45A5-A0E5-C4A3F61C9BC2},8,DROP,2576716.0,Jamison Crowder,10.0,0.0,2021-11-10
2021,10,223d48b4-7247-414a-9b2d-2afa22e14eaf,,ROSTER,EXECUTED,14,{C2BAB8A3-9ED5-425C-BAB8-A39ED5B25CC2},0,DROP,3045144.0,Tyler Boyd,14.0,0.0,2021-11-09
2021,10,db39880e-b60e-4c70-824a-3e799bba7eed,2712500f-86b2-4465-93e3-bf3a5f38f6b2,WAIVER,FAILED_PLAYERALREADYDROPPED,3,NightlyLeagueUpdateTaskProcessor,9,ADD,3916430.0,Nyheim Hines,0.0,3.0,2021-11-10
2021,10,db39880e-b60e-4c70-824a-3e799bba7eed,2712500f-86b2-4465-93e3-bf3a5f38f6b2,WAIVER,FAILED_PLAYERALREADYDROPPED,3,NightlyLeagueUpdateTaskProcessor,9,DROP,2982828.0,Tajae Sharpe,3.0,0.0,2021-11-10
2021,10,90c58168-4693-4bfb-aa4e-e33996400efb,,ROSTER,EXECUTED,7,{430447A7-381F-4E40-AD53-6A9C1F157A25},0,DROP,3917792.0,Daniel Jones,7.0,0.0,2021-11-10
2021,10,19abca36-5c33-49b9-b20e-903b7eb177f7,,TRADE_PROPOSAL,PENDING,8,{00408013-39CF-40FC-8080-1339CFD0FC06},0,TRADE,3139602.0,D'Ernest Johnson,8.0,10.0,2021-11-14
2021,10,19abca36-5c33-49b9-b20e-903b7eb177f7,,TRADE_PROPOSAL,PENDING,8,{00408013-39CF-40FC-8080-1339CFD0FC06},0,TRADE,2577417.0,Dak Prescott,8.0,10.0,2021-11-14
2021,10,19abca36-5c33-49b9-b20e-903b7eb177f7,,TRADE_PROPOSAL,PENDING,8,{00408013-39CF-40FC-8080-1339CFD0FC06},0,TRADE,3042519.0,Aaron Jones,10.0,8.0,2021-11-14
2021,10,934ea7d5-2259-4695-92a0-3fe41c3e9f05,,FREEAGENT,EXECUTED,2,{EC970810-E14F-4307-8FA6-3BAE92CC1B4E},0,ADD,3122866.0,Devontae Booker,0.0,2.0,2021-11-15
2021,10,934ea7d5-2259-4695-92a0-3fe41c3e9f05,,FREEAGENT,EXECUTED,2,{EC970810-E14F-4307-8FA6-3BAE92CC1B4E},0,DROP,3045144.0,Tyler Boyd,2.0,0.0,2021-11-15
2021,10,6ed8fa9d-24de-41c1-96bc-245eb6711af4,99ce32b4-246d-4220-838f-7df2cd62b952,TRADE_PROPOSAL,CANCELED,10,{2C8A1B87-268B-45A5-A0E5-C4A3F61C9BC2},0,TRADE,16757.0,Derek Carr,6.0,10.0,2021-11-10
2021,10,6ed8fa9d-24de-41c1-96bc-245eb6711af4,99ce32b4-246d-4220-838f-7df2cd62b952,TRADE_PROPOSAL,CANCELED,10,{2C8A1B87-268B-45A5-A0E5-C4A3F61C9BC2},0,TRADE,3134353.0,Tim Patrick,10.0,6.0,2021-11-10
2021,10,ed20f889-ae5d-4f3f-b392-574035773c35,,FREEAGENT,EXECUTED,14,{C2BAB8A3-9ED5-425C-BAB8-A39ED5B25CC2},0,ADD,11283.0,DeSean Jackson,0.0,14.0,2021-11-10
2021,10,ed20f889-ae5d-4f3f-b392-574035773c35,,FREEAGENT,EXECUTED,14,{C2BAB8A3-9ED5-425C-BAB8-A39ED5B25CC2},0,DROP,4372414.0,Elijah Moore,14.0,0.0,2021-11-10
2021,10,775a92f7-bf23-4870-b7d5-5284d55a51d8,e5d4feb7-6d1a-4e82-b333-f8a6d1c7c565,WAIVER,FAILED_AUCTIONBUDGETEXCEEDED,8,NightlyLeagueUpdateTaskProcessor,25,ADD,4360438.0,Brandon Aiyuk,0.0,8.0,2021-11-10
2021,10,775a92f7-bf23-4870-b7d5-5284d55a51d8,e5d4feb7-6d1a-4e82-b333-f8a6d1c7c565,WAIVER,FAILED_AUCTIONBUDGETEXCEEDED,8,NightlyLeagueUpdateTaskProcessor,25,DROP,16777.0,Carlos Hyde,8.0,0.0,2021-11-10
2021,10,4a573904-4782-441d-b358-986b84effe27,97f6e81c-82bb-43a2-9e3b-2507d1857618,WAIVER,EXECUTED,3,NightlyLeagueUpdateTaskProcessor,3,ADD,3051439.0,Boston Scott,0.0,3.0,2021-11-14
2021,10,ac63e2c8-485e-4ebd-9bbc-eb098e8aaa52,,TRADE_PROPOSAL,PENDING,10,{2C8A1B87-268B-45A5-A0E5-C4A3F61C9BC2},0,TRADE,3932905.0,Diontae Johnson,10.0,2.0,2021-11-13
2021,10,ac63e2c8-485e-4ebd-9bbc-eb098e8aaa52,,TRADE_PROPOSAL,PENDING,10,{2C8A1B87-268B-45A5-A0E5-C4A3F61C9BC2},0,TRADE,4259545.0,D'Andre Swift,2.0,10.0,2021-11-13
2021,10,5ddd2c8c-ba46-4475-a630-47c0285bbbdd,,FREEAGENT,EXECUTED,14,{C2BAB8A3-9ED5-425C-BAB8-A39ED5B25CC2},0,ADD,2310331.0,Tyler Johnson,0.0,14.0,2021-11-11
2021,10,5ddd2c8c-ba46-4475-a630-47c0285bbbdd,,FREEAGENT,EXECUTED,14,{C2BAB8A3-9ED5-425C-BAB8-A39ED5B25CC2},0,DROP,11283.0,DeSean Jackson,14.0,0.0,2021-11-11
2021,10,d0e41f00-bb1f-4720-90eb-7aafd379d4c0,4a666172-2952-4168-9351-b16bb04a0fd6,TRADE_DECLINE,EXECUTED,4,{8242D4C8-FCD1-4A28-9373-CD282687A8E7},0,,,,,,2021-11-14
2021,10,90212750-f00f-4ce4-ad79-d81fb7f53c3c,0daa5560-24a1-48de-852e-ec130352ea37,WAIVER,EXECUTED,4,NightlyLeagueUpdateTaskProcessor,6,ADD,-16033.0,Ravens D/ST,0.0,4.0,2021-11-10
2021,10,90212750-f00f-4ce4-ad79-d81fb7f53c3c,0daa5560-24a1-48de-852e-ec130352ea37,WAIVER,EXECUTED,4,NightlyLeagueUpdateTaskProcessor,6,DROP,-16003.0,Bears D/ST,4.0,0.0,2021-11-10
2021,10,25cf9d64-da90-4b51-b495-f92ed119d3f7,,FREEAGENT,EXECUTED,1,{C1E09685-96D1-4750-BA21-8BE16D3BF7CA},0,ADD,-16009.0,Packers D/ST,0.0,1.0,2021-11-10
2021,10,655127b0-4760-4b56-8940-e84457dba00b,585070d0-e047-48c7-b864-9cc173b84f1d,TRADE_DECLINE,EXECUTED,5,{77F704CF-0C76-4984-9A71-8BD39511C19F},0,,,,,,2021-11-10
2021,10,f6095f8e-fa7c-43d5-b6e4-9a9d80c59bb1,98335663-2977-4f95-be66-a6467b4dae52,TRADE_UPHOLD,EXECUTED,10,{C1E09685-96D1-4750-BA21-8BE16D3BF7CA},0,,,,,,2021-11-14
2021,10,acec6aa1-3e4c-42a6-b418-4aeead26a244,,TRADE_PROPOSAL,PENDING,3,{C52D799E-6C1C-44B9-8371-9B6AF857D8E8},0,TRADE,13295.0,Emmanuel Sanders,3.0,10.0,2021-11-10
2021,10,acec6aa1-3e4c-42a6-b418-4aeead26a244,,TRADE_PROPOSAL,PENDING,3,{C52D799E-6C1C-44B9-8371-9B6AF857D8E8},0,TRADE,2330.0,Tom Brady,3.0,10.0,2021-11-10
2021,10,acec6aa1-3e4c-42a6-b418-4aeead26a244,,TRADE_PROPOSAL,PENDING,3,{C52D799E-6C1C-44B9-8371-9B6AF857D8E8},0,TRADE,2977187.0,Cooper Kupp,10.0,3.0,2021-11-10
2021,10,6075cff1-cd85-44d4-961e-b6185f3766d2,,FREEAGENT,EXECUTED,8,{00408013-39CF-40FC-8080-1339CFD0FC06},0,ADD,4258195.0,Donovan Peoples-Jones,0.0,8.0,2021-11-11
2021,10,6075cff1-cd85-44d4-961e-b6185f3766d2,,FREEAGENT,EXECUTED,8,{00408013-39CF-40FC-8080-1339CFD0FC06},0,DROP,14876.0,Ryan Tannehill,8.0,0.0,2021-11-11
2021,10,6be8fe79-b252-46a8-8d41-0c5a5e8aa4dc,584325b3-56ba-4eac-8e1c-6e445cf26afd,WAIVER,FAILED_ROSTERLIMIT,12,NightlyLeagueUpdateTaskProcessor,1,ADD,3127586.0,Jeremy McNichols,0.0,12.0,2021-11-10
2021,10,d4244592-2b40-495d-91d7-f14f83442855,,FREEAGENT,EXECUTED,2,{EC970810-E14F-4307-8FA6-3BAE92CC1B4E},0,ADD,3045144.0,Tyler Boyd,0.0,2.0,2021-11-13
2021,10,d4244592-2b40-495d-91d7-f14f83442855,,FREEAGENT,EXECUTED,2,{EC970810-E14F-4307-8FA6-3BAE92CC1B4E},0,DROP,15880.0,Robert Woods,2.0,0.0,2021-11-13
2021,10,6d2d2c04-f32a-4299-9ce8-6f2b2f8971d2,1277e70f-7fb2-484e-a80e-d581f3d8cfd7,TRADE_PROPOSAL,CANCELED,3,{C52D799E-6C1C-44B9-8371-9B6AF857D8E8},0,TRADE,2573079.0,Carson Wentz,3.0,4.0,2021-11-10
2021,10,6d2d2c04-f32a-4299-9ce8-6f2b2f8971d2,1277e70f-7fb2-484e-a80e-d581f3d8cfd7,TRADE_PROPOSAL,CANCELED,3,{C52D799E-6C1C-44B9-8371-9B6AF857D8E8},0,TRADE,3115364.0,Leonard Fournette,4.0,3.0,2021-11-10
2021,10,af45be03-f137-4037-8f8b-eab83a529979,c0a6f93f-437a-4b0d-ba81-33920d77263c,WAIVER,EXECUTED,3,NightlyLeagueUpdateTaskProcessor,25,ADD,16944.0,Devonta Freeman,0.0,3.0,2021-11-10
2021,10,af45be03-f137-4037-8f8b-eab83a529979,c0a6f93f-437a-4b0d-ba81-33920d77263c,WAIVER,EXECUTED,3,NightlyLeagueUpdateTaskProcessor,25,DROP,2982828.0,Tajae Sharpe,3.0,0.0,2021-11-10
2021,10,7a8f5f39-4288-4016-b659-69243e874dad,,FREEAGENT,EXECUTED,7,{430447A7-381F-4E40-AD53-6A9C1F157A25},0,ADD,3930066.0,Van Jefferson,0.0,7.0,2021-11-13
2021,10,7a8f5f39-4288-4016-b659-69243e874dad,,FREEAGENT,EXECUTED,7,{430447A7-381F-4E40-AD53-6A9C1F157A25},0,DROP,-16017.0,Patriots D/ST,7.0,0.0,2021-11-13
2021,10,543c73c2-bb22-4a40-b1e9-803d56f6a0eb,,FREEAGENT,EXECUTED,8,{00408013-39CF-40FC-8080-1339CFD0FC06},0,ADD,4242873.0,Eno Benjamin,0.0,8.0,2021-11-14
2021,10,64f1f07c-f668-4936-b0c8-ed141534346a,,TRADE_PROPOSAL,PENDING,14,{C2BAB8A3-9ED5-425C-BAB8-A39ED5B25CC2},0,TRADE,3046409.0,Alex Collins,14.0,10.0,2021-11-11
2021,10,64f1f07c-f668-4936-b0c8-ed141534346a,,TRADE_PROPOSAL,PENDING,14,{C2BAB8A3-9ED5-425C-BAB8-A39ED5B25CC2},0,TRADE,3139477.0,Patrick Mahomes,14.0,10.0,2021-11-11
2021,10,64f1f07c-f668-4936-b0c8-ed141534346a,,TRADE_PROPOSAL,PENDING,14,{C2BAB8A3-9ED5-425C-BAB8-A39ED5B25CC2},0,TRADE,3919596.0,Chris Carson,14.0,10.0,2021-11-11
2021,10,64f1f07c-f668-4936-b0c8-ed141534346a,,TRADE_PROPOSAL,PENDING,14,{C2BAB8A3-9ED5-425C-BAB8-A39ED5B25CC2},0,TRADE,2977187.0,Cooper Kupp,10.0,14.0,2021-11-11
2021,10,8d661334-2212-4d67-82c0-711406f89460,ede85e4e-891a-4d52-901b-ce1c3f8e927d,WAIVER,EXECUTED,10,NightlyLeagueUpdateTaskProcessor,8,ADD,4241479.0,Tua Tagovailoa,0.0,10.0,2021-11-10
2021,10,8d661334-2212-4d67-82c0-711406f89460,ede85e4e-891a-4d52-901b-ce1c3f8e927d,WAIVER,EXECUTED,10,NightlyLeagueUpdateTaskProcessor,8,DROP,2576716.0,Jamison Crowder,10.0,0.0,2021-11-10
2021,10,1f223878-2e6d-4d39-a991-02373d9df36b,,FREEAGENT,EXECUTED,8,{00408013-39CF-40FC-8080-1339CFD0FC06},0,ADD,16728.0,Teddy Bridgewater,0.0,8.0,2021-11-14
2021,10,a00fff8e-206a-4069-96ab-bfde478f4824,,FREEAGENT,EXECUTED,4,{8242D4C8-FCD1-4A28-9373-CD282687A8E7},0,ADD,3127586.0,Jeremy McNichols,0.0,4.0,2021-11-10
2021,10,a00fff8e-206a-4069-96ab-bfde478f4824,,FREEAGENT,EXECUTED,4,{8242D4C8-FCD1-4A28-9373-CD282687A8E7},0,DROP,3116389.0,Samaje Perine,4.0,0.0,2021-11-10
2021,10,af6ad27c-8432-4ca2-b1c6-091d2060787b,b88051e3-3fc9-43a7-a083-4fac520181d1,TRADE_PROPOSAL,CANCELED,10,{00408013-39CF-40FC-8080-1339CFD0FC06},0,TRADE,2577417.0,Dak Prescott,8.0,10.0,2021-11-09
2021,10,af6ad27c-8432-4ca2-b1c6-091d2060787b,b88051e3-3fc9-43a7-a083-4fac520181d1,TRADE_PROPOSAL,CANCELED,10,{00408013-39CF-40FC-8080-1339CFD0FC06},0,TRADE,15818.0,Keenan Allen,8.0,10.0,2021-11-09
2021,10,af6ad27c-8432-4ca2-b1c6-091d2060787b,b88051e3-3fc9-43a7-a083-4fac520181d1,TRADE_PROPOSAL,CANCELED,10,{00408013-39CF-40FC-8080-1339CFD0FC06},0,TRADE,3042519.0,Aaron Jones,10.0,8.0,2021-11-09
2021,10,af6ad27c-8432-4ca2-b1c6-091d2060787b,b88051e3-3fc9-43a7-a083-4fac520181d1,TRADE_PROPOSAL,CANCELED,10,{00408013-39CF-40FC-8080-1339CFD0FC06},0,DROP,3025433.0,Mike Davis,10.0,0.0,2021-11-09
2021,10,1675eb11-6e27-41ed-97fb-dbf4d311acff,3b0b5626-d004-4478-8858-18b4b4848806,TRADE_PROPOSAL,CANCELED,8,{00408013-39CF-40FC-8080-1339CFD0FC06},0,TRADE,3139602.0,D'Ernest Johnson,8.0,1.0,2021-11-12
2021,10,1675eb11-6e27-41ed-97fb-dbf4d311acff,3b0b5626-d004-4478-8858-18b4b4848806,TRADE_PROPOSAL,CANCELED,8,{00408013-39CF-40FC-8080-1339CFD0FC06},0,TRADE,2576434.0,Melvin Gordon III,1.0,8.0,2021-11-12
2021,10,1675eb11-6e27-41ed-97fb-dbf4d311acff,3b0b5626-d004-4478-8858-18b4b4848806,TRADE_PROPOSAL,CANCELED,8,{00408013-39CF-40FC-8080-1339CFD0FC06},0,TRADE,16733.0,Odell Beckham Jr.,1.0,8.0,2021-11-12
2021,10,1675eb11-6e27-41ed-97fb-dbf4d311acff,3b0b5626-d004-4478-8858-18b4b4848806,TRADE_PROPOSAL,CANCELED,8,{00408013-39CF-40FC-8080-1339CFD0FC06},0,TRADE,3128429.0,Courtland Sutton,8.0,1.0,2021-11-12
2021,10,3c2ff406-b043-4ceb-b7e5-66ba54f6fa61,,FREEAGENT,EXECUTED,14,{C2BAB8A3-9ED5-425C-BAB8-A39ED5B25CC2},0,ADD,4039607.0,J.J. Taylor,0.0,14.0,2021-11-13
2021,10,3c2ff406-b043-4ceb-b7e5-66ba54f6fa61,,FREEAGENT,EXECUTED,14,{C2BAB8A3-9ED5-425C-BAB8-A39ED5B25CC2},0,DROP,3051439.0,Boston Scott,14.0,0.0,2021-11-13
2021,10,ca88a52a-5559-47b2-af6d-eb1b8cdd1ac3,,FREEAGENT,EXECUTED,14,{C2BAB8A3-9ED5-425C-BAB8-A39ED5B25CC2},0,ADD,4372414.0,Elijah Moore,0.0,14.0,2021-11-10
2021,10,ca88a52a-5559-47b2-af6d-eb1b8cdd1ac3,,FREEAGENT,EXECUTED,14,{C2BAB8A3-9ED5-425C-BAB8-A39ED5B25CC2},0,DROP,11283.0,DeSean Jackson,14.0,0.0,2021-11-10
2021,10,fa1570b6-5106-49bb-a764-9820b77e0c47,,ROSTER,EXECUTED,13,{85A6A0E4-D846-4046-B7F8-487FAD9165E0},0,LINEUP,4036131.0,Noah Fant,0.0,0.0,2021-11-09
2021,10,fa1570b6-5106-49bb-a764-9820b77e0c47,,ROSTER,EXECUTED,13,{85A6A0E4-D846-4046-B7F8-487FAD9165E0},0,DROP,-16013.0,Raiders D/ST,13.0,0.0,2021-11-09
2021,10,04b15168-a020-47b1-8c9d-604d14e96853,f0b34827-675b-44f7-979d-d4da659ecab5,WAIVER,CANCELED,3,{C52D799E-6C1C-44B9-8371-9B6AF857D8E8},0,ADD,4241479.0,Tua Tagovailoa,0.0,3.0,2021-11-09
2021,10,04b15168-a020-47b1-8c9d-604d14e96853,f0b34827-675b-44f7-979d-d4da659ecab5,WAIVER,CANCELED,3,{C52D799E-6C1C-44B9-8371-9B6AF857D8E8},0,DROP,4371733.0,Kenneth Gainwell,3.0,0.0,2021-11-09
2021,10,1b4ab51c-e6e4-4192-aa20-149945a2e997,dc8c463b-9384-48b3-b59c-45763479b1bd,TRADE_PROPOSAL,CANCELED,14,{C2BAB8A3-9ED5-425C-BAB8-A39ED5B25CC2},0,TRADE,15349.0,Cole Beasley,14.0,10.0,2021-11-11
2021,10,1b4ab51c-e6e4-4192-aa20-149945a2e997,dc8c463b-9384-48b3-b59c-45763479b1bd,TRADE_PROPOSAL,CANCELED,14,{C2BAB8A3-9ED5-425C-BAB8-A39ED5B25CC2},0,TRADE,3139477.0,Patrick Mahomes,14.0,10.0,2021-11-11
2021,10,1b4ab51c-e6e4-4192-aa20-149945a2e997,dc8c463b-9384-48b3-b59c-45763479b1bd,TRADE_PROPOSAL,CANCELED,14,{C2BAB8A3-9ED5-425C-BAB8-A39ED5B25CC2},0,TRADE,2977187.0,Cooper Kupp,10.0,14.0,2021-11-11
2021,10,b8b65c99-8912-4e59-ac5a-c370c26f9d63,28ca1329-4879-431a-9d34-e7803bb3776c,WAIVER,EXECUTED,10,NightlyLeagueUpdateTaskProcessor,2,ADD,4362887.0,Justin Fields,0.0,10.0,2021-11-10
2021,10,b8b65c99-8912-4e59-ac5a-c370c26f9d63,28ca1329-4879-431a-9d34-e7803bb3776c,WAIVER,EXECUTED,10,NightlyLeagueUpdateTaskProcessor,2,DROP,2578570.0,Jacoby Brissett,10.0,0.0,2021-11-10
2021,10,69996d49-73d5-4ba9-a473-0fb11f3bd538,,TRADE_PROPOSAL,PENDING,10,{2C8A1B87-268B-45A5-A0E5-C4A3F61C9BC2},0,TRADE,4038941.0,Justin Herbert,6.0,10.0,2021-11-12
2021,10,69996d49-73d5-4ba9-a473-0fb11f3bd538,,TRADE_PROPOSAL,PENDING,10,{2C8A1B87-268B-45A5-A0E5-C4A3F61C9BC2},0,TRADE,4241389.0,CeeDee Lamb,6.0,10.0,2021-11-12
2021,10,69996d49-73d5-4ba9-a473-0fb11f3bd538,,TRADE_PROPOSAL,PENDING,10,{2C8A1B87-268B-45A5-A0E5-C4A3F61C9BC2},0,TRADE,3042519.0,Aaron Jones,10.0,6.0,2021-11-12
2021,10,69996d49-73d5-4ba9-a473-0fb11f3bd538,,TRADE_PROPOSAL,PENDING,10,{2C8A1B87-268B-45A5-A0E5-C4A3F61C9BC2},0,DROP,4362887.0,Justin Fields,10.0,0.0,2021-11-12
2021,10,8d61122b-9c25-4330-af81-adde1caf62fe,585070d0-e047-48c7-b864-9cc173b84f1d,TRADE_PROPOSAL,CANCELED,10,{77F704CF-0C76-4984-9A71-8BD39511C19F},0,TRADE,4240657.0,Michael Carter,5.0,10.0,2021-11-10
2021,10,8d61122b-9c25-4330-af81-adde1caf62fe,585070d0-e047-48c7-b864-9cc173b84f1d,TRADE_PROPOSAL,CANCELED,10,{77F704CF-0C76-4984-9A71-8BD39511C19F},0,TRADE,14881.0,Russell Wilson,5.0,10.0,2021-11-10
2021,10,8d61122b-9c25-4330-af81-adde1caf62fe,585070d0-e047-48c7-b864-9cc173b84f1d,TRADE_PROPOSAL,CANCELED,10,{77F704CF-0C76-4984-9A71-8BD39511C19F},0,TRADE,3042519.0,Aaron Jones,10.0,5.0,2021-11-10
2021,10,8d61122b-9c25-4330-af81-adde1caf62fe,585070d0-e047-48c7-b864-9cc173b84f1d,TRADE_PROPOSAL,CANCELED,10,{77F704CF-0C76-4984-9A71-8BD39511C19F},0,DROP,2576716.0,Jamison Crowder,10.0,0.0,2021-11-10
2021,10,e3e83fcd-9c9e-4fc9-b6d4-e7430df5a950,73afa5b7-5896-4245-bc09-4c48ed6be892,WAIVER,FAILED_INVALIDPLAYERSOURCE,5,NightlyLeagueUpdateTaskProcessor,4,ADD,4360438.0,Brandon Aiyuk,0.0,5.0,2021-11-10
2021,10,e3e83fcd-9c9e-4fc9-b6d4-e7430df5a950,73afa5b7-5896-4245-bc09-4c48ed6be892,WAIVER,FAILED_INVALIDPLAYERSOURCE,5,NightlyLeagueUpdateTaskProcessor,4,DROP,4372485.0,Rondale Moore,5.0,0.0,2021-11-10
2021,10,fe15c774-a1be-4617-b495-1ea49e331a9b,5f5bf0f1-4c53-4779-b05f-a0e3af8bc955,TRADE_DECLINE,EXECUTED,8,{00408013-39CF-40FC-8080-1339CFD0FC06},0,,,,,,2021-11-14
2021,10,2e495b45-a7d8-4a20-a7e8-e3002940ef00,f0a16163-0388-4a24-bc03-75a2297370bc,TRADE_PROPOSAL,CANCELED,7,{430447A7-381F-4E40-AD53-6A9C1F157A25},0,TRADE,3895856.0,Christian Kirk,7.0,1.0,2021-11-10
2021,10,2e495b45-a7d8-4a20-a7e8-e3002940ef00,f0a16163-0388-4a24-bc03-75a2297370bc,TRADE_PROPOSAL,CANCELED,7,{430447A7-381F-4E40-AD53-6A9C1F157A25},0,TRADE,4048244.0,Alexander Mattison,1.0,7.0,2021-11-10
2021,10,cf6cc90f-d1fb-43aa-b3a9-d32c99f82d39,69996d49-73d5-4ba9-a473-0fb11f3bd538,TRADE_PROPOSAL,CANCELED,10,{00408013-39CF-40FC-8080-1339CFD0FC06},0,TRADE,4038941.0,Justin Herbert,6.0,10.0,2021-11-14
2021,10,cf6cc90f-d1fb-43aa-b3a9-d32c99f82d39,69996d49-73d5-4ba9-a473-0fb11f3bd538,TRADE_PROPOSAL,CANCELED,10,{00408013-39CF-40FC-8080-1339CFD0FC06},0,TRADE,4241389.0,CeeDee Lamb,6.0,10.0,2021-11-14
2021,10,cf6cc90f-d1fb-43aa-b3a9-d32c99f82d39,69996d49-73d5-4ba9-a473-0fb11f3bd538,TRADE_PROPOSAL,CANCELED,10,{00408013-39CF-40FC-8080-1339CFD0FC06},0,TRADE,3042519.0,Aaron Jones,10.0,6.0,2021-11-14
2021,10,cf6cc90f-d1fb-43aa-b3a9-d32c99f82d39,69996d49-73d5-4ba9-a473-0fb11f3bd538,TRADE_PROPOSAL,CANCELED,10,{00408013-39CF-40FC-8080-1339CFD0FC06},0,DROP,4362887.0,Justin Fields,10.0,0.0,2021-11-14
2021,10,99ce32b4-246d-4220-838f-7df2cd62b952,,TRADE_PROPOSAL,PENDING,10,{2C8A1B87-268B-45A5-A0E5-C4A3F61C9BC2},0,TRADE,16757.0,Derek Carr,6.0,10.0,2021-11-09
2021,10,99ce32b4-246d-4220-838f-7df2cd62b952,,TRADE_PROPOSAL,PENDING,10,{2C8A1B87-268B-45A5-A0E5-C4A3F61C9BC2},0,TRADE,3134353.0,Tim Patrick,10.0,6.0,2021-11-09
2021,10,539783bb-347c-458e-8beb-99c46491e8f5,98335663-2977-4f95-be66-a6467b4dae52,TRADE_ACCEPT,EXECUTED,10,{C1E09685-96D1-4750-BA21-8BE16D3BF7CA},0,TRADE,3042519.0,Aaron Jones,10.0,8.0,2021-11-14
2021,10,539783bb-347c-458e-8beb-99c46491e8f5,98335663-2977-4f95-be66-a6467b4dae52,TRADE_ACCEPT,EXECUTED,10,{C1E09685-96D1-4750-BA21-8BE16D3BF7CA},0,TRADE,15818.0,Keenan Allen,8.0,10.0,2021-11-14
2021,10,539783bb-347c-458e-8beb-99c46491e8f5,98335663-2977-4f95-be66-a6467b4dae52,TRADE_ACCEPT,EXECUTED,10,{C1E09685-96D1-4750-BA21-8BE16D3BF7CA},0,TRADE,2577417.0,Dak Prescott,8.0,10.0,2021-11-14
2021,10,539783bb-347c-458e-8beb-99c46491e8f5,98335663-2977-4f95-be66-a6467b4dae52,TRADE_ACCEPT,EXECUTED,10,{C1E09685-96D1-4750-BA21-8BE16D3BF7CA},0,DROP,4360310.0,Trevor Lawrence,10.0,0.0,2021-11-14
2021,10,b47e9dbc-d1df-492b-9aa9-a363d3b4ea15,0ab3d28f-e6d2-4198-8768-6d7a04878180,TRADE_ACCEPT,,3,{C52D799E-6C1C-44B9-8371-9B6AF857D8E8},0,,,,,,2021-11-10
2021,10,6be1546b-1d7d-4932-8dba-eb740e53b009,,FREEAGENT,EXECUTED,14,{C2BAB8A3-9ED5-425C-BAB8-A39ED5B25CC2},0,ADD,4372414.0,Elijah Moore,0.0,14.0,2021-11-10
2021,10,77b8044d-1f26-4444-99e8-7e5ea36bc32c,6f1d1eb0-8b13-4775-b134-454fc9c4579e,TRADE_PROPOSAL,CANCELED,8,{00408013-39CF-40FC-8080-1339CFD0FC06},0,TRADE,3128429.0,Courtland Sutton,8.0,1.0,2021-11-11
2021,10,77b8044d-1f26-4444-99e8-7e5ea36bc32c,6f1d1eb0-8b13-4775-b134-454fc9c4579e,TRADE_PROPOSAL,CANCELED,8,{00408013-39CF-40FC-8080-1339CFD0FC06},0,TRADE,3139602.0,D'Ernest Johnson,8.0,1.0,2021-11-11
2021,10,77b8044d-1f26-4444-99e8-7e5ea36bc32c,6f1d1eb0-8b13-4775-b134-454fc9c4579e,TRADE_PROPOSAL,CANCELED,8,{00408013-39CF-40FC-8080-1339CFD0FC06},0,TRADE,3925347.0,Damien Harris,1.0,8.0,2021-11-11
2021,10,77b8044d-1f26-4444-99e8-7e5ea36bc32c,6f1d1eb0-8b13-4775-b134-454fc9c4579e,TRADE_PROPOSAL,CANCELED,8,{00408013-39CF-40FC-8080-1339CFD0FC06},0,TRADE,16733.0,Odell Beckham Jr.,1.0,8.0,2021-11-11
2021,10,40c908fe-10d1-4ccd-9ccd-63c6e71e4f5a,5e4137c6-cdd4-41bc-90d3-778ecf843bb4,TRADE_PROPOSAL,CANCELED,3,{C52D799E-6C1C-44B9-8371-9B6AF857D8E8},0,TRADE,2573079.0,Carson Wentz,3.0,10.0,2021-11-10
2021,10,40c908fe-10d1-4ccd-9ccd-63c6e71e4f5a,5e4137c6-cdd4-41bc-90d3-778ecf843bb4,TRADE_PROPOSAL,CANCELED,3,{C52D799E-6C1C-44B9-8371-9B6AF857D8E8},0,TRADE,3932905.0,Diontae Johnson,10.0,3.0,2021-11-10
2021,10,8afcfac7-8d09-46bf-8fa2-a6d875f53c78,faca49dc-5465-4862-8862-e753149b446c,WAIVER,FAILED_AUCTIONBUDGETEXCEEDED,8,NightlyLeagueUpdateTaskProcessor,15,ADD,16944.0,Devonta Freeman,0.0,8.0,2021-11-10
2021,10,8afcfac7-8d09-46bf-8fa2-a6d875f53c78,faca49dc-5465-4862-8862-e753149b446c,WAIVER,FAILED_AUCTIONBUDGETEXCEEDED,8,NightlyLeagueUpdateTaskProcessor,15,DROP,16777.0,Carlos Hyde,8.0,0.0,2021-11-10
2021,10,fbd2bd9d-9465-49bf-9456-099050a5defa,,FREEAGENT,EXECUTED,10,{2C8A1B87-268B-45A5-A0E5-C4A3F61C9BC2},0,ADD,3116407.0,Mason Rudolph,0.0,10.0,2021-11-14
2021,10,8db8892c-6030-4088-8be0-5eebbd9f39db,0ab3d28f-e6d2-4198-8768-6d7a04878180,TRADE_UPHOLD,EXECUTED,7,{C1E09685-96D1-4750-BA21-8BE16D3BF7CA},0,,,,,,2021-11-10
2021,10,2265655e-2754-4285-8257-21cc12744d6f,,ROSTER,EXECUTED,3,{C52D799E-6C1C-44B9-8371-9B6AF857D8E8},0,DROP,13982.0,Julio Jones,3.0,0.0,2021-11-13
2021,11,a7296469-066b-4dcd-88bb-36fac4b30808,,FREEAGENT,EXECUTED,14,{C2BAB8A3-9ED5-425C-BAB8-A39ED5B25CC2},0,ADD,3916945.0,Darius Slayton,0.0,14.0,2021-11-20
2021,11,75991894-e25d-48de-9a5d-9ce33890b43e,c7b93382-1e50-4a42-8b1c-07ff2a666772,WAIVER,EXECUTED,10,NightlyLeagueUpdateTaskProcessor,12,ADD,3125116.0,D'Onta Foreman,0.0,10.0,2021-11-17
2021,11,75991894-e25d-48de-9a5d-9ce33890b43e,c7b93382-1e50-4a42-8b1c-07ff2a666772,WAIVER,EXECUTED,10,NightlyLeagueUpdateTaskProcessor,12,DROP,4241479.0,Tua Tagovailoa,10.0,0.0,2021-11-17
2021,11,9d7624e8-31b5-48fc-b75f-e7b36ee8405a,e375acb9-4141-4925-a7b2-1bde89d4409a,WAIVER,FAILED_PLAYERALREADYDROPPED,5,NightlyLeagueUpdateTaskProcessor,9,ADD,-16025.0,49ers D/ST,0.0,5.0,2021-11-17
2021,11,9d7624e8-31b5-48fc-b75f-e7b36ee8405a,e375acb9-4141-4925-a7b2-1bde89d4409a,WAIVER,FAILED_PLAYERALREADYDROPPED,5,NightlyLeagueUpdateTaskProcessor,9,DROP,-16011.0,Colts D/ST,5.0,0.0,2021-11-17
2021,11,6174ca87-4d76-4405-b2f4-0d25cc3e8bfd,,FREEAGENT,EXECUTED,4,{8242D4C8-FCD1-4A28-9373-CD282687A8E7},0,ADD,3917792.0,Daniel Jones,0.0,4.0,2021-11-19
2021,11,6174ca87-4d76-4405-b2f4-0d25cc3e8bfd,,FREEAGENT,EXECUTED,4,{8242D4C8-FCD1-4A28-9373-CD282687A8E7},0,DROP,4241464.0,Mac Jones,4.0,0.0,2021-11-19
2021,11,5cbbed93-01aa-4928-89ac-65ee277b8f0c,98a18124-942c-48cc-9a73-2f6d61139af1,TRADE_PROPOSAL,CANCELED,14,{C2BAB8A3-9ED5-425C-BAB8-A39ED5B25CC2},0,TRADE,3046409.0,Alex Collins,14.0,1.0,2021-11-19
2021,11,5cbbed93-01aa-4928-89ac-65ee277b8f0c,98a18124-942c-48cc-9a73-2f6d61139af1,TRADE_PROPOSAL,CANCELED,14,{C2BAB8A3-9ED5-425C-BAB8-A39ED5B25CC2},0,TRADE,4262921.0,Justin Jefferson,1.0,14.0,2021-11-19
2021,11,5cbbed93-01aa-4928-89ac-65ee277b8f0c,98a18124-942c-48cc-9a73-2f6d61139af1,TRADE_PROPOSAL,CANCELED,14,{C2BAB8A3-9ED5-425C-BAB8-A39ED5B25CC2},0,TRADE,15349.0,Cole Beasley,14.0,1.0,2021-11-19
2021,11,5cbbed93-01aa-4928-89ac-65ee277b8f0c,98a18124-942c-48cc-9a73-2f6d61139af1,TRADE_PROPOSAL,CANCELED,14,{C2BAB8A3-9ED5-425C-BAB8-A39ED5B25CC2},0,TRADE,3919596.0,Chris Carson,14.0,1.0,2021-11-19
2021,11,556a9476-ed60-4343-b67d-21e1cfa05a3c,,ROSTER,EXECUTED,14,{C2BAB8A3-9ED5-425C-BAB8-A39ED5B25CC2},0,DROP,16799.0,Allen Robinson II,14.0,0.0,2021-11-18
2021,11,af51d8bf-862c-4708-b04b-fa4f92431371,d5af3d76-f0a1-46c4-b425-a58f378ceed2,WAIVER,EXECUTED,7,NightlyLeagueUpdateTaskProcessor,5,ADD,3045127.0,Wayne Gallman,0.0,7.0,2021-11-17
2021,11,f3e62c13-14bd-4839-8c65-e46a11d221b2,,FREEAGENT,EXECUTED,14,{C2BAB8A3-9ED5-425C-BAB8-A39ED5B25CC2},0,ADD,15920.0,Latavius Murray,0.0,14.0,2021-11-17
2021,11,2af5de67-cb99-4980-886c-a685df6f0d0f,9c666ada-6a03-4eb3-a745-ce0c0f05cc97,TRADE_DECLINE,EXECUTED,3,{C52D799E-6C1C-44B9-8371-9B6AF857D8E8},0,,,,,,2021-11-17
2021,11,c681e638-6ff6-4df8-b774-f762197f5ed6,b9d800c4-2e09-479e-a286-13e78578fb5b,WAIVER,CANCELED,12,{91D28B99-9234-408F-ACE7-32AEC03EE9E2},0,ADD,-16017.0,Patriots D/ST,0.0,12.0,2021-11-17
2021,11,c681e638-6ff6-4df8-b774-f762197f5ed6,b9d800c4-2e09-479e-a286-13e78578fb5b,WAIVER,CANCELED,12,{91D28B99-9234-408F-ACE7-32AEC03EE9E2},0,DROP,-16021.0,Eagles D/ST,12.0,0.0,2021-11-17
2021,11,e7ec0bfd-1a5a-4803-a33a-71a2b89dbace,1edfc970-3b91-489d-897c-73e7db9648f5,WAIVER,EXECUTED,14,NightlyLeagueUpdateTaskProcessor,1,ADD,4241479.0,Tua Tagovailoa,0.0,14.0,2021-11-18
2021,11,c431b947-630f-4b82-bdda-6b17ce70ff45,,ROSTER,EXECUTED,14,{C2BAB8A3-9ED5-425C-BAB8-A39ED5B25CC2},0,DROP,3919596.0,Chris Carson,14.0,0.0,2021-11-19
2021,11,493bb67e-ebe6-4393-901d-436549e83fb4,43a55f5b-8c06-4cac-bdc7-fe29257ee4dd,TRADE_UPHOLD,EXECUTED,13,{C1E09685-96D1-4750-BA21-8BE16D3BF7CA},0,,,,,,2021-11-17
2021,11,6321ff58-9479-4ec1-98a0-fe74ce96ba16,43a55f5b-8c06-4cac-bdc7-fe29257ee4dd,TRADE_UPHOLD,EXECUTED,12,{91D28B99-9234-408F-ACE7-32AEC03EE9E2},0,,,,,,2021-11-17
2021,11,b3b0aa3c-427e-4f63-9d3f-44a848fd206a,b5911845-3dcc-4d48-b083-590e7173d686,TRADE_DECLINE,EXECUTED,1,{C1E09685-96D1-4750-BA21-8BE16D3BF7CA},0,,,,,,2021-11-20
2021,11,10b44c31-42d6-4f60-ad8d-f731a4aed60c,,FREEAGENT,EXECUTED,14,{C2BAB8A3-9ED5-425C-BAB8-A39ED5B25CC2},0,ADD,4037457.0,Travis Homer,0.0,14.0,2021-11-20
2021,11,7b0e47ae-f8f3-4438-b2aa-0143c4be7283,d08f9673-045a-480e-b2e3-a97b3e47989a,WAIVER,EXECUTED,12,NightlyLeagueUpdateTaskProcessor,8,ADD,3122976.0,Jeff Wilson Jr.,0.0,12.0,2021-11-17
2021,11,7b0e47ae-f8f3-4438-b2aa-0143c4be7283,d08f9673-045a-480e-b2e3-a97b3e47989a,WAIVER,EXECUTED,12,NightlyLeagueUpdateTaskProcessor,8,DROP,2974858.0,Kenny Golladay,12.0,0.0,2021-11-17
2021,11,8cb27397-7a42-4ae9-8b92-752ae3c35ad9,,ROSTER,EXECUTED,14,{C2BAB8A3-9ED5-425C-BAB8-A39ED5B25CC2},0,DROP,3916430.0,Nyheim Hines,14.0,0.0,2021-11-16
2021,11,248d6a86-f81d-429d-bdc4-5922b7cbaffc,,ROSTER,EXECUTED,5,{77F704CF-0C76-4984-9A71-8BD39511C19F},0,DROP,4035170.0,Marquez Callaway,5.0,0.0,2021-11-16
2021,11,240e2862-c663-466b-9d6e-071c68a6c918,c0e243b4-7776-4866-a681-83ef89ee637d,WAIVER,EXECUTED,12,NightlyLeagueUpdateTaskProcessor,1,ADD,3051876.0,Evan Engram,0.0,12.0,2021-11-17
2021,11,240e2862-c663-466b-9d6e-071c68a6c918,c0e243b4-7776-4866-a681-83ef89ee637d,WAIVER,EXECUTED,12,NightlyLeagueUpdateTaskProcessor,1,DROP,12537.0,Jared Cook,12.0,0.0,2021-11-17
2021,11,244e571c-e1a4-477a-a577-56c64564defb,0755159e-82c5-4d68-83a7-6fd90e08f58c,WAIVER,FAILED_INVALIDPLAYERSOURCE,3,NightlyLeagueUpdateTaskProcessor,10,ADD,-16017.0,Patriots D/ST,0.0,3.0,2021-11-17
2021,11,244e571c-e1a4-477a-a577-56c64564defb,0755159e-82c5-4d68-83a7-6fd90e08f58c,WAIVER,FAILED_INVALIDPLAYERSOURCE,3,NightlyLeagueUpdateTaskProcessor,10,DROP,-16018.0,Saints D/ST,3.0,0.0,2021-11-17
2021,11,9cbc125a-ba9f-44e1-8592-c5e16a4d323a,,FREEAGENT,EXECUTED,5,{77F704CF-0C76-4984-9A71-8BD39511C19F},0,ADD,4038818.0,Bryan Edwards,0.0,5.0,2021-11-17
2021,11,b0b97e94-9bda-4827-a319-19f72f5cae5e,619c0a12-dba1-484f-8b94-4ed9d5aac385,WAIVER,EXECUTED,14,NightlyLeagueUpdateTaskProcessor,2,ADD,3045523.0,Kendrick Bourne,0.0,14.0,2021-11-17
2021,11,1cf5cadd-8fd1-4a8a-9217-904601a2ed59,,FREEAGENT,EXECUTED,1,{C1E09685-96D1-4750-BA21-8BE16D3BF7CA},0,ADD,-16025.0,49ers D/ST,0.0,1.0,2021-11-17
2021,11,1cf5cadd-8fd1-4a8a-9217-904601a2ed59,,FREEAGENT,EXECUTED,1,{C1E09685-96D1-4750-BA21-8BE16D3BF7CA},0,DROP,-16009.0,Packers D/ST,1.0,0.0,2021-11-17
2021,11,508762e2-128d-44e1-afb2-9af1315a2825,5a754d74-3ee2-4ff2-8600-0ed00cea0b67,WAIVER,EXECUTED,13,NightlyLeagueUpdateTaskProcessor,12,ADD,-16017.0,Patriots D/ST,0.0,13.0,2021-11-17
2021,11,508762e2-128d-44e1-afb2-9af1315a2825,5a754d74-3ee2-4ff2-8600-0ed00cea0b67,WAIVER,EXECUTED,13,NightlyLeagueUpdateTaskProcessor,12,DROP,-16007.0,Broncos D/ST,13.0,0.0,2021-11-17
2021,11,0061c17a-fdd9-478e-92c9-0a5ac9a350c3,,FREEAGENT,EXECUTED,8,{00408013-39CF-40FC-8080-1339CFD0FC06},0,ADD,-16005.0,Browns D/ST,0.0,8.0,2021-11-17
2021,11,0061c17a-fdd9-478e-92c9-0a5ac9a350c3,,FREEAGENT,EXECUTED,8,{00408013-39CF-40FC-8080-1339CFD0FC06},0,DROP,4242873.0,Eno Benjamin,8.0,0.0,2021-11-17
2021,11,8f5f1813-e254-48e8-9c76-56e63e00dfca,,TRADE_PROPOSAL,PENDING,7,{430447A7-381F-4E40-AD53-6A9C1F157A25},0,TRADE,3045127.0,Wayne Gallman,7.0,10.0,2021-11-17
2021,11,8f5f1813-e254-48e8-9c76-56e63e00dfca,,TRADE_PROPOSAL,PENDING,7,{430447A7-381F-4E40-AD53-6A9C1F157A25},0,TRADE,3895856.0,Christian Kirk,7.0,10.0,2021-11-17
2021,11,8f5f1813-e254-48e8-9c76-56e63e00dfca,,TRADE_PROPOSAL,PENDING,7,{430447A7-381F-4E40-AD53-6A9C1F157A25},0,TRADE,15818.0,Keenan Allen,10.0,7.0,2021-11-17
2021,11,03e7e759-c4c2-4749-a4f1-055e2e7f03e4,,ROSTER,EXECUTED,7,{430447A7-381F-4E40-AD53-6A9C1F157A25},0,DROP,15825.0,Le'Veon Bell,7.0,0.0,2021-11-16
2021,11,7ef297c1-9e11-477f-98b7-a99829f40887,,WAIVER,PENDING,10,{2C8A1B87-268B-45A5-A0E5-C4A3F61C9BC2},3,ADD,3122976.0,Jeff Wilson Jr.,0.0,10.0,2021-11-16
2021,11,7ef297c1-9e11-477f-98b7-a99829f40887,,WAIVER,PENDING,10,{2C8A1B87-268B-45A5-A0E5-C4A3F61C9BC2},3,DROP,4241479.0,Tua Tagovailoa,10.0,0.0,2021-11-16
2021,11,2576d721-4a37-4f27-be33-28bf3eef5c89,bc069d17-1724-48c4-8bf6-2c007fab4358,TRADE_PROPOSAL,CANCELED,12,{91D28B99-9234-408F-ACE7-32AEC03EE9E2},0,TRADE,4569173.0,Rhamondre Stevenson,12.0,13.0,2021-11-17
2021,11,2576d721-4a37-4f27-be33-28bf3eef5c89,bc069d17-1724-48c4-8bf6-2c007fab4358,TRADE_PROPOSAL,CANCELED,12,{91D28B99-9234-408F-ACE7-32AEC03EE9E2},0,TRADE,13994.0,Cam Newton,12.0,13.0,2021-11-17
2021,11,2576d721-4a37-4f27-be33-28bf3eef5c89,bc069d17-1724-48c4-8bf6-2c007fab4358,TRADE_PROPOSAL,CANCELED,12,{91D28B99-9234-408F-ACE7-32AEC03EE9E2},0,TRADE,4036131.0,Noah Fant,13.0,12.0,2021-11-17
2021,11,2576d721-4a37-4f27-be33-28bf3eef5c89,bc069d17-1724-48c4-8bf6-2c007fab4358,TRADE_PROPOSAL,CANCELED,12,{91D28B99-9234-408F-ACE7-32AEC03EE9E2},0,TRADE,4361579.0,Javonte Williams,13.0,12.0,2021-11-17
2021,11,ef8c1bf2-154b-4367-a939-8eb60a4f7bb5,,TRADE_PROPOSAL,PENDING,10,{2C8A1B87-268B-45A5-A0E5-C4A3F61C9BC2},0,TRADE,4241457.0,Najee Harris,13.0,10.0,2021-11-18
2021,11,ef8c1bf2-154b-4367-a939-8eb60a4f7bb5,,TRADE_PROPOSAL,PENDING,10,{2C8A1B87-268B-45A5-A0E5-C4A3F61C9BC2},0,TRADE,4360939.0,Rashod Bateman,13.0,10.0,2021-11-18
2021,11,ef8c1bf2-154b-4367-a939-8eb60a4f7bb5,,TRADE_PROPOSAL,PENDING,10,{2C8A1B87-268B-45A5-A0E5-C4A3F61C9BC2},0,TRADE,3128720.0,Nick Chubb,10.0,13.0,2021-11-18
2021,11,ef8c1bf2-154b-4367-a939-8eb60a4f7bb5,,TRADE_PROPOSAL,PENDING,10,{2C8A1B87-268B-45A5-A0E5-C4A3F61C9BC2},0,TRADE,3932905.0,Diontae Johnson,10.0,13.0,2021-11-18
2021,11,c2b41468-da08-403f-a199-72835e4963b6,f7804e1c-00ac-419f-b387-8730e0053a06,WAIVER,FAILED_INVALIDPLAYERSOURCE,5,NightlyLeagueUpdateTaskProcessor,11,ADD,-16017.0,Patriots D/ST,0.0,5.0,2021-11-17
2021,11,c2b41468-da08-403f-a199-72835e4963b6,f7804e1c-00ac-419f-b387-8730e0053a06,WAIVER,FAILED_INVALIDPLAYERSOURCE,5,NightlyLeagueUpdateTaskProcessor,11,DROP,-16011.0,Colts D/ST,5.0,0.0,2021-11-17
2021,11,3b6a30ff-5f7b-4d01-b1ec-214256a65cce,8f5f1813-e254-48e8-9c76-56e63e00dfca,TRADE_DECLINE,EXECUTED,10,{2C8A1B87-268B-45A5-A0E5-C4A3F61C9BC2},0,,,,,,2021-11-17
2021,11,2384b164-f591-49b6-bcd2-e8843de330f2,a6f52fda-619a-4a62-b4da-4e3a91a1e370,WAIVER,EXECUTED,3,NightlyLeagueUpdateTaskProcessor,7,ADD,3045144.0,Tyler Boyd,0.0,3.0,2021-11-17
2021,11,2384b164-f591-49b6-bcd2-e8843de330f2,a6f52fda-619a-4a62-b4da-4e3a91a1e370,WAIVER,EXECUTED,3,NightlyLeagueUpdateTaskProcessor,7,DROP,4243160.0,Laviska Shenault Jr.,3.0,0.0,2021-11-17
2021,11,47aade10-a506-486a-9fc0-905e6ffecf44,f43403f0-bad3-4e5a-a481-3159359f3adc,TRADE_PROPOSAL,CANCELED,10,{8242D4C8-FCD1-4A28-9373-CD282687A8E7},0,TRADE,4035538.0,David Montgomery,4.0,10.0,2021-11-18
2021,11,47aade10-a506-486a-9fc0-905e6ffecf44,f43403f0-bad3-4e5a-a481-3159359f3adc,TRADE_PROPOSAL,CANCELED,10,{8242D4C8-FCD1-4A28-9373-CD282687A8E7},0,TRADE,3116165.0,Chris Godwin,4.0,10.0,2021-11-18
2021,11,47aade10-a506-486a-9fc0-905e6ffecf44,f43403f0-bad3-4e5a-a481-3159359f3adc,TRADE_PROPOSAL,CANCELED,10,{8242D4C8-FCD1-4A28-9373-CD282687A8E7},0,TRADE,3128720.0,Nick Chubb,10.0,4.0,2021-11-18
2021,11,01400eb4-1e65-404b-9c40-7e6f5d9a672d,12935088-c3eb-4698-b971-2d0109ae58cd,WAIVER,EXECUTED,5,NightlyLeagueUpdateTaskProcessor,14,ADD,-16015.0,Dolphins D/ST,0.0,5.0,2021-11-17
2021,11,01400eb4-1e65-404b-9c40-7e6f5d9a672d,12935088-c3eb-4698-b971-2d0109ae58cd,WAIVER,EXECUTED,5,NightlyLeagueUpdateTaskProcessor,14,DROP,-16011.0,Colts D/ST,5.0,0.0,2021-11-17
2021,11,28962da3-119e-4471-a490-ced513f7c8ab,,FREEAGENT,EXECUTED,5,{77F704CF-0C76-4984-9A71-8BD39511C19F},0,ADD,4362887.0,Justin Fields,0.0,5.0,2021-11-21
2021,11,28962da3-119e-4471-a490-ced513f7c8ab,,FREEAGENT,EXECUTED,5,{77F704CF-0C76-4984-9A71-8BD39511C19F},0,DROP,3061612.0,Jamal Agnew,5.0,0.0,2021-11-21
2021,11,4f17357a-022e-4dc9-9249-9aed934b805e,9a918f12-0b48-47db-ae04-73af74346282,TRADE_DECLINE,EXECUTED,14,{C2BAB8A3-9ED5-425C-BAB8-A39ED5B25CC2},0,,,,,,2021-11-18
2021,11,840893b4-fa5d-49af-bc4f-c0bba52a4d29,95c635a3-05e2-4168-86aa-4de920074e46,WAIVER,FAILED_INVALIDPLAYERSOURCE,5,NightlyLeagueUpdateTaskProcessor,7,ADD,3125116.0,D'Onta Foreman,0.0,5.0,2021-11-17
2021,11,840893b4-fa5d-49af-bc4f-c0bba52a4d29,95c635a3-05e2-4168-86aa-4de920074e46,WAIVER,FAILED_INVALIDPLAYERSOURCE,5,NightlyLeagueUpdateTaskProcessor,7,DROP,3061612.0,Jamal Agnew,5.0,0.0,2021-11-17
2021,11,9b90c65f-d151-4ed3-b5f7-4d32b3553303,,FREEAGENT,EXECUTED,10,{2C8A1B87-268B-45A5-A0E5-C4A3F61C9BC2},0,ADD,3119195.0,Chase Edmonds,0.0,10.0,2021-11-17
2021,11,9b90c65f-d151-4ed3-b5f7-4d32b3553303,,FREEAGENT,EXECUTED,10,{2C8A1B87-268B-45A5-A0E5-C4A3F61C9BC2},0,DROP,3134353.0,Tim Patrick,10.0,0.0,2021-11-17
2021,11,c7b93382-1e50-4a42-8b1c-07ff2a666772,,WAIVER,PENDING,10,{2C8A1B87-268B-45A5-A0E5-C4A3F61C9BC2},4,ADD,3125116.0,D'Onta Foreman,0.0,10.0,2021-11-17
2021,11,c7b93382-1e50-4a42-8b1c-07ff2a666772,,WAIVER,PENDING,10,{2C8A1B87-268B-45A5-A0E5-C4A3F61C9BC2},4,DROP,4241479.0,Tua Tagovailoa,10.0,0.0,2021-11-17
2021,11,d6eec148-ac79-4bbf-b3e3-66f2e474fc59,ef8c1bf2-154b-4367-a939-8eb60a4f7bb5,TRADE_PROPOSAL,CANCELED,10,{85A6A0E4-D846-4046-B7F8-487FAD9165E0},0,TRADE,4241457.0,Najee Harris,13.0,10.0,2021-11-18
2021,11,d6eec148-ac79-4bbf-b3e3-66f2e474fc59,ef8c1bf2-154b-4367-a939-8eb60a4f7bb5,TRADE_PROPOSAL,CANCELED,10,{85A6A0E4-D846-4046-B7F8-487FAD9165E0},0,TRADE,4360939.0,Rashod Bateman,13.0,10.0,2021-11-18
2021,11,d6eec148-ac79-4bbf-b3e3-66f2e474fc59,ef8c1bf2-154b-4367-a939-8eb60a4f7bb5,TRADE_PROPOSAL,CANCELED,10,{85A6A0E4-D846-4046-B7F8-487FAD9165E0},0,TRADE,3128720.0,Nick Chubb,10.0,13.0,2021-11-18
2021,11,d6eec148-ac79-4bbf-b3e3-66f2e474fc59,ef8c1bf2-154b-4367-a939-8eb60a4f7bb5,TRADE_PROPOSAL,CANCELED,10,{85A6A0E4-D846-4046-B7F8-487FAD9165E0},0,TRADE,3932905.0,Diontae Johnson,10.0,13.0,2021-11-18
2021,11,5daa54e6-3aba-4866-811a-744f58186a04,03446714-a3a9-47f2-970f-2ac15bdb4dfc,WAIVER,CANCELED,5,{77F704CF-0C76-4984-9A71-8BD39511C19F},0,ADD,-16017.0,Patriots D/ST,0.0,5.0,2021-11-16
2021,11,2a2376f7-b1ce-4d52-9cc3-d0c57777f8f7,,TRADE_PROPOSAL,PENDING,10,{2C8A1B87-268B-45A5-A0E5-C4A3F61C9BC2},0,TRADE,4241389.0,CeeDee Lamb,6.0,10.0,2021-11-17
2021,11,2a2376f7-b1ce-4d52-9cc3-d0c57777f8f7,,TRADE_PROPOSAL,PENDING,10,{2C8A1B87-268B-45A5-A0E5-C4A3F61C9BC2},0,TRADE,3929630.0,Saquon Barkley,6.0,10.0,2021-11-17
2021,11,2a2376f7-b1ce-4d52-9cc3-d0c57777f8f7,,TRADE_PROPOSAL,PENDING,10,{2C8A1B87-268B-45A5-A0E5-C4A3F61C9BC2},0,TRADE,4212989.0,Dan Arnold,6.0,10.0,2021-11-17
2021,11,2a2376f7-b1ce-4d52-9cc3-d0c57777f8f7,,TRADE_PROPOSAL,PENDING,10,{2C8A1B87-268B-45A5-A0E5-C4A3F61C9BC2},0,TRADE,3128720.0,Nick Chubb,10.0,6.0,2021-11-17
2021,11,2a2376f7-b1ce-4d52-9cc3-d0c57777f8f7,,TRADE_PROPOSAL,PENDING,10,{2C8A1B87-268B-45A5-A0E5-C4A3F61C9BC2},0,TRADE,3932905.0,Diontae Johnson,10.0,6.0,2021-11-17
2021,11,2a2376f7-b1ce-4d52-9cc3-d0c57777f8f7,,TRADE_PROPOSAL,PENDING,10,{2C8A1B87-268B-45A5-A0E5-C4A3F61C9BC2},0,TRADE,3025433.0,Mike Davis,10.0,6.0,2021-11-17
2021,11,bb6dcbf1-716f-423e-a42b-a5a856f4b7f1,8f5f1813-e254-48e8-9c76-56e63e00dfca,TRADE_PROPOSAL,CANCELED,7,{2C8A1B87-268B-45A5-A0E5-C4A3F61C9BC2},0,TRADE,3045127.0,Wayne Gallman,7.0,10.0,2021-11-17
2021,11,bb6dcbf1-716f-423e-a42b-a5a856f4b7f1,8f5f1813-e254-48e8-9c76-56e63e00dfca,TRADE_PROPOSAL,CANCELED,7,{2C8A1B87-268B-45A5-A0E5-C4A3F61C9BC2},0,TRADE,3895856.0,Christian Kirk,7.0,10.0,2021-11-17
2021,11,bb6dcbf1-716f-423e-a42b-a5a856f4b7f1,8f5f1813-e254-48e8-9c76-56e63e00dfca,TRADE_PROPOSAL,CANCELED,7,{2C8A1B87-268B-45A5-A0E5-C4A3F61C9BC2},0,TRADE,15818.0,Keenan Allen,10.0,7.0,2021-11-17
2021,11,8f100da6-f5d3-45dc-afa6-9bf262b9639a,,FREEAGENT,EXECUTED,8,{00408013-39CF-40FC-8080-1339CFD0FC06},0,ADD,4035170.0,Marquez Callaway,0.0,8.0,2021-11-19
2021,11,8f100da6-f5d3-45dc-afa6-9bf262b9639a,,FREEAGENT,EXECUTED,8,{00408013-39CF-40FC-8080-1339CFD0FC06},0,DROP,16728.0,Teddy Bridgewater,8.0,0.0,2021-11-19
2021,11,f9bc4ff7-4979-4617-a6df-790e0583b6a3,2a2376f7-b1ce-4d52-9cc3-d0c57777f8f7,TRADE_PROPOSAL,CANCELED,10,TradeTaskProcessor,0,TRADE,4241389.0,CeeDee Lamb,6.0,10.0,2021-11-19
2021,11,f9bc4ff7-4979-4617-a6df-790e0583b6a3,2a2376f7-b1ce-4d52-9cc3-d0c57777f8f7,TRADE_PROPOSAL,CANCELED,10,TradeTaskProcessor,0,TRADE,3929630.0,Saquon Barkley,6.0,10.0,2021-11-19
2021,11,f9bc4ff7-4979-4617-a6df-790e0583b6a3,2a2376f7-b1ce-4d52-9cc3-d0c57777f8f7,TRADE_PROPOSAL,CANCELED,10,TradeTaskProcessor,0,TRADE,4212989.0,Dan Arnold,6.0,10.0,2021-11-19
2021,11,f9bc4ff7-4979-4617-a6df-790e0583b6a3,2a2376f7-b1ce-4d52-9cc3-d0c57777f8f7,TRADE_PROPOSAL,CANCELED,10,TradeTaskProcessor,0,TRADE,3128720.0,Nick Chubb,10.0,6.0,2021-11-19
2021,11,f9bc4ff7-4979-4617-a6df-790e0583b6a3,2a2376f7-b1ce-4d52-9cc3-d0c57777f8f7,TRADE_PROPOSAL,CANCELED,10,TradeTaskProcessor,0,TRADE,3932905.0,Diontae Johnson,10.0,6.0,2021-11-19
2021,11,f9bc4ff7-4979-4617-a6df-790e0583b6a3,2a2376f7-b1ce-4d52-9cc3-d0c57777f8f7,TRADE_PROPOSAL,CANCELED,10,TradeTaskProcessor,0,TRADE,3025433.0,Mike Davis,10.0,6.0,2021-11-19
2021,11,f43403f0-bad3-4e5a-a481-3159359f3adc,,TRADE_PROPOSAL,PENDING,10,{2C8A1B87-268B-45A5-A0E5-C4A3F61C9BC2},0,TRADE,4035538.0,David Montgomery,4.0,10.0,2021-11-17
2021,11,f43403f0-bad3-4e5a-a481-3159359f3adc,,TRADE_PROPOSAL,PENDING,10,{2C8A1B87-268B-45A5-A0E5-C4A3F61C9BC2},0,TRADE,3116165.0,Chris Godwin,4.0,10.0,2021-11-17
2021,11,f43403f0-bad3-4e5a-a481-3159359f3adc,,TRADE_PROPOSAL,PENDING,10,{2C8A1B87-268B-45A5-A0E5-C4A3F61C9BC2},0,TRADE,3128720.0,Nick Chubb,10.0,4.0,2021-11-17
2021,11,80db0a4a-ea7c-42d2-b746-f43068bd22a4,,ROSTER,EXECUTED,13,{85A6A0E4-D846-4046-B7F8-487FAD9165E0},1,DROP,16799.0,Allen Robinson II,13.0,0.0,2021-11-16
2021,11,dc875947-a8c1-4f7b-8bbe-1751f4ecd738,14ca0b96-0015-47f6-8a2d-1cc34ee0bc03,WAIVER,EXECUTED,4,NightlyLeagueUpdateTaskProcessor,3,ADD,4241464.0,Mac Jones,0.0,4.0,2021-11-17
2021,11,dc875947-a8c1-4f7b-8bbe-1751f4ecd738,14ca0b96-0015-47f6-8a2d-1cc34ee0bc03,WAIVER,EXECUTED,4,NightlyLeagueUpdateTaskProcessor,3,DROP,4360310.0,Trevor Lawrence,4.0,0.0,2021-11-17
2021,11,054363cd-ee97-4c2c-ba1a-9c1f7e6ee035,aff02bc6-9d4f-40f8-903e-f6c05bd82c6b,TRADE_DECLINE,EXECUTED,3,{C52D799E-6C1C-44B9-8371-9B6AF857D8E8},0,,,,,,2021-11-21
2021,11,52f7b297-ff2d-4270-8a98-81a558bfd2eb,,ROSTER,EXECUTED,14,{C2BAB8A3-9ED5-425C-BAB8-A39ED5B25CC2},0,DROP,2310331.0,Tyler Johnson,14.0,0.0,2021-11-16
2021,11,13c07cc2-2f1f-47e3-98c7-fa0173cf4b1e,ef8c1bf2-154b-4367-a939-8eb60a4f7bb5,TRADE_DECLINE,EXECUTED,13,{85A6A0E4-D846-4046-B7F8-487FAD9165E0},0,,,,,,2021-11-18
2021,11,224f0d65-c5a5-420a-a7bb-e6890a7d9a35,c169b295-9988-4895-a2fb-850473a2b54b,WAIVER,CANCELED,10,{2C8A1B87-268B-45A5-A0E5-C4A3F61C9BC2},0,ADD,3119195.0,Chase Edmonds,0.0,10.0,2021-11-17
2021,11,224f0d65-c5a5-420a-a7bb-e6890a7d9a35,c169b295-9988-4895-a2fb-850473a2b54b,WAIVER,CANCELED,10,{2C8A1B87-268B-45A5-A0E5-C4A3F61C9BC2},0,DROP,4241479.0,Tua Tagovailoa,10.0,0.0,2021-11-17
2021,11,a1733a15-e734-482d-a5bd-d5562ada8d3e,,ROSTER,EXECUTED,6,{FE8F6865-8A47-4C3A-8D66-0780982B48DD},0,DROP,4243315.0,Salvon Ahmed,6.0,0.0,2021-11-21
2021,11,3c53a6af-676e-485e-af7f-3d91c4898258,,ROSTER,EXECUTED,14,{C2BAB8A3-9ED5-425C-BAB8-A39ED5B25CC2},0,DROP,3051439.0,Boston Scott,14.0,0.0,2021-11-17
2021,11,b4c9b98b-84a5-4e35-b46c-5d28465fc3d4,,FREEAGENT,EXECUTED,8,{00408013-39CF-40FC-8080-1339CFD0FC06},0,ADD,2574808.0,Robby Anderson,0.0,8.0,2021-11-21
2021,11,b4c9b98b-84a5-4e35-b46c-5d28465fc3d4,,FREEAGENT,EXECUTED,8,{00408013-39CF-40FC-8080-1339CFD0FC06},0,DROP,4258195.0,Donovan Peoples-Jones,8.0,0.0,2021-11-21
2021,11,730333e8-f562-4965-9b2a-153576278d29,,FREEAGENT,EXECUTED,10,{2C8A1B87-268B-45A5-A0E5-C4A3F61C9BC2},0,ADD,3134353.0,Tim Patrick,0.0,10.0,2021-11-19
2021,11,730333e8-f562-4965-9b2a-153576278d29,,FREEAGENT,EXECUTED,10,{2C8A1B87-268B-45A5-A0E5-C4A3F61C9BC2},0,DROP,16799.0,Allen Robinson II,10.0,0.0,2021-11-19
2021,11,a679dd75-cbbf-4adf-bab5-a9de9e5e2325,d0935714-b959-4247-9496-b5b27316bdbc,WAIVER,FAILED_INVALIDPLAYERSOURCE,7,NightlyLeagueUpdateTaskProcessor,5,ADD,-16017.0,Patriots D/ST,0.0,7.0,2021-11-17
2021,11,ef622988-c2c9-4116-9e4a-c80d56ecfbf8,,FREEAGENT,EXECUTED,1,{C1E09685-96D1-4750-BA21-8BE16D3BF7CA},0,ADD,2974858.0,Kenny Golladay,0.0,1.0,2021-11-18
2021,11,ef622988-c2c9-4116-9e4a-c80d56ecfbf8,,FREEAGENT,EXECUTED,1,{C1E09685-96D1-4750-BA21-8BE16D3BF7CA},0,DROP,14924.0,T.Y. Hilton,1.0,0.0,2021-11-18
2021,11,84f7cf08-1abc-41a6-9d14-0e24ef4e1803,7ef297c1-9e11-477f-98b7-a99829f40887,WAIVER,CANCELED,10,{2C8A1B87-268B-45A5-A0E5-C4A3F61C9BC2},0,ADD,3122976.0,Jeff Wilson Jr.,0.0,10.0,2021-11-17
2021,11,84f7cf08-1abc-41a6-9d14-0e24ef4e1803,7ef297c1-9e11-477f-98b7-a99829f40887,WAIVER,CANCELED,10,{2C8A1B87-268B-45A5-A0E5-C4A3F61C9BC2},0,DROP,4241479.0,Tua Tagovailoa,10.0,0.0,2021-11-17
2021,11,e84a5cd8-4d24-4404-874e-cd3566fb55da,43a55f5b-8c06-4cac-bdc7-fe29257ee4dd,TRADE_ACCEPT,,12,{91D28B99-9234-408F-ACE7-32AEC03EE9E2},0,,,,,,2021-11-17
2021,11,cfbb9294-4771-44a7-bfac-8a1584a52764,cbd44beb-7e03-40fd-9bbf-00525a7a402f,TRADE_PROPOSAL,CANCELED,14,{C2BAB8A3-9ED5-425C-BAB8-A39ED5B25CC2},0,TRADE,3919596.0,Chris Carson,14.0,7.0,2021-11-18
2021,11,cfbb9294-4771-44a7-bfac-8a1584a52764,cbd44beb-7e03-40fd-9bbf-00525a7a402f,TRADE_PROPOSAL,CANCELED,14,{C2BAB8A3-9ED5-425C-BAB8-A39ED5B25CC2},0,TRADE,15920.0,Latavius Murray,14.0,7.0,2021-11-18
2021,11,cfbb9294-4771-44a7-bfac-8a1584a52764,cbd44beb-7e03-40fd-9bbf-00525a7a402f,TRADE_PROPOSAL,CANCELED,14,{C2BAB8A3-9ED5-425C-BAB8-A39ED5B25CC2},0,TRADE,3046409.0,Alex Collins,14.0,7.0,2021-11-18
2021,11,cfbb9294-4771-44a7-bfac-8a1584a52764,cbd44beb-7e03-40fd-9bbf-00525a7a402f,TRADE_PROPOSAL,CANCELED,14,{C2BAB8A3-9ED5-425C-BAB8-A39ED5B25CC2},0,TRADE,3116365.0,Mark Andrews,7.0,14.0,2021-11-18
2021,11,cfbb9294-4771-44a7-bfac-8a1584a52764,cbd44beb-7e03-40fd-9bbf-00525a7a402f,TRADE_PROPOSAL,CANCELED,14,{C2BAB8A3-9ED5-425C-BAB8-A39ED5B25CC2},0,TRADE,16737.0,Mike Evans,7.0,14.0,2021-11-18
2021,11,4a95be56-ba9e-456d-a87d-03f6d6d27e25,c54b86d2-ce94-44c6-bf08-5499f27af2ec,WAIVER,FAILED_PLAYERALREADYDROPPED,3,NightlyLeagueUpdateTaskProcessor,1,ADD,15920.0,Latavius Murray,0.0,3.0,2021-11-17
2021,11,4a95be56-ba9e-456d-a87d-03f6d6d27e25,c54b86d2-ce94-44c6-bf08-5499f27af2ec,WAIVER,FAILED_PLAYERALREADYDROPPED,3,NightlyLeagueUpdateTaskProcessor,1,DROP,4243160.0,Laviska Shenault Jr.,3.0,0.0,2021-11-17
2021,11,49952ec7-aaef-4257-833e-11a51d9d511b,f43403f0-bad3-4e5a-a481-3159359f3adc,TRADE_DECLINE,EXECUTED,4,{8242D4C8-FCD1-4A28-9373-CD282687A8E7},0,,,,,,2021-11-18
2021,11,49b5d81a-643b-4c86-995c-41bf7ce2b876,ecae74a7-d30c-4308-b5be-40a62bd0b150,WAIVER,FAILED_INVALIDPLAYERSOURCE,7,NightlyLeagueUpdateTaskProcessor,5,ADD,3122976.0,Jeff Wilson Jr.,0.0,7.0,2021-11-17
2021,11,c169b295-9988-4895-a2fb-850473a2b54b,,WAIVER,PENDING,10,{2C8A1B87-268B-45A5-A0E5-C4A3F61C9BC2},2,ADD,3119195.0,Chase Edmonds,0.0,10.0,2021-11-16
2021,11,c169b295-9988-4895-a2fb-850473a2b54b,,WAIVER,PENDING,10,{2C8A1B87-268B-45A5-A0E5-C4A3F61C9BC2},2,DROP,4241479.0,Tua Tagovailoa,10.0,0.0,2021-11-16
2021,11,c4ae682c-d904-4c28-9130-433451800642,,FREEAGENT,EXECUTED,14,{C2BAB8A3-9ED5-425C-BAB8-A39ED5B25CC2},0,ADD,16799.0,Allen Robinson II,0.0,14.0,2021-11-18
2021,11,c4ae682c-d904-4c28-9130-433451800642,,FREEAGENT,EXECUTED,14,{C2BAB8A3-9ED5-425C-BAB8-A39ED5B25CC2},0,DROP,3045523.0,Kendrick Bourne,14.0,0.0,2021-11-18
2021,11,fd50091d-65cb-4d83-8280-71605d61706e,,FREEAGENT,EXECUTED,10,{2C8A1B87-268B-45A5-A0E5-C4A3F61C9BC2},0,ADD,16799.0,Allen Robinson II,0.0,10.0,2021-11-19
2021,12,a9d7f729-545f-4a31-85b7-0fa74696788b,,FREEAGENT,EXECUTED,12,{91D28B99-9234-408F-ACE7-32AEC03EE9E2},0,ADD,13982.0,Julio Jones,0.0,12.0,2021-11-26
2021,12,84435d32-91a9-42f0-9d51-bcd28460a9f6,,ROSTER,EXECUTED,3,{C52D799E-6C1C-44B9-8371-9B6AF857D8E8},1,DROP,16799.0,Allen Robinson II,3.0,0.0,2021-11-25
2021,12,c95a8bef-dcb7-46ab-97bf-3a6fc7faa01f,,FREEAGENT,EXECUTED,14,{C2BAB8A3-9ED5-425C-BAB8-A39ED5B25CC2},0,ADD,15839.0,Marquise Goodwin,0.0,14.0,2021-11-25
2021,12,c95a8bef-dcb7-46ab-97bf-3a6fc7faa01f,,FREEAGENT,EXECUTED,14,{C2BAB8A3-9ED5-425C-BAB8-A39ED5B25CC2},0,DROP,3051738.0,Marquez Valdes-Scantling,14.0,0.0,2021-11-25
2021,12,1af88e36-eac5-4b4c-b688-256c859b38a1,,FREEAGENT,EXECUTED,7,{430447A7-381F-4E40-AD53-6A9C1F157A25},0,ADD,-16034.0,Texans D/ST,0.0,7.0,2021-11-24
2021,12,1af88e36-eac5-4b4c-b688-256c859b38a1,,FREEAGENT,EXECUTED,7,{430447A7-381F-4E40-AD53-6A9C1F157A25},0,DROP,3045127.0,Wayne Gallman,7.0,0.0,2021-11-24
2021,12,7efd9af7-2a3d-423c-8eca-534fe73b213a,8319ff74-f8dc-4235-9d57-cbdec21b98b0,WAIVER,EXECUTED,2,NightlyLeagueUpdateTaskProcessor,10,ADD,-16011.0,Colts D/ST,0.0,2.0,2021-11-24
2021,12,7efd9af7-2a3d-423c-8eca-534fe73b213a,8319ff74-f8dc-4235-9d57-cbdec21b98b0,WAIVER,EXECUTED,2,NightlyLeagueUpdateTaskProcessor,10,DROP,-16023.0,Steelers D/ST,2.0,0.0,2021-11-24
2021,12,f3063b84-593e-4cee-8562-e1b9dc4b99cd,09b1c120-f825-4724-acbc-6493836100fb,WAIVER,EXECUTED,4,NightlyLeagueUpdateTaskProcessor,2,ADD,-16010.0,Titans D/ST,0.0,4.0,2021-11-26
2021,12,f3063b84-593e-4cee-8562-e1b9dc4b99cd,09b1c120-f825-4724-acbc-6493836100fb,WAIVER,EXECUTED,4,NightlyLeagueUpdateTaskProcessor,2,DROP,-16033.0,Ravens D/ST,4.0,0.0,2021-11-26
2021,12,91344e04-fba9-4506-aba0-9f489f3fdb59,973dcd9b-1bfa-445d-b926-7c6df707cd1f,WAIVER,FAILED_PLAYERALREADYDROPPED,5,NightlyLeagueUpdateTaskProcessor,1,ADD,4243160.0,Laviska Shenault Jr.,0.0,5.0,2021-11-24
2021,12,91344e04-fba9-4506-aba0-9f489f3fdb59,973dcd9b-1bfa-445d-b926-7c6df707cd1f,WAIVER,FAILED_PLAYERALREADYDROPPED,5,NightlyLeagueUpdateTaskProcessor,1,DROP,3915486.0,Tyler Conklin,5.0,0.0,2021-11-24
2021,12,f22f86b0-39ff-469f-897d-461066deb23c,1f3d6723-f8f2-4a16-a3e3-b7edeb0029e8,WAIVER,EXECUTED,5,NightlyLeagueUpdateTaskProcessor,10,ADD,2508176.0,David Johnson,0.0,5.0,2021-11-24
2021,12,a8c2fd0c-bcc8-424d-a3b3-34d931ea4dfb,a8bbd686-7eb9-4686-b4b6-c3adddefc7e5,TRADE_PROPOSAL,CANCELED,14,{C2BAB8A3-9ED5-425C-BAB8-A39ED5B25CC2},0,TRADE,3046409.0,Alex Collins,14.0,6.0,2021-11-24
2021,12,a8c2fd0c-bcc8-424d-a3b3-34d931ea4dfb,a8bbd686-7eb9-4686-b4b6-c3adddefc7e5,TRADE_PROPOSAL,CANCELED,14,{C2BAB8A3-9ED5-425C-BAB8-A39ED5B25CC2},0,TRADE,4361411.0,Pat Freiermuth,14.0,6.0,2021-11-24
2021,12,a8c2fd0c-bcc8-424d-a3b3-34d931ea4dfb,a8bbd686-7eb9-4686-b4b6-c3adddefc7e5,TRADE_PROPOSAL,CANCELED,14,{C2BAB8A3-9ED5-425C-BAB8-A39ED5B25CC2},0,TRADE,4360294.0,Antonio Gibson,6.0,14.0,2021-11-24
2021,12,48a4e084-655e-4c59-a23c-476a5dd4279e,5cd00d8f-d252-4a07-a359-68d2b6280139,TRADE_VETO,EXECUTED,2,{EC970810-E14F-4307-8FA6-3BAE92CC1B4E},0,,,,,,2021-11-24
2021,12,6692ee62-d45f-4bd6-814d-77c5ac8c0bff,d824749e-053f-47bd-a5fe-dfe3188bb4ee,TRADE_DECLINE,EXECUTED,8,{00408013-39CF-40FC-8080-1339CFD0FC06},0,,,,,,2021-11-27
2021,12,7e651d36-5ae1-46bc-9ab0-d792ab8e6358,,FREEAGENT,EXECUTED,14,{C2BAB8A3-9ED5-425C-BAB8-A39ED5B25CC2},0,ADD,3051738.0,Marquez Valdes-Scantling,0.0,14.0,2021-11-27
2021,12,61875c61-7dae-4e6a-b563-38ca3fe6a686,,ROSTER,EXECUTED,5,{77F704CF-0C76-4984-9A71-8BD39511C19F},0,DROP,4362887.0,Justin Fields,5.0,0.0,2021-11-23
2021,12,93f0398f-7776-45e0-8bf3-b02e450c65b7,37ca680f-4551-48d5-9925-d5b400e836e8,TRADE_PROPOSAL,CANCELED,10,TradeTaskProcessor,0,TRADE,4360294.0,Antonio Gibson,6.0,10.0,2021-11-26
2021,12,93f0398f-7776-45e0-8bf3-b02e450c65b7,37ca680f-4551-48d5-9925-d5b400e836e8,TRADE_PROPOSAL,CANCELED,10,TradeTaskProcessor,0,TRADE,4241389.0,CeeDee Lamb,6.0,10.0,2021-11-26
2021,12,93f0398f-7776-45e0-8bf3-b02e450c65b7,37ca680f-4551-48d5-9925-d5b400e836e8,TRADE_PROPOSAL,CANCELED,10,TradeTaskProcessor,0,TRADE,3128720.0,Nick Chubb,10.0,6.0,2021-11-26
2021,12,93f0398f-7776-45e0-8bf3-b02e450c65b7,37ca680f-4551-48d5-9925-d5b400e836e8,TRADE_PROPOSAL,CANCELED,10,TradeTaskProcessor,0,DROP,13983.0,A.J. Green,10.0,0.0,2021-11-26
2021,12,9cd5c544-83c3-42a2-af12-eac834709dcf,,FREEAGENT,EXECUTED,14,{C2BAB8A3-9ED5-425C-BAB8-A39ED5B25CC2},0,ADD,3051738.0,Marquez Valdes-Scantling,0.0,14.0,2021-11-24
2021,12,9cd5c544-83c3-42a2-af12-eac834709dcf,,FREEAGENT,EXECUTED,14,{C2BAB8A3-9ED5-425C-BAB8-A39ED5B25CC2},0,DROP,-16010.0,Titans D/ST,14.0,0.0,2021-11-24
2021,12,d8d9399c-a0ec-4e4a-a1bb-f6c6b57bddcc,70656697-f7e5-482f-ba97-aacfe142c92d,WAIVER,CANCELED,12,{91D28B99-9234-408F-ACE7-32AEC03EE9E2},0,ADD,3060022.0,Jordan Howard,0.0,12.0,2021-11-24
2021,12,d8d9399c-a0ec-4e4a-a1bb-f6c6b57bddcc,70656697-f7e5-482f-ba97-aacfe142c92d,WAIVER,CANCELED,12,{91D28B99-9234-408F-ACE7-32AEC03EE9E2},0,DROP,3122976.0,Jeff Wilson Jr.,12.0,0.0,2021-11-24
2021,12,bb7040bb-4a2c-4486-8e45-257d0e8f337b,a3f0f1a0-087d-4200-b66d-4548d7ed2430,WAIVER,CANCELED,3,{C52D799E-6C1C-44B9-8371-9B6AF857D8E8},0,ADD,16725.0,Sammy Watkins,0.0,3.0,2021-11-23
2021,12,99005961-0515-4195-bbcf-8aea0015886d,a7154267-2270-48c8-9103-16cb3806e0b6,WAIVER,EXECUTED,5,NightlyLeagueUpdateTaskProcessor,11,ADD,2979477.0,Tevin Coleman,0.0,5.0,2021-11-24
2021,12,b4262cda-f65a-4947-b182-0b121f1e1ddd,7d94abe6-89d9-423b-82fb-2b7325092939,WAIVER,EXECUTED,12,NightlyLeagueUpdateTaskProcessor,3,ADD,4036335.0,Cedrick Wilson,0.0,12.0,2021-11-24
2021,12,b4262cda-f65a-4947-b182-0b121f1e1ddd,7d94abe6-89d9-423b-82fb-2b7325092939,WAIVER,EXECUTED,12,NightlyLeagueUpdateTaskProcessor,3,DROP,3051876.0,Evan Engram,12.0,0.0,2021-11-24
2021,12,20b6cd50-fbdc-445a-a67e-5d6782abf84f,644fb70a-ddbe-40cb-a9cd-1ed281ab2a0f,WAIVER,EXECUTED,2,NightlyLeagueUpdateTaskProcessor,5,ADD,12537.0,Jared Cook,0.0,2.0,2021-11-24
2021,12,20b6cd50-fbdc-445a-a67e-5d6782abf84f,644fb70a-ddbe-40cb-a9cd-1ed281ab2a0f,WAIVER,EXECUTED,2,NightlyLeagueUpdateTaskProcessor,5,DROP,3122866.0,Devontae Booker,2.0,0.0,2021-11-24
2021,12,89bac1c1-832c-4297-92a9-f7c405a66bae,21214781-7b39-49fa-9541-80b754978d84,TRADE_PROPOSAL,CANCELED,14,{C2BAB8A3-9ED5-425C-BAB8-A39ED5B25CC2},0,TRADE,3139477.0,Patrick Mahomes,14.0,4.0,2021-11-27
2021,12,89bac1c1-832c-4297-92a9-f7c405a66bae,21214781-7b39-49fa-9541-80b754978d84,TRADE_PROPOSAL,CANCELED,14,{C2BAB8A3-9ED5-425C-BAB8-A39ED5B25CC2},0,TRADE,4361411.0,Pat Freiermuth,14.0,4.0,2021-11-27
2021,12,89bac1c1-832c-4297-92a9-f7c405a66bae,21214781-7b39-49fa-9541-80b754978d84,TRADE_PROPOSAL,CANCELED,14,{C2BAB8A3-9ED5-425C-BAB8-A39ED5B25CC2},0,TRADE,3116165.0,Chris Godwin,4.0,14.0,2021-11-27
2021,12,c7ca6f42-e71d-4b9e-8f59-52d597c124f9,900d78a5-0184-4170-a6f9-75d271f752b4,TRADE_PROPOSAL,CANCELED,14,{C2BAB8A3-9ED5-425C-BAB8-A39ED5B25CC2},0,TRADE,4361411.0,Pat Freiermuth,14.0,13.0,2021-11-25
2021,12,c7ca6f42-e71d-4b9e-8f59-52d597c124f9,900d78a5-0184-4170-a6f9-75d271f752b4,TRADE_PROPOSAL,CANCELED,14,{C2BAB8A3-9ED5-425C-BAB8-A39ED5B25CC2},0,TRADE,4361579.0,Javonte Williams,13.0,14.0,2021-11-25
2021,12,37ca680f-4551-48d5-9925-d5b400e836e8,,TRADE_PROPOSAL,PENDING,10,{2C8A1B87-268B-45A5-A0E5-C4A3F61C9BC2},0,TRADE,4360294.0,Antonio Gibson,6.0,10.0,2021-11-24
2021,12,37ca680f-4551-48d5-9925-d5b400e836e8,,TRADE_PROPOSAL,PENDING,10,{2C8A1B87-268B-45A5-A0E5-C4A3F61C9BC2},0,TRADE,4241389.0,CeeDee Lamb,6.0,10.0,2021-11-24
2021,12,37ca680f-4551-48d5-9925-d5b400e836e8,,TRADE_PROPOSAL,PENDING,10,{2C8A1B87-268B-45A5-A0E5-C4A3F61C9BC2},0,TRADE,3128720.0,Nick Chubb,10.0,6.0,2021-11-24
2021,12,37ca680f-4551-48d5-9925-d5b400e836e8,,TRADE_PROPOSAL,PENDING,10,{2C8A1B87-268B-45A5-A0E5-C4A3F61C9BC2},0,DROP,13983.0,A.J. Green,10.0,0.0,2021-11-24
2021,12,fbecaf3b-1bd4-4d78-ba47-7f7401f8bd82,,FREEAGENT,EXECUTED,8,{00408013-39CF-40FC-8080-1339CFD0FC06},0,ADD,3126246.0,Dontrell Hilliard,0.0,8.0,2021-11-24
2021,12,fbecaf3b-1bd4-4d78-ba47-7f7401f8bd82,,FREEAGENT,EXECUTED,8,{00408013-39CF-40FC-8080-1339CFD0FC06},0,DROP,-16005.0,Browns D/ST,8.0,0.0,2021-11-24
2021,12,b6e41974-3992-46f7-a8eb-ffdd4f7f8f09,,FREEAGENT,EXECUTED,10,{2C8A1B87-268B-45A5-A0E5-C4A3F61C9BC2},0,ADD,-16030.0,Jaguars D/ST,0.0,10.0,2021-11-25
2021,12,68159700-a17c-42c4-b264-e55df19a2834,,FREEAGENT,EXECUTED,14,{C2BAB8A3-9ED5-425C-BAB8-A39ED5B25CC2},0,ADD,3916945.0,Darius Slayton,0.0,14.0,2021-11-27
2021,12,afcc5ac1-c3eb-4ecd-8670-1e168145b7aa,62e005fa-5de8-45c7-902b-c6e2d47a85cd,WAIVER,EXECUTED,5,NightlyLeagueUpdateTaskProcessor,3,ADD,3045523.0,Kendrick Bourne,0.0,5.0,2021-11-24
2021,12,afcc5ac1-c3eb-4ecd-8670-1e168145b7aa,62e005fa-5de8-45c7-902b-c6e2d47a85cd,WAIVER,EXECUTED,5,NightlyLeagueUpdateTaskProcessor,3,DROP,3915486.0,Tyler Conklin,5.0,0.0,2021-11-24
2021,12,98af56d6-56c1-4aa4-9772-a2461434d2a9,,TRADE_PROPOSAL,PENDING,10,{2C8A1B87-268B-45A5-A0E5-C4A3F61C9BC2},0,TRADE,3929630.0,Saquon Barkley,6.0,10.0,2021-11-23
2021,12,98af56d6-56c1-4aa4-9772-a2461434d2a9,,TRADE_PROPOSAL,PENDING,10,{2C8A1B87-268B-45A5-A0E5-C4A3F61C9BC2},0,TRADE,4241389.0,CeeDee Lamb,6.0,10.0,2021-11-23
2021,12,98af56d6-56c1-4aa4-9772-a2461434d2a9,,TRADE_PROPOSAL,PENDING,10,{2C8A1B87-268B-45A5-A0E5-C4A3F61C9BC2},0,TRADE,3128720.0,Nick Chubb,10.0,6.0,2021-11-23
2021,12,a2505594-5a05-4c2d-9b9e-bc0442de7884,,FREEAGENT,EXECUTED,8,{00408013-39CF-40FC-8080-1339CFD0FC06},0,ADD,14163.0,Tyrod Taylor,0.0,8.0,2021-11-24
2021,12,a2505594-5a05-4c2d-9b9e-bc0442de7884,,FREEAGENT,EXECUTED,8,{00408013-39CF-40FC-8080-1339CFD0FC06},0,DROP,3126246.0,Dontrell Hilliard,8.0,0.0,2021-11-24
2021,12,43fea139-6536-4931-9194-d89f17a2cf5b,b325cad8-386c-48f0-a240-fe0e3bb553cf,WAIVER,FAILED_ROSTERLIMIT,5,NightlyLeagueUpdateTaskProcessor,9,ADD,3915411.0,Ty Johnson,0.0,5.0,2021-11-24
2021,12,43a9dc4a-a333-4260-8636-686870e47156,5cd00d8f-d252-4a07-a359-68d2b6280139,TRADE_ACCEPT,,4,{8242D4C8-FCD1-4A28-9373-CD282687A8E7},0,DROP,3128390.0,Allen Lazard,4.0,0.0,2021-11-23
2021,12,d816a3a4-df7c-4a89-9c4f-aa3bb2d44c28,98af56d6-56c1-4aa4-9772-a2461434d2a9,TRADE_PROPOSAL,CANCELED,10,TradeTaskProcessor,0,TRADE,3929630.0,Saquon Barkley,6.0,10.0,2021-11-25
2021,12,d816a3a4-df7c-4a89-9c4f-aa3bb2d44c28,98af56d6-56c1-4aa4-9772-a2461434d2a9,TRADE_PROPOSAL,CANCELED,10,TradeTaskProcessor,0,TRADE,4241389.0,CeeDee Lamb,6.0,10.0,2021-11-25
2021,12,d816a3a4-df7c-4a89-9c4f-aa3bb2d44c28,98af56d6-56c1-4aa4-9772-a2461434d2a9,TRADE_PROPOSAL,CANCELED,10,TradeTaskProcessor,0,TRADE,3128720.0,Nick Chubb,10.0,6.0,2021-11-25
2021,12,57f85b67-b620-4485-b019-0c47f7268715,5ed2c730-d3b3-41f8-a4cc-ecd3913b0cf1,WAIVER,FAILED_INVALIDPLAYERSOURCE,4,NightlyLeagueUpdateTaskProcessor,7,ADD,2508176.0,David Johnson,0.0,4.0,2021-11-24
2021,12,57f85b67-b620-4485-b019-0c47f7268715,5ed2c730-d3b3-41f8-a4cc-ecd3913b0cf1,WAIVER,FAILED_INVALIDPLAYERSOURCE,4,NightlyLeagueUpdateTaskProcessor,7,DROP,3917792.0,Daniel Jones,4.0,0.0,2021-11-24
2021,12,d1363c23-d094-49a9-ba27-fe20b89761cb,7cd54725-b6f7-4e39-9bb7-7af613f31810,TRADE_UPHOLD,EXECUTED,12,{91D28B99-9234-408F-ACE7-32AEC03EE9E2},0,,,,,,2021-11-27
2021,12,c878a0d4-ef59-4d09-9f0f-1db80997b6ef,24c3b77c-d7a7-47ba-9e04-c37df592db08,TRADE_PROPOSAL,CANCELED,10,TradeTaskProcessor,0,TRADE,4361579.0,Javonte Williams,13.0,10.0,2021-11-26
2021,12,c878a0d4-ef59-4d09-9f0f-1db80997b6ef,24c3b77c-d7a7-47ba-9e04-c37df592db08,TRADE_PROPOSAL,CANCELED,10,TradeTaskProcessor,0,TRADE,3134353.0,Tim Patrick,10.0,13.0,2021-11-26
2021,12,b81bab1f-26eb-428a-9194-52d4d2882c73,7cd54725-b6f7-4e39-9bb7-7af613f31810,TRADE_UPHOLD,EXECUTED,8,{C1E09685-96D1-4750-BA21-8BE16D3BF7CA},0,,,,,,2021-11-27
2021,12,70bf0119-1c12-405c-8d70-b7a29cc08c86,f003472f-71bd-4187-b50a-ca5aa478683c,TRADE_DECLINE,EXECUTED,3,{C52D799E-6C1C-44B9-8371-9B6AF857D8E8},0,,,,,,2021-11-24
2021,12,9b47cef7-c783-45da-bbba-103fb1af3535,,FREEAGENT,EXECUTED,14,{C2BAB8A3-9ED5-425C-BAB8-A39ED5B25CC2},0,ADD,-16012.0,Chiefs D/ST,0.0,14.0,2021-11-24
2021,12,9b47cef7-c783-45da-bbba-103fb1af3535,,FREEAGENT,EXECUTED,14,{C2BAB8A3-9ED5-425C-BAB8-A39ED5B25CC2},0,DROP,15920.0,Latavius Murray,14.0,0.0,2021-11-24
2021,12,261fb791-ffd3-422f-95bd-da9072295c0e,,ROSTER,EXECUTED,14,{C2BAB8A3-9ED5-425C-BAB8-A39ED5B25CC2},0,DROP,3916945.0,Darius Slayton,14.0,0.0,2021-11-23
2021,12,62f5d7e0-8a3f-4d13-bb7c-b1834c12be05,,FREEAGENT,EXECUTED,4,{8242D4C8-FCD1-4A28-9373-CD282687A8E7},0,ADD,3126246.0,Dontrell Hilliard,0.0,4.0,2021-11-24
2021,12,62f5d7e0-8a3f-4d13-bb7c-b1834c12be05,,FREEAGENT,EXECUTED,4,{8242D4C8-FCD1-4A28-9373-CD282687A8E7},0,DROP,3917792.0,Daniel Jones,4.0,0.0,2021-11-24
2021,12,1fc8eeb7-b2a7-426a-9e77-a5707f897966,,ROSTER,EXECUTED,5,{77F704CF-0C76-4984-9A71-8BD39511C19F},0,DROP,4038818.0,Bryan Edwards,5.0,0.0,2021-11-23
2021,12,1b5b5b57-46ac-4382-8b1b-3da583026bb6,,FREEAGENT,EXECUTED,7,{430447A7-381F-4E40-AD53-6A9C1F157A25},0,ADD,15920.0,Latavius Murray,0.0,7.0,2021-11-27
2021,12,1b5b5b57-46ac-4382-8b1b-3da583026bb6,,FREEAGENT,EXECUTED,7,{430447A7-381F-4E40-AD53-6A9C1F157A25},0,DROP,3930066.0,Van Jefferson,7.0,0.0,2021-11-27
2021,12,29e4ee9f-bd2b-4c9b-9a4c-af1b2e29a215,5b1333a7-8363-4722-a125-981265efe994,TRADE_DECLINE,EXECUTED,5,{77F704CF-0C76-4984-9A71-8BD39511C19F},0,,,,,,2021-11-24
2021,12,c3423871-7a89-4f14-8e87-55f282e7e31f,,FREEAGENT,EXECUTED,1,{C1E09685-96D1-4750-BA21-8BE16D3BF7CA},0,ADD,-16004.0,Bengals D/ST,0.0,1.0,2021-11-25
2021,12,c3423871-7a89-4f14-8e87-55f282e7e31f,,FREEAGENT,EXECUTED,1,{C1E09685-96D1-4750-BA21-8BE16D3BF7CA},0,DROP,-16025.0,49ers D/ST,1.0,0.0,2021-11-25
2021,12,f67ff4c3-f32b-4079-8d00-838b32f2c14a,,FREEAGENT,EXECUTED,1,{C1E09685-96D1-4750-BA21-8BE16D3BF7CA},0,ADD,-16033.0,Ravens D/ST,0.0,1.0,2021-11-28
2021,12,f67ff4c3-f32b-4079-8d00-838b32f2c14a,,FREEAGENT,EXECUTED,1,{C1E09685-96D1-4750-BA21-8BE16D3BF7CA},0,DROP,-16004.0,Bengals D/ST,1.0,0.0,2021-11-28
2021,12,aa650821-96a8-4259-8a59-f108febaf974,f7ff7f06-3875-4d3d-9e93-1162fc2a59ec,TRADE_PROPOSAL,CANCELED,14,{C2BAB8A3-9ED5-425C-BAB8-A39ED5B25CC2},0,TRADE,4569173.0,Rhamondre Stevenson,12.0,14.0,2021-11-23
2021,12,aa650821-96a8-4259-8a59-f108febaf974,f7ff7f06-3875-4d3d-9e93-1162fc2a59ec,TRADE_PROPOSAL,CANCELED,14,{C2BAB8A3-9ED5-425C-BAB8-A39ED5B25CC2},0,TRADE,4361411.0,Pat Freiermuth,14.0,12.0,2021-11-23
2021,12,000d2c99-bb10-485d-a640-9b4423e7486d,beec1460-d66f-44c2-8fc2-d91902b7ed29,WAIVER,FAILED_INVALIDPLAYERSOURCE,3,NightlyLeagueUpdateTaskProcessor,5,ADD,2508176.0,David Johnson,0.0,3.0,2021-11-24
2021,12,eca47ac9-4d72-453e-a909-3f2922123a41,7cd54725-b6f7-4e39-9bb7-7af613f31810,TRADE_ACCEPT,,14,{C2BAB8A3-9ED5-425C-BAB8-A39ED5B25CC2},0,,,,,,2021-11-27
2021,12,24c3b77c-d7a7-47ba-9e04-c37df592db08,,TRADE_PROPOSAL,PENDING,10,{2C8A1B87-268B-45A5-A0E5-C4A3F61C9BC2},0,TRADE,4361579.0,Javonte Williams,13.0,10.0,2021-11-24
2021,12,24c3b77c-d7a7-47ba-9e04-c37df592db08,,TRADE_PROPOSAL,PENDING,10,{2C8A1B87-268B-45A5-A0E5-C4A3F61C9BC2},0,TRADE,3134353.0,Tim Patrick,10.0,13.0,2021-11-24
2021,12,8bd5d860-7f5b-4a8a-bff5-fdb34cabcfcc,,ROSTER,EXECUTED,10,{2C8A1B87-268B-45A5-A0E5-C4A3F61C9BC2},0,DROP,3025433.0,Mike Davis,10.0,0.0,2021-11-23
2021,12,e0649bf3-0b92-4c57-9577-4f493d817305,,ROSTER,EXECUTED,3,{C52D799E-6C1C-44B9-8371-9B6AF857D8E8},0,DROP,3060022.0,Jordan Howard,3.0,0.0,2021-11-23
2021,12,17743ac6-7d0a-49dd-80f9-a7be7a80c6ca,a564e07c-ce3e-4472-9373-d85eda513b4f,WAIVER,FAILED_PLAYERALREADYDROPPED,5,NightlyLeagueUpdateTaskProcessor,2,ADD,3051738.0,Marquez Valdes-Scantling,0.0,5.0,2021-11-24
2021,12,17743ac6-7d0a-49dd-80f9-a7be7a80c6ca,a564e07c-ce3e-4472-9373-d85eda513b4f,WAIVER,FAILED_PLAYERALREADYDROPPED,5,NightlyLeagueUpdateTaskProcessor,2,DROP,3915486.0,Tyler Conklin,5.0,0.0,2021-11-24
2021,12,8344a4be-303f-4465-8b69-d1da7070fd0d,,FREEAGENT,EXECUTED,14,{C2BAB8A3-9ED5-425C-BAB8-A39ED5B25CC2},0,ADD,15971.0,Rex Burkhead,0.0,14.0,2021-11-24
2021,12,8b8666d7-7434-4735-979e-f9dce879f77f,55acaa45-02b0-43f4-8396-08d8f49aead3,TRADE_DECLINE,EXECUTED,8,{00408013-39CF-40FC-8080-1339CFD0FC06},0,,,,,,2021-11-27
2021,12,cdf4b8a4-9c98-4011-82ef-d401df7f7a91,eac30a6d-0c0d-49dc-ade9-c1ed3a674e1f,TRADE_PROPOSAL,CANCELED,10,{C1E09685-96D1-4750-BA21-8BE16D3BF7CA},0,TRADE,2576434.0,Melvin Gordon III,1.0,10.0,2021-11-24
2021,12,cdf4b8a4-9c98-4011-82ef-d401df7f7a91,eac30a6d-0c0d-49dc-ade9-c1ed3a674e1f,TRADE_PROPOSAL,CANCELED,10,{C1E09685-96D1-4750-BA21-8BE16D3BF7CA},0,TRADE,3125116.0,D'Onta Foreman,10.0,1.0,2021-11-24
2021,12,cdf4b8a4-9c98-4011-82ef-d401df7f7a91,eac30a6d-0c0d-49dc-ade9-c1ed3a674e1f,TRADE_PROPOSAL,CANCELED,10,{C1E09685-96D1-4750-BA21-8BE16D3BF7CA},0,TRADE,13983.0,A.J. Green,10.0,1.0,2021-11-24
2021,12,1840a163-f8f5-41b7-9dfa-ecda43189fc8,eac30a6d-0c0d-49dc-ade9-c1ed3a674e1f,TRADE_DECLINE,EXECUTED,1,{C1E09685-96D1-4750-BA21-8BE16D3BF7CA},0,,,,,,2021-11-24
2021,12,379c76fa-f909-4906-8dda-0e58546ba470,,FREEAGENT,EXECUTED,8,{00408013-39CF-40FC-8080-1339CFD0FC06},0,ADD,3915411.0,Ty Johnson,0.0,8.0,2021-11-24
2021,12,379c76fa-f909-4906-8dda-0e58546ba470,,FREEAGENT,EXECUTED,8,{00408013-39CF-40FC-8080-1339CFD0FC06},0,DROP,3139602.0,D'Ernest Johnson,8.0,0.0,2021-11-24
2021,12,7d541420-f9fd-4315-9f36-74c9ef104411,,FREEAGENT,EXECUTED,8,{00408013-39CF-40FC-8080-1339CFD0FC06},0,ADD,2565969.0,Taylor Heinicke,0.0,8.0,2021-11-27
2021,12,7d541420-f9fd-4315-9f36-74c9ef104411,,FREEAGENT,EXECUTED,8,{00408013-39CF-40FC-8080-1339CFD0FC06},0,DROP,14876.0,Ryan Tannehill,8.0,0.0,2021-11-27
2021,12,450b7687-e83a-47b3-be34-1c01a7a0e463,,FREEAGENT,EXECUTED,8,{00408013-39CF-40FC-8080-1339CFD0FC06},0,ADD,4243160.0,Laviska Shenault Jr.,0.0,8.0,2021-11-24
2021,12,450b7687-e83a-47b3-be34-1c01a7a0e463,,FREEAGENT,EXECUTED,8,{00408013-39CF-40FC-8080-1339CFD0FC06},0,DROP,4035170.0,Marquez Callaway,8.0,0.0,2021-11-24
2021,12,a020295b-495e-4820-8fa0-bc451a4addbb,5cd00d8f-d252-4a07-a359-68d2b6280139,TRADE_UPHOLD,EXECUTED,12,{C1E09685-96D1-4750-BA21-8BE16D3BF7CA},0,,,,,,2021-11-24
2021,12,9468d891-ca0a-4b9e-9399-fb1a40c19d4a,,FREEAGENT,EXECUTED,3,{C52D799E-6C1C-44B9-8371-9B6AF857D8E8},0,ADD,3916430.0,Nyheim Hines,0.0,3.0,2021-11-25
2021,12,37ca0fdc-ec61-4f5c-81b6-c0529911e2bc,,FREEAGENT,EXECUTED,1,{C1E09685-96D1-4750-BA21-8BE16D3BF7CA},0,ADD,3128451.0,Tre'Quan Smith,0.0,1.0,2021-11-25
2021,12,37ca0fdc-ec61-4f5c-81b6-c0529911e2bc,,FREEAGENT,EXECUTED,1,{C1E09685-96D1-4750-BA21-8BE16D3BF7CA},0,DROP,10452.0,Adrian Peterson,1.0,0.0,2021-11-25
2021,12,578c187c-8a3c-42b7-b451-1bfe3bef7dbc,,FREEAGENT,EXECUTED,14,{C2BAB8A3-9ED5-425C-BAB8-A39ED5B25CC2},0,ADD,-16003.0,Bears D/ST,0.0,14.0,2021-11-24
2021,12,578c187c-8a3c-42b7-b451-1bfe3bef7dbc,,FREEAGENT,EXECUTED,14,{C2BAB8A3-9ED5-425C-BAB8-A39ED5B25CC2},0,DROP,4037457.0,Travis Homer,14.0,0.0,2021-11-24
2021,12,d25ed4aa-e5ca-4422-8be5-aadab8ceed88,,FREEAGENT,EXECUTED,14,{C2BAB8A3-9ED5-425C-BAB8-A39ED5B25CC2},0,ADD,3025433.0,Mike Davis,0.0,14.0,2021-11-27
2021,12,d25ed4aa-e5ca-4422-8be5-aadab8ceed88,,FREEAGENT,EXECUTED,14,{C2BAB8A3-9ED5-425C-BAB8-A39ED5B25CC2},0,DROP,2576623.0,DeVante Parker,14.0,0.0,2021-11-27
2021,12,d25ed4aa-e5ca-4422-8be5-aadab8ceed88,,FREEAGENT,EXECUTED,14,{C2BAB8A3-9ED5-425C-BAB8-A39ED5B25CC2},0,DROP,15971.0,Rex Burkhead,14.0,0.0,2021-11-27
2021,12,eac30a6d-0c0d-49dc-ade9-c1ed3a674e1f,,TRADE_PROPOSAL,PENDING,10,{2C8A1B87-268B-45A5-A0E5-C4A3F61C9BC2},0,TRADE,2576434.0,Melvin Gordon III,1.0,10.0,2021-11-24
2021,12,eac30a6d-0c0d-49dc-ade9-c1ed3a674e1f,,TRADE_PROPOSAL,PENDING,10,{2C8A1B87-268B-45A5-A0E5-C4A3F61C9BC2},0,TRADE,3125116.0,D'Onta Foreman,10.0,1.0,2021-11-24
2021,12,eac30a6d-0c0d-49dc-ade9-c1ed3a674e1f,,TRADE_PROPOSAL,PENDING,10,{2C8A1B87-268B-45A5-A0E5-C4A3F61C9BC2},0,TRADE,13983.0,A.J. Green,10.0,1.0,2021-11-24
2021,12,fe538aff-1e59-4020-9145-c49c3888098a,,FREEAGENT,EXECUTED,13,{85A6A0E4-D846-4046-B7F8-487FAD9165E0},0,ADD,4036026.0,Dez Fitzpatrick,0.0,13.0,2021-11-28
2021,12,c806ab59-d787-43f6-b89d-c646e9cabe5c,,FREEAGENT,EXECUTED,3,{C52D799E-6C1C-44B9-8371-9B6AF857D8E8},0,ADD,16799.0,Allen Robinson II,0.0,3.0,2021-11-24
2021,13,632341f1-ed5f-4966-8bb5-f10b547e7dde,,FREEAGENT,EXECUTED,14,{C2BAB8A3-9ED5-425C-BAB8-A39ED5B25CC2},0,ADD,3843945.0,Foster Moreau,0.0,14.0,2021-12-01
2021,13,4cd6f49c-ad4a-4dff-8d36-fc3e165a4a22,a52296f4-3aa8-4fb2-88ea-1f181a5aaaa2,WAIVER,EXECUTED,2,NightlyLeagueUpdateTaskProcessor,5,ADD,2468609.0,Taysom Hill,0.0,2.0,2021-12-01
2021,13,4cd6f49c-ad4a-4dff-8d36-fc3e165a4a22,a52296f4-3aa8-4fb2-88ea-1f181a5aaaa2,WAIVER,EXECUTED,2,NightlyLeagueUpdateTaskProcessor,5,DROP,11237.0,Matt Ryan,2.0,0.0,2021-12-01
2021,13,6c671bc8-cc7b-4652-b5cc-676590191728,,FREEAGENT,EXECUTED,7,{430447A7-381F-4E40-AD53-6A9C1F157A25},0,ADD,-16007.0,Broncos D/ST,0.0,7.0,2021-12-04
2021,13,6c671bc8-cc7b-4652-b5cc-676590191728,,FREEAGENT,EXECUTED,7,{430447A7-381F-4E40-AD53-6A9C1F157A25},0,DROP,-16016.0,Vikings D/ST,7.0,0.0,2021-12-04
2021,13,9dc9ce66-d9e5-463f-99cc-16e74614acb6,f78c2fc6-b7b9-4eb6-817b-75d8a3095b41,TRADE_DECLINE,EXECUTED,3,{C52D799E-6C1C-44B9-8371-9B6AF857D8E8},0,,,,,,2021-12-01
2021,13,5729201c-b1a1-44f9-8223-95389f98dc99,cf17efdf-6a14-4b80-b6b2-4be877ad2c40,WAIVER,FAILED_INVALIDPLAYERSOURCE,12,NightlyLeagueUpdateTaskProcessor,27,ADD,2980453.0,Jamaal Williams,0.0,12.0,2021-12-01
2021,13,5729201c-b1a1-44f9-8223-95389f98dc99,cf17efdf-6a14-4b80-b6b2-4be877ad2c40,WAIVER,FAILED_INVALIDPLAYERSOURCE,12,NightlyLeagueUpdateTaskProcessor,27,DROP,3117251.0,Christian McCaffrey,12.0,0.0,2021-12-01
2021,13,2e446b43-508a-4fff-a45a-8dd01129dd2d,7517e0d9-fae2-44d3-99cf-d125f0ba67f4,WAIVER,EXECUTED,2,NightlyLeagueUpdateTaskProcessor,5,ADD,3049916.0,Matt Breida,0.0,2.0,2021-12-01
2021,13,2e446b43-508a-4fff-a45a-8dd01129dd2d,7517e0d9-fae2-44d3-99cf-d125f0ba67f4,WAIVER,EXECUTED,2,NightlyLeagueUpdateTaskProcessor,5,DROP,12537.0,Jared Cook,2.0,0.0,2021-12-01
2021,13,6965cdd8-64ec-489b-908d-e994e2ba6de9,,FREEAGENT,EXECUTED,4,{8242D4C8-FCD1-4A28-9373-CD282687A8E7},0,ADD,16728.0,Teddy Bridgewater,0.0,4.0,2021-12-05
2021,13,6965cdd8-64ec-489b-908d-e994e2ba6de9,,FREEAGENT,EXECUTED,4,{8242D4C8-FCD1-4A28-9373-CD282687A8E7},0,DROP,13994.0,Cam Newton,4.0,0.0,2021-12-05
2021,13,ad0e42d8-67d0-4f95-8716-02326fe8ea46,,ROSTER,EXECUTED,14,{C2BAB8A3-9ED5-425C-BAB8-A39ED5B25CC2},0,DROP,15839.0,Marquise Goodwin,14.0,0.0,2021-11-30
2021,13,110ab8a5-ec23-434a-a495-4663efaf3a2b,,FREEAGENT,EXECUTED,1,{C1E09685-96D1-4750-BA21-8BE16D3BF7CA},0,ADD,3918639.0,Gerald Everett,0.0,1.0,2021-12-01
2021,13,110ab8a5-ec23-434a-a495-4663efaf3a2b,,FREEAGENT,EXECUTED,1,{C1E09685-96D1-4750-BA21-8BE16D3BF7CA},0,DROP,3128451.0,Tre'Quan Smith,1.0,0.0,2021-12-01
2021,13,05d13331-6a4e-4aaa-81b7-1b856269fec5,,FREEAGENT,EXECUTED,4,{8242D4C8-FCD1-4A28-9373-CD282687A8E7},0,ADD,-16025.0,49ers D/ST,0.0,4.0,2021-12-03
2021,13,05d13331-6a4e-4aaa-81b7-1b856269fec5,,FREEAGENT,EXECUTED,4,{8242D4C8-FCD1-4A28-9373-CD282687A8E7},0,DROP,-16010.0,Titans D/ST,4.0,0.0,2021-12-03
2021,13,4dba9396-114d-46fd-87c5-9d5acbb17c2c,,FREEAGENT,EXECUTED,12,{91D28B99-9234-408F-ACE7-32AEC03EE9E2},0,ADD,11283.0,DeSean Jackson,0.0,12.0,2021-12-01
2021,13,4dba9396-114d-46fd-87c5-9d5acbb17c2c,,FREEAGENT,EXECUTED,12,{91D28B99-9234-408F-ACE7-32AEC03EE9E2},0,DROP,3117251.0,Christian McCaffrey,12.0,0.0,2021-12-01
2021,13,927234c8-d07f-4c45-8c79-5b0dd8d4cdc0,,FREEAGENT,EXECUTED,5,{77F704CF-0C76-4984-9A71-8BD39511C19F},0,ADD,-16009.0,Packers D/ST,0.0,5.0,2021-12-01
2021,13,5b8a9f0f-6d69-4392-8158-418477ee0a40,,FREEAGENT,EXECUTED,12,{91D28B99-9234-408F-ACE7-32AEC03EE9E2},0,ADD,15971.0,Rex Burkhead,0.0,12.0,2021-12-01
2021,13,5b8a9f0f-6d69-4392-8158-418477ee0a40,,FREEAGENT,EXECUTED,12,{91D28B99-9234-408F-ACE7-32AEC03EE9E2},0,DROP,3122976.0,Jeff Wilson Jr.,12.0,0.0,2021-12-01
2021,13,ee9f132b-45f4-464e-9b21-ba497a9573e2,,FREEAGENT,EXECUTED,8,{00408013-39CF-40FC-8080-1339CFD0FC06},0,ADD,2576623.0,DeVante Parker,0.0,8.0,2021-12-02
2021,13,ee9f132b-45f4-464e-9b21-ba497a9573e2,,FREEAGENT,EXECUTED,8,{00408013-39CF-40FC-8080-1339CFD0FC06},0,DROP,4243160.0,Laviska Shenault Jr.,8.0,0.0,2021-12-02
2021,13,293e58b0-4563-4ea5-8775-611b6a0cc3cb,,FREEAGENT,EXECUTED,10,{2C8A1B87-268B-45A5-A0E5-C4A3F61C9BC2},0,ADD,3916430.0,Nyheim Hines,0.0,10.0,2021-12-05
2021,13,293e58b0-4563-4ea5-8775-611b6a0cc3cb,,FREEAGENT,EXECUTED,10,{2C8A1B87-268B-45A5-A0E5-C4A3F61C9BC2},0,DROP,3134353.0,Tim Patrick,10.0,0.0,2021-12-05
2021,13,67deb4a3-51ab-42c2-9e12-5657eb13c957,75202058-7e97-4326-9aad-5288f4343ab2,WAIVER,FAILED_INVALIDPLAYERSOURCE,3,NightlyLeagueUpdateTaskProcessor,28,ADD,2980453.0,Jamaal Williams,0.0,3.0,2021-12-01
2021,13,67deb4a3-51ab-42c2-9e12-5657eb13c957,75202058-7e97-4326-9aad-5288f4343ab2,WAIVER,FAILED_INVALIDPLAYERSOURCE,3,NightlyLeagueUpdateTaskProcessor,28,DROP,2979843.0,Kenyan Drake,3.0,0.0,2021-12-01
2021,13,5d2c8321-7f59-4640-9658-08b35a6050a7,6991eb32-4df3-40e9-b00c-bcc723afd36c,WAIVER,EXECUTED,12,NightlyLeagueUpdateTaskProcessor,10,ADD,4241416.0,Chuba Hubbard,0.0,12.0,2021-12-01
2021,13,5d2c8321-7f59-4640-9658-08b35a6050a7,6991eb32-4df3-40e9-b00c-bcc723afd36c,WAIVER,EXECUTED,12,NightlyLeagueUpdateTaskProcessor,10,DROP,4036335.0,Cedrick Wilson,12.0,0.0,2021-12-01
2021,13,d471146c-7974-4d93-8e05-6b8dffdf4ef3,,FREEAGENT,EXECUTED,8,{00408013-39CF-40FC-8080-1339CFD0FC06},0,ADD,4240631.0,DeeJay Dallas,0.0,8.0,2021-12-02
2021,13,19869a54-3af7-40fb-8357-5593e2be0102,,FREEAGENT,EXECUTED,7,{430447A7-381F-4E40-AD53-6A9C1F157A25},0,ADD,-16016.0,Vikings D/ST,0.0,7.0,2021-12-01
2021,13,19869a54-3af7-40fb-8357-5593e2be0102,,FREEAGENT,EXECUTED,7,{430447A7-381F-4E40-AD53-6A9C1F157A25},0,DROP,-16007.0,Broncos D/ST,7.0,0.0,2021-12-01
2021,13,abdd7fc3-4195-4c3b-8cb8-93c132d76a2c,,FREEAGENT,EXECUTED,8,{00408013-39CF-40FC-8080-1339CFD0FC06},0,ADD,4240631.0,DeeJay Dallas,0.0,8.0,2021-12-01
2021,13,0eda68b5-05ed-404e-9a0c-0aa2a9ab77f4,3ae897a8-e8da-4096-b3b3-80f75b337411,TRADE_ACCEPT,,14,{C2BAB8A3-9ED5-425C-BAB8-A39ED5B25CC2},0,,,,,,2021-12-01
2021,13,6d6516cc-bb64-4c0c-b757-9970bdf75ead,934791b9-bc4d-4396-ad59-cc6ee990d750,WAIVER,FAILED_INVALIDPLAYERSOURCE,5,NightlyLeagueUpdateTaskProcessor,9,ADD,2980453.0,Jamaal Williams,0.0,5.0,2021-12-01
2021,13,15d01ba1-76d7-435a-80b4-2c9f464b67bc,,FREEAGENT,EXECUTED,12,{91D28B99-9234-408F-ACE7-32AEC03EE9E2},0,ADD,3051439.0,Boston Scott,0.0,12.0,2021-12-04
2021,13,15d01ba1-76d7-435a-80b4-2c9f464b67bc,,FREEAGENT,EXECUTED,12,{91D28B99-9234-408F-ACE7-32AEC03EE9E2},0,DROP,3046409.0,Alex Collins,12.0,0.0,2021-12-04
2021,13,921a4e8a-fc71-4522-8659-954780709ae9,,FREEAGENT,EXECUTED,7,{430447A7-381F-4E40-AD53-6A9C1F157A25},0,ADD,-16007.0,Broncos D/ST,0.0,7.0,2021-12-01
2021,13,921a4e8a-fc71-4522-8659-954780709ae9,,FREEAGENT,EXECUTED,7,{430447A7-381F-4E40-AD53-6A9C1F157A25},0,DROP,-16034.0,Texans D/ST,7.0,0.0,2021-12-01
2021,13,4bd46224-d41d-4a80-9aa7-5de833803713,,ROSTER,EXECUTED,8,{00408013-39CF-40FC-8080-1339CFD0FC06},0,LINEUP,2976499.0,Amari Cooper,0.0,0.0,2021-12-01
2021,13,4bd46224-d41d-4a80-9aa7-5de833803713,,ROSTER,EXECUTED,8,{00408013-39CF-40FC-8080-1339CFD0FC06},0,DROP,4240631.0,DeeJay Dallas,8.0,0.0,2021-12-01
2021,13,1a385338-ffa0-41f8-bb66-2177950f8def,,FREEAGENT,EXECUTED,2,{EC970810-E14F-4307-8FA6-3BAE92CC1B4E},0,ADD,4241464.0,Mac Jones,0.0,2.0,2021-12-01
2021,13,1a385338-ffa0-41f8-bb66-2177950f8def,,FREEAGENT,EXECUTED,2,{EC970810-E14F-4307-8FA6-3BAE92CC1B4E},0,DROP,4035676.0,Zack Moss,2.0,0.0,2021-12-01
2021,13,9414a9f6-645e-4cf4-a7a0-4168577031d8,083b5950-45a5-4393-9fbf-0f5d400315f2,WAIVER,EXECUTED,13,NightlyLeagueUpdateTaskProcessor,33,ADD,2980453.0,Jamaal Williams,0.0,13.0,2021-12-01
2021,13,9414a9f6-645e-4cf4-a7a0-4168577031d8,083b5950-45a5-4393-9fbf-0f5d400315f2,WAIVER,EXECUTED,13,NightlyLeagueUpdateTaskProcessor,33,DROP,4036026.0,Dez Fitzpatrick,13.0,0.0,2021-12-01
2021,13,1ae42c2a-a57a-410f-9eed-e2183ec9d632,,FREEAGENT,EXECUTED,8,{00408013-39CF-40FC-8080-1339CFD0FC06},0,ADD,4371733.0,Kenneth Gainwell,0.0,8.0,2021-12-02
2021,13,1ae42c2a-a57a-410f-9eed-e2183ec9d632,,FREEAGENT,EXECUTED,8,{00408013-39CF-40FC-8080-1339CFD0FC06},0,DROP,3051439.0,Boston Scott,8.0,0.0,2021-12-02
2021,13,c727a21c-28d7-4375-a637-b6911980436a,,FREEAGENT,EXECUTED,12,{91D28B99-9234-408F-ACE7-32AEC03EE9E2},0,ADD,3046409.0,Alex Collins,0.0,12.0,2021-12-03
2021,13,c727a21c-28d7-4375-a637-b6911980436a,,FREEAGENT,EXECUTED,12,{91D28B99-9234-408F-ACE7-32AEC03EE9E2},0,DROP,3060022.0,Jordan Howard,12.0,0.0,2021-12-03
2021,13,aca5b256-6e78-4676-bdf9-5298393e0a5e,,FREEAGENT,EXECUTED,8,{00408013-39CF-40FC-8080-1339CFD0FC06},0,ADD,3139033.0,Mike Boone,0.0,8.0,2021-12-05
2021,13,aca5b256-6e78-4676-bdf9-5298393e0a5e,,FREEAGENT,EXECUTED,8,{00408013-39CF-40FC-8080-1339CFD0FC06},0,DROP,4240631.0,DeeJay Dallas,8.0,0.0,2021-12-05
2021,13,88b33a2e-5496-4a99-b7a7-74eaa0e3cce5,,FREEAGENT,EXECUTED,10,{2C8A1B87-268B-45A5-A0E5-C4A3F61C9BC2},0,ADD,3139602.0,D'Ernest Johnson,0.0,10.0,2021-12-01
2021,13,88b33a2e-5496-4a99-b7a7-74eaa0e3cce5,,FREEAGENT,EXECUTED,10,{2C8A1B87-268B-45A5-A0E5-C4A3F61C9BC2},0,DROP,-16030.0,Jaguars D/ST,10.0,0.0,2021-12-01
2021,13,a90fe5df-a4ba-410d-9ae4-88ada07b9079,5378e87e-b1a7-4b50-87a4-0c57b4921e4f,WAIVER,FAILED_INVALIDPLAYERSOURCE,2,NightlyLeagueUpdateTaskProcessor,10,ADD,2980453.0,Jamaal Williams,0.0,2.0,2021-12-01
2021,13,a90fe5df-a4ba-410d-9ae4-88ada07b9079,5378e87e-b1a7-4b50-87a4-0c57b4921e4f,WAIVER,FAILED_INVALIDPLAYERSOURCE,2,NightlyLeagueUpdateTaskProcessor,10,DROP,4035676.0,Zack Moss,2.0,0.0,2021-12-01
2021,13,aa8d884a-d4e5-40d3-bed0-44ad8b459003,,ROSTER,EXECUTED,3,{C52D799E-6C1C-44B9-8371-9B6AF857D8E8},0,DROP,3916430.0,Nyheim Hines,3.0,0.0,2021-11-30
2021,13,7bbdd318-c1cc-4ebd-b1af-de3c896d5575,,ROSTER,EXECUTED,14,{C2BAB8A3-9ED5-425C-BAB8-A39ED5B25CC2},0,DROP,-16003.0,Bears D/ST,14.0,0.0,2021-11-30
2021,13,758e19ed-dc4a-42c3-b0fa-8d095fb87dfa,,ROSTER,EXECUTED,8,{00408013-39CF-40FC-8080-1339CFD0FC06},0,LINEUP,2576623.0,DeVante Parker,0.0,0.0,2021-12-04
2021,13,758e19ed-dc4a-42c3-b0fa-8d095fb87dfa,,ROSTER,EXECUTED,8,{00408013-39CF-40FC-8080-1339CFD0FC06},0,DROP,4371733.0,Kenneth Gainwell,8.0,0.0,2021-12-04
2021,13,4d14cac9-8870-4eeb-917b-014319ec58d4,,FREEAGENT,EXECUTED,7,{430447A7-381F-4E40-AD53-6A9C1F157A25},0,ADD,3122976.0,Jeff Wilson Jr.,0.0,7.0,2021-12-05
2021,13,c0106dcd-808f-45af-a006-0748326e7292,,FREEAGENT,EXECUTED,12,{91D28B99-9234-408F-ACE7-32AEC03EE9E2},0,ADD,3060022.0,Jordan Howard,0.0,12.0,2021-12-03
2021,13,c0106dcd-808f-45af-a006-0748326e7292,,FREEAGENT,EXECUTED,12,{91D28B99-9234-408F-ACE7-32AEC03EE9E2},0,DROP,13982.0,Julio Jones,12.0,0.0,2021-12-03
2021,13,554da545-6e2c-4bf7-a57b-64657a34082c,,FREEAGENT,EXECUTED,2,{EC970810-E14F-4307-8FA6-3BAE92CC1B4E},0,ADD,2508176.0,David Johnson,0.0,2.0,2021-12-03
2021,13,554da545-6e2c-4bf7-a57b-64657a34082c,,FREEAGENT,EXECUTED,2,{EC970810-E14F-4307-8FA6-3BAE92CC1B4E},0,DROP,4241464.0,Mac Jones,2.0,0.0,2021-12-03
2021,13,63cd11aa-b292-4059-8b3c-e263c688f650,,FREEAGENT,EXECUTED,14,{C2BAB8A3-9ED5-425C-BAB8-A39ED5B25CC2},0,ADD,3930066.0,Van Jefferson,0.0,14.0,2021-12-01
2021,13,52dcd944-978f-46e0-9282-0c424893ad56,37a689b0-3108-4be5-9107-131a9a0a7539,TRADE_PROPOSAL,CANCELED,8,{00408013-39CF-40FC-8080-1339CFD0FC06},0,TRADE,3116164.0,Mike Gesicki,8.0,13.0,2021-12-01
2021,13,52dcd944-978f-46e0-9282-0c424893ad56,37a689b0-3108-4be5-9107-131a9a0a7539,TRADE_PROPOSAL,CANCELED,8,{00408013-39CF-40FC-8080-1339CFD0FC06},0,TRADE,3915511.0,Joe Burrow,13.0,8.0,2021-12-01
2021,13,ba540ac8-359e-4404-8483-9f258c902520,aa5bfb79-cf76-4ccd-a0a5-3e4b7b7311d0,WAIVER,FAILED_INVALIDPLAYERSOURCE,4,NightlyLeagueUpdateTaskProcessor,15,ADD,2980453.0,Jamaal Williams,0.0,4.0,2021-12-01
2021,13,ba540ac8-359e-4404-8483-9f258c902520,aa5bfb79-cf76-4ccd-a0a5-3e4b7b7311d0,WAIVER,FAILED_INVALIDPLAYERSOURCE,4,NightlyLeagueUpdateTaskProcessor,15,DROP,-16010.0,Titans D/ST,4.0,0.0,2021-12-01
2021,13,e7dd6cb2-7138-484e-aef0-dea801f1945a,,FREEAGENT,EXECUTED,12,{91D28B99-9234-408F-ACE7-32AEC03EE9E2},0,ADD,4038524.0,Gardner Minshew,0.0,12.0,2021-12-04
2021,13,e7dd6cb2-7138-484e-aef0-dea801f1945a,,FREEAGENT,EXECUTED,12,{91D28B99-9234-408F-ACE7-32AEC03EE9E2},0,DROP,11283.0,DeSean Jackson,12.0,0.0,2021-12-04
2021,13,84c0c5b3-079d-4708-b8aa-3a8bb113eca9,,ROSTER,EXECUTED,5,{77F704CF-0C76-4984-9A71-8BD39511C19F},0,DROP,2508176.0,David Johnson,5.0,0.0,2021-11-30
2021,13,bbdfcaf5-afa9-4c3e-942c-bb8faf1a7ffc,,FREEAGENT,EXECUTED,14,{C2BAB8A3-9ED5-425C-BAB8-A39ED5B25CC2},0,ADD,10452.0,Adrian Peterson,0.0,14.0,2021-12-02
2021,13,bbdfcaf5-afa9-4c3e-942c-bb8faf1a7ffc,,FREEAGENT,EXECUTED,14,{C2BAB8A3-9ED5-425C-BAB8-A39ED5B25CC2},0,DROP,3046409.0,Alex Collins,14.0,0.0,2021-12-02
2021,13,0f58f4ce-aa98-4904-a332-09eee6b78966,3ae897a8-e8da-4096-b3b3-80f75b337411,TRADE_UPHOLD,EXECUTED,1,{C1E09685-96D1-4750-BA21-8BE16D3BF7CA},0,,,,,,2021-12-02
2021,13,eab380c1-cd4d-48f1-856b-531b08c8ba12,,FREEAGENT,EXECUTED,8,{00408013-39CF-40FC-8080-1339CFD0FC06},0,ADD,3051439.0,Boston Scott,0.0,8.0,2021-12-01
2021,13,eab380c1-cd4d-48f1-856b-531b08c8ba12,,FREEAGENT,EXECUTED,8,{00408013-39CF-40FC-8080-1339CFD0FC06},0,DROP,14163.0,Tyrod Taylor,8.0,0.0,2021-12-01
2021,13,94a8fc9c-978e-4d1e-bb56-13356ea8f280,3ae897a8-e8da-4096-b3b3-80f75b337411,TRADE_UPHOLD,EXECUTED,14,{C2BAB8A3-9ED5-425C-BAB8-A39ED5B25CC2},0,,,,,,2021-12-02
2021,13,55f517ae-7099-4ce7-9de6-b6bb03f95563,,ROSTER,EXECUTED,8,{00408013-39CF-40FC-8080-1339CFD0FC06},0,LINEUP,2576623.0,DeVante Parker,0.0,0.0,2021-12-02
2021,13,55f517ae-7099-4ce7-9de6-b6bb03f95563,,ROSTER,EXECUTED,8,{00408013-39CF-40FC-8080-1339CFD0FC06},0,DROP,4240631.0,DeeJay Dallas,8.0,0.0,2021-12-02
2021,13,cdec6afa-a6cf-4532-b2f3-ab504e1e815a,,ROSTER,EXECUTED,14,{C2BAB8A3-9ED5-425C-BAB8-A39ED5B25CC2},0,DROP,3916945.0,Darius Slayton,14.0,0.0,2021-11-30
2021,13,3aa0e812-0c14-4af2-b472-25de29412a39,,FREEAGENT,EXECUTED,4,{8242D4C8-FCD1-4A28-9373-CD282687A8E7},0,ADD,3115306.0,Josh Reynolds,0.0,4.0,2021-12-03
2021,13,3aa0e812-0c14-4af2-b472-25de29412a39,,FREEAGENT,EXECUTED,4,{8242D4C8-FCD1-4A28-9373-CD282687A8E7},0,DROP,3127586.0,Jeremy McNichols,4.0,0.0,2021-12-03
2021,13,f60693fc-7583-45d9-998e-56ab2a069af2,,ROSTER,EXECUTED,8,{00408013-39CF-40FC-8080-1339CFD0FC06},0,LINEUP,2976499.0,Amari Cooper,0.0,0.0,2021-11-30
2021,13,f60693fc-7583-45d9-998e-56ab2a069af2,,ROSTER,EXECUTED,8,{00408013-39CF-40FC-8080-1339CFD0FC06},0,DROP,2574808.0,Robby Anderson,8.0,0.0,2021-11-30
2021,13,e8f276c5-1956-47ac-aab8-43a7d784acbe,,FREEAGENT,EXECUTED,8,{00408013-39CF-40FC-8080-1339CFD0FC06},0,ADD,4240631.0,DeeJay Dallas,0.0,8.0,2021-12-02
2021,14,b56f63ed-179d-4f43-8890-1ab6512263d3,27ac74d9-d30e-4c29-aaf5-bc6484fed97e,WAIVER,EXECUTED,3,NightlyLeagueUpdateTaskProcessor,2,ADD,-16005.0,Browns D/ST,0.0,3.0,2021-12-08
2021,14,28ee452d-9202-4c2a-951c-0078d056e050,7f9495e0-d996-43e6-adca-cd89ad4b27ae,WAIVER,FAILED_INVALIDPLAYERSOURCE,12,NightlyLeagueUpdateTaskProcessor,1,ADD,-16026.0,Seahawks D/ST,0.0,12.0,2021-12-08
2021,14,b16eff91-a3af-47d9-8633-9ed9e4902060,,FREEAGENT,EXECUTED,7,{430447A7-381F-4E40-AD53-6A9C1F157A25},0,ADD,3929785.0,Nick Westbrook-Ikhine,0.0,7.0,2021-12-08
2021,14,b16eff91-a3af-47d9-8633-9ed9e4902060,,FREEAGENT,EXECUTED,7,{430447A7-381F-4E40-AD53-6A9C1F157A25},0,DROP,3895856.0,Christian Kirk,7.0,0.0,2021-12-08
2021,14,9b5926dc-31a4-467a-8113-d151e33852a9,a3f6f540-ad36-4d8d-8b43-398cb574affa,WAIVER,EXECUTED,3,NightlyLeagueUpdateTaskProcessor,15,ADD,3915486.0,Tyler Conklin,0.0,3.0,2021-12-08
2021,14,9b5926dc-31a4-467a-8113-d151e33852a9,a3f6f540-ad36-4d8d-8b43-398cb574affa,WAIVER,EXECUTED,3,NightlyLeagueUpdateTaskProcessor,15,DROP,2979843.0,Kenyan Drake,3.0,0.0,2021-12-08
2021,14,1222201e-d231-4407-aea3-45e60d957ac8,,FREEAGENT,EXECUTED,2,{EC970810-E14F-4307-8FA6-3BAE92CC1B4E},0,ADD,4040761.0,Devin Singletary,0.0,2.0,2021-12-12
2021,14,1222201e-d231-4407-aea3-45e60d957ac8,,FREEAGENT,EXECUTED,2,{EC970810-E14F-4307-8FA6-3BAE92CC1B4E},0,DROP,2508176.0,David Johnson,2.0,0.0,2021-12-12
2021,14,f6ffad21-f141-4864-9e74-c08ea55bb7e8,,FREEAGENT,EXECUTED,8,{00408013-39CF-40FC-8080-1339CFD0FC06},0,ADD,3915411.0,Ty Johnson,0.0,8.0,2021-12-11
2021,14,f593fb77-2c0e-44c4-b26f-51e47128848c,129c9e2e-c31d-4c77-bcc9-f51f79ab75fc,WAIVER,EXECUTED,2,NightlyLeagueUpdateTaskProcessor,1,ADD,3122866.0,Devontae Booker,0.0,2.0,2021-12-08
2021,14,f593fb77-2c0e-44c4-b26f-51e47128848c,129c9e2e-c31d-4c77-bcc9-f51f79ab75fc,WAIVER,EXECUTED,2,NightlyLeagueUpdateTaskProcessor,1,DROP,3042778.0,Corey Davis,2.0,0.0,2021-12-08
2021,14,04d20f1b-ee49-4611-9390-e65178b34be5,,FREEAGENT,EXECUTED,13,{85A6A0E4-D846-4046-B7F8-487FAD9165E0},0,ADD,-16001.0,Falcons D/ST,0.0,13.0,2021-12-11
2021,14,04d20f1b-ee49-4611-9390-e65178b34be5,,FREEAGENT,EXECUTED,13,{85A6A0E4-D846-4046-B7F8-487FAD9165E0},0,DROP,3046439.0,Hunter Henry,13.0,0.0,2021-12-11
2021,14,84f6ecb4-587f-4d38-a9b2-91c764640515,,ROSTER,EXECUTED,3,{C52D799E-6C1C-44B9-8371-9B6AF857D8E8},0,DROP,-16005.0,Browns D/ST,3.0,0.0,2021-12-08
2021,14,af2a8c1f-458d-4aba-a877-5b5a6ebeca7e,,ROSTER,EXECUTED,10,{2C8A1B87-268B-45A5-A0E5-C4A3F61C9BC2},0,DROP,3916430.0,Nyheim Hines,10.0,0.0,2021-12-07
2021,14,8742e471-2e92-48bf-b462-79f9ae1ea375,,FREEAGENT,EXECUTED,8,{00408013-39CF-40FC-8080-1339CFD0FC06},0,ADD,3139925.0,Rashaad Penny,0.0,8.0,2021-12-12
2021,14,8742e471-2e92-48bf-b462-79f9ae1ea375,,FREEAGENT,EXECUTED,8,{00408013-39CF-40FC-8080-1339CFD0FC06},0,DROP,3128429.0,Courtland Sutton,8.0,0.0,2021-12-12
2021,14,d847c27e-3902-4a27-a09c-bd48c86c3728,,FREEAGENT,EXECUTED,8,{00408013-39CF-40FC-8080-1339CFD0FC06},0,ADD,13994.0,Cam Newton,0.0,8.0,2021-12-11
2021,14,d847c27e-3902-4a27-a09c-bd48c86c3728,,FREEAGENT,EXECUTED,8,{00408013-39CF-40FC-8080-1339CFD0FC06},0,DROP,3051738.0,Marquez Valdes-Scantling,8.0,0.0,2021-12-11
2021,14,8b4bbb52-5f82-4b8d-a1d6-ac6e89a24e9d,,FREEAGENT,EXECUTED,8,{00408013-39CF-40FC-8080-1339CFD0FC06},0,ADD,3895856.0,Christian Kirk,0.0,8.0,2021-12-12
2021,14,8b4bbb52-5f82-4b8d-a1d6-ac6e89a24e9d,,FREEAGENT,EXECUTED,8,{00408013-39CF-40FC-8080-1339CFD0FC06},0,DROP,3915411.0,Ty Johnson,8.0,0.0,2021-12-12
2021,14,0f042971-5b95-404e-996f-86c03001199a,,ROSTER,EXECUTED,14,{C2BAB8A3-9ED5-425C-BAB8-A39ED5B25CC2},0,DROP,3051738.0,Marquez Valdes-Scantling,14.0,0.0,2021-12-08
2021,14,46231edf-6820-46df-8dad-bb7a9024b640,099cae2d-6373-45ae-9b33-2b11dca213ad,WAIVER,EXECUTED,2,NightlyLeagueUpdateTaskProcessor,30,ADD,3046409.0,Alex Collins,0.0,2.0,2021-12-08
2021,14,46231edf-6820-46df-8dad-bb7a9024b640,099cae2d-6373-45ae-9b33-2b11dca213ad,WAIVER,EXECUTED,2,NightlyLeagueUpdateTaskProcessor,30,DROP,2468609.0,Taysom Hill,2.0,0.0,2021-12-08
2021,14,62912ad5-1275-41d9-9c0d-025b0267cee5,,FREEAGENT,EXECUTED,13,{85A6A0E4-D846-4046-B7F8-487FAD9165E0},0,ADD,4374302.0,Amon-Ra St. Brown,0.0,13.0,2021-12-11
2021,14,62912ad5-1275-41d9-9c0d-025b0267cee5,,FREEAGENT,EXECUTED,13,{85A6A0E4-D846-4046-B7F8-487FAD9165E0},0,DROP,4240600.0,Kadarius Toney,13.0,0.0,2021-12-11
2021,14,742e4e14-8309-45a8-8199-6fe429feeaaf,,FREEAGENT,EXECUTED,10,{2C8A1B87-268B-45A5-A0E5-C4A3F61C9BC2},0,ADD,-16010.0,Titans D/ST,0.0,10.0,2021-12-08
2021,14,742e4e14-8309-45a8-8199-6fe429feeaaf,,FREEAGENT,EXECUTED,10,{2C8A1B87-268B-45A5-A0E5-C4A3F61C9BC2},0,DROP,13983.0,A.J. Green,10.0,0.0,2021-12-08
2021,14,05ce61cd-bd11-4ad7-bf25-0707a7501a12,ce973827-a609-4bfc-90e0-3421cdcfc270,WAIVER,EXECUTED,4,NightlyLeagueUpdateTaskProcessor,10,ADD,-16026.0,Seahawks D/ST,0.0,4.0,2021-12-08
2021,14,05ce61cd-bd11-4ad7-bf25-0707a7501a12,ce973827-a609-4bfc-90e0-3421cdcfc270,WAIVER,EXECUTED,4,NightlyLeagueUpdateTaskProcessor,10,DROP,-16025.0,49ers D/ST,4.0,0.0,2021-12-08
2021,14,27667a40-da3b-41cb-bf7f-05359d382988,cf4c7c59-f560-4b9a-872c-61bf8d009494,WAIVER,FAILED_AUCTIONBUDGETEXCEEDED,5,NightlyLeagueUpdateTaskProcessor,13,ADD,13982.0,Julio Jones,0.0,5.0,2021-12-08
2021,14,27667a40-da3b-41cb-bf7f-05359d382988,cf4c7c59-f560-4b9a-872c-61bf8d009494,WAIVER,FAILED_AUCTIONBUDGETEXCEEDED,5,NightlyLeagueUpdateTaskProcessor,13,DROP,3045523.0,Kendrick Bourne,5.0,0.0,2021-12-08
2021,14,eb847b29-16d0-43d7-948f-01beb14e2ded,,FREEAGENT,EXECUTED,12,{91D28B99-9234-408F-ACE7-32AEC03EE9E2},0,ADD,-16024.0,Chargers D/ST,0.0,12.0,2021-12-08
2021,14,9d7ac194-d5ee-4db5-b518-cec2e066b403,,FREEAGENT,EXECUTED,5,{77F704CF-0C76-4984-9A71-8BD39511C19F},0,ADD,4243160.0,Laviska Shenault Jr.,0.0,5.0,2021-12-08
2021,14,9d7ac194-d5ee-4db5-b518-cec2e066b403,,FREEAGENT,EXECUTED,5,{77F704CF-0C76-4984-9A71-8BD39511C19F},0,DROP,4040761.0,Devin Singletary,5.0,0.0,2021-12-08
2021,14,4a63e921-96a2-4692-a797-8abe1b30caa3,,FREEAGENT,EXECUTED,5,{77F704CF-0C76-4984-9A71-8BD39511C19F},0,ADD,4243160.0,Laviska Shenault Jr.,0.0,5.0,2021-12-10
2021,14,4a63e921-96a2-4692-a797-8abe1b30caa3,,FREEAGENT,EXECUTED,5,{77F704CF-0C76-4984-9A71-8BD39511C19F},0,DROP,2979477.0,Tevin Coleman,5.0,0.0,2021-12-10
2021,14,9bcf3403-7a27-4234-9281-2780ab7ad45e,c9ccb2f6-94d1-47ca-92f3-781cb1201392,WAIVER,EXECUTED,5,NightlyLeagueUpdateTaskProcessor,14,ADD,3916566.0,K.J. Osborn,0.0,5.0,2021-12-08
2021,14,9bcf3403-7a27-4234-9281-2780ab7ad45e,c9ccb2f6-94d1-47ca-92f3-781cb1201392,WAIVER,EXECUTED,5,NightlyLeagueUpdateTaskProcessor,14,DROP,3045523.0,Kendrick Bourne,5.0,0.0,2021-12-08
2021,14,a53ad949-ef1e-4565-9b3b-8e301362b4a4,,FREEAGENT,EXECUTED,2,{EC970810-E14F-4307-8FA6-3BAE92CC1B4E},0,ADD,3128451.0,Tre'Quan Smith,0.0,2.0,2021-12-09
2021,14,a53ad949-ef1e-4565-9b3b-8e301362b4a4,,FREEAGENT,EXECUTED,2,{EC970810-E14F-4307-8FA6-3BAE92CC1B4E},0,DROP,2971618.0,Nelson Agholor,2.0,0.0,2021-12-09
2021,14,b698f2b1-1390-4f3f-990a-0210c684fbc1,,FREEAGENT,EXECUTED,5,{77F704CF-0C76-4984-9A71-8BD39511C19F},0,ADD,3915411.0,Ty Johnson,0.0,5.0,2021-12-12
2021,14,b698f2b1-1390-4f3f-990a-0210c684fbc1,,FREEAGENT,EXECUTED,5,{77F704CF-0C76-4984-9A71-8BD39511C19F},0,DROP,3928925.0,JaMycal Hasty,5.0,0.0,2021-12-12
2021,14,baff1bc2-00eb-47c3-97ab-3e5f8d6ce24c,,ROSTER,EXECUTED,12,{91D28B99-9234-408F-ACE7-32AEC03EE9E2},0,DROP,3051439.0,Boston Scott,12.0,0.0,2021-12-07
2021,14,a72b2de9-a22c-4398-b70d-042b956c7692,c0696518-66b9-4b7c-a258-54bc304459a8,WAIVER,EXECUTED,12,NightlyLeagueUpdateTaskProcessor,15,ADD,13982.0,Julio Jones,0.0,12.0,2021-12-08
2021,14,bb0aac1c-3d9e-4289-be39-1e8a9d8e829c,,FREEAGENT,EXECUTED,8,{00408013-39CF-40FC-8080-1339CFD0FC06},0,ADD,3051738.0,Marquez Valdes-Scantling,0.0,8.0,2021-12-10
2021,14,bb0aac1c-3d9e-4289-be39-1e8a9d8e829c,,FREEAGENT,EXECUTED,8,{00408013-39CF-40FC-8080-1339CFD0FC06},0,DROP,3932430.0,Jalen Guyton,8.0,0.0,2021-12-10
2021,14,1a07712b-81c6-473e-85f0-55fc60e1e6d7,,FREEAGENT,EXECUTED,12,{91D28B99-9234-408F-ACE7-32AEC03EE9E2},0,ADD,2468609.0,Taysom Hill,0.0,12.0,2021-12-09
2021,14,1a07712b-81c6-473e-85f0-55fc60e1e6d7,,FREEAGENT,EXECUTED,12,{91D28B99-9234-408F-ACE7-32AEC03EE9E2},0,DROP,13994.0,Cam Newton,12.0,0.0,2021-12-09
2021,14,2228dfc3-2c3d-4342-b329-50260baefe26,,FREEAGENT,EXECUTED,10,{2C8A1B87-268B-45A5-A0E5-C4A3F61C9BC2},0,ADD,3045523.0,Kendrick Bourne,0.0,10.0,2021-12-09
2021,14,43336002-703b-4a03-9e5b-5a065701a4c5,,FREEAGENT,EXECUTED,14,{C2BAB8A3-9ED5-425C-BAB8-A39ED5B25CC2},0,ADD,3116389.0,Samaje Perine,0.0,14.0,2021-12-08
2021,14,c69560df-5bfc-42d6-8277-7d96561f52f0,,FREEAGENT,EXECUTED,5,{77F704CF-0C76-4984-9A71-8BD39511C19F},0,ADD,3928925.0,JaMycal Hasty,0.0,5.0,2021-12-08
2021,14,c69560df-5bfc-42d6-8277-7d96561f52f0,,FREEAGENT,EXECUTED,5,{77F704CF-0C76-4984-9A71-8BD39511C19F},0,DROP,4243160.0,Laviska Shenault Jr.,5.0,0.0,2021-12-08
2021,14,ec3e693e-8a96-4c6a-b3a9-c2f341917fa7,37f024b4-5857-413b-8ce6-7d9c4def6c7a,WAIVER,EXECUTED,3,NightlyLeagueUpdateTaskProcessor,11,ADD,2576336.0,Ameer Abdullah,0.0,3.0,2021-12-08
2021,14,ec3e693e-8a96-4c6a-b3a9-c2f341917fa7,37f024b4-5857-413b-8ce6-7d9c4def6c7a,WAIVER,EXECUTED,3,NightlyLeagueUpdateTaskProcessor,11,DROP,16813.0,Logan Thomas,3.0,0.0,2021-12-08
2021,14,8739da24-0157-42a3-bf98-3e960d6b1497,,FREEAGENT,EXECUTED,6,{FE8F6865-8A47-4C3A-8D66-0780982B48DD},0,ADD,-16016.0,Vikings D/ST,0.0,6.0,2021-12-08
2021,14,8739da24-0157-42a3-bf98-3e960d6b1497,,FREEAGENT,EXECUTED,6,{FE8F6865-8A47-4C3A-8D66-0780982B48DD},0,DROP,-16014.0,Rams D/ST,6.0,0.0,2021-12-08
2021,14,e13be543-f72c-4de1-be89-63aca9178862,0906b6e7-5d1d-44b6-abf0-62bc6ebdd16e,WAIVER,EXECUTED,2,NightlyLeagueUpdateTaskProcessor,5,ADD,16799.0,Allen Robinson II,0.0,2.0,2021-12-08
2021,14,e13be543-f72c-4de1-be89-63aca9178862,0906b6e7-5d1d-44b6-abf0-62bc6ebdd16e,WAIVER,EXECUTED,2,NightlyLeagueUpdateTaskProcessor,5,DROP,3049916.0,Matt Breida,2.0,0.0,2021-12-08
2021,14,f346845c-1e48-4177-9773-e3b93a2e6ad4,,ROSTER,EXECUTED,12,{91D28B99-9234-408F-ACE7-32AEC03EE9E2},0,DROP,-16021.0,Eagles D/ST,12.0,0.0,2021-12-07
2021,14,bc76f574-45a4-463c-b7f3-d945db5783a7,,ROSTER,EXECUTED,12,{91D28B99-9234-408F-ACE7-32AEC03EE9E2},0,DROP,4038524.0,Gardner Minshew,12.0,0.0,2021-12-07
2021,14,0ea483d3-68be-43db-8866-43c61f359563,,FREEAGENT,EXECUTED,13,{85A6A0E4-D846-4046-B7F8-487FAD9165E0},0,ADD,3051806.0,Ricky Seals-Jones,0.0,13.0,2021-12-11
2021,14,0ea483d3-68be-43db-8866-43c61f359563,,FREEAGENT,EXECUTED,13,{85A6A0E4-D846-4046-B7F8-487FAD9165E0},0,DROP,2980453.0,Jamaal Williams,13.0,0.0,2021-12-11
2021,14,4d92e9cc-bcb2-4548-b48f-a08c5a4b12a0,,FREEAGENT,EXECUTED,3,{C52D799E-6C1C-44B9-8371-9B6AF857D8E8},0,ADD,3932430.0,Jalen Guyton,0.0,3.0,2021-12-12
2021,14,4d92e9cc-bcb2-4548-b48f-a08c5a4b12a0,,FREEAGENT,EXECUTED,3,{C52D799E-6C1C-44B9-8371-9B6AF857D8E8},0,DROP,13295.0,Emmanuel Sanders,3.0,0.0,2021-12-12
2021,14,71ae1c6f-5e31-4917-bb78-caa8340baaf2,,ROSTER,EXECUTED,14,{C2BAB8A3-9ED5-425C-BAB8-A39ED5B25CC2},0,DROP,10452.0,Adrian Peterson,14.0,0.0,2021-12-12
2021,14,d9e3ef17-5a59-4713-8e4b-ea7369e6d801,,FREEAGENT,EXECUTED,6,{FE8F6865-8A47-4C3A-8D66-0780982B48DD},0,ADD,3043275.0,Austin Hooper,0.0,6.0,2021-12-12
2021,14,d9e3ef17-5a59-4713-8e4b-ea7369e6d801,,FREEAGENT,EXECUTED,6,{FE8F6865-8A47-4C3A-8D66-0780982B48DD},0,DROP,4212989.0,Dan Arnold,6.0,0.0,2021-12-12
2021,14,f221e2ba-2538-42f4-9736-0b9f8aeb8c12,,FREEAGENT,EXECUTED,8,{00408013-39CF-40FC-8080-1339CFD0FC06},0,ADD,3932430.0,Jalen Guyton,0.0,8.0,2021-12-08
2021,14,f221e2ba-2538-42f4-9736-0b9f8aeb8c12,,FREEAGENT,EXECUTED,8,{00408013-39CF-40FC-8080-1339CFD0FC06},0,DROP,3139033.0,Mike Boone,8.0,0.0,2021-12-08
2021,14,2aa6333f-9ff7-4493-87c5-4ff46db122bd,7a1beab0-7d6f-4dfc-bad5-8fdfb4a5b834,WAIVER,EXECUTED,12,NightlyLeagueUpdateTaskProcessor,10,ADD,13994.0,Cam Newton,0.0,12.0,2021-12-08
2021,15,b2a5ecaf-dd68-4324-9ab9-20b464b26ead,,FREEAGENT,EXECUTED,13,{85A6A0E4-D846-4046-B7F8-487FAD9165E0},0,ADD,3911853.0,Adam Trautman,0.0,13.0,2021-12-19
2021,15,b2a5ecaf-dd68-4324-9ab9-20b464b26ead,,FREEAGENT,EXECUTED,13,{85A6A0E4-D846-4046-B7F8-487FAD9165E0},0,DROP,3051806.0,Ricky Seals-Jones,13.0,0.0,2021-12-19
2021,15,fb0041a5-7979-442a-ac49-c4bf3b7d8ba7,,FREEAGENT,EXECUTED,13,{85A6A0E4-D846-4046-B7F8-487FAD9165E0},0,ADD,-16013.0,Raiders D/ST,0.0,13.0,2021-12-16
2021,15,fb0041a5-7979-442a-ac49-c4bf3b7d8ba7,,FREEAGENT,EXECUTED,13,{85A6A0E4-D846-4046-B7F8-487FAD9165E0},0,DROP,-16001.0,Falcons D/ST,13.0,0.0,2021-12-16
2021,15,7a9ca414-dea7-4a36-8e1e-98e4e4f74a27,,ROSTER,EXECUTED,10,{2C8A1B87-268B-45A5-A0E5-C4A3F61C9BC2},0,LINEUP,3119195.0,Chase Edmonds,0.0,0.0,2021-12-19
2021,15,7a9ca414-dea7-4a36-8e1e-98e4e4f74a27,,ROSTER,EXECUTED,10,{2C8A1B87-268B-45A5-A0E5-C4A3F61C9BC2},0,DROP,4362887.0,Justin Fields,10.0,0.0,2021-12-19
2021,15,a037087a-c2c5-4dce-85e9-74d66e1da669,,FREEAGENT,EXECUTED,12,{91D28B99-9234-408F-ACE7-32AEC03EE9E2},0,ADD,-16014.0,Rams D/ST,0.0,12.0,2021-12-15
2021,15,a037087a-c2c5-4dce-85e9-74d66e1da669,,FREEAGENT,EXECUTED,12,{91D28B99-9234-408F-ACE7-32AEC03EE9E2},0,DROP,-16024.0,Chargers D/ST,12.0,0.0,2021-12-15
2021,15,25d3bf21-5157-49a0-a4bf-a9ab0ff5ca8d,,FREEAGENT,EXECUTED,5,{77F704CF-0C76-4984-9A71-8BD39511C19F},0,ADD,3128390.0,Allen Lazard,0.0,5.0,2021-12-16
2021,15,3959ff29-0919-4704-81a4-df91d98da8b5,f182aacf-d495-4be0-b4a8-ef9a3777246a,WAIVER,EXECUTED,4,NightlyLeagueUpdateTaskProcessor,12,ADD,-16025.0,49ers D/ST,0.0,4.0,2021-12-15
2021,15,3959ff29-0919-4704-81a4-df91d98da8b5,f182aacf-d495-4be0-b4a8-ef9a3777246a,WAIVER,EXECUTED,4,NightlyLeagueUpdateTaskProcessor,12,DROP,-16026.0,Seahawks D/ST,4.0,0.0,2021-12-15
2021,15,dd746f09-6326-4056-8da7-2bdee6cc93f8,,FREEAGENT,EXECUTED,4,{8242D4C8-FCD1-4A28-9373-CD282687A8E7},0,ADD,3045238.0,Godwin Igwebuike,0.0,4.0,2021-12-15
2021,15,dd746f09-6326-4056-8da7-2bdee6cc93f8,,FREEAGENT,EXECUTED,4,{8242D4C8-FCD1-4A28-9373-CD282687A8E7},0,DROP,15478.0,Brandon Bolden,4.0,0.0,2021-12-15
2021,15,b8117edf-7f9c-41f1-944f-43a95b06af6f,,FREEAGENT,EXECUTED,10,{2C8A1B87-268B-45A5-A0E5-C4A3F61C9BC2},0,ADD,2574808.0,Robby Anderson,0.0,10.0,2021-12-15
2021,15,b8117edf-7f9c-41f1-944f-43a95b06af6f,,FREEAGENT,EXECUTED,10,{2C8A1B87-268B-45A5-A0E5-C4A3F61C9BC2},0,DROP,-16010.0,Titans D/ST,10.0,0.0,2021-12-15
2021,15,9fd045db-f71c-4a3b-a846-a6912ac9fd95,,FREEAGENT,EXECUTED,8,{00408013-39CF-40FC-8080-1339CFD0FC06},0,ADD,16760.0,Jimmy Garoppolo,0.0,8.0,2021-12-15
2021,15,9fd045db-f71c-4a3b-a846-a6912ac9fd95,,FREEAGENT,EXECUTED,8,{00408013-39CF-40FC-8080-1339CFD0FC06},0,DROP,13994.0,Cam Newton,8.0,0.0,2021-12-15
2021,15,ebea099e-af0a-4034-aff8-1eb1e1afaba3,,FREEAGENT,EXECUTED,5,{77F704CF-0C76-4984-9A71-8BD39511C19F},0,ADD,13983.0,A.J. Green,0.0,5.0,2021-12-15
2021,15,ebea099e-af0a-4034-aff8-1eb1e1afaba3,,FREEAGENT,EXECUTED,5,{77F704CF-0C76-4984-9A71-8BD39511C19F},0,DROP,2980453.0,Jamaal Williams,5.0,0.0,2021-12-15
2021,15,c32756d5-2c89-4188-a85b-4b9fa639de9e,,FREEAGENT,EXECUTED,12,{91D28B99-9234-408F-ACE7-32AEC03EE9E2},0,ADD,-16021.0,Eagles D/ST,0.0,12.0,2021-12-19
2021,15,c32756d5-2c89-4188-a85b-4b9fa639de9e,,FREEAGENT,EXECUTED,12,{91D28B99-9234-408F-ACE7-32AEC03EE9E2},0,DROP,-16014.0,Rams D/ST,12.0,0.0,2021-12-19
2021,15,19e27630-475c-49b9-9358-01e44cc7a9e7,,ROSTER,EXECUTED,5,{77F704CF-0C76-4984-9A71-8BD39511C19F},0,DROP,3915411.0,Ty Johnson,5.0,0.0,2021-12-14
2021,15,7bab5a56-cd7e-4c26-8252-c5cbf0dfe5fe,,FREEAGENT,EXECUTED,4,{8242D4C8-FCD1-4A28-9373-CD282687A8E7},0,ADD,3123076.0,David Njoku,0.0,4.0,2021-12-16
2021,15,7bab5a56-cd7e-4c26-8252-c5cbf0dfe5fe,,FREEAGENT,EXECUTED,4,{8242D4C8-FCD1-4A28-9373-CD282687A8E7},0,DROP,16728.0,Teddy Bridgewater,4.0,0.0,2021-12-16
2021,15,b551ad67-7079-4eb2-9ce3-d5bfa9b47582,,FREEAGENT,EXECUTED,10,{2C8A1B87-268B-45A5-A0E5-C4A3F61C9BC2},0,ADD,4362887.0,Justin Fields,0.0,10.0,2021-12-15
2021,15,b551ad67-7079-4eb2-9ce3-d5bfa9b47582,,FREEAGENT,EXECUTED,10,{2C8A1B87-268B-45A5-A0E5-C4A3F61C9BC2},0,DROP,2574808.0,Robby Anderson,10.0,0.0,2021-12-15
2021,15,216b7f5c-d43b-4657-aa72-cb56070d9ec9,,FREEAGENT,EXECUTED,5,{77F704CF-0C76-4984-9A71-8BD39511C19F},0,ADD,3051738.0,Marquez Valdes-Scantling,0.0,5.0,2021-12-15
2021,15,77fe2393-13b1-44c5-8246-a8a4aff0fb12,,ROSTER,EXECUTED,5,{77F704CF-0C76-4984-9A71-8BD39511C19F},0,DROP,4243160.0,Laviska Shenault Jr.,5.0,0.0,2021-12-14
2021,15,2f0a78e2-76d0-42ba-97ae-3767e8d0bb2b,,FREEAGENT,EXECUTED,13,{85A6A0E4-D846-4046-B7F8-487FAD9165E0},0,ADD,-16030.0,Jaguars D/ST,0.0,13.0,2021-12-18
2021,15,2f0a78e2-76d0-42ba-97ae-3767e8d0bb2b,,FREEAGENT,EXECUTED,13,{85A6A0E4-D846-4046-B7F8-487FAD9165E0},0,DROP,-16013.0,Raiders D/ST,13.0,0.0,2021-12-18
2021,15,4cb804ce-5946-4189-a153-5f41d1b6bab9,,FREEAGENT,EXECUTED,12,{91D28B99-9234-408F-ACE7-32AEC03EE9E2},0,ADD,2980453.0,Jamaal Williams,0.0,12.0,2021-12-19
2021,15,9de0cc5c-4269-4583-871f-ed31027b4ec9,,FREEAGENT,EXECUTED,4,{8242D4C8-FCD1-4A28-9373-CD282687A8E7},0,ADD,4258195.0,Donovan Peoples-Jones,0.0,4.0,2021-12-16
2021,15,9de0cc5c-4269-4583-871f-ed31027b4ec9,,FREEAGENT,EXECUTED,4,{8242D4C8-FCD1-4A28-9373-CD282687A8E7},0,DROP,3045238.0,Godwin Igwebuike,4.0,0.0,2021-12-16
2021,15,6cd3835b-a91f-495b-a051-d39a6be27402,,ROSTER,EXECUTED,12,{91D28B99-9234-408F-ACE7-32AEC03EE9E2},0,DROP,3043078.0,Derrick Henry,12.0,0.0,2021-12-19
2021,15,728ca870-cd87-4397-8210-4b63b597f140,,FREEAGENT,EXECUTED,5,{77F704CF-0C76-4984-9A71-8BD39511C19F},0,ADD,2980453.0,Jamaal Williams,0.0,5.0,2021-12-15
2021,15,27cfc387-4d2f-4ac3-a0bf-216701f8234a,,ROSTER,EXECUTED,5,{77F704CF-0C76-4984-9A71-8BD39511C19F},0,DROP,15795.0,DeAndre Hopkins,5.0,0.0,2021-12-16
2021,15,55bdebf7-f13a-4d14-a255-2e30cf528ad5,,FREEAGENT,EXECUTED,5,{77F704CF-0C76-4984-9A71-8BD39511C19F},0,ADD,2508176.0,David Johnson,0.0,5.0,2021-12-16
2021,15,55bdebf7-f13a-4d14-a255-2e30cf528ad5,,FREEAGENT,EXECUTED,5,{77F704CF-0C76-4984-9A71-8BD39511C19F},0,DROP,3051738.0,Marquez Valdes-Scantling,5.0,0.0,2021-12-16
2021,15,8580ea68-5d46-4dc5-ac55-4c5e933cea6c,,FREEAGENT,EXECUTED,6,{FE8F6865-8A47-4C3A-8D66-0780982B48DD},0,ADD,4258595.0,Cole Kmet,0.0,6.0,2021-12-19
2021,15,0ecb127e-7667-4075-934b-fc45a382956d,,ROSTER,EXECUTED,5,{77F704CF-0C76-4984-9A71-8BD39511C19F},0,DROP,2508176.0,David Johnson,5.0,0.0,2021-12-19
2021,15,2fcc49dd-f1aa-48d0-82b6-dd225cf15088,815da72e-257b-4145-80a1-b8281b86ad71,WAIVER,EXECUTED,12,NightlyLeagueUpdateTaskProcessor,2,ADD,4243537.0,Gabriel Davis,0.0,12.0,2021-12-15
2021,15,2fcc49dd-f1aa-48d0-82b6-dd225cf15088,815da72e-257b-4145-80a1-b8281b86ad71,WAIVER,EXECUTED,12,NightlyLeagueUpdateTaskProcessor,2,DROP,15971.0,Rex Burkhead,12.0,0.0,2021-12-15
2021,16,ba9851d9-70e9-49e6-a085-99e2436d6374,,FREEAGENT,EXECUTED,10,{2C8A1B87-268B-45A5-A0E5-C4A3F61C9BC2},0,ADD,2969962.0,Duke Johnson,0.0,10.0,2021-12-23
2021,16,ba9851d9-70e9-49e6-a085-99e2436d6374,,FREEAGENT,EXECUTED,10,{2C8A1B87-268B-45A5-A0E5-C4A3F61C9BC2},0,DROP,3045523.0,Kendrick Bourne,10.0,0.0,2021-12-23
2021,16,15e3cad6-31a4-468f-875e-513e6e1025ac,,FREEAGENT,EXECUTED,10,{2C8A1B87-268B-45A5-A0E5-C4A3F61C9BC2},0,ADD,-16023.0,Steelers D/ST,0.0,10.0,2021-12-26
2021,16,15e3cad6-31a4-468f-875e-513e6e1025ac,,FREEAGENT,EXECUTED,10,{2C8A1B87-268B-45A5-A0E5-C4A3F61C9BC2},0,DROP,4240021.0,Cam Akers,10.0,0.0,2021-12-26
2021,16,c55aacd6-058e-4c11-b353-3ab243b9af45,,FREEAGENT,EXECUTED,12,{91D28B99-9234-408F-ACE7-32AEC03EE9E2},0,ADD,4421446.0,Craig Reynolds,0.0,12.0,2021-12-23
2021,16,c55aacd6-058e-4c11-b353-3ab243b9af45,,FREEAGENT,EXECUTED,12,{91D28B99-9234-408F-ACE7-32AEC03EE9E2},0,DROP,13982.0,Julio Jones,12.0,0.0,2021-12-23
2021,16,9e2edde6-f68f-4fd9-857c-6c2330b754c9,,FREEAGENT,EXECUTED,8,{00408013-39CF-40FC-8080-1339CFD0FC06},0,ADD,11394.0,Josh Johnson,0.0,8.0,2021-12-25
2021,16,9e2edde6-f68f-4fd9-857c-6c2330b754c9,,FREEAGENT,EXECUTED,8,{00408013-39CF-40FC-8080-1339CFD0FC06},0,DROP,11237.0,Matt Ryan,8.0,0.0,2021-12-25
2021,16,4216074f-6fe1-45e6-a3ae-668c1ebf996a,,FREEAGENT,EXECUTED,8,{00408013-39CF-40FC-8080-1339CFD0FC06},0,ADD,4362887.0,Justin Fields,0.0,8.0,2021-12-23
2021,16,4216074f-6fe1-45e6-a3ae-668c1ebf996a,,FREEAGENT,EXECUTED,8,{00408013-39CF-40FC-8080-1339CFD0FC06},0,DROP,16760.0,Jimmy Garoppolo,8.0,0.0,2021-12-23
2021,16,7cd41c23-f913-495a-9ea9-ea4b332f139f,,FREEAGENT,EXECUTED,12,{91D28B99-9234-408F-ACE7-32AEC03EE9E2},0,ADD,15971.0,Rex Burkhead,0.0,12.0,2021-12-25
2021,16,7cd41c23-f913-495a-9ea9-ea4b332f139f,,FREEAGENT,EXECUTED,12,{91D28B99-9234-408F-ACE7-32AEC03EE9E2},0,DROP,4421446.0,Craig Reynolds,12.0,0.0,2021-12-25
2021,16,1e930d4a-ee7f-455e-a7d7-1bf831e32997,,FREEAGENT,EXECUTED,8,{00408013-39CF-40FC-8080-1339CFD0FC06},0,ADD,11237.0,Matt Ryan,0.0,8.0,2021-12-25
2021,16,1e930d4a-ee7f-455e-a7d7-1bf831e32997,,FREEAGENT,EXECUTED,8,{00408013-39CF-40FC-8080-1339CFD0FC06},0,DROP,11394.0,Josh Johnson,8.0,0.0,2021-12-25
2021,16,a4d5a353-209b-4895-bb2f-259bb0afbd2f,,FREEAGENT,EXECUTED,12,{91D28B99-9234-408F-ACE7-32AEC03EE9E2},0,ADD,4242433.0,Joshua Palmer,0.0,12.0,2021-12-26
2021,16,a4d5a353-209b-4895-bb2f-259bb0afbd2f,,FREEAGENT,EXECUTED,12,{91D28B99-9234-408F-ACE7-32AEC03EE9E2},0,DROP,4243537.0,Gabriel Davis,12.0,0.0,2021-12-26
2021,16,20e94ac9-19cc-4fba-8d94-8a8db5b82b10,,FREEAGENT,EXECUTED,10,{2C8A1B87-268B-45A5-A0E5-C4A3F61C9BC2},0,ADD,-16026.0,Seahawks D/ST,0.0,10.0,2021-12-23
2021,16,20e94ac9-19cc-4fba-8d94-8a8db5b82b10,,FREEAGENT,EXECUTED,10,{2C8A1B87-268B-45A5-A0E5-C4A3F61C9BC2},0,DROP,-16022.0,Cardinals D/ST,10.0,0.0,2021-12-23
2021,16,0d5e8d62-a42c-422b-b942-67320a3afe54,7484a535-4e64-489d-a7a8-cb1d94d31347,WAIVER,EXECUTED,4,NightlyLeagueUpdateTaskProcessor,30,ADD,3912550.0,Ronald Jones II,0.0,4.0,2021-12-23
2021,16,866947d6-c612-4cd3-8ea1-1cb7ebe0322b,,FREEAGENT,EXECUTED,8,{00408013-39CF-40FC-8080-1339CFD0FC06},0,ADD,4035671.0,Tyler Huntley,0.0,8.0,2021-12-23
2021,16,866947d6-c612-4cd3-8ea1-1cb7ebe0322b,,FREEAGENT,EXECUTED,8,{00408013-39CF-40FC-8080-1339CFD0FC06},0,DROP,2565969.0,Taylor Heinicke,8.0,0.0,2021-12-23
2021,16,02543bf6-61d8-47d5-aeb1-12826cffbd61,,FREEAGENT,EXECUTED,12,{91D28B99-9234-408F-ACE7-32AEC03EE9E2},0,ADD,13295.0,Emmanuel Sanders,0.0,12.0,2021-12-24
2021,16,02543bf6-61d8-47d5-aeb1-12826cffbd61,,FREEAGENT,EXECUTED,12,{91D28B99-9234-408F-ACE7-32AEC03EE9E2},0,DROP,2468609.0,Taysom Hill,12.0,0.0,2021-12-24
2021,16,65423b33-148a-400e-b404-9cd49a0ffc2f,,FREEAGENT,EXECUTED,8,{00408013-39CF-40FC-8080-1339CFD0FC06},0,ADD,11237.0,Matt Ryan,0.0,8.0,2021-12-25
2021,16,65423b33-148a-400e-b404-9cd49a0ffc2f,,FREEAGENT,EXECUTED,8,{00408013-39CF-40FC-8080-1339CFD0FC06},0,DROP,4362887.0,Justin Fields,8.0,0.0,2021-12-25
2021,16,a41a5950-28e8-46c0-88a7-77c7cd9a0d2b,,FREEAGENT,EXECUTED,10,{2C8A1B87-268B-45A5-A0E5-C4A3F61C9BC2},0,ADD,4240021.0,Cam Akers,0.0,10.0,2021-12-24
2021,16,a41a5950-28e8-46c0-88a7-77c7cd9a0d2b,,FREEAGENT,EXECUTED,10,{2C8A1B87-268B-45A5-A0E5-C4A3F61C9BC2},0,DROP,2969962.0,Duke Johnson,10.0,0.0,2021-12-24
2021,16,e5d14283-f620-4b8b-9179-615d83f56f5b,,FREEAGENT,EXECUTED,4,{8242D4C8-FCD1-4A28-9373-CD282687A8E7},0,ADD,3116136.0,Justin Jackson,0.0,4.0,2021-12-23
2021,16,e5d14283-f620-4b8b-9179-615d83f56f5b,,FREEAGENT,EXECUTED,4,{8242D4C8-FCD1-4A28-9373-CD282687A8E7},0,DROP,3123076.0,David Njoku,4.0,0.0,2021-12-23
2021,17,d09f4641-13c8-4ec8-8060-ea948a470151,,ROSTER,EXECUTED,12,{91D28B99-9234-408F-ACE7-32AEC03EE9E2},0,LINEUP,4241555.0,Elijah Mitchell,0.0,0.0,2021-12-28
2021,17,d09f4641-13c8-4ec8-8060-ea948a470151,,ROSTER,EXECUTED,12,{91D28B99-9234-408F-ACE7-32AEC03EE9E2},0,DROP,4242433.0,Joshua Palmer,12.0,0.0,2021-12-28
2021,17,3bc317bc-636a-4d89-9661-5922ace5cc43,92d13360-4598-4403-86bd-ea958c9d5aba,WAIVER,EXECUTED,4,NightlyLeagueUpdateTaskProcessor,1,ADD,3046439.0,Hunter Henry,0.0,4.0,2021-12-29
2021,17,3bc317bc-636a-4d89-9661-5922ace5cc43,92d13360-4598-4403-86bd-ea958c9d5aba,WAIVER,EXECUTED,4,NightlyLeagueUpdateTaskProcessor,1,DROP,3126246.0,Dontrell Hilliard,4.0,0.0,2021-12-29
2021,17,dc1e87be-0802-4679-b840-9c7bbb2fc31c,0cc7c66c-539d-40e6-94b1-1d79e6d91b41,WAIVER,EXECUTED,4,NightlyLeagueUpdateTaskProcessor,1,ADD,2983509.0,Dare Ogunbowale,0.0,4.0,2021-12-29
2021,17,dc1e87be-0802-4679-b840-9c7bbb2fc31c,0cc7c66c-539d-40e6-94b1-1d79e6d91b41,WAIVER,EXECUTED,4,NightlyLeagueUpdateTaskProcessor,1,DROP,3115364.0,Leonard Fournette,4.0,0.0,2021-12-29
2021,17,b76c4b5c-6a35-44cd-a9d5-637021ed1512,,FREEAGENT,EXECUTED,12,{91D28B99-9234-408F-ACE7-32AEC03EE9E2},0,ADD,2574808.0,Robby Anderson,0.0,12.0,2021-12-29
2021,17,b76c4b5c-6a35-44cd-a9d5-637021ed1512,,FREEAGENT,EXECUTED,12,{91D28B99-9234-408F-ACE7-32AEC03EE9E2},0,DROP,4046692.0,Chase Claypool,12.0,0.0,2021-12-29
2021,17,d9283afd-7f60-4de2-8d78-ab1aefceb857,,FREEAGENT,EXECUTED,12,{91D28B99-9234-408F-ACE7-32AEC03EE9E2},0,ADD,3051439.0,Boston Scott,0.0,12.0,2021-12-29
2021,17,d9283afd-7f60-4de2-8d78-ab1aefceb857,,FREEAGENT,EXECUTED,12,{91D28B99-9234-408F-ACE7-32AEC03EE9E2},0,DROP,13295.0,Emmanuel Sanders,12.0,0.0,2021-12-29
2021,17,fe196b49-f5f9-48c3-86a6-401a0c97dcc3,,FREEAGENT,EXECUTED,12,{91D28B99-9234-408F-ACE7-32AEC03EE9E2},0,ADD,4362452.0,Jaret Patterson,0.0,12.0,2022-01-01
2021,17,fe196b49-f5f9-48c3-86a6-401a0c97dcc3,,FREEAGENT,EXECUTED,12,{91D28B99-9234-408F-ACE7-32AEC03EE9E2},0,DROP,2980453.0,Jamaal Williams,12.0,0.0,2022-01-01
2021,17,67f62194-c078-4ed1-bc80-bc183b75311d,,FREEAGENT,EXECUTED,12,{91D28B99-9234-408F-ACE7-32AEC03EE9E2},0,ADD,3060022.0,Jordan Howard,0.0,12.0,2021-12-29
2021,17,67f62194-c078-4ed1-bc80-bc183b75311d,,FREEAGENT,EXECUTED,12,{91D28B99-9234-408F-ACE7-32AEC03EE9E2},0,DROP,4241416.0,Chuba Hubbard,12.0,0.0,2021-12-29
