season,week,transaction_id,related_transaction_id,transaction_type,status,espn_team_id,member_id,bid_amount,item_type,player_id,player_name,from_team_id,to_team_id,date
2018,1,13ea01bc-ee65-348a-bbe1-af5e13f69133,,FREEAGENT,EXECUTED,10,,1,DROP,3128720,Nick Chubb,10,-1,2018-09-01
2018,1,13ea01bc-ee65-348a-bbe1-af5e13f69133,,FREEAGENT,EXECUTED,10,,1,ADD,15009,Alfred Morris,-1,10,2018-09-01
2018,1,00948648-87d9-370d-90a9-ebf7700943fa,,TRADE_PROPOSAL,PENDING,12,,0,TRADE,15825,Le'Veon Bell,12,7,2018-09-06
2018,1,00948648-87d9-370d-90a9-ebf7700943fa,,TRADE_PROPOSAL,PENDING,12,,0,TRADE,15705,Josh Gordon,7,12,2018-09-06
2018,1,00948648-87d9-370d-90a9-ebf7700943fa,,TRADE_PROPOSAL,PENDING,12,,0,TRADE,14198,Dion Lewis,7,12,2018-09-06
2018,1,0d6ace02-1eb6-3a7a-a3cf-f52eb5379b86,,TRADE_PROPOSAL,PENDING,7,,0,TRADE,15825,Le'Veon Bell,12,7,2018-09-05
2018,1,0d6ace02-1eb6-3a7a-a3cf-f52eb5379b86,,TRADE_PROPOSAL,PENDING,7,,0,TRADE,15705,Josh Gordon,7,12,2018-09-05
2018,1,0d6ace02-1eb6-3a7a-a3cf-f52eb5379b86,,TRADE_PROPOSAL,PENDING,7,,0,TRADE,15971,Rex Burkhead,7,12,2018-09-05
2018,1,8fcb7d96-d371-3839-9ed6-61cb5070039b,,FREEAGENT,EXECUTED,4,,0,ADD,-16008,Lions D/ST,-1,4,2018-09-05
2018,1,8fcb7d96-d371-3839-9ed6-61cb5070039b,,FREEAGENT,EXECUTED,4,,0,DROP,3042435,Kevin White,4,-1,2018-09-05
2018,1,c41aef06-e11e-399f-887d-a50ce1465712,,FREEAGENT,EXECUTED,13,,0,ADD,-16023,Steelers D/ST,-1,13,2018-09-08
2018,1,c41aef06-e11e-399f-887d-a50ce1465712,,FREEAGENT,EXECUTED,13,,0,DROP,-16022,Cardinals D/ST,13,-1,2018-09-08
2018,1,b3097efb-75b5-37a0-93ca-1a228e4a5626,,FREEAGENT,EXECUTED,7,,0,ADD,13213,LeGarrette Blount,-1,7,2018-09-04
2018,1,b3097efb-75b5-37a0-93ca-1a228e4a5626,,FREEAGENT,EXECUTED,7,,0,DROP,13215,Dez Bryant,7,-1,2018-09-04
2018,1,5d5a57a9-c4b4-3e0e-8763-537c974cd68d,,WAIVER,EXECUTED,-2147483648,,1,ADD,3045260,Corey Clement,-1,12,2018-09-05
2018,1,5d5a57a9-c4b4-3e0e-8763-537c974cd68d,,WAIVER,EXECUTED,-2147483648,,1,DROP,4036348,Michael Gallup,12,-1,2018-09-05
2018,1,009be691-435c-3ea3-ba33-95c098b3f3f5,,TRADE_PROPOSAL,PENDING,12,,0,TRADE,2576434,Melvin Gordon,7,12,2018-09-06
2018,1,009be691-435c-3ea3-ba33-95c098b3f3f5,,TRADE_PROPOSAL,PENDING,12,,0,TRADE,15705,Josh Gordon,7,12,2018-09-06
2018,1,009be691-435c-3ea3-ba33-95c098b3f3f5,,TRADE_PROPOSAL,PENDING,12,,0,TRADE,15825,Le'Veon Bell,12,7,2018-09-06
2018,1,009be691-435c-3ea3-ba33-95c098b3f3f5,,TRADE_PROPOSAL,PENDING,12,,0,TRADE,16781,Paul Richardson,12,7,2018-09-06
2018,1,999e37ba-720f-36e3-9117-9061c85b6434,,FREEAGENT,EXECUTED,8,,0,ADD,3049916,Matt Breida,-1,8,2018-09-01
2018,1,999e37ba-720f-36e3-9117-9061c85b6434,,FREEAGENT,EXECUTED,8,,0,DROP,16782,Jerick McKinnon,8,-1,2018-09-01
2018,1,6e4d6c6a-e329-303c-afd5-d5fa6743078d,,TRADE_PROPOSAL,PENDING,7,,0,TRADE,15825,Le'Veon Bell,12,7,2018-09-05
2018,1,6e4d6c6a-e329-303c-afd5-d5fa6743078d,,TRADE_PROPOSAL,PENDING,7,,0,TRADE,15705,Josh Gordon,7,12,2018-09-05
2018,1,6e4d6c6a-e329-303c-afd5-d5fa6743078d,,TRADE_PROPOSAL,PENDING,7,,0,TRADE,15971,Rex Burkhead,7,12,2018-09-05
2018,1,6c6ed07a-167e-3b59-b4bf-3bfe8c9a763a,,FREEAGENT,EXECUTED,13,,0,ADD,3045147,James Conner,-1,13,2018-09-04
2018,1,6c6ed07a-167e-3b59-b4bf-3bfe8c9a763a,,FREEAGENT,EXECUTED,13,,0,DROP,3045260,Corey Clement,13,-1,2018-09-04
2018,1,eb0e2a59-f311-3061-ae69-43deead04c83,,TRADE_PROPOSAL,PENDING,12,,0,TRADE,2576434,Melvin Gordon,7,12,2018-09-06
2018,1,eb0e2a59-f311-3061-ae69-43deead04c83,,TRADE_PROPOSAL,PENDING,12,,0,TRADE,15705,Josh Gordon,7,12,2018-09-06
2018,1,eb0e2a59-f311-3061-ae69-43deead04c83,,TRADE_PROPOSAL,PENDING,12,,0,TRADE,15825,Le'Veon Bell,12,7,2018-09-06
2018,1,eb0e2a59-f311-3061-ae69-43deead04c83,,TRADE_PROPOSAL,PENDING,12,,0,TRADE,16781,Paul Richardson,12,7,2018-09-06
2018,1,d7950882-93a7-3408-a5b6-b20af1d189e6,,FREEAGENT,EXECUTED,2,,0,ADD,-16029,Panthers D/ST,-1,2,2018-09-05
2018,1,5f314abe-ae18-3ca6-9355-150a81dba28d,,TRADE_PROPOSAL,PENDING,7,,0,TRADE,15825,Le'Veon Bell,12,7,2018-09-05
2018,1,5f314abe-ae18-3ca6-9355-150a81dba28d,,TRADE_PROPOSAL,PENDING,7,,0,TRADE,15705,Josh Gordon,7,12,2018-09-05
2018,1,5f314abe-ae18-3ca6-9355-150a81dba28d,,TRADE_PROPOSAL,PENDING,7,,0,TRADE,14198,Dion Lewis,7,12,2018-09-05
2018,1,d6ca22dd-3c16-3b21-91eb-8b01c33271c1,,FREEAGENT,EXECUTED,5,,0,ADD,15918,Caleb Sturgis,-1,5,2018-09-09
2018,1,d6ca22dd-3c16-3b21-91eb-8b01c33271c1,,FREEAGENT,EXECUTED,5,,0,DROP,12460,Graham Gano,5,-1,2018-09-09
2018,1,920b77ef-f1a0-3378-b8b8-ce77db7837cb,,FREEAGENT,EXECUTED,5,,0,ADD,3045138,Mike Williams,-1,5,2018-09-09
2018,1,8c3e803d-b137-350a-ae86-0ad2a00cb81b,,FREEAGENT,EXECUTED,8,,0,ADD,-16003,Bears D/ST,-1,8,2018-09-01
2018,1,8c3e803d-b137-350a-ae86-0ad2a00cb81b,,FREEAGENT,EXECUTED,8,,0,DROP,3915416,DJ Moore,8,-1,2018-09-01
2018,2,0ccf9e65-e6af-301b-ba79-d8343a1a7a06,,FREEAGENT,EXECUTED,1,,0,ADD,3115913,Geronimo Allison,-1,1,2018-09-15
2018,2,0ccf9e65-e6af-301b-ba79-d8343a1a7a06,,FREEAGENT,EXECUTED,1,,0,DROP,3051891,Jordan Wilkins,1,-1,2018-09-15
2018,2,580f7aff-2b17-3928-acbb-313c6c3cd14c,,FREEAGENT,EXECUTED,12,,0,ADD,3045260,Corey Clement,-1,12,2018-09-15
2018,2,580f7aff-2b17-3928-acbb-313c6c3cd14c,,FREEAGENT,EXECUTED,12,,0,DROP,15102,Rishard Matthews,12,-1,2018-09-15
2018,2,0542ff7a-b664-3ae7-aa69-bab9a161aa91,,FREEAGENT,EXECUTED,3,,1,DROP,16791,Donte Moncrief,3,-1,2018-09-12
2018,2,0542ff7a-b664-3ae7-aa69-bab9a161aa91,,FREEAGENT,EXECUTED,3,,1,ADD,13215,Dez Bryant,-1,3,2018-09-12
2018,2,97eee7f4-a30b-3216-af5c-41889293d453,,WAIVER,EXECUTED,-2147483648,,1,ADD,3054212,Jonnu Smith,-1,4,2018-09-12
2018,2,97eee7f4-a30b-3216-af5c-41889293d453,,WAIVER,EXECUTED,-2147483648,,1,DROP,9761,Delanie Walker,4,-1,2018-09-12
2018,2,4b377b85-0b42-3d96-a8de-9002b89cd72c,,WAIVER,FAILED_MATCHUPACQUISITIONLIMIT,1,,2,ADD,3052117,Phillip Lindsay,-1,1,2018-09-12
2018,2,4b377b85-0b42-3d96-a8de-9002b89cd72c,,WAIVER,FAILED_MATCHUPACQUISITIONLIMIT,1,,2,DROP,3916925,Kerryon Johnson,1,-1,2018-09-12
2018,2,53717de0-63bb-3578-97ee-a6c4bcae1b06,,WAIVER,EXECUTED,-2147483648,,1,ADD,10475,Greg Olsen,-1,7,2018-09-13
2018,2,53717de0-63bb-3578-97ee-a6c4bcae1b06,,WAIVER,EXECUTED,-2147483648,,1,DROP,13213,LeGarrette Blount,7,-1,2018-09-13
2018,2,ef41503d-91f2-3b75-a9e2-3cdb255f0745,,WAIVER,PENDING,8,,15,ADD,3040151,George Kittle,-1,8,2018-09-11
2018,2,ef41503d-91f2-3b75-a9e2-3cdb255f0745,,WAIVER,PENDING,8,,15,DROP,15788,Tyler Eifert,8,-1,2018-09-11
2018,2,b7aaca05-87d7-34e4-b409-fd08484e23ae,,TRADE_PROPOSAL,PENDING,8,,0,TRADE,3117251,Christian McCaffrey,5,8,2018-09-17
2018,2,b7aaca05-87d7-34e4-b409-fd08484e23ae,,TRADE_PROPOSAL,PENDING,8,,0,TRADE,3045138,Mike Williams,5,8,2018-09-17
2018,2,b7aaca05-87d7-34e4-b409-fd08484e23ae,,TRADE_PROPOSAL,PENDING,8,,0,TRADE,15880,Robert Woods,8,5,2018-09-17
2018,2,b7aaca05-87d7-34e4-b409-fd08484e23ae,,TRADE_PROPOSAL,PENDING,8,,0,TRADE,3049916,Matt Breida,8,5,2018-09-17
2018,2,9c60e72e-a7d2-3e92-b59e-5692f0e089b8,,WAIVER,PENDING,-2147483648,,2,ADD,3052117,Phillip Lindsay,-1,1,2018-09-12
2018,2,9c60e72e-a7d2-3e92-b59e-5692f0e089b8,,WAIVER,PENDING,-2147483648,,2,DROP,3916925,Kerryon Johnson,1,-1,2018-09-12
2018,2,c51e5134-41c4-3ac9-bf3b-4c35356eab87,,WAIVER,EXECUTED,-2147483648,,15,ADD,3068267,Austin Ekeler,-1,8,2018-09-12
2018,2,c51e5134-41c4-3ac9-bf3b-4c35356eab87,,WAIVER,EXECUTED,-2147483648,,15,DROP,-16034,Texans D/ST,8,-1,2018-09-12
2018,2,ad830f4b-cea2-3cbb-b301-d031c2702ee9,,WAIVER,PENDING,-2147483648,,1,ADD,3052117,Phillip Lindsay,-1,3,2018-09-12
2018,2,ad830f4b-cea2-3cbb-b301-d031c2702ee9,,WAIVER,PENDING,-2147483648,,1,DROP,3912550,Ronald Jones,3,-1,2018-09-12
2018,2,0efe43ee-5324-3a1f-99c2-689c8dc645b1,,WAIVER,PENDING,8,,15,ADD,3040151,George Kittle,-1,8,2018-09-11
2018,2,0efe43ee-5324-3a1f-99c2-689c8dc645b1,,WAIVER,PENDING,8,,15,DROP,15788,Tyler Eifert,8,-1,2018-09-11
2018,2,6589aeae-1b54-3560-bd8c-c67e25a1d41c,,WAIVER,PENDING,13,,6,ADD,3040151,George Kittle,-1,13,2018-09-12
2018,2,6589aeae-1b54-3560-bd8c-c67e25a1d41c,,WAIVER,PENDING,13,,6,DROP,14922,Mohamed Sanu,13,-1,2018-09-12
2018,2,aab102ea-32e7-310e-bae2-ed953bdfe635,,WAIVER,PENDING,8,,15,ADD,3068267,Austin Ekeler,-1,8,2018-09-11
2018,2,aab102ea-32e7-310e-bae2-ed953bdfe635,,WAIVER,PENDING,8,,15,DROP,15788,Tyler Eifert,8,-1,2018-09-11
2018,2,628949db-411e-38bc-9a8b-6fab3206e6d8,,FREEAGENT,EXECUTED,7,,0,ADD,16845,Ryan Grant,-1,7,2018-09-13
2018,2,191562cc-6a81-3d70-94a3-119e86d86ba6,,FREEAGENT,EXECUTED,5,,0,DROP,16040,C.J. Anderson,5,-1,2018-09-12
2018,2,f69b991b-c7e9-3e40-8e3d-c70515ca0a40,,FREEAGENT,EXECUTED,5,,0,ADD,16339,Brandon McManus,-1,5,2018-09-16
2018,2,f69b991b-c7e9-3e40-8e3d-c70515ca0a40,,FREEAGENT,EXECUTED,5,,0,DROP,3124679,Jason Sanders,5,-1,2018-09-16
2018,2,d266f20a-a77a-3a1e-aedc-c71c3c8d6e2d,,FREEAGENT,EXECUTED,10,,0,ADD,15965,Dustin Hopkins,-1,10,2018-09-16
2018,2,d266f20a-a77a-3a1e-aedc-c71c3c8d6e2d,,FREEAGENT,EXECUTED,10,,0,DROP,11122,Matt Prater,10,-1,2018-09-16
2018,2,5a072cc3-3176-3bec-976e-7484fb7c022d,,FREEAGENT,EXECUTED,2,,0,ADD,8664,Ryan Fitzpatrick,-1,2,2018-09-13
2018,2,5a072cc3-3176-3bec-976e-7484fb7c022d,,FREEAGENT,EXECUTED,2,,0,DROP,-16029,Panthers D/ST,2,-1,2018-09-13
2018,2,75b222bb-bf37-3dd2-ad1c-566ea7854a08,,WAIVER,PENDING,-2147483648,,1,DROP,3052177,John Ross,10,-1,2018-09-12
2018,2,75b222bb-bf37-3dd2-ad1c-566ea7854a08,,WAIVER,PENDING,-2147483648,,1,ADD,3052117,Phillip Lindsay,-1,10,2018-09-12
2018,2,ff1f0683-e650-3c79-9281-c61d94c9fa0d,,WAIVER,PENDING,1,,2,ADD,3052117,Phillip Lindsay,-1,1,2018-09-11
2018,2,ff1f0683-e650-3c79-9281-c61d94c9fa0d,,WAIVER,PENDING,1,,2,DROP,3051891,Jordan Wilkins,1,-1,2018-09-11
2018,2,b2ba6c8e-5b31-3060-a30c-cf21008a8a10,,WAIVER,PENDING,-2147483648,,11,ADD,3040151,George Kittle,-1,13,2018-09-12
2018,2,b2ba6c8e-5b31-3060-a30c-cf21008a8a10,,WAIVER,PENDING,-2147483648,,11,DROP,14922,Mohamed Sanu,13,-1,2018-09-12
2018,2,90bf6381-7354-3fc4-9973-5eaa09a39343,,WAIVER,PENDING,-2147483648,,3,ADD,3040151,George Kittle,-1,1,2018-09-12
2018,2,90bf6381-7354-3fc4-9973-5eaa09a39343,,WAIVER,PENDING,-2147483648,,3,DROP,10475,Greg Olsen,1,-1,2018-09-12
2018,2,6a517a62-2c43-32eb-a02c-f89973091367,,WAIVER,EXECUTED,-2147483648,,1,ADD,12601,Mike Wallace,-1,12,2018-09-12
2018,2,6a517a62-2c43-32eb-a02c-f89973091367,,WAIVER,EXECUTED,-2147483648,,1,DROP,16781,Paul Richardson,12,-1,2018-09-12
2018,2,9e788d03-c584-3423-b4d6-fc7ba8ad14b8,,FREEAGENT,EXECUTED,6,,0,ADD,16899,Quincy Enunwa,-1,6,2018-09-12
2018,2,9e788d03-c584-3423-b4d6-fc7ba8ad14b8,,FREEAGENT,EXECUTED,6,,0,DROP,14145,Charles Clay,6,-1,2018-09-12
2018,2,a3f3e471-02a7-37ad-98a6-43faadbd61d0,,FREEAGENT,EXECUTED,5,,0,ADD,3124679,Jason Sanders,-1,5,2018-09-16
2018,2,a3f3e471-02a7-37ad-98a6-43faadbd61d0,,FREEAGENT,EXECUTED,5,,0,DROP,10636,Mason Crosby,5,-1,2018-09-16
2018,2,a9e8b84a-5af8-369f-bdf4-a19e0f0e8c51,,WAIVER,EXECUTED,-2147483648,,2,DROP,-16017,Patriots D/ST,5,-1,2018-09-13
2018,2,a9e8b84a-5af8-369f-bdf4-a19e0f0e8c51,,WAIVER,EXECUTED,-2147483648,,2,ADD,-16034,Texans D/ST,-1,5,2018-09-13
2018,2,d134fe9e-ab6e-33d7-be6d-8690bc5fc540,,FREEAGENT,EXECUTED,5,,0,ADD,14163,Tyrod Taylor,-1,5,2018-09-16
2018,2,e06f217c-d63a-34d5-baa3-03ec4640929e,,FREEAGENT,EXECUTED,5,,1,DROP,15918,Caleb Sturgis,5,-1,2018-09-13
2018,2,e06f217c-d63a-34d5-baa3-03ec4640929e,,FREEAGENT,EXECUTED,5,,1,ADD,10636,Mason Crosby,-1,5,2018-09-13
2018,2,6160444e-6f63-349c-98aa-d54e4a014706,,TRADE_PROPOSAL,PENDING,5,,0,TRADE,3117251,Christian McCaffrey,5,8,2018-09-17
2018,2,6160444e-6f63-349c-98aa-d54e4a014706,,TRADE_PROPOSAL,PENDING,5,,0,TRADE,3045138,Mike Williams,5,8,2018-09-17
2018,2,6160444e-6f63-349c-98aa-d54e4a014706,,TRADE_PROPOSAL,PENDING,5,,0,TRADE,15880,Robert Woods,8,5,2018-09-17
2018,2,6160444e-6f63-349c-98aa-d54e4a014706,,TRADE_PROPOSAL,PENDING,5,,0,TRADE,3049916,Matt Breida,8,5,2018-09-17
2018,2,e4f472cc-e724-3d80-a502-7090dc86f954,,WAIVER,EXECUTED,-2147483648,,3,ADD,10453,Ted Ginn Jr.,-1,7,2018-09-12
2018,2,e4f472cc-e724-3d80-a502-7090dc86f954,,WAIVER,EXECUTED,-2147483648,,3,DROP,3122866,Devontae Booker,7,-1,2018-09-12
2018,2,0695634b-426e-32e8-828d-b7a511e7f240,,WAIVER,EXECUTED,-2147483648,,2,ADD,12537,Jared Cook,-1,1,2018-09-12
2018,2,0695634b-426e-32e8-828d-b7a511e7f240,,WAIVER,EXECUTED,-2147483648,,2,DROP,10475,Greg Olsen,1,-1,2018-09-12
2018,2,0c23463f-b041-3ec7-8c37-672de57ee7de,,WAIVER,PENDING,12,,10,ADD,3052117,Phillip Lindsay,-1,12,2018-09-11
2018,2,0c23463f-b041-3ec7-8c37-672de57ee7de,,WAIVER,PENDING,12,,10,DROP,16781,Paul Richardson,12,-1,2018-09-11
2018,2,10798145-0c4b-3e7c-98f8-bc003a6fa02d,,FREEAGENT,EXECUTED,3,,1,DROP,3912550,Ronald Jones,3,-1,2018-09-12
2018,2,10798145-0c4b-3e7c-98f8-bc003a6fa02d,,FREEAGENT,EXECUTED,3,,1,ADD,4036348,Michael Gallup,-1,3,2018-09-12
2018,2,651df114-d60d-3042-9007-e75a0d363f54,,WAIVER,FAILED_MATCHUPACQUISITIONLIMIT,1,,3,ADD,3040151,George Kittle,-1,1,2018-09-12
2018,2,651df114-d60d-3042-9007-e75a0d363f54,,WAIVER,FAILED_MATCHUPACQUISITIONLIMIT,1,,3,DROP,10475,Greg Olsen,1,-1,2018-09-12
2018,2,8c0e2eec-51d1-357b-9943-0b9b245608e3,,TRADE_PROPOSAL,PENDING,5,,0,TRADE,14129,Bilal Powell,5,10,2018-09-12
2018,2,8c0e2eec-51d1-357b-9943-0b9b245608e3,,TRADE_PROPOSAL,PENDING,5,,0,TRADE,2574808,Robby Anderson,10,5,2018-09-12
2018,2,f3ca0042-c55a-3d5f-ab24-a1e555400e5d,,WAIVER,PENDING,-2147483648,,5,ADD,2976516,T.J. Yeldon,-1,1,2018-09-12
2018,2,f3ca0042-c55a-3d5f-ab24-a1e555400e5d,,WAIVER,PENDING,-2147483648,,5,DROP,3916925,Kerryon Johnson,1,-1,2018-09-12
2018,2,1e810727-be53-39cd-83a2-46c77d3c44ea,,WAIVER,FAILED_MATCHUPACQUISITIONLIMIT,1,,5,ADD,2976516,T.J. Yeldon,-1,1,2018-09-12
2018,2,1e810727-be53-39cd-83a2-46c77d3c44ea,,WAIVER,FAILED_MATCHUPACQUISITIONLIMIT,1,,5,DROP,3916925,Kerryon Johnson,1,-1,2018-09-12
2018,2,90cf84c9-87e7-3599-8b7f-1b52ef5357c3,,WAIVER,PENDING,-2147483648,,3,ADD,3115913,Geronimo Allison,-1,7,2018-09-12
2018,2,90cf84c9-87e7-3599-8b7f-1b52ef5357c3,,WAIVER,PENDING,-2147483648,,3,DROP,3122866,Devontae Booker,7,-1,2018-09-12
2018,2,9764c0f7-2c20-35af-9a2e-103b1f4f7602,,WAIVER,EXECUTED,-2147483648,,1,ADD,-16028,Redskins D/ST,-1,1,2018-09-12
2018,2,9764c0f7-2c20-35af-9a2e-103b1f4f7602,,WAIVER,EXECUTED,-2147483648,,1,DROP,-16018,Saints D/ST,1,-1,2018-09-12
2018,2,94ebafef-81fa-318a-85e9-4f71ad6ceabf,,WAIVER,EXECUTED,-2147483648,,6,DROP,3052177,John Ross,10,-1,2018-09-12
2018,2,94ebafef-81fa-318a-85e9-4f71ad6ceabf,,WAIVER,EXECUTED,-2147483648,,6,ADD,2976516,T.J. Yeldon,-1,10,2018-09-12
2018,2,aaaec0fd-b5c0-3dc7-8011-de3b416c3f73,,TRADE_PROPOSAL,PENDING,10,,0,TRADE,14129,Bilal Powell,5,10,2018-09-12
2018,2,aaaec0fd-b5c0-3dc7-8011-de3b416c3f73,,TRADE_PROPOSAL,PENDING,10,,0,TRADE,2574808,Robby Anderson,10,5,2018-09-12
2018,2,ecb95ffe-15f5-358f-94c0-b1b3912e41e3,,WAIVER,PENDING,1,,2,ADD,3052117,Phillip Lindsay,-1,1,2018-09-11
2018,2,ecb95ffe-15f5-358f-94c0-b1b3912e41e3,,WAIVER,PENDING,1,,2,DROP,3051891,Jordan Wilkins,1,-1,2018-09-11
2018,2,a09830c4-da62-3051-a82f-df312582a14f,,WAIVER,EXECUTED,-2147483648,,9,ADD,3052117,Phillip Lindsay,-1,12,2018-09-12
2018,2,a09830c4-da62-3051-a82f-df312582a14f,,WAIVER,EXECUTED,-2147483648,,9,DROP,3045260,Corey Clement,12,-1,2018-09-12
2018,2,05e0e009-9111-3791-a921-ed0306e4a641,,WAIVER,FAILED_MATCHUPACQUISITIONLIMIT,13,,11,ADD,3040151,George Kittle,-1,13,2018-09-12
2018,2,05e0e009-9111-3791-a921-ed0306e4a641,,WAIVER,FAILED_MATCHUPACQUISITIONLIMIT,13,,11,DROP,14922,Mohamed Sanu,13,-1,2018-09-12
2018,2,0ec5ef2c-c39c-32b5-80de-924374af2844,,WAIVER,PENDING,-2147483648,,3,ADD,3040151,George Kittle,-1,7,2018-09-12
2018,2,0ec5ef2c-c39c-32b5-80de-924374af2844,,WAIVER,PENDING,-2147483648,,3,DROP,3122866,Devontae Booker,7,-1,2018-09-12
2018,2,0f57ba25-ea52-3b73-aeaf-cae13e5b5d60,,WAIVER,FAILED_MATCHUPACQUISITIONLIMIT,3,,1,ADD,3052117,Phillip Lindsay,-1,3,2018-09-12
2018,2,0f57ba25-ea52-3b73-aeaf-cae13e5b5d60,,WAIVER,FAILED_MATCHUPACQUISITIONLIMIT,3,,1,DROP,3912550,Ronald Jones,3,-1,2018-09-12
2018,2,a60c5e9f-838e-3ea3-84bb-3e9da7c83e7b,,WAIVER,EXECUTED,-2147483648,,15,ADD,3040151,George Kittle,-1,8,2018-09-12
2018,2,a60c5e9f-838e-3ea3-84bb-3e9da7c83e7b,,WAIVER,EXECUTED,-2147483648,,15,DROP,15788,Tyler Eifert,8,-1,2018-09-12
2018,3,95bd1ab4-f4c6-3de0-9bac-e7258a54b07c,,TRADE_PROPOSAL,PENDING,12,,0,TRADE,2576434,Melvin Gordon,7,12,2018-09-19
2018,3,95bd1ab4-f4c6-3de0-9bac-e7258a54b07c,,TRADE_PROPOSAL,PENDING,12,,0,TRADE,15966,Chris Thompson,12,7,2018-09-19
2018,3,95bd1ab4-f4c6-3de0-9bac-e7258a54b07c,,TRADE_PROPOSAL,PENDING,12,,0,TRADE,3120348,JuJu Smith-Schuster,12,7,2018-09-19
2018,3,6bcac372-5a3b-3919-9f29-50084e2e049f,,WAIVER,PENDING,-2147483648,,1,ADD,3045144,Tyler Boyd,-1,3,2018-09-19
2018,3,6bcac372-5a3b-3919-9f29-50084e2e049f,,WAIVER,PENDING,-2147483648,,1,DROP,4036348,Michael Gallup,3,-1,2018-09-19
2018,3,88339b09-dae5-3dec-83ac-9c9656cdcbb9,,TRADE_PROPOSAL,PENDING,10,,0,TRADE,3066158,Tarik Cohen,2,10,2018-09-24
2018,3,88339b09-dae5-3dec-83ac-9c9656cdcbb9,,TRADE_PROPOSAL,PENDING,10,,0,TRADE,2976516,T.J. Yeldon,10,2,2018-09-24
2018,3,35cc0b70-2fa3-3e82-9461-e1fefca9e434,,TRADE_PROPOSAL,PENDING,7,,0,TRADE,15835,Zach Ertz,5,7,2018-09-20
2018,3,35cc0b70-2fa3-3e82-9461-e1fefca9e434,,TRADE_PROPOSAL,PENDING,7,,0,TRADE,16504,Jack Doyle,7,5,2018-09-20
2018,3,35cc0b70-2fa3-3e82-9461-e1fefca9e434,,TRADE_PROPOSAL,PENDING,7,,0,TRADE,3919596,Chris Carson,7,5,2018-09-20
2018,3,35cc0b70-2fa3-3e82-9461-e1fefca9e434,,TRADE_PROPOSAL,PENDING,7,,0,TRADE,9705,Brandon Marshall,7,5,2018-09-20
2018,3,98e68990-5e48-3587-ace4-d63f176f9911,,WAIVER,EXECUTED,-2147483648,,8,ADD,9705,Brandon Marshall,-1,7,2018-09-19
2018,3,98e68990-5e48-3587-ace4-d63f176f9911,,WAIVER,EXECUTED,-2147483648,,8,DROP,16845,Ryan Grant,7,-1,2018-09-19
2018,3,30df6bb2-0d3c-3acd-84e2-3775ba503f5c,,TRADE_PROPOSAL,PENDING,10,,0,TRADE,3042519,Aaron Jones,7,10,2018-09-23
2018,3,30df6bb2-0d3c-3acd-84e2-3775ba503f5c,,TRADE_PROPOSAL,PENDING,10,,0,TRADE,12563,Michael Crabtree,10,7,2018-09-23
2018,3,8e47cc8c-92b4-31ea-9e53-6a29e864f1a6,,WAIVER,PENDING,-2147483648,,3,ADD,3045144,Tyler Boyd,-1,7,2018-09-19
2018,3,8e47cc8c-92b4-31ea-9e53-6a29e864f1a6,,WAIVER,PENDING,-2147483648,,3,DROP,16845,Ryan Grant,7,-1,2018-09-19
2018,3,aa3819eb-ce7c-3a24-91ea-fe9799271bc7,,TRADE_PROPOSAL,PENDING,5,,0,TRADE,3117251,Christian McCaffrey,5,7,2018-09-18
2018,3,aa3819eb-ce7c-3a24-91ea-fe9799271bc7,,TRADE_PROPOSAL,PENDING,5,,0,TRADE,15705,Josh Gordon,7,5,2018-09-18
2018,3,aa3819eb-ce7c-3a24-91ea-fe9799271bc7,,TRADE_PROPOSAL,PENDING,5,,0,TRADE,3042519,Aaron Jones,7,5,2018-09-18
2018,3,aa3819eb-ce7c-3a24-91ea-fe9799271bc7,,TRADE_PROPOSAL,PENDING,5,,0,TRADE,15971,Rex Burkhead,7,5,2018-09-18
2018,3,69f0a660-f87a-31b4-ad42-e653338572ff,,TRADE_PROPOSAL,PENDING,10,,0,TRADE,3066158,Tarik Cohen,2,10,2018-09-23
2018,3,69f0a660-f87a-31b4-ad42-e653338572ff,,TRADE_PROPOSAL,PENDING,10,,0,TRADE,2976516,T.J. Yeldon,10,2,2018-09-23
2018,3,f3bcca1f-f0f0-3c20-a76a-d82f455a3d77,,FREEAGENT,EXECUTED,7,,1,DROP,16504,Jack Doyle,7,-1,2018-09-21
2018,3,b1a16542-854a-3911-81cc-538c83087147,,TRADE_PROPOSAL,PENDING,10,,0,TRADE,10456,Marshawn Lynch,10,3,2018-09-19
2018,3,b1a16542-854a-3911-81cc-538c83087147,,TRADE_PROPOSAL,PENDING,10,,0,TRADE,16804,John Brown,3,10,2018-09-19
2018,3,50d91a69-1966-3673-a269-28d0ae24beab,,TRADE_PROPOSAL,PENDING,1,,0,TRADE,16737,Mike Evans,12,1,2018-09-18
2018,3,50d91a69-1966-3673-a269-28d0ae24beab,,TRADE_PROPOSAL,PENDING,1,,0,TRADE,3052117,Phillip Lindsay,12,1,2018-09-18
2018,3,50d91a69-1966-3673-a269-28d0ae24beab,,TRADE_PROPOSAL,PENDING,1,,0,TRADE,2508176,David Johnson,1,12,2018-09-18
2018,3,50d91a69-1966-3673-a269-28d0ae24beab,,TRADE_PROPOSAL,PENDING,1,,0,TRADE,3115913,Geronimo Allison,1,12,2018-09-18
2018,3,965c73cb-3d39-3f66-8985-9f78419e94b3,,FREEAGENT,EXECUTED,7,,0,ADD,2979590,Jesse James,-1,7,2018-09-21
2018,3,5bcd07d2-5706-365c-94e6-7179d4e9cd1a,,FREEAGENT,EXECUTED,3,,1,DROP,4036348,Michael Gallup,3,-1,2018-09-19
2018,3,5bcd07d2-5706-365c-94e6-7179d4e9cd1a,,FREEAGENT,EXECUTED,3,,1,ADD,15786,Tavon Austin,-1,3,2018-09-19
2018,3,63ce5492-54d3-3880-9253-0b8c3e2a1fc9,,TRADE_PROPOSAL,PENDING,12,,0,TRADE,2508176,David Johnson,1,12,2018-09-18
2018,3,63ce5492-54d3-3880-9253-0b8c3e2a1fc9,,TRADE_PROPOSAL,PENDING,12,,0,TRADE,3120348,JuJu Smith-Schuster,12,1,2018-09-18
2018,3,63ce5492-54d3-3880-9253-0b8c3e2a1fc9,,TRADE_PROPOSAL,PENDING,12,,0,TRADE,15966,Chris Thompson,12,1,2018-09-18
2018,3,91fd3000-9064-3768-b4b9-909f573662bd,,FREEAGENT,EXECUTED,12,,0,ADD,3127292,Will Dissly,-1,12,2018-09-20
2018,3,91fd3000-9064-3768-b4b9-909f573662bd,,FREEAGENT,EXECUTED,12,,0,DROP,15349,Cole Beasley,12,-1,2018-09-20
2018,3,3e238866-9cb7-3068-95bc-5ac046521712,,TRADE_ACCEPT,PENDING,12,,0,TRADE,16737,Mike Evans,12,1,2018-09-19
2018,3,3e238866-9cb7-3068-95bc-5ac046521712,,TRADE_ACCEPT,PENDING,12,,0,TRADE,3052117,Phillip Lindsay,12,1,2018-09-19
2018,3,3e238866-9cb7-3068-95bc-5ac046521712,,TRADE_ACCEPT,PENDING,12,,0,TRADE,2508176,David Johnson,1,12,2018-09-19
2018,3,3e238866-9cb7-3068-95bc-5ac046521712,,TRADE_ACCEPT,PENDING,12,,0,TRADE,3115913,Geronimo Allison,1,12,2018-09-19
2018,3,a755efd6-5ccb-3264-b810-336eebc356b0,,FREEAGENT,EXECUTED,5,,0,ADD,3127306,Dante Pettis,-1,5,2018-09-21
2018,3,4d2156e3-0efc-37bf-8f60-6e3cd532aa4b,,WAIVER,FAILED_MATCHUPACQUISITIONLIMIT,12,,1,ADD,3045144,Tyler Boyd,-1,12,2018-09-19
2018,3,b041a04e-4c3e-34f3-88cc-d9927b5b607d,,TRADE_UPHOLD,EXECUTED,-2147483648,,0,TRADE,15966,Chris Thompson,12,6,2018-09-21
2018,3,b041a04e-4c3e-34f3-88cc-d9927b5b607d,,TRADE_UPHOLD,EXECUTED,-2147483648,,0,TRADE,13216,Demaryius Thomas,6,12,2018-09-21
2018,3,86d99cdb-1d92-3247-9067-019546a4fbce,,WAIVER,EXECUTED,-2147483648,,1,DROP,17372,Chris Boswell,1,-1,2018-09-19
2018,3,86d99cdb-1d92-3247-9067-019546a4fbce,,WAIVER,EXECUTED,-2147483648,,1,ADD,2582139,Sam Ficken,-1,1,2018-09-19
2018,3,002b380c-2ec9-3893-9e0a-070856b46de1,,TRADE_PROPOSAL,PENDING,1,,0,TRADE,2508176,David Johnson,1,12,2018-09-18
2018,3,002b380c-2ec9-3893-9e0a-070856b46de1,,TRADE_PROPOSAL,PENDING,1,,0,TRADE,3120348,JuJu Smith-Schuster,12,1,2018-09-18
2018,3,002b380c-2ec9-3893-9e0a-070856b46de1,,TRADE_PROPOSAL,PENDING,1,,0,TRADE,15966,Chris Thompson,12,1,2018-09-18
2018,3,2db3f9ee-d149-3fac-8448-1169cb949eb7,,TRADE_PROPOSAL,PENDING,6,,0,TRADE,15966,Chris Thompson,12,6,2018-09-19
2018,3,2db3f9ee-d149-3fac-8448-1169cb949eb7,,TRADE_PROPOSAL,PENDING,6,,0,TRADE,13216,Demaryius Thomas,6,12,2018-09-19
2018,3,5eef8af3-30a8-371b-9faa-e885c4840584,,WAIVER,FAILED_MATCHUPACQUISITIONLIMIT,3,,1,ADD,3045144,Tyler Boyd,-1,3,2018-09-19
2018,3,5eef8af3-30a8-371b-9faa-e885c4840584,,WAIVER,FAILED_MATCHUPACQUISITIONLIMIT,3,,1,DROP,4036348,Michael Gallup,3,-1,2018-09-19
2018,3,6ae9cc07-8058-384d-9104-68809e94c4eb,,TRADE_PROPOSAL,PENDING,12,,0,TRADE,15966,Chris Thompson,12,6,2018-09-19
2018,3,6ae9cc07-8058-384d-9104-68809e94c4eb,,TRADE_PROPOSAL,PENDING,12,,0,TRADE,13216,Demaryius Thomas,6,12,2018-09-19
2018,3,ff750b61-c83c-323d-8635-a250b4911f57,,TRADE_PROPOSAL,PENDING,7,,0,TRADE,3117251,Christian McCaffrey,5,7,2018-09-18
2018,3,ff750b61-c83c-323d-8635-a250b4911f57,,TRADE_PROPOSAL,PENDING,7,,0,TRADE,15705,Josh Gordon,7,5,2018-09-18
2018,3,ff750b61-c83c-323d-8635-a250b4911f57,,TRADE_PROPOSAL,PENDING,7,,0,TRADE,3042519,Aaron Jones,7,5,2018-09-18
2018,3,ff750b61-c83c-323d-8635-a250b4911f57,,TRADE_PROPOSAL,PENDING,7,,0,TRADE,15971,Rex Burkhead,7,5,2018-09-18
2018,3,22492f7d-a5d1-3e35-aa94-050d73fd8cf8,,FREEAGENT,EXECUTED,5,,0,DROP,14163,Tyrod Taylor,5,-1,2018-09-18
2018,3,4ee535a5-3973-36aa-8eb1-b192c795721c,,TRADE_PROPOSAL,PENDING,12,,0,TRADE,3929630,Saquon Barkley,2,12,2018-09-18
2018,3,4ee535a5-3973-36aa-8eb1-b192c795721c,,TRADE_PROPOSAL,PENDING,12,,0,TRADE,15860,Jordan Reed,2,12,2018-09-18
2018,3,4ee535a5-3973-36aa-8eb1-b192c795721c,,TRADE_PROPOSAL,PENDING,12,,0,TRADE,3120348,JuJu Smith-Schuster,12,2,2018-09-18
2018,3,4ee535a5-3973-36aa-8eb1-b192c795721c,,TRADE_PROPOSAL,PENDING,12,,0,TRADE,3051876,Evan Engram,12,2,2018-09-18
2018,3,4ee535a5-3973-36aa-8eb1-b192c795721c,,TRADE_PROPOSAL,PENDING,12,,0,TRADE,15966,Chris Thompson,12,2,2018-09-18
2018,3,8b892419-e51b-370d-b61c-eb10e1880848,,TRADE_ACCEPT,PENDING,12,,0,TRADE,15966,Chris Thompson,12,6,2018-09-19
2018,3,8b892419-e51b-370d-b61c-eb10e1880848,,TRADE_ACCEPT,PENDING,12,,0,TRADE,13216,Demaryius Thomas,6,12,2018-09-19
2018,3,41571ed5-6927-377b-a756-5853253e80a6,,TRADE_PROPOSAL,PENDING,6,,0,TRADE,15966,Chris Thompson,12,6,2018-09-18
2018,3,41571ed5-6927-377b-a756-5853253e80a6,,TRADE_PROPOSAL,PENDING,6,,0,TRADE,13216,Demaryius Thomas,6,12,2018-09-18
2018,3,1340235b-a579-32e8-b3a1-3f61fc1a0b06,,WAIVER,EXECUTED,-2147483648,,1,ADD,3051891,Jordan Wilkins,-1,3,2018-09-19
2018,3,1340235b-a579-32e8-b3a1-3f61fc1a0b06,,WAIVER,EXECUTED,-2147483648,,1,DROP,17177,Allen Hurns,3,-1,2018-09-19
2018,3,4c889547-f551-31d1-a7c3-c61952ed8849,,FREEAGENT,EXECUTED,10,,1,DROP,-16024,Chargers D/ST,10,-1,2018-09-21
2018,3,4c889547-f551-31d1-a7c3-c61952ed8849,,FREEAGENT,EXECUTED,10,,1,ADD,-16006,Cowboys D/ST,-1,10,2018-09-21
2018,3,8aa92fa4-3a04-3cbe-9961-fe1fbd41c2ce,,FREEAGENT,EXECUTED,5,,0,ADD,14322,Dan Bailey,-1,5,2018-09-22
2018,3,8aa92fa4-3a04-3cbe-9961-fe1fbd41c2ce,,FREEAGENT,EXECUTED,5,,0,DROP,16339,Brandon McManus,5,-1,2018-09-22
2018,3,f197da09-b66a-3085-a293-86d839a9c647,,TRADE_PROPOSAL,PENDING,10,,0,TRADE,3051392,Ezekiel Elliott,13,10,2018-09-24
2018,3,f197da09-b66a-3085-a293-86d839a9c647,,TRADE_PROPOSAL,PENDING,10,,0,TRADE,10456,Marshawn Lynch,10,13,2018-09-24
2018,3,f197da09-b66a-3085-a293-86d839a9c647,,TRADE_PROPOSAL,PENDING,10,,0,TRADE,12563,Michael Crabtree,10,13,2018-09-24
2018,3,3335f002-6fc5-343f-92a6-7435bb4e395b,,WAIVER,EXECUTED,-2147483648,,1,ADD,-16005,Browns D/ST,-1,12,2018-09-19
2018,3,3335f002-6fc5-343f-92a6-7435bb4e395b,,WAIVER,EXECUTED,-2147483648,,1,DROP,-16010,Titans D/ST,12,-1,2018-09-19
2018,3,88c61613-9325-37bf-9d9e-69f7f04359a2,,WAIVER,PENDING,-2147483648,,1,ADD,3045144,Tyler Boyd,-1,12,2018-09-19
2018,3,6b6ca018-9205-38e1-bd87-1bdb21467fa4,,TRADE_PROPOSAL,PENDING,2,,0,TRADE,3929630,Saquon Barkley,2,12,2018-09-18
2018,3,6b6ca018-9205-38e1-bd87-1bdb21467fa4,,TRADE_PROPOSAL,PENDING,2,,0,TRADE,15860,Jordan Reed,2,12,2018-09-18
2018,3,6b6ca018-9205-38e1-bd87-1bdb21467fa4,,TRADE_PROPOSAL,PENDING,2,,0,TRADE,3120348,JuJu Smith-Schuster,12,2,2018-09-18
2018,3,6b6ca018-9205-38e1-bd87-1bdb21467fa4,,TRADE_PROPOSAL,PENDING,2,,0,TRADE,3051876,Evan Engram,12,2,2018-09-18
2018,3,6b6ca018-9205-38e1-bd87-1bdb21467fa4,,TRADE_PROPOSAL,PENDING,2,,0,TRADE,15966,Chris Thompson,12,2,2018-09-18
2018,3,dadf73ad-3f13-3085-b5c6-9b0793cad731,,FREEAGENT,EXECUTED,10,,1,DROP,15965,Dustin Hopkins,10,-1,2018-09-21
2018,3,dadf73ad-3f13-3085-b5c6-9b0793cad731,,FREEAGENT,EXECUTED,10,,1,ADD,15091,Randy Bullock,-1,10,2018-09-21
2018,3,ad79a90b-257d-3b4f-af8c-b5abd2219de5,,TRADE_PROPOSAL,PENDING,12,,0,TRADE,13229,Rob Gronkowski,8,12,2018-09-19
2018,3,ad79a90b-257d-3b4f-af8c-b5abd2219de5,,TRADE_PROPOSAL,PENDING,12,,0,TRADE,15966,Chris Thompson,12,8,2018-09-19
2018,3,ad79a90b-257d-3b4f-af8c-b5abd2219de5,,TRADE_PROPOSAL,PENDING,12,,0,TRADE,3051876,Evan Engram,12,8,2018-09-19
2018,3,016421e8-e801-3844-a05c-25e445577b09,,TRADE_PROPOSAL,PENDING,8,,0,TRADE,13229,Rob Gronkowski,8,12,2018-09-19
2018,3,016421e8-e801-3844-a05c-25e445577b09,,TRADE_PROPOSAL,PENDING,8,,0,TRADE,15966,Chris Thompson,12,8,2018-09-19
2018,3,016421e8-e801-3844-a05c-25e445577b09,,TRADE_PROPOSAL,PENDING,8,,0,TRADE,3051876,Evan Engram,12,8,2018-09-19
2018,3,9fce942b-dedb-35b0-b277-08bed7248b8c,,TRADE_PROPOSAL,PENDING,7,,0,TRADE,2508176,David Johnson,1,7,2018-09-19
2018,3,9fce942b-dedb-35b0-b277-08bed7248b8c,,TRADE_PROPOSAL,PENDING,7,,0,TRADE,2976499,Amari Cooper,7,1,2018-09-19
2018,3,9fce942b-dedb-35b0-b277-08bed7248b8c,,TRADE_PROPOSAL,PENDING,7,,0,TRADE,14198,Dion Lewis,7,1,2018-09-19
2018,3,ae50aada-422a-3848-9011-1738222c1982,,FREEAGENT,EXECUTED,4,,0,ADD,3042429,Wendell Smallwood,-1,4,2018-09-21
2018,3,ae50aada-422a-3848-9011-1738222c1982,,FREEAGENT,EXECUTED,4,,0,DROP,16732,Eric Ebron,4,-1,2018-09-21
2018,3,8c6d2129-0ae4-33b5-ac85-f1ba8b9ac773,,WAIVER,EXECUTED,-2147483648,,1,ADD,10636,Mason Crosby,-1,6,2018-09-19
2018,3,8c6d2129-0ae4-33b5-ac85-f1ba8b9ac773,,WAIVER,EXECUTED,-2147483648,,1,DROP,14993,Greg Zuerlein,6,-1,2018-09-19
2018,3,5955b1ab-2902-3334-b083-dd3e3a860939,,TRADE_PROPOSAL,PENDING,10,,0,TRADE,3042519,Aaron Jones,7,10,2018-09-23
2018,3,5955b1ab-2902-3334-b083-dd3e3a860939,,TRADE_PROPOSAL,PENDING,10,,0,TRADE,12563,Michael Crabtree,10,7,2018-09-23
2018,3,a6730316-5833-37d3-86fe-eb2748ab2937,,WAIVER,EXECUTED,-2147483648,,1,ADD,16732,Eric Ebron,-1,4,2018-09-19
2018,3,a6730316-5833-37d3-86fe-eb2748ab2937,,WAIVER,EXECUTED,-2147483648,,1,DROP,-16008,Lions D/ST,4,-1,2018-09-19
2018,3,f1ba2f0f-ae65-3407-8027-afd9ebb40e69,,TRADE_PROPOSAL,PENDING,3,,0,TRADE,10456,Marshawn Lynch,10,3,2018-09-19
2018,3,f1ba2f0f-ae65-3407-8027-afd9ebb40e69,,TRADE_PROPOSAL,PENDING,3,,0,TRADE,16804,John Brown,3,10,2018-09-19
2018,3,9fcfc9ff-225a-3b84-bdce-98e2fd456f1e,,TRADE_UPHOLD,EXECUTED,-2147483648,,0,TRADE,16737,Mike Evans,12,1,2018-09-21
2018,3,9fcfc9ff-225a-3b84-bdce-98e2fd456f1e,,TRADE_UPHOLD,EXECUTED,-2147483648,,0,TRADE,3052117,Phillip Lindsay,12,1,2018-09-21
2018,3,9fcfc9ff-225a-3b84-bdce-98e2fd456f1e,,TRADE_UPHOLD,EXECUTED,-2147483648,,0,TRADE,2508176,David Johnson,1,12,2018-09-21
2018,3,9fcfc9ff-225a-3b84-bdce-98e2fd456f1e,,TRADE_UPHOLD,EXECUTED,-2147483648,,0,TRADE,3115913,Geronimo Allison,1,12,2018-09-21
2018,3,ac08725c-d592-391d-8275-7aed4e072634,,TRADE_PROPOSAL,PENDING,12,,0,TRADE,2576434,Melvin Gordon,7,12,2018-09-18
2018,3,ac08725c-d592-391d-8275-7aed4e072634,,TRADE_PROPOSAL,PENDING,12,,0,TRADE,15966,Chris Thompson,12,7,2018-09-18
2018,3,ac08725c-d592-391d-8275-7aed4e072634,,TRADE_PROPOSAL,PENDING,12,,0,TRADE,3120348,JuJu Smith-Schuster,12,7,2018-09-18
2018,3,daf615d7-83c7-3449-9c3d-c5f84cee6bf4,,FREEAGENT,EXECUTED,5,,0,ADD,3932420,Josh Adams,-1,5,2018-09-23
2018,3,daf615d7-83c7-3449-9c3d-c5f84cee6bf4,,FREEAGENT,EXECUTED,5,,0,DROP,3139605,Marlon Mack,5,-1,2018-09-23
2018,3,89ef9524-f198-3411-997e-087be622f400,,TRADE_PROPOSAL,PENDING,10,,0,TRADE,13934,Antonio Brown,10,7,2018-09-18
2018,3,89ef9524-f198-3411-997e-087be622f400,,TRADE_PROPOSAL,PENDING,10,,0,TRADE,15705,Josh Gordon,7,10,2018-09-18
2018,3,89ef9524-f198-3411-997e-087be622f400,,TRADE_PROPOSAL,PENDING,10,,0,TRADE,2976499,Amari Cooper,7,10,2018-09-18
2018,3,bd55c8c1-b8b9-34ef-91f4-5cd376e369dc,,WAIVER,EXECUTED,-2147483648,,1,DROP,13215,Dez Bryant,3,-1,2018-09-19
2018,3,bd55c8c1-b8b9-34ef-91f4-5cd376e369dc,,WAIVER,EXECUTED,-2147483648,,1,ADD,15788,Tyler Eifert,-1,3,2018-09-19
2018,3,0c2cd8d9-6601-3cb3-b99c-546a2a166b60,,FREEAGENT,EXECUTED,2,,1,DROP,16760,Jimmy Garoppolo,2,-1,2018-09-19
2018,3,0c2cd8d9-6601-3cb3-b99c-546a2a166b60,,FREEAGENT,EXECUTED,2,,1,ADD,16781,Paul Richardson,-1,2,2018-09-19
2018,3,4b73bfe0-9dae-3b3a-aac7-b0f9242a4cf2,,TRADE_PROPOSAL,PENDING,7,,0,TRADE,13934,Antonio Brown,10,7,2018-09-18
2018,3,4b73bfe0-9dae-3b3a-aac7-b0f9242a4cf2,,TRADE_PROPOSAL,PENDING,7,,0,TRADE,15705,Josh Gordon,7,10,2018-09-18
2018,3,4b73bfe0-9dae-3b3a-aac7-b0f9242a4cf2,,TRADE_PROPOSAL,PENDING,7,,0,TRADE,2976499,Amari Cooper,7,10,2018-09-18
2018,3,dd4408bb-1538-3a47-88f1-c3d15f15e254,,WAIVER,EXECUTED,-2147483648,,1,ADD,15349,Cole Beasley,-1,12,2018-09-19
2018,3,dd4408bb-1538-3a47-88f1-c3d15f15e254,,WAIVER,EXECUTED,-2147483648,,1,DROP,12601,Mike Wallace,12,-1,2018-09-19
2018,3,6b19e16d-4c6d-33e0-bfdc-4d23b7736e03,,TRADE_PROPOSAL,PENDING,7,,0,TRADE,2508176,David Johnson,1,7,2018-09-19
2018,3,6b19e16d-4c6d-33e0-bfdc-4d23b7736e03,,TRADE_PROPOSAL,PENDING,7,,0,TRADE,2976499,Amari Cooper,7,1,2018-09-19
2018,3,6b19e16d-4c6d-33e0-bfdc-4d23b7736e03,,TRADE_PROPOSAL,PENDING,7,,0,TRADE,14198,Dion Lewis,7,1,2018-09-19
2018,3,5946bd93-351a-385b-8878-34b84c025917,,WAIVER,EXECUTED,-2147483648,,1,ADD,3045144,Tyler Boyd,-1,4,2018-09-19
2018,3,5946bd93-351a-385b-8878-34b84c025917,,WAIVER,EXECUTED,-2147483648,,1,DROP,3054212,Jonnu Smith,4,-1,2018-09-19
2018,3,714e5a87-0616-355c-a8a8-5b87d2ad3c6e,,TRADE_PROPOSAL,PENDING,5,,0,TRADE,15835,Zach Ertz,5,7,2018-09-20
2018,3,714e5a87-0616-355c-a8a8-5b87d2ad3c6e,,TRADE_PROPOSAL,PENDING,5,,0,TRADE,16504,Jack Doyle,7,5,2018-09-20
2018,3,714e5a87-0616-355c-a8a8-5b87d2ad3c6e,,TRADE_PROPOSAL,PENDING,5,,0,TRADE,3919596,Chris Carson,7,5,2018-09-20
2018,3,714e5a87-0616-355c-a8a8-5b87d2ad3c6e,,TRADE_PROPOSAL,PENDING,5,,0,TRADE,9705,Brandon Marshall,7,5,2018-09-20
2018,3,3f9aed99-ea08-3d71-a743-82889a83f6d4,,FREEAGENT,EXECUTED,12,,0,ADD,3892889,Dede Westbrook,-1,12,2018-09-19
2018,3,59bcb511-d3d8-3535-8e53-3aac3bad9ef9,,TRADE_PROPOSAL,PENDING,13,,0,TRADE,3051392,Ezekiel Elliott,13,10,2018-09-24
2018,3,59bcb511-d3d8-3535-8e53-3aac3bad9ef9,,TRADE_PROPOSAL,PENDING,13,,0,TRADE,10456,Marshawn Lynch,10,13,2018-09-24
2018,3,59bcb511-d3d8-3535-8e53-3aac3bad9ef9,,TRADE_PROPOSAL,PENDING,13,,0,TRADE,12563,Michael Crabtree,10,13,2018-09-24
2018,4,5df0c3ff-25b3-35b0-b948-8ba943d906bd,,FREEAGENT,EXECUTED,13,,0,ADD,3895856,Christian Kirk,-1,13,2018-09-30
2018,4,5df0c3ff-25b3-35b0-b948-8ba943d906bd,,FREEAGENT,EXECUTED,13,,0,DROP,3123969,Ito Smith,13,-1,2018-09-30
2018,4,484a0462-3c1b-395a-abf8-da46fdabdb2f,,TRADE_PROPOSAL,PENDING,12,,0,TRADE,3116385,Joe Mixon,12,10,2018-09-27
2018,4,484a0462-3c1b-395a-abf8-da46fdabdb2f,,TRADE_PROPOSAL,PENDING,12,,0,TRADE,16944,Devonta Freeman,10,12,2018-09-27
2018,4,484a0462-3c1b-395a-abf8-da46fdabdb2f,,TRADE_PROPOSAL,PENDING,12,,0,TRADE,16732,Eric Ebron,10,12,2018-09-27
2018,4,5e532c27-8ec2-323c-8254-3eb027f8b6a8,,FREEAGENT,EXECUTED,6,,0,ADD,11252,Joe Flacco,-1,6,2018-09-27
2018,4,5e532c27-8ec2-323c-8254-3eb027f8b6a8,,FREEAGENT,EXECUTED,6,,0,DROP,2577417,Dak Prescott,6,-1,2018-09-27
2018,4,a5b9e3f5-0465-32ba-afd1-4fbc15ee30c3,,FREEAGENT,EXECUTED,7,,0,ADD,-16010,Titans D/ST,-1,7,2018-09-26
2018,4,a5b9e3f5-0465-32ba-afd1-4fbc15ee30c3,,FREEAGENT,EXECUTED,7,,0,DROP,2979590,Jesse James,7,-1,2018-09-26
2018,4,140bb6bb-6bd0-3668-b417-4c9c06c6c7c2,,TRADE_ACCEPT,PENDING,12,,0,TRADE,2974858,Kenny Golladay,12,10,2018-09-30
2018,4,140bb6bb-6bd0-3668-b417-4c9c06c6c7c2,,TRADE_ACCEPT,PENDING,12,,0,TRADE,3116385,Joe Mixon,12,10,2018-09-30
2018,4,140bb6bb-6bd0-3668-b417-4c9c06c6c7c2,,TRADE_ACCEPT,PENDING,12,,0,TRADE,13934,Antonio Brown,10,12,2018-09-30
2018,4,140bb6bb-6bd0-3668-b417-4c9c06c6c7c2,,TRADE_ACCEPT,PENDING,12,,0,TRADE,16732,Eric Ebron,10,12,2018-09-30
2018,4,140bb6bb-6bd0-3668-b417-4c9c06c6c7c2,,TRADE_ACCEPT,PENDING,12,,0,DROP,2985659,Wil Lutz,12,-1,2018-09-30
2018,4,d65ab2b3-becb-302e-a755-9e2b8b774470,,TRADE_PROPOSAL,PENDING,5,,0,TRADE,3051392,Ezekiel Elliott,13,5,2018-09-26
2018,4,d65ab2b3-becb-302e-a755-9e2b8b774470,,TRADE_PROPOSAL,PENDING,5,,0,TRADE,13982,Julio Jones,5,13,2018-09-26
2018,4,2e246ca5-c43e-3b37-98b6-447a9a1dafab,,WAIVER,FAILED_MATCHUPACQUISITIONLIMIT,5,,1,DROP,-16034,Texans D/ST,5,-1,2018-09-26
2018,4,2e246ca5-c43e-3b37-98b6-447a9a1dafab,,WAIVER,FAILED_MATCHUPACQUISITIONLIMIT,5,,1,ADD,3916430,Nyheim Hines,-1,5,2018-09-26
2018,4,d7609f70-c46f-38c8-891c-d771a9a7ef01,,TRADE_PROPOSAL,PENDING,10,,0,TRADE,3045144,Tyler Boyd,4,10,2018-09-26
2018,4,d7609f70-c46f-38c8-891c-d771a9a7ef01,,TRADE_PROPOSAL,PENDING,10,,0,TRADE,2971618,Nelson Agholor,10,4,2018-09-26
2018,4,d7609f70-c46f-38c8-891c-d771a9a7ef01,,TRADE_PROPOSAL,PENDING,10,,0,TRADE,15009,Alfred Morris,10,4,2018-09-26
2018,4,f4145571-2cf9-33e2-96cf-f4767039f93e,,TRADE_PROPOSAL,PENDING,10,,0,TRADE,3116385,Joe Mixon,12,10,2018-09-27
2018,4,f4145571-2cf9-33e2-96cf-f4767039f93e,,TRADE_PROPOSAL,PENDING,10,,0,TRADE,16944,Devonta Freeman,10,12,2018-09-27
2018,4,f4145571-2cf9-33e2-96cf-f4767039f93e,,TRADE_PROPOSAL,PENDING,10,,0,TRADE,16732,Eric Ebron,10,12,2018-09-27
2018,4,40c767bc-96c7-3edd-a74c-7d77b10a57c3,,FREEAGENT,EXECUTED,5,,0,DROP,3127306,Dante Pettis,5,-1,2018-09-25
2018,4,42b898e7-eb65-38c7-bfb0-c32d6de46b42,,WAIVER,EXECUTED,-2147483648,,3,ADD,3043275,Austin Hooper,-1,2,2018-09-26
2018,4,42b898e7-eb65-38c7-bfb0-c32d6de46b42,,WAIVER,EXECUTED,-2147483648,,3,DROP,3050487,Anthony Miller,2,-1,2018-09-26
2018,4,dc530831-26b5-3301-88e0-adb68006431e,,TRADE_PROPOSAL,PENDING,4,,0,TRADE,3045144,Tyler Boyd,4,10,2018-09-26
2018,4,dc530831-26b5-3301-88e0-adb68006431e,,TRADE_PROPOSAL,PENDING,4,,0,TRADE,2971618,Nelson Agholor,10,4,2018-09-26
2018,4,dc530831-26b5-3301-88e0-adb68006431e,,TRADE_PROPOSAL,PENDING,4,,0,TRADE,15009,Alfred Morris,10,4,2018-09-26
2018,4,30f619d9-9b11-36e9-800f-21536ca497ed,,TRADE_PROPOSAL,PENDING,13,,0,TRADE,2508176,David Johnson,12,13,2018-09-30
2018,4,30f619d9-9b11-36e9-800f-21536ca497ed,,TRADE_PROPOSAL,PENDING,13,,0,TRADE,3045147,James Conner,13,12,2018-09-30
2018,4,6ce3f2f0-0171-3282-8dc8-36e6b17e53a2,,TRADE_PROPOSAL,PENDING,-2147483648,,0,TRADE,3051392,Ezekiel Elliott,13,5,2018-09-28
2018,4,6ce3f2f0-0171-3282-8dc8-36e6b17e53a2,,TRADE_PROPOSAL,PENDING,-2147483648,,0,TRADE,13982,Julio Jones,5,13,2018-09-28
2018,4,780567f9-9df7-31dc-9a19-8d2bd757d076,,WAIVER,PENDING,-2147483648,,1,DROP,-16006,Cowboys D/ST,10,-1,2018-09-26
2018,4,780567f9-9df7-31dc-9a19-8d2bd757d076,,WAIVER,PENDING,-2147483648,,1,ADD,-16026,Seahawks D/ST,-1,10,2018-09-26
2018,4,e78b2cd7-7055-3e62-a5a3-30fe8fec19c0,,TRADE_PROPOSAL,PENDING,13,,0,TRADE,2508176,David Johnson,12,13,2018-09-30
2018,4,e78b2cd7-7055-3e62-a5a3-30fe8fec19c0,,TRADE_PROPOSAL,PENDING,13,,0,TRADE,3045147,James Conner,13,12,2018-09-30
2018,4,f71328b0-903f-31a5-8c7b-27d257c67b0a,,TRADE_PROPOSAL,PENDING,-2147483648,,0,TRADE,13934,Antonio Brown,10,12,2018-09-29
2018,4,f71328b0-903f-31a5-8c7b-27d257c67b0a,,TRADE_PROPOSAL,PENDING,-2147483648,,0,TRADE,13216,Demaryius Thomas,12,10,2018-09-29
2018,4,f71328b0-903f-31a5-8c7b-27d257c67b0a,,TRADE_PROPOSAL,PENDING,-2147483648,,0,TRADE,15825,Le'Veon Bell,12,10,2018-09-29
2018,4,41e9dc51-d30b-374e-b127-d29f53d64bd2,,WAIVER,EXECUTED,-2147483648,,8,ADD,3916430,Nyheim Hines,-1,12,2018-09-26
2018,4,41e9dc51-d30b-374e-b127-d29f53d64bd2,,WAIVER,EXECUTED,-2147483648,,8,DROP,3892889,Dede Westbrook,12,-1,2018-09-26
2018,4,86eaae1b-8ede-3c7c-a1cc-2abfd3607400,,WAIVER,FAILED_MATCHUPACQUISITIONLIMIT,10,,1,DROP,-16006,Cowboys D/ST,10,-1,2018-09-26
2018,4,86eaae1b-8ede-3c7c-a1cc-2abfd3607400,,WAIVER,FAILED_MATCHUPACQUISITIONLIMIT,10,,1,ADD,-16026,Seahawks D/ST,-1,10,2018-09-26
2018,4,52cd2d0a-e661-387a-8cf2-430fc7cb3231,,FREEAGENT,EXECUTED,5,,1,DROP,-16034,Texans D/ST,5,-1,2018-09-26
2018,4,52cd2d0a-e661-387a-8cf2-430fc7cb3231,,FREEAGENT,EXECUTED,5,,1,ADD,13587,Chris Ivory,-1,5,2018-09-26
2018,4,eb1b073b-9625-3e29-a315-f55beb9070fe,,WAIVER,EXECUTED,-2147483648,,1,ADD,-16024,Chargers D/ST,-1,1,2018-09-26
2018,4,eb1b073b-9625-3e29-a315-f55beb9070fe,,WAIVER,EXECUTED,-2147483648,,1,DROP,-16028,Redskins D/ST,1,-1,2018-09-26
2018,4,3659fa39-5dfa-3db8-8698-3911e07b84b3,,FREEAGENT,EXECUTED,6,,0,ADD,-16020,Jets D/ST,-1,6,2018-09-30
2018,4,3659fa39-5dfa-3db8-8698-3911e07b84b3,,FREEAGENT,EXECUTED,6,,0,DROP,3043078,Derrick Henry,6,-1,2018-09-30
2018,4,155e8b74-1d5a-3bc6-aa69-9694bd4da961,,TRADE_PROPOSAL,PENDING,6,,0,TRADE,15847,Travis Kelce,6,7,2018-09-27
2018,4,155e8b74-1d5a-3bc6-aa69-9694bd4da961,,TRADE_PROPOSAL,PENDING,6,,0,TRADE,3919596,Chris Carson,7,6,2018-09-27
2018,4,155e8b74-1d5a-3bc6-aa69-9694bd4da961,,TRADE_PROPOSAL,PENDING,6,,0,TRADE,10453,Ted Ginn Jr.,7,6,2018-09-27
2018,4,ab90933e-5425-3e2b-bc21-65221c3a3e09,,TRADE_PROPOSAL,PENDING,10,,0,TRADE,11270,Jordy Nelson,4,10,2018-09-29
2018,4,ab90933e-5425-3e2b-bc21-65221c3a3e09,,TRADE_PROPOSAL,PENDING,10,,0,TRADE,15920,Latavius Murray,10,4,2018-09-29
2018,4,23970ec1-33a4-3939-ab82-c2ef3d545052,,FREEAGENT,EXECUTED,5,,0,ADD,2972091,Jalen Richard,-1,5,2018-09-26
2018,4,a3c43a59-1cf6-3fc1-b230-a7c888e43b14,,TRADE_PROPOSAL,PENDING,4,,0,TRADE,11270,Jordy Nelson,4,10,2018-09-29
2018,4,a3c43a59-1cf6-3fc1-b230-a7c888e43b14,,TRADE_PROPOSAL,PENDING,4,,0,TRADE,15920,Latavius Murray,10,4,2018-09-29
2018,4,826ca8dd-652e-34c9-9369-d67f6e5b51b7,,TRADE_PROPOSAL,PENDING,7,,0,TRADE,15847,Travis Kelce,6,7,2018-09-25
2018,4,826ca8dd-652e-34c9-9369-d67f6e5b51b7,,TRADE_PROPOSAL,PENDING,7,,0,TRADE,3919596,Chris Carson,7,6,2018-09-25
2018,4,826ca8dd-652e-34c9-9369-d67f6e5b51b7,,TRADE_PROPOSAL,PENDING,7,,0,TRADE,10453,Ted Ginn Jr.,7,6,2018-09-25
2018,4,6befff8b-17f1-3ab2-b070-11e59dc31046,,FREEAGENT,EXECUTED,7,,0,ADD,5557,Benjamin Watson,-1,7,2018-09-26
2018,4,6befff8b-17f1-3ab2-b070-11e59dc31046,,FREEAGENT,EXECUTED,7,,0,DROP,15971,Rex Burkhead,7,-1,2018-09-26
2018,4,be18fe4f-7bfd-35fe-b581-69c798d0a42d,,FREEAGENT,EXECUTED,5,,0,DROP,3932420,Josh Adams,5,-1,2018-09-26
2018,4,fabf1dd5-6758-3478-8d40-07afd5199967,,FREEAGENT,EXECUTED,13,,1,DROP,14922,Mohamed Sanu,13,-1,2018-09-30
2018,4,fabf1dd5-6758-3478-8d40-07afd5199967,,FREEAGENT,EXECUTED,13,,1,ADD,3123969,Ito Smith,-1,13,2018-09-30
2018,4,0b69e490-a64f-341a-8de1-02aebeab2a30,,FREEAGENT,EXECUTED,5,,1,DROP,14322,Dan Bailey,5,-1,2018-09-27
2018,4,0b69e490-a64f-341a-8de1-02aebeab2a30,,FREEAGENT,EXECUTED,5,,1,DROP,13587,Chris Ivory,5,-1,2018-09-27
2018,4,0b69e490-a64f-341a-8de1-02aebeab2a30,,FREEAGENT,EXECUTED,5,,1,LINEUP,14221,Doug Baldwin,5,5,2018-09-27
2018,4,0b69e490-a64f-341a-8de1-02aebeab2a30,,FREEAGENT,EXECUTED,5,,1,ADD,11122,Matt Prater,-1,5,2018-09-27
2018,4,55476090-abea-30b4-9141-370c405b47b4,,WAIVER,PENDING,-2147483648,,1,DROP,-16034,Texans D/ST,5,-1,2018-09-26
2018,4,55476090-abea-30b4-9141-370c405b47b4,,WAIVER,PENDING,-2147483648,,1,ADD,3916430,Nyheim Hines,-1,5,2018-09-26
2018,4,59654a3c-4821-3e6c-9298-dd38f1f7237f,,TRADE_PROPOSAL,PENDING,10,,0,TRADE,2974858,Kenny Golladay,12,10,2018-09-29
2018,4,59654a3c-4821-3e6c-9298-dd38f1f7237f,,TRADE_PROPOSAL,PENDING,10,,0,TRADE,3116385,Joe Mixon,12,10,2018-09-29
2018,4,59654a3c-4821-3e6c-9298-dd38f1f7237f,,TRADE_PROPOSAL,PENDING,10,,0,TRADE,13934,Antonio Brown,10,12,2018-09-29
2018,4,59654a3c-4821-3e6c-9298-dd38f1f7237f,,TRADE_PROPOSAL,PENDING,10,,0,TRADE,16732,Eric Ebron,10,12,2018-09-29
2018,4,86e82395-db96-35cf-9ed1-6f08b83a385a,,WAIVER,EXECUTED,-2147483648,,1,ADD,-16026,Seahawks D/ST,-1,5,2018-09-26
2018,4,e2b289a0-4177-3552-9dac-b87eef2bb639,,WAIVER,EXECUTED,-2147483648,,5,ADD,-16009,Packers D/ST,-1,12,2018-09-26
2018,4,e2b289a0-4177-3552-9dac-b87eef2bb639,,WAIVER,EXECUTED,-2147483648,,5,DROP,-16005,Browns D/ST,12,-1,2018-09-26
2018,4,1debef0a-0b39-3327-8fe2-0a95bf47675d,,WAIVER,EXECUTED,-2147483648,,16,DROP,2574808,Robby Anderson,10,-1,2018-09-26
2018,4,1debef0a-0b39-3327-8fe2-0a95bf47675d,,WAIVER,EXECUTED,-2147483648,,16,ADD,16732,Eric Ebron,-1,10,2018-09-26
2018,4,0035d2b6-b58a-3aa8-8f40-4c2dd8f1351f,,TRADE_PROPOSAL,PENDING,10,,0,TRADE,13934,Antonio Brown,10,12,2018-09-29
2018,4,0035d2b6-b58a-3aa8-8f40-4c2dd8f1351f,,TRADE_PROPOSAL,PENDING,10,,0,TRADE,16974,Trey Burton,10,12,2018-09-29
2018,4,0035d2b6-b58a-3aa8-8f40-4c2dd8f1351f,,TRADE_PROPOSAL,PENDING,10,,0,TRADE,3127292,Will Dissly,12,10,2018-09-29
2018,4,0035d2b6-b58a-3aa8-8f40-4c2dd8f1351f,,TRADE_PROPOSAL,PENDING,10,,0,TRADE,13216,Demaryius Thomas,12,10,2018-09-29
2018,4,0035d2b6-b58a-3aa8-8f40-4c2dd8f1351f,,TRADE_PROPOSAL,PENDING,10,,0,TRADE,3116385,Joe Mixon,12,10,2018-09-29
2018,4,0035d2b6-b58a-3aa8-8f40-4c2dd8f1351f,,TRADE_PROPOSAL,PENDING,10,,0,TRADE,2974858,Kenny Golladay,12,10,2018-09-29
2018,4,7c910ab4-088d-3b69-9b19-a24d7572129f,,FREEAGENT,EXECUTED,10,,1,DROP,-16006,Cowboys D/ST,10,-1,2018-09-27
2018,4,7c910ab4-088d-3b69-9b19-a24d7572129f,,FREEAGENT,EXECUTED,10,,1,ADD,-16011,Colts D/ST,-1,10,2018-09-27
2018,4,28c3cba1-4b48-30fc-a08b-4ff2d4176fc1,,FREEAGENT,EXECUTED,9,,0,ADD,-16027,Buccaneers D/ST,-1,9,2018-09-30
2018,4,28c3cba1-4b48-30fc-a08b-4ff2d4176fc1,,FREEAGENT,EXECUTED,9,,0,DROP,-16007,Broncos D/ST,9,-1,2018-09-30
2018,4,d4c09f11-fa24-391b-8f9d-424c16912e61,,FREEAGENT,EXECUTED,10,,0,ADD,-16005,Browns D/ST,-1,10,2018-09-27
2018,4,d4c09f11-fa24-391b-8f9d-424c16912e61,,FREEAGENT,EXECUTED,10,,0,DROP,-16011,Colts D/ST,10,-1,2018-09-27
2018,4,80720ebe-9746-3a07-807b-932360a475fd,,TRADE_PROPOSAL,PENDING,12,,0,TRADE,13934,Antonio Brown,10,12,2018-09-27
2018,4,80720ebe-9746-3a07-807b-932360a475fd,,TRADE_PROPOSAL,PENDING,12,,0,TRADE,16974,Trey Burton,10,12,2018-09-27
2018,4,80720ebe-9746-3a07-807b-932360a475fd,,TRADE_PROPOSAL,PENDING,12,,0,TRADE,3127292,Will Dissly,12,10,2018-09-27
2018,4,80720ebe-9746-3a07-807b-932360a475fd,,TRADE_PROPOSAL,PENDING,12,,0,TRADE,13216,Demaryius Thomas,12,10,2018-09-27
2018,4,80720ebe-9746-3a07-807b-932360a475fd,,TRADE_PROPOSAL,PENDING,12,,0,TRADE,3116385,Joe Mixon,12,10,2018-09-27
2018,4,80720ebe-9746-3a07-807b-932360a475fd,,TRADE_PROPOSAL,PENDING,12,,0,TRADE,2974858,Kenny Golladay,12,10,2018-09-27
2018,4,ed640160-cd62-3112-82cd-f44ab7b74129,,FREEAGENT,EXECUTED,10,,1,DROP,15091,Randy Bullock,10,-1,2018-09-29
2018,4,ed640160-cd62-3112-82cd-f44ab7b74129,,FREEAGENT,EXECUTED,10,,1,ADD,17082,Cody Parkey,-1,10,2018-09-29
2018,4,2779ddf4-b40c-3b19-9cb6-15a3e9d0d936,,WAIVER,EXECUTED,-2147483648,,2,ADD,14012,Andy Dalton,-1,12,2018-09-26
2018,4,2779ddf4-b40c-3b19-9cb6-15a3e9d0d936,,WAIVER,EXECUTED,-2147483648,,2,DROP,3051876,Evan Engram,12,-1,2018-09-26
2018,4,aa438c7d-ef30-3f4a-b1df-81fd82d5e818,,TRADE_PROPOSAL,PENDING,12,,0,TRADE,13934,Antonio Brown,10,12,2018-09-27
2018,4,aa438c7d-ef30-3f4a-b1df-81fd82d5e818,,TRADE_PROPOSAL,PENDING,12,,0,TRADE,13216,Demaryius Thomas,12,10,2018-09-27
2018,4,aa438c7d-ef30-3f4a-b1df-81fd82d5e818,,TRADE_PROPOSAL,PENDING,12,,0,TRADE,15825,Le'Veon Bell,12,10,2018-09-27
2018,4,b2386626-9bec-3be9-9b4e-20f8c22805ef,,FREEAGENT,EXECUTED,5,,0,ADD,16845,Ryan Grant,-1,5,2018-09-30
2018,5,d9d8aa3d-e2c2-3d17-9f09-fb340d8be13d,,WAIVER,PENDING,-2147483648,,4,ADD,3043078,Derrick Henry,-1,3,2018-10-03
2018,5,0d851923-dd1e-3516-a3e2-ebe91712b3a6,,WAIVER,EXECUTED,-2147483648,,1,ADD,2969939,Jameis Winston,-1,1,2018-10-03
2018,5,0d851923-dd1e-3516-a3e2-ebe91712b3a6,,WAIVER,EXECUTED,-2147483648,,1,DROP,2980453,Jamaal Williams,1,-1,2018-10-03
2018,5,5d33bdbf-78a2-3721-89c5-160396ddad8a,,TRADE_PROPOSAL,PENDING,10,,0,TRADE,3117251,Christian McCaffrey,5,10,2018-10-08
2018,5,5d33bdbf-78a2-3721-89c5-160396ddad8a,,TRADE_PROPOSAL,PENDING,10,,0,TRADE,13982,Julio Jones,5,10,2018-10-08
2018,5,5d33bdbf-78a2-3721-89c5-160396ddad8a,,TRADE_PROPOSAL,PENDING,10,,0,TRADE,2976516,T.J. Yeldon,10,5,2018-10-08
2018,5,5d33bdbf-78a2-3721-89c5-160396ddad8a,,TRADE_PROPOSAL,PENDING,10,,0,TRADE,3046409,Alex Collins,10,5,2018-10-08
2018,5,5d33bdbf-78a2-3721-89c5-160396ddad8a,,TRADE_PROPOSAL,PENDING,10,,0,TRADE,16944,Devonta Freeman,10,5,2018-10-08
2018,5,dfe1bf7d-8395-3828-b2aa-a5dd3cf7d3b1,,WAIVER,PENDING,-2147483648,,1,ADD,-16029,Panthers D/ST,-1,12,2018-10-03
2018,5,dfe1bf7d-8395-3828-b2aa-a5dd3cf7d3b1,,WAIVER,PENDING,-2147483648,,1,DROP,-16009,Packers D/ST,12,-1,2018-10-03
2018,5,94a34264-bd4a-3b2f-9f80-81d0bc57db5a,,WAIVER,PENDING,5,,1,DROP,-16026,Seahawks D/ST,5,-1,2018-10-02
2018,5,94a34264-bd4a-3b2f-9f80-81d0bc57db5a,,WAIVER,PENDING,5,,1,ADD,-16029,Panthers D/ST,-1,5,2018-10-02
2018,5,6cea2ae0-fe1d-38c8-9b65-e1fa14b553e4,,FREEAGENT,EXECUTED,5,,0,ADD,16921,Alfred Blue,-1,5,2018-10-07
2018,5,6cea2ae0-fe1d-38c8-9b65-e1fa14b553e4,,FREEAGENT,EXECUTED,5,,0,DROP,17258,Willie Snead IV,5,-1,2018-10-07
2018,5,d026b548-a617-3ec6-bfe3-ba5c39edbaee,,WAIVER,EXECUTED,-2147483648,,7,DROP,-16005,Browns D/ST,10,-1,2018-10-03
2018,5,d026b548-a617-3ec6-bfe3-ba5c39edbaee,,WAIVER,EXECUTED,-2147483648,,7,ADD,3051876,Evan Engram,-1,10,2018-10-03
2018,5,007a8349-12e3-39ba-9f8f-d88f32351c41,,WAIVER,FAILED_MATCHUPACQUISITIONLIMIT,4,,1,ADD,3924365,Hayden Hurst,-1,4,2018-10-05
2018,5,5322efcf-815e-3835-90ea-0843750a522c,,TRADE_PROPOSAL,PENDING,5,,0,TRADE,3117251,Christian McCaffrey,5,10,2018-10-08
2018,5,5322efcf-815e-3835-90ea-0843750a522c,,TRADE_PROPOSAL,PENDING,5,,0,TRADE,13982,Julio Jones,5,10,2018-10-08
2018,5,5322efcf-815e-3835-90ea-0843750a522c,,TRADE_PROPOSAL,PENDING,5,,0,TRADE,2976516,T.J. Yeldon,10,5,2018-10-08
2018,5,5322efcf-815e-3835-90ea-0843750a522c,,TRADE_PROPOSAL,PENDING,5,,0,TRADE,3046409,Alex Collins,10,5,2018-10-08
2018,5,5322efcf-815e-3835-90ea-0843750a522c,,TRADE_PROPOSAL,PENDING,5,,0,TRADE,16944,Devonta Freeman,10,5,2018-10-08
2018,5,99e323b7-7578-3bd7-a03a-86153b0ed034,,WAIVER,FAILED_MATCHUPACQUISITIONLIMIT,4,,4,ADD,15853,Vance McDonald,-1,4,2018-10-03
2018,5,99e323b7-7578-3bd7-a03a-86153b0ed034,,WAIVER,FAILED_MATCHUPACQUISITIONLIMIT,4,,4,DROP,3042429,Wendell Smallwood,4,-1,2018-10-03
2018,5,a8611fd3-e0fe-3a64-9212-2e8df31e13ae,,FREEAGENT,EXECUTED,1,,1,DROP,2582139,Sam Ficken,1,-1,2018-10-03
2018,5,a8611fd3-e0fe-3a64-9212-2e8df31e13ae,,FREEAGENT,EXECUTED,1,,1,ADD,12460,Graham Gano,-1,1,2018-10-03
2018,5,dcfad705-accb-3737-ac5f-331b6149f4e1,,WAIVER,CANCELED,10,,4,DROP,17082,Cody Parkey,10,-1,2018-10-03
2018,5,dcfad705-accb-3737-ac5f-331b6149f4e1,,WAIVER,CANCELED,10,,4,ADD,17453,Cameron Brate,-1,10,2018-10-03
2018,5,c2712a3d-8cea-3333-a861-88d9cca1d655,,WAIVER,PENDING,-2147483648,,1,ADD,3924365,Hayden Hurst,-1,4,2018-10-05
2018,5,d15a24ae-f3c5-35b4-9e6f-9cc94a30e724,,TRADE_PROPOSAL,PENDING,7,,0,TRADE,16944,Devonta Freeman,10,7,2018-10-03
2018,5,d15a24ae-f3c5-35b4-9e6f-9cc94a30e724,,TRADE_PROPOSAL,PENDING,7,,0,TRADE,3042519,Aaron Jones,7,10,2018-10-03
2018,5,d15a24ae-f3c5-35b4-9e6f-9cc94a30e724,,TRADE_PROPOSAL,PENDING,7,,0,TRADE,3892889,Dede Westbrook,7,10,2018-10-03
2018,5,d5920e7f-e15c-3577-8d18-03f6a6797570,,WAIVER,EXECUTED,-2147483648,,8,ADD,3043078,Derrick Henry,-1,12,2018-10-03
2018,5,d5920e7f-e15c-3577-8d18-03f6a6797570,,WAIVER,EXECUTED,-2147483648,,8,DROP,3045260,Corey Clement,12,-1,2018-10-03
2018,5,e5d209c8-ffde-3abe-89d1-74f5c956a131,,FREEAGENT,EXECUTED,2,,1,DROP,3924365,Hayden Hurst,2,-1,2018-10-03
2018,5,dd82f967-d9dc-3e03-b927-9daced1e441c,,TRADE_PROPOSAL,PENDING,-2147483648,,0,TRADE,3059915,Kareem Hunt,9,5,2018-10-06
2018,5,dd82f967-d9dc-3e03-b927-9daced1e441c,,TRADE_PROPOSAL,PENDING,-2147483648,,0,TRADE,13982,Julio Jones,5,9,2018-10-06
2018,5,8bc9b9a8-9255-3fc7-9d68-945f73b434ca,,WAIVER,PENDING,-2147483648,,2,DROP,15920,Latavius Murray,10,-1,2018-10-03
2018,5,8bc9b9a8-9255-3fc7-9d68-945f73b434ca,,WAIVER,PENDING,-2147483648,,2,ADD,16504,Jack Doyle,-1,10,2018-10-03
2018,5,166920b3-9264-34be-b15c-5d5e8d045b23,,TRADE_PROPOSAL,PENDING,12,,0,TRADE,15847,Travis Kelce,6,12,2018-10-04
2018,5,166920b3-9264-34be-b15c-5d5e8d045b23,,TRADE_PROPOSAL,PENDING,12,,0,TRADE,12514,LeSean McCoy,6,12,2018-10-04
2018,5,166920b3-9264-34be-b15c-5d5e8d045b23,,TRADE_PROPOSAL,PENDING,12,,0,TRADE,15825,Le'Veon Bell,12,6,2018-10-04
2018,5,166920b3-9264-34be-b15c-5d5e8d045b23,,TRADE_PROPOSAL,PENDING,12,,0,TRADE,16732,Eric Ebron,12,6,2018-10-04
2018,5,166920b3-9264-34be-b15c-5d5e8d045b23,,TRADE_PROPOSAL,PENDING,12,,0,TRADE,13216,Demaryius Thomas,12,6,2018-10-04
2018,5,166920b3-9264-34be-b15c-5d5e8d045b23,,TRADE_PROPOSAL,PENDING,12,,0,TRADE,3916430,Nyheim Hines,12,6,2018-10-04
2018,5,a746ec02-a453-335d-9185-487dc513c11e,,WAIVER,EXECUTED,-2147483648,,8,DROP,15009,Alfred Morris,10,-1,2018-10-03
2018,5,a746ec02-a453-335d-9185-487dc513c11e,,WAIVER,EXECUTED,-2147483648,,8,ADD,15853,Vance McDonald,-1,10,2018-10-03
2018,5,9c739ae5-fd2e-3d14-bc14-01bac6d89ce6,,FREEAGENT,EXECUTED,3,,1,DROP,2515934,Corey Grant,3,-1,2018-10-04
2018,5,9c739ae5-fd2e-3d14-bc14-01bac6d89ce6,,FREEAGENT,EXECUTED,3,,1,ADD,2980453,Jamaal Williams,-1,3,2018-10-04
2018,5,aa008711-d1dc-3319-b687-3b2e1fc7a79c,,WAIVER,PENDING,12,,1,ADD,15853,Vance McDonald,-1,12,2018-10-03
2018,5,aa008711-d1dc-3319-b687-3b2e1fc7a79c,,WAIVER,PENDING,12,,1,DROP,3127292,Will Dissly,12,-1,2018-10-03
2018,5,0afc2169-d804-3bbe-b512-05083d71bee6,,WAIVER,PENDING,10,,2,DROP,-16005,Browns D/ST,10,-1,2018-10-03
2018,5,0afc2169-d804-3bbe-b512-05083d71bee6,,WAIVER,PENDING,10,,2,ADD,3051876,Evan Engram,-1,10,2018-10-03
2018,5,f6ff9999-eebd-3fad-9195-59f5967f1fe8,,FREEAGENT,EXECUTED,12,,0,DROP,3127292,Will Dissly,12,-1,2018-10-03
2018,5,47ee18d0-57d7-3afe-8c38-c804f1ae8e09,,WAIVER,EXECUTED,-2147483648,,5,ADD,3025433,Mike Davis,-1,2,2018-10-03
2018,5,47ee18d0-57d7-3afe-8c38-c804f1ae8e09,,WAIVER,EXECUTED,-2147483648,,5,DROP,14885,Doug Martin,2,-1,2018-10-03
2018,5,11c1a7ed-f40a-38b6-87b8-5d2b54e5ffc9,,TRADE_PROPOSAL,PENDING,5,,0,TRADE,3059915,Kareem Hunt,9,5,2018-10-04
2018,5,11c1a7ed-f40a-38b6-87b8-5d2b54e5ffc9,,TRADE_PROPOSAL,PENDING,5,,0,TRADE,13982,Julio Jones,5,9,2018-10-04
2018,5,d35de3f0-04c8-3381-80d5-7b44ed7a1738,,WAIVER,PENDING,10,,2,DROP,17082,Cody Parkey,10,-1,2018-10-03
2018,5,d35de3f0-04c8-3381-80d5-7b44ed7a1738,,WAIVER,PENDING,10,,2,ADD,17453,Cameron Brate,-1,10,2018-10-03
2018,5,d3f2f5c2-f89c-3ee3-ab17-33f3aeea7fe7,,WAIVER,PENDING,-2147483648,,2,DROP,-16026,Seahawks D/ST,5,-1,2018-10-03
2018,5,d3f2f5c2-f89c-3ee3-ab17-33f3aeea7fe7,,WAIVER,PENDING,-2147483648,,2,ADD,-16029,Panthers D/ST,-1,5,2018-10-03
2018,5,c6481149-e2af-3ece-928d-2192d36bcd50,,WAIVER,CANCELED,10,,2,DROP,15920,Latavius Murray,10,-1,2018-10-03
2018,5,c6481149-e2af-3ece-928d-2192d36bcd50,,WAIVER,CANCELED,10,,2,ADD,16504,Jack Doyle,-1,10,2018-10-03
2018,5,0c373e2f-c7c7-3d87-b6a3-1221b4cecea4,,TRADE_PROPOSAL,PENDING,10,,0,TRADE,16460,Adam Thielen,10,8,2018-10-09
2018,5,0c373e2f-c7c7-3d87-b6a3-1221b4cecea4,,TRADE_PROPOSAL,PENDING,10,,0,TRADE,13229,Rob Gronkowski,8,10,2018-10-09
2018,5,0c373e2f-c7c7-3d87-b6a3-1221b4cecea4,,TRADE_PROPOSAL,PENDING,10,,0,TRADE,3071572,Keelan Cole,8,10,2018-10-09
2018,5,4b9479cd-de05-3e61-99e0-16230f34b19f,,WAIVER,EXECUTED,-2147483648,,2,ADD,3924365,Hayden Hurst,-1,13,2018-10-05
2018,5,4b9479cd-de05-3e61-99e0-16230f34b19f,,WAIVER,EXECUTED,-2147483648,,2,DROP,3895856,Christian Kirk,13,-1,2018-10-05
2018,5,09891176-9357-3860-be5b-8d8a673077e3,,FREEAGENT,EXECUTED,3,,0,ADD,-16004,Bengals D/ST,-1,3,2018-10-03
2018,5,09891176-9357-3860-be5b-8d8a673077e3,,FREEAGENT,EXECUTED,3,,0,DROP,15786,Tavon Austin,3,-1,2018-10-03
2018,5,4e7ce09c-cf79-3ee3-9592-bed6b6d80db0,,WAIVER,EXECUTED,-2147483648,,5,ADD,-16029,Panthers D/ST,-1,8,2018-10-03
2018,5,4e7ce09c-cf79-3ee3-9592-bed6b6d80db0,,WAIVER,EXECUTED,-2147483648,,5,DROP,3068267,Austin Ekeler,8,-1,2018-10-03
2018,5,5337e34d-5ec6-3618-bc57-94725e33a7f8,,FREEAGENT,EXECUTED,10,,1,DROP,17082,Cody Parkey,10,-1,2018-10-04
2018,5,5337e34d-5ec6-3618-bc57-94725e33a7f8,,FREEAGENT,EXECUTED,10,,1,ADD,-16025,49ers D/ST,-1,10,2018-10-04
2018,5,5c4789b4-8079-3127-a356-24ffcf95a12b,,WAIVER,PENDING,-2147483648,,2,ADD,2985659,Wil Lutz,-1,5,2018-10-04
2018,5,5c4789b4-8079-3127-a356-24ffcf95a12b,,WAIVER,PENDING,-2147483648,,2,DROP,11122,Matt Prater,5,-1,2018-10-04
2018,5,21743f0c-0719-3d84-9f23-537c6f03d1ee,,TRADE_PROPOSAL,PENDING,12,,0,TRADE,15847,Travis Kelce,6,12,2018-10-04
2018,5,21743f0c-0719-3d84-9f23-537c6f03d1ee,,TRADE_PROPOSAL,PENDING,12,,0,TRADE,12514,LeSean McCoy,6,12,2018-10-04
2018,5,21743f0c-0719-3d84-9f23-537c6f03d1ee,,TRADE_PROPOSAL,PENDING,12,,0,TRADE,15825,Le'Veon Bell,12,6,2018-10-04
2018,5,21743f0c-0719-3d84-9f23-537c6f03d1ee,,TRADE_PROPOSAL,PENDING,12,,0,TRADE,16732,Eric Ebron,12,6,2018-10-04
2018,5,21743f0c-0719-3d84-9f23-537c6f03d1ee,,TRADE_PROPOSAL,PENDING,12,,0,TRADE,13216,Demaryius Thomas,12,6,2018-10-04
2018,5,6d0214ec-ba23-350a-95dc-8712c59d74c5,,TRADE_PROPOSAL,PENDING,8,,0,TRADE,-16003,Bears D/ST,8,10,2018-10-09
2018,5,6d0214ec-ba23-350a-95dc-8712c59d74c5,,TRADE_PROPOSAL,PENDING,8,,0,TRADE,12563,Michael Crabtree,10,8,2018-10-09
2018,5,82395133-07f3-31ef-a2c9-f69764dcbdef,,FREEAGENT,EXECUTED,9,,0,ADD,-16022,Cardinals D/ST,-1,9,2018-10-04
2018,5,82395133-07f3-31ef-a2c9-f69764dcbdef,,FREEAGENT,EXECUTED,9,,0,DROP,-16027,Buccaneers D/ST,9,-1,2018-10-04
2018,5,07eeefe7-6dd6-3ac4-a93d-97ee1d36c7b2,,TRADE_PROPOSAL,PENDING,8,,0,TRADE,16460,Adam Thielen,10,8,2018-10-09
2018,5,07eeefe7-6dd6-3ac4-a93d-97ee1d36c7b2,,TRADE_PROPOSAL,PENDING,8,,0,TRADE,13229,Rob Gronkowski,8,10,2018-10-09
2018,5,07eeefe7-6dd6-3ac4-a93d-97ee1d36c7b2,,TRADE_PROPOSAL,PENDING,8,,0,TRADE,3071572,Keelan Cole,8,10,2018-10-09
2018,5,dd6aeec9-cc6c-3826-bb57-e414f96269f2,,WAIVER,EXECUTED,-2147483648,,15,ADD,3892889,Dede Westbrook,-1,7,2018-10-03
2018,5,dd6aeec9-cc6c-3826-bb57-e414f96269f2,,WAIVER,EXECUTED,-2147483648,,15,DROP,9705,Brandon Marshall,7,-1,2018-10-03
2018,5,d70ef872-d082-3d58-9ddc-f41365f8fccb,,WAIVER,EXECUTED,-2147483648,,1,ADD,3068267,Austin Ekeler,-1,2,2018-10-04
2018,5,d70ef872-d082-3d58-9ddc-f41365f8fccb,,WAIVER,EXECUTED,-2147483648,,1,DROP,3025433,Mike Davis,2,-1,2018-10-04
2018,5,4a7a2f31-dae2-3a05-90b8-34d2a3aa6100,,WAIVER,FAILED_MATCHUPACQUISITIONLIMIT,12,,1,ADD,-16029,Panthers D/ST,-1,12,2018-10-03
2018,5,4a7a2f31-dae2-3a05-90b8-34d2a3aa6100,,WAIVER,FAILED_MATCHUPACQUISITIONLIMIT,12,,1,DROP,-16009,Packers D/ST,12,-1,2018-10-03
2018,5,5833507a-73e6-3313-bd68-ede839e1ba12,,FREEAGENT,EXECUTED,5,,0,ADD,-16007,Broncos D/ST,-1,5,2018-10-03
2018,5,5833507a-73e6-3313-bd68-ede839e1ba12,,FREEAGENT,EXECUTED,5,,0,DROP,-16026,Seahawks D/ST,5,-1,2018-10-03
2018,5,fc65cfcf-96bd-3385-833c-bcdff63f4c0f,,WAIVER,FAILED_MATCHUPACQUISITIONLIMIT,12,,3,ADD,3892889,Dede Westbrook,-1,12,2018-10-03
2018,5,fc65cfcf-96bd-3385-833c-bcdff63f4c0f,,WAIVER,FAILED_MATCHUPACQUISITIONLIMIT,12,,3,DROP,16730,Kelvin Benjamin,12,-1,2018-10-03
2018,5,91ec905d-97f2-3272-ae42-643aa04f5844,,WAIVER,FAILED_MATCHUPACQUISITIONLIMIT,5,,2,ADD,2985659,Wil Lutz,-1,5,2018-10-04
2018,5,91ec905d-97f2-3272-ae42-643aa04f5844,,WAIVER,FAILED_MATCHUPACQUISITIONLIMIT,5,,2,DROP,11122,Matt Prater,5,-1,2018-10-04
2018,5,3c2c53be-8f88-30b8-937a-c950a3ad9879,,WAIVER,FAILED_MATCHUPACQUISITIONLIMIT,3,,4,ADD,3043078,Derrick Henry,-1,3,2018-10-03
2018,5,c3fbfab0-81ea-34d3-9d5a-9ef6b2ae4fa8,,FREEAGENT,EXECUTED,5,,0,DROP,16845,Ryan Grant,5,-1,2018-10-02
2018,5,f896c800-8539-3375-870a-1d650efcf21e,,TRADE_UPHOLD,EXECUTED,-2147483648,,0,TRADE,2974858,Kenny Golladay,12,10,2018-10-02
2018,5,f896c800-8539-3375-870a-1d650efcf21e,,TRADE_UPHOLD,EXECUTED,-2147483648,,0,TRADE,3116385,Joe Mixon,12,10,2018-10-02
2018,5,f896c800-8539-3375-870a-1d650efcf21e,,TRADE_UPHOLD,EXECUTED,-2147483648,,0,TRADE,13934,Antonio Brown,10,12,2018-10-02
2018,5,f896c800-8539-3375-870a-1d650efcf21e,,TRADE_UPHOLD,EXECUTED,-2147483648,,0,TRADE,16732,Eric Ebron,10,12,2018-10-02
2018,5,f896c800-8539-3375-870a-1d650efcf21e,,TRADE_UPHOLD,EXECUTED,-2147483648,,0,DROP,2985659,Wil Lutz,12,-1,2018-10-02
2018,5,3d935d81-e4f4-392b-9b7f-67db78634d43,,FREEAGENT,EXECUTED,7,,0,ADD,2515934,Corey Grant,-1,7,2018-10-06
2018,5,3d935d81-e4f4-392b-9b7f-67db78634d43,,FREEAGENT,EXECUTED,7,,0,DROP,10453,Ted Ginn Jr.,7,-1,2018-10-06
2018,5,ccc9abc1-4cdd-3f52-875a-c71dd14fc665,,WAIVER,PENDING,-2147483648,,4,DROP,17082,Cody Parkey,10,-1,2018-10-03
2018,5,ccc9abc1-4cdd-3f52-875a-c71dd14fc665,,WAIVER,PENDING,-2147483648,,4,ADD,17453,Cameron Brate,-1,10,2018-10-03
2018,5,ce3045f3-c36e-3598-b951-c2ab622ff911,,FREEAGENT,EXECUTED,5,,0,ADD,17258,Willie Snead IV,-1,5,2018-10-06
2018,5,6b7536b5-5db6-3f88-ad2f-1814e85776f7,,TRADE_ACCEPT,PENDING,6,,0,TRADE,15847,Travis Kelce,6,12,2018-10-04
2018,5,6b7536b5-5db6-3f88-ad2f-1814e85776f7,,TRADE_ACCEPT,PENDING,6,,0,TRADE,12514,LeSean McCoy,6,12,2018-10-04
2018,5,6b7536b5-5db6-3f88-ad2f-1814e85776f7,,TRADE_ACCEPT,PENDING,6,,0,TRADE,15825,Le'Veon Bell,12,6,2018-10-04
2018,5,6b7536b5-5db6-3f88-ad2f-1814e85776f7,,TRADE_ACCEPT,PENDING,6,,0,TRADE,16732,Eric Ebron,12,6,2018-10-04
2018,5,6b7536b5-5db6-3f88-ad2f-1814e85776f7,,TRADE_ACCEPT,PENDING,6,,0,TRADE,13216,Demaryius Thomas,12,6,2018-10-04
2018,5,6b7536b5-5db6-3f88-ad2f-1814e85776f7,,TRADE_ACCEPT,PENDING,6,,0,TRADE,3916430,Nyheim Hines,12,6,2018-10-04
2018,5,6b7536b5-5db6-3f88-ad2f-1814e85776f7,,TRADE_ACCEPT,PENDING,6,,0,DROP,11252,Joe Flacco,6,-1,2018-10-04
2018,5,6b7536b5-5db6-3f88-ad2f-1814e85776f7,,TRADE_ACCEPT,PENDING,6,,0,DROP,-16020,Jets D/ST,6,-1,2018-10-04
2018,5,964ebc64-19c2-35b0-a33b-20736009297a,,FREEAGENT,EXECUTED,4,,0,ADD,2574576,C.J. Uzomah,-1,4,2018-10-06
2018,5,b92c0602-e219-37f8-8d23-efd617c0cde9,,TRADE_PROPOSAL,PENDING,10,,0,TRADE,-16003,Bears D/ST,8,10,2018-10-09
2018,5,b92c0602-e219-37f8-8d23-efd617c0cde9,,TRADE_PROPOSAL,PENDING,10,,0,TRADE,12563,Michael Crabtree,10,8,2018-10-09
2018,5,b05354de-7354-323c-8674-db0621dcca8e,,FREEAGENT,EXECUTED,1,,0,ADD,-16034,Texans D/ST,-1,1,2018-10-04
2018,5,b05354de-7354-323c-8674-db0621dcca8e,,FREEAGENT,EXECUTED,1,,0,DROP,-16024,Chargers D/ST,1,-1,2018-10-04
2018,5,0811b7b7-c812-39e9-a2df-36a48fdfc687,,TRADE_PROPOSAL,PENDING,12,,0,TRADE,15847,Travis Kelce,6,12,2018-10-04
2018,5,0811b7b7-c812-39e9-a2df-36a48fdfc687,,TRADE_PROPOSAL,PENDING,12,,0,TRADE,12514,LeSean McCoy,6,12,2018-10-04
2018,5,0811b7b7-c812-39e9-a2df-36a48fdfc687,,TRADE_PROPOSAL,PENDING,12,,0,TRADE,15825,Le'Veon Bell,12,6,2018-10-04
2018,5,0811b7b7-c812-39e9-a2df-36a48fdfc687,,TRADE_PROPOSAL,PENDING,12,,0,TRADE,16732,Eric Ebron,12,6,2018-10-04
2018,5,0811b7b7-c812-39e9-a2df-36a48fdfc687,,TRADE_PROPOSAL,PENDING,12,,0,TRADE,13216,Demaryius Thomas,12,6,2018-10-04
2018,5,0c20557f-cefa-325b-8d65-ab7ace2e51b0,,TRADE_UPHOLD,EXECUTED,1,,0,TRADE,15847,Travis Kelce,6,12,2018-10-04
2018,5,0c20557f-cefa-325b-8d65-ab7ace2e51b0,,TRADE_UPHOLD,EXECUTED,1,,0,TRADE,12514,LeSean McCoy,6,12,2018-10-04
2018,5,0c20557f-cefa-325b-8d65-ab7ace2e51b0,,TRADE_UPHOLD,EXECUTED,1,,0,TRADE,15825,Le'Veon Bell,12,6,2018-10-04
2018,5,0c20557f-cefa-325b-8d65-ab7ace2e51b0,,TRADE_UPHOLD,EXECUTED,1,,0,TRADE,16732,Eric Ebron,12,6,2018-10-04
2018,5,0c20557f-cefa-325b-8d65-ab7ace2e51b0,,TRADE_UPHOLD,EXECUTED,1,,0,TRADE,13216,Demaryius Thomas,12,6,2018-10-04
2018,5,0c20557f-cefa-325b-8d65-ab7ace2e51b0,,TRADE_UPHOLD,EXECUTED,1,,0,TRADE,3916430,Nyheim Hines,12,6,2018-10-04
2018,5,0c20557f-cefa-325b-8d65-ab7ace2e51b0,,TRADE_UPHOLD,EXECUTED,1,,0,DROP,11252,Joe Flacco,6,-1,2018-10-04
2018,5,0c20557f-cefa-325b-8d65-ab7ace2e51b0,,TRADE_UPHOLD,EXECUTED,1,,0,DROP,-16020,Jets D/ST,6,-1,2018-10-04
2018,5,fa9610ec-09d3-3872-8c74-c43fdea1f1cc,,WAIVER,PENDING,-2147483648,,3,ADD,3892889,Dede Westbrook,-1,12,2018-10-03
2018,5,fa9610ec-09d3-3872-8c74-c43fdea1f1cc,,WAIVER,PENDING,-2147483648,,3,DROP,16730,Kelvin Benjamin,12,-1,2018-10-03
2018,5,713ca615-8607-3a88-a958-b58adcec6c11,,WAIVER,PENDING,12,,1,ADD,15853,Vance McDonald,-1,12,2018-10-03
2018,5,713ca615-8607-3a88-a958-b58adcec6c11,,WAIVER,PENDING,12,,1,DROP,3127292,Will Dissly,12,-1,2018-10-03
2018,5,7dfef6a0-ebc9-3c11-93b0-83e8fcc8b6f6,,WAIVER,FAILED_MATCHUPACQUISITIONLIMIT,5,,2,DROP,-16026,Seahawks D/ST,5,-1,2018-10-03
2018,5,7dfef6a0-ebc9-3c11-93b0-83e8fcc8b6f6,,WAIVER,FAILED_MATCHUPACQUISITIONLIMIT,5,,2,ADD,-16029,Panthers D/ST,-1,5,2018-10-03
2018,5,8fa099e0-bd68-3956-af19-442e9362b1c9,,WAIVER,EXECUTED,-2147483648,,1,ADD,16724,Blake Bortles,-1,2,2018-10-03
2018,5,8fa099e0-bd68-3956-af19-442e9362b1c9,,WAIVER,EXECUTED,-2147483648,,1,DROP,8664,Ryan Fitzpatrick,2,-1,2018-10-03
2018,5,40cb07b3-a324-3f29-8971-88f2ee3fd389,,TRADE_PROPOSAL,PENDING,-2147483648,,0,TRADE,16944,Devonta Freeman,10,7,2018-10-05
2018,5,40cb07b3-a324-3f29-8971-88f2ee3fd389,,TRADE_PROPOSAL,PENDING,-2147483648,,0,TRADE,3042519,Aaron Jones,7,10,2018-10-05
2018,5,40cb07b3-a324-3f29-8971-88f2ee3fd389,,TRADE_PROPOSAL,PENDING,-2147483648,,0,TRADE,3892889,Dede Westbrook,7,10,2018-10-05
2018,5,87ab43bc-59e3-393e-a153-3638ca676bac,,WAIVER,EXECUTED,-2147483648,,3,ADD,2985659,Wil Lutz,-1,12,2018-10-04
2018,5,80f69ed1-fe79-34f4-ba1c-24ca9f7505c5,,FREEAGENT,EXECUTED,10,,0,ADD,2998120,Josh Lambo,-1,10,2018-10-04
2018,5,0d31534f-f98a-36ef-8de9-122afba2681d,,WAIVER,PENDING,-2147483648,,4,ADD,15853,Vance McDonald,-1,4,2018-10-03
2018,5,0d31534f-f98a-36ef-8de9-122afba2681d,,WAIVER,PENDING,-2147483648,,4,DROP,3042429,Wendell Smallwood,4,-1,2018-10-03
2018,5,375ed21e-7689-3fb5-bb7d-c1b122a20e65,,FREEAGENT,EXECUTED,3,,0,DROP,15788,Tyler Eifert,3,-1,2018-10-06
2018,5,67ec6879-d9e2-3a82-804a-2e9902bc206d,,WAIVER,EXECUTED,-2147483648,,1,ADD,2515934,Corey Grant,-1,3,2018-10-03
2018,5,712e29b2-6b01-3b17-8b95-6d1b8b4a3c29,,FREEAGENT,EXECUTED,3,,1,DROP,3051891,Jordan Wilkins,3,-1,2018-10-04
2018,5,712e29b2-6b01-3b17-8b95-6d1b8b4a3c29,,FREEAGENT,EXECUTED,3,,1,ADD,15009,Alfred Morris,-1,3,2018-10-04
2018,6,a2875884-470e-3238-ab7d-2f96a7af9bcf,,FREEAGENT,EXECUTED,5,,0,DROP,11122,Matt Prater,5,-1,2018-10-09
2018,6,fac88d02-db46-32dd-bcbe-c1080161240c,,FREEAGENT,EXECUTED,10,,0,ADD,16886,Martavis Bryant,-1,10,2018-10-10
2018,6,fac88d02-db46-32dd-bcbe-c1080161240c,,FREEAGENT,EXECUTED,10,,0,DROP,15920,Latavius Murray,10,-1,2018-10-10
2018,6,d17354f0-9268-3bb0-8c94-50ddad859d8a,,TRADE_PROPOSAL,PENDING,1,,0,TRADE,16737,Mike Evans,1,10,2018-10-10
2018,6,d17354f0-9268-3bb0-8c94-50ddad859d8a,,TRADE_PROPOSAL,PENDING,1,,0,TRADE,10456,Marshawn Lynch,10,1,2018-10-10
2018,6,b4bdcb9f-68e3-3fe8-846c-eac599e4d656,,FREEAGENT,EXECUTED,7,,10,DROP,2515934,Corey Grant,7,-1,2018-10-09
2018,6,1f5fc71f-db70-3e17-87c4-0986e484b404,,WAIVER,PENDING,1,,2,DROP,2577134,Ty Montgomery,1,-1,2018-10-09
2018,6,1f5fc71f-db70-3e17-87c4-0986e484b404,,WAIVER,PENDING,1,,2,ADD,3045260,Corey Clement,-1,1,2018-10-09
2018,6,85f70aee-653c-3de9-9c50-0c1b2abf045c,,FREEAGENT,EXECUTED,6,,0,ADD,3068939,Aldrick Rosas,-1,6,2018-10-11
2018,6,85f70aee-653c-3de9-9c50-0c1b2abf045c,,FREEAGENT,EXECUTED,6,,0,DROP,2985659,Wil Lutz,6,-1,2018-10-11
2018,6,3772d47b-aba9-376b-a6fc-7b3dd12cfe84,,WAIVER,EXECUTED,-2147483648,,3,DROP,3051902,Peyton Barber,13,-1,2018-10-10
2018,6,3772d47b-aba9-376b-a6fc-7b3dd12cfe84,,WAIVER,EXECUTED,-2147483648,,3,ADD,3128720,Nick Chubb,-1,13,2018-10-10
2018,6,d63a8448-206c-3d4a-901d-00fddfaa6680,,WAIVER,EXECUTED,-2147483648,,15,ADD,3045260,Corey Clement,-1,12,2018-10-10
2018,6,fe58b9fa-fdb7-39e7-9558-74093a46bdfb,,TRADE_PROPOSAL,PENDING,6,,0,TRADE,3116385,Joe Mixon,10,6,2018-10-16
2018,6,fe58b9fa-fdb7-39e7-9558-74093a46bdfb,,TRADE_PROPOSAL,PENDING,6,,0,TRADE,17051,Albert Wilson,6,10,2018-10-16
2018,6,1748d905-32bb-3ec5-863e-a96018a0e6dc,,WAIVER,EXECUTED,-2147483648,,6,DROP,14402,Chris Hogan,13,-1,2018-10-10
2018,6,1748d905-32bb-3ec5-863e-a96018a0e6dc,,WAIVER,EXECUTED,-2147483648,,6,ADD,2574808,Robby Anderson,-1,13,2018-10-10
2018,6,79c5e16e-48e5-3938-b8ab-19975f007e60,,WAIVER,EXECUTED,-2147483648,,7,ADD,17453,Cameron Brate,-1,7,2018-10-10
2018,6,d525ed6f-5087-3c44-a7fd-a22c397bc98b,,WAIVER,PENDING,-2147483648,,8,ADD,3045260,Corey Clement,-1,7,2018-10-10
2018,6,f2d05a53-0bfe-3928-8c14-a34eba577fe3,,TRADE_PROPOSAL,PENDING,10,,0,TRADE,16737,Mike Evans,1,10,2018-10-09
2018,6,f2d05a53-0bfe-3928-8c14-a34eba577fe3,,TRADE_PROPOSAL,PENDING,10,,0,TRADE,10456,Marshawn Lynch,10,1,2018-10-09
2018,6,6680efca-4b7f-320a-a405-61a69c046682,,TRADE_PROPOSAL,PENDING,10,,0,TRADE,3116385,Joe Mixon,10,6,2018-10-16
2018,6,6680efca-4b7f-320a-a405-61a69c046682,,TRADE_PROPOSAL,PENDING,10,,0,TRADE,17051,Albert Wilson,6,10,2018-10-16
2018,6,96458a2f-c7df-3d05-9591-1fba85e87a48,,FREEAGENT,EXECUTED,7,,0,DROP,5557,Benjamin Watson,7,-1,2018-10-09
2018,6,b04c0daa-6ee8-3e3b-a2c9-f2b5a7a700d4,,TRADE_PROPOSAL,PENDING,8,,0,TRADE,2577253,Javorius Allen,3,8,2018-10-14
2018,6,b04c0daa-6ee8-3e3b-a2c9-f2b5a7a700d4,,TRADE_PROPOSAL,PENDING,8,,0,TRADE,2976212,Stefon Diggs,3,8,2018-10-14
2018,6,b04c0daa-6ee8-3e3b-a2c9-f2b5a7a700d4,,TRADE_PROPOSAL,PENDING,8,,0,TRADE,13229,Rob Gronkowski,8,3,2018-10-14
2018,6,b04c0daa-6ee8-3e3b-a2c9-f2b5a7a700d4,,TRADE_PROPOSAL,PENDING,8,,0,TRADE,3049916,Matt Breida,8,3,2018-10-14
2018,6,1414cf7c-4e09-38d5-a97c-90461abe9295,,FREEAGENT,EXECUTED,6,,0,ADD,16845,Ryan Grant,-1,6,2018-10-11
2018,6,1414cf7c-4e09-38d5-a97c-90461abe9295,,FREEAGENT,EXECUTED,6,,0,DROP,2576623,DeVante Parker,6,-1,2018-10-11
2018,6,41bbf715-fa95-3fc4-8378-a1ad0d6e346f,,WAIVER,PENDING,-2147483648,,1,ADD,-16015,Dolphins D/ST,-1,12,2018-10-10
2018,6,41bbf715-fa95-3fc4-8378-a1ad0d6e346f,,WAIVER,PENDING,-2147483648,,1,DROP,-16009,Packers D/ST,12,-1,2018-10-10
2018,6,7fef4f9b-fe83-316d-9062-55f191080546,,WAIVER,PENDING,12,,8,ADD,3045260,Corey Clement,-1,12,2018-10-09
2018,6,ca60a1a2-88b0-339f-bf6e-5e5be9711aef,,WAIVER,EXECUTED,-2147483648,,2,DROP,15839,Marquise Goodwin,13,-1,2018-10-10
2018,6,ca60a1a2-88b0-339f-bf6e-5e5be9711aef,,WAIVER,EXECUTED,-2147483648,,2,ADD,3895856,Christian Kirk,-1,13,2018-10-10
2018,6,aa9b6132-de9d-36c6-a18d-1b3721a0a3e7,,WAIVER,PENDING,-2147483648,,9,ADD,3045260,Corey Clement,-1,5,2018-10-10
2018,6,7510c863-99a6-31ae-849a-5ce4e83b9605,,WAIVER,FAILED_MATCHUPACQUISITIONLIMIT,12,,1,ADD,-16015,Dolphins D/ST,-1,12,2018-10-10
2018,6,7510c863-99a6-31ae-849a-5ce4e83b9605,,WAIVER,FAILED_MATCHUPACQUISITIONLIMIT,12,,1,DROP,-16009,Packers D/ST,12,-1,2018-10-10
2018,6,6bd283ab-0790-341b-bb30-2cecce40e14c,,WAIVER,EXECUTED,-2147483648,,1,ADD,17427,Cairo Santos,-1,12,2018-10-10
2018,6,6bd283ab-0790-341b-bb30-2cecce40e14c,,WAIVER,EXECUTED,-2147483648,,1,DROP,2985659,Wil Lutz,12,-1,2018-10-10
2018,6,b10c838a-74c4-3d4d-86f4-2a76c66ce7c5,,FREEAGENT,EXECUTED,7,,0,DROP,-16010,Titans D/ST,7,-1,2018-10-09
2018,6,0e2638e0-59e0-37b8-8fb1-3059f25ce71d,,WAIVER,PENDING,-2147483648,,1,ADD,17453,Cameron Brate,-1,3,2018-10-10
2018,6,0e2638e0-59e0-37b8-8fb1-3059f25ce71d,,WAIVER,PENDING,-2147483648,,1,DROP,-16004,Bengals D/ST,3,-1,2018-10-10
2018,6,2aec338d-9c64-3fcf-a946-326e43c801e4,,WAIVER,EXECUTED,-2147483648,,3,ADD,14922,Mohamed Sanu,-1,7,2018-10-10
2018,6,45a12e24-ebc9-3c7d-911a-2d3437025b50,,FREEAGENT,EXECUTED,5,,0,DROP,-16007,Broncos D/ST,5,-1,2018-10-09
2018,6,17e58212-ac63-3918-9d44-f0f6450bf4e4,,TRADE_PROPOSAL,PENDING,6,,0,TRADE,16731,Brandin Cooks,1,6,2018-10-11
2018,6,17e58212-ac63-3918-9d44-f0f6450bf4e4,,TRADE_PROPOSAL,PENDING,6,,0,TRADE,17133,Isaiah Crowell,6,1,2018-10-11
2018,6,667bc84d-4881-3fa4-aef1-54e6d426c8f9,,FREEAGENT,EXECUTED,3,,0,ADD,2971573,Ka'imi Fairbairn,-1,3,2018-10-10
2018,6,667bc84d-4881-3fa4-aef1-54e6d426c8f9,,FREEAGENT,EXECUTED,3,,0,DROP,9354,Robbie Gould,3,-1,2018-10-10
2018,6,e887ff5b-28a5-3578-894c-efdf524af80b,,FREEAGENT,EXECUTED,12,,0,ADD,3123969,Ito Smith,-1,12,2018-10-14
2018,6,e887ff5b-28a5-3578-894c-efdf524af80b,,FREEAGENT,EXECUTED,12,,0,DROP,14012,Andy Dalton,12,-1,2018-10-14
2018,6,0a1537e9-383b-36da-ac5a-6c0c027e73ee,,WAIVER,FAILED_MATCHUPACQUISITIONLIMIT,3,,1,ADD,17453,Cameron Brate,-1,3,2018-10-10
2018,6,0a1537e9-383b-36da-ac5a-6c0c027e73ee,,WAIVER,FAILED_MATCHUPACQUISITIONLIMIT,3,,1,DROP,-16004,Bengals D/ST,3,-1,2018-10-10
2018,6,56640a89-2c69-377c-99ba-775aad88f7d2,,WAIVER,EXECUTED,-2147483648,,5,ADD,2985659,Wil Lutz,-1,6,2018-10-11
2018,6,56640a89-2c69-377c-99ba-775aad88f7d2,,WAIVER,EXECUTED,-2147483648,,5,DROP,10636,Mason Crosby,6,-1,2018-10-11
2018,6,7d25c0bd-a701-30d7-a4a3-8cc4630209f8,,WAIVER,FAILED_MATCHUPACQUISITIONLIMIT,6,,10,ADD,3045260,Corey Clement,-1,6,2018-10-10
2018,6,7d25c0bd-a701-30d7-a4a3-8cc4630209f8,,WAIVER,FAILED_MATCHUPACQUISITIONLIMIT,6,,10,DROP,2576019,Josh Doctson,6,-1,2018-10-10
2018,6,68402df4-239b-3e19-aa01-8ebb204b3e1d,,TRADE_PROPOSAL,PENDING,1,,0,TRADE,16731,Brandin Cooks,1,6,2018-10-11
2018,6,68402df4-239b-3e19-aa01-8ebb204b3e1d,,TRADE_PROPOSAL,PENDING,1,,0,TRADE,17133,Isaiah Crowell,6,1,2018-10-11
2018,6,54dd8fe6-cda8-328b-8f8b-8001aad68e6a,,FREEAGENT,EXECUTED,12,,0,ADD,3915823,Keke Coutee,-1,12,2018-10-11
2018,6,7242e2cf-ce32-3598-a403-51b0173af8c2,,WAIVER,EXECUTED,-2147483648,,3,ADD,-16015,Dolphins D/ST,-1,5,2018-10-10
2018,6,dfc3cccd-188a-39f8-89f2-2d3299606d9d,,FREEAGENT,EXECUTED,5,,0,DROP,2573300,Jay Ajayi,5,-1,2018-10-09
2018,6,feb80b8c-0361-3062-b2f7-266cae187b6f,,WAIVER,FAILED_MATCHUPACQUISITIONLIMIT,12,,3,ADD,14922,Mohamed Sanu,-1,12,2018-10-10
2018,6,cc8c925a-2ac0-323a-85fb-9c0a5d4c4bd3,,FREEAGENT,EXECUTED,6,,0,ADD,17051,Albert Wilson,-1,6,2018-10-11
2018,6,cc8c925a-2ac0-323a-85fb-9c0a5d4c4bd3,,FREEAGENT,EXECUTED,6,,0,DROP,3051738,Marquez Valdes-Scantling,6,-1,2018-10-11
2018,6,ee97cb08-cfd8-3599-944f-423c5e550fa3,,WAIVER,EXECUTED,-2147483648,,3,ADD,3025433,Mike Davis,-1,2,2018-10-10
2018,6,6f345631-641a-3813-abee-ea22db3aa6b2,,FREEAGENT,EXECUTED,6,,0,ADD,3051738,Marquez Valdes-Scantling,-1,6,2018-10-10
2018,6,905e3cc6-7d43-3a2d-84a8-98b84098e0ad,,FREEAGENT,EXECUTED,5,,0,ADD,3052587,Baker Mayfield,-1,5,2018-10-10
2018,6,5e00ea09-82fb-3c24-8391-278a404f5a77,,FREEAGENT,EXECUTED,13,,1,DROP,3924365,Hayden Hurst,13,-1,2018-10-12
2018,6,5e00ea09-82fb-3c24-8391-278a404f5a77,,FREEAGENT,EXECUTED,13,,1,ADD,3125116,D'Onta Foreman,-1,13,2018-10-12
2018,6,7270a95f-baf2-3026-b3da-6bbb2c4eff42,,WAIVER,PENDING,-2147483648,,10,ADD,3045260,Corey Clement,-1,6,2018-10-10
2018,6,7270a95f-baf2-3026-b3da-6bbb2c4eff42,,WAIVER,PENDING,-2147483648,,10,DROP,2576019,Josh Doctson,6,-1,2018-10-10
2018,6,f47bacd2-fdb4-36a9-b795-5d7f5b37a19d,,TRADE_PROPOSAL,PENDING,8,,0,TRADE,2577253,Javorius Allen,3,8,2018-10-14
2018,6,f47bacd2-fdb4-36a9-b795-5d7f5b37a19d,,TRADE_PROPOSAL,PENDING,8,,0,TRADE,2976212,Stefon Diggs,3,8,2018-10-14
2018,6,f47bacd2-fdb4-36a9-b795-5d7f5b37a19d,,TRADE_PROPOSAL,PENDING,8,,0,TRADE,13229,Rob Gronkowski,8,3,2018-10-14
2018,6,f47bacd2-fdb4-36a9-b795-5d7f5b37a19d,,TRADE_PROPOSAL,PENDING,8,,0,TRADE,3049916,Matt Breida,8,3,2018-10-14
2018,6,6ee24c8c-df2a-3f1a-a1d6-26953faf9163,,FREEAGENT,EXECUTED,8,,0,ADD,3139605,Marlon Mack,-1,8,2018-10-14
2018,6,6ee24c8c-df2a-3f1a-a1d6-26953faf9163,,FREEAGENT,EXECUTED,8,,0,DROP,17437,Taylor Gabriel,8,-1,2018-10-14
2018,6,ba02dde5-a7f3-36f4-b2ba-be6faf37a865,,TRADE_PROPOSAL,PENDING,10,,0,TRADE,15835,Zach Ertz,5,10,2018-10-15
2018,6,ba02dde5-a7f3-36f4-b2ba-be6faf37a865,,TRADE_PROPOSAL,PENDING,10,,0,TRADE,16974,Trey Burton,10,5,2018-10-15
2018,6,ba02dde5-a7f3-36f4-b2ba-be6faf37a865,,TRADE_PROPOSAL,PENDING,10,,0,TRADE,3046409,Alex Collins,10,5,2018-10-15
2018,6,c9bd2335-5b37-367f-9135-3a58af640fd2,,TRADE_PROPOSAL,PENDING,7,,0,TRADE,15835,Zach Ertz,5,7,2018-10-09
2018,6,c9bd2335-5b37-367f-9135-3a58af640fd2,,TRADE_PROPOSAL,PENDING,7,,0,TRADE,3919596,Chris Carson,7,5,2018-10-09
2018,6,c9bd2335-5b37-367f-9135-3a58af640fd2,,TRADE_PROPOSAL,PENDING,7,,0,TRADE,3892889,Dede Westbrook,7,5,2018-10-09
2018,6,1bf194ae-86b7-3736-a413-417240dfe56c,,TRADE_PROPOSAL,PENDING,5,,0,TRADE,15835,Zach Ertz,5,7,2018-10-09
2018,6,1bf194ae-86b7-3736-a413-417240dfe56c,,TRADE_PROPOSAL,PENDING,5,,0,TRADE,3919596,Chris Carson,7,5,2018-10-09
2018,6,1bf194ae-86b7-3736-a413-417240dfe56c,,TRADE_PROPOSAL,PENDING,5,,0,TRADE,3892889,Dede Westbrook,7,5,2018-10-09
2018,6,20449877-fbc0-3ed3-ab39-e34a8989043e,,WAIVER,FAILED_MATCHUPACQUISITIONLIMIT,7,,8,ADD,3045260,Corey Clement,-1,7,2018-10-10
2018,6,44e88c7d-8ed3-36e6-925e-817e072d80a1,,FREEAGENT,EXECUTED,12,,0,ADD,2983209,Chester Rogers,-1,12,2018-10-12
2018,6,44e88c7d-8ed3-36e6-925e-817e072d80a1,,FREEAGENT,EXECUTED,12,,0,DROP,16730,Kelvin Benjamin,12,-1,2018-10-12
2018,6,50ca37b5-996c-3a00-a208-b31f0a4c6831,,WAIVER,FAILED_MATCHUPACQUISITIONLIMIT,5,,9,ADD,3045260,Corey Clement,-1,5,2018-10-10
2018,6,817733c8-309e-304d-be9d-9d7b497d6578,,WAIVER,EXECUTED,-2147483648,,8,ADD,17437,Taylor Gabriel,-1,8,2018-10-10
2018,6,817733c8-309e-304d-be9d-9d7b497d6578,,WAIVER,EXECUTED,-2147483648,,8,DROP,-16029,Panthers D/ST,8,-1,2018-10-10
2018,6,0c55859b-739f-3ea4-910f-567cc6da8eb5,,WAIVER,PENDING,-2147483648,,3,ADD,14922,Mohamed Sanu,-1,12,2018-10-10
2018,6,955eeb41-8721-3459-9f31-84d27f35f050,,FREEAGENT,EXECUTED,10,,0,DROP,15853,Vance McDonald,10,-1,2018-10-09
2018,6,553821c1-9675-37f9-9ff3-33462ba8fb92,,FREEAGENT,EXECUTED,5,,0,ADD,14322,Dan Bailey,-1,5,2018-10-10
2018,6,553821c1-9675-37f9-9ff3-33462ba8fb92,,FREEAGENT,EXECUTED,5,,0,DROP,2972091,Jalen Richard,5,-1,2018-10-10
2018,6,a21acebf-cc4e-39f9-bc8b-2e1d698783f5,,FREEAGENT,EXECUTED,10,,0,ADD,-16029,Panthers D/ST,-1,10,2018-10-13
2018,6,a21acebf-cc4e-39f9-bc8b-2e1d698783f5,,FREEAGENT,EXECUTED,10,,0,DROP,-16025,49ers D/ST,10,-1,2018-10-13
2018,7,09760136-e33c-3e9e-a7e2-db3b60d42c9a,,WAIVER,PENDING,10,,3,ADD,17437,Taylor Gabriel,-1,10,2018-10-17
2018,7,2ab4c2f7-8f92-3a95-8b27-812798265ce9,,TRADE_PROPOSAL,PENDING,4,,0,TRADE,3046779,Jared Goff,13,4,2018-10-19
2018,7,2ab4c2f7-8f92-3a95-8b27-812798265ce9,,TRADE_PROPOSAL,PENDING,4,,0,TRADE,3051392,Ezekiel Elliott,13,4,2018-10-19
2018,7,2ab4c2f7-8f92-3a95-8b27-812798265ce9,,TRADE_PROPOSAL,PENDING,4,,0,TRADE,-16014,Rams D/ST,4,13,2018-10-19
2018,7,2ab4c2f7-8f92-3a95-8b27-812798265ce9,,TRADE_PROPOSAL,PENDING,4,,0,DROP,11674,Danny Amendola,4,-1,2018-10-19
2018,7,ce1132fa-3e6b-3c78-9026-9946a6dd99d6,,TRADE_PROPOSAL,PENDING,5,,0,TRADE,15835,Zach Ertz,5,10,2018-10-16
2018,7,ce1132fa-3e6b-3c78-9026-9946a6dd99d6,,TRADE_PROPOSAL,PENDING,5,,0,TRADE,16974,Trey Burton,10,5,2018-10-16
2018,7,ce1132fa-3e6b-3c78-9026-9946a6dd99d6,,TRADE_PROPOSAL,PENDING,5,,0,TRADE,3046409,Alex Collins,10,5,2018-10-16
2018,7,15086f38-c84f-32bb-9b08-28fec790241c,,WAIVER,FAILED_MATCHUPACQUISITIONLIMIT,3,,5,ADD,3051902,Peyton Barber,-1,3,2018-10-17
2018,7,15086f38-c84f-32bb-9b08-28fec790241c,,WAIVER,FAILED_MATCHUPACQUISITIONLIMIT,3,,5,DROP,2980453,Jamaal Williams,3,-1,2018-10-17
2018,7,9214de1f-24d3-33b2-b121-65f611e814c9,,TRADE_PROPOSAL,PENDING,10,,0,TRADE,3117251,Christian McCaffrey,5,10,2018-10-17
2018,7,9214de1f-24d3-33b2-b121-65f611e814c9,,TRADE_PROPOSAL,PENDING,10,,0,TRADE,11237,Matt Ryan,10,5,2018-10-17
2018,7,9214de1f-24d3-33b2-b121-65f611e814c9,,TRADE_PROPOSAL,PENDING,10,,0,TRADE,3046409,Alex Collins,10,5,2018-10-17
2018,7,ca3caf92-e912-3487-acb5-0a9bb34609d1,,WAIVER,PENDING,10,,9,ADD,17437,Taylor Gabriel,-1,10,2018-10-17
2018,7,327f935a-0f63-34ec-a7ad-45924da952ba,,TRADE_PROPOSAL,PENDING,10,,0,TRADE,3139925,Rashaad Penny,9,10,2018-10-16
2018,7,327f935a-0f63-34ec-a7ad-45924da952ba,,TRADE_PROPOSAL,PENDING,10,,0,TRADE,16944,Devonta Freeman,10,9,2018-10-16
2018,7,35eb4efa-3d8a-3347-8322-18dd87c25d7a,,FREEAGENT,EXECUTED,7,,0,ADD,-16028,Redskins D/ST,-1,7,2018-10-18
2018,7,a4a66e65-096c-3e03-a2e4-20addc4b6d3e,,TRADE_PROPOSAL,PENDING,10,,0,TRADE,16777,Carlos Hyde,4,10,2018-10-18
2018,7,a4a66e65-096c-3e03-a2e4-20addc4b6d3e,,TRADE_PROPOSAL,PENDING,10,,0,TRADE,3045144,Tyler Boyd,4,10,2018-10-18
2018,7,a4a66e65-096c-3e03-a2e4-20addc4b6d3e,,TRADE_PROPOSAL,PENDING,10,,0,TRADE,2974858,Kenny Golladay,10,4,2018-10-18
2018,7,a4a66e65-096c-3e03-a2e4-20addc4b6d3e,,TRADE_PROPOSAL,PENDING,10,,0,TRADE,3046409,Alex Collins,10,4,2018-10-18
2018,7,671b89d2-9880-3b05-af00-f7e00db372f3,,WAIVER,EXECUTED,-2147483648,,2,ADD,11252,Joe Flacco,-1,5,2018-10-17
2018,7,dcf69d6b-1cb2-3d23-ac0e-4b2a9c15bfb5,,TRADE_PROPOSAL,PENDING,8,,0,TRADE,16737,Mike Evans,1,8,2018-10-17
2018,7,dcf69d6b-1cb2-3d23-ac0e-4b2a9c15bfb5,,TRADE_PROPOSAL,PENDING,8,,0,TRADE,13229,Rob Gronkowski,8,1,2018-10-17
2018,7,f73d437a-1b0c-3bf7-b2b5-dd42b1d8921b,,TRADE_PROPOSAL,PENDING,10,,0,TRADE,16016,Kenny Stills,2,10,2018-10-16
2018,7,f73d437a-1b0c-3bf7-b2b5-dd42b1d8921b,,TRADE_PROPOSAL,PENDING,10,,0,TRADE,16944,Devonta Freeman,10,2,2018-10-16
2018,7,8a9d4bdc-0360-3938-ae4f-e49dca478317,,FREEAGENT,EXECUTED,3,,0,ADD,3043078,Derrick Henry,-1,3,2018-10-20
2018,7,8a9d4bdc-0360-3938-ae4f-e49dca478317,,FREEAGENT,EXECUTED,3,,0,DROP,2980453,Jamaal Williams,3,-1,2018-10-20
2018,7,947b3a29-d98d-3e3d-b07e-135756c1aca9,,WAIVER,FAILED_MATCHUPACQUISITIONLIMIT,10,,11,ADD,17437,Taylor Gabriel,-1,10,2018-10-17
2018,7,cb4c57ea-3288-378e-8d3c-c60ee8b0df83,,TRADE_PROPOSAL,PENDING,10,,0,TRADE,16016,Kenny Stills,2,10,2018-10-17
2018,7,cb4c57ea-3288-378e-8d3c-c60ee8b0df83,,TRADE_PROPOSAL,PENDING,10,,0,TRADE,16944,Devonta Freeman,10,2,2018-10-17
2018,7,2e4cc683-f215-3464-b4fd-fc13b30d63bd,,WAIVER,PENDING,7,,8,ADD,15920,Latavius Murray,-1,7,2018-10-16
2018,7,2e4cc683-f215-3464-b4fd-fc13b30d63bd,,WAIVER,PENDING,7,,8,DROP,17453,Cameron Brate,7,-1,2018-10-16
2018,7,554edb04-dd6c-31f6-b422-17705e79596c,,WAIVER,EXECUTED,-2147483648,,1,DROP,16724,Blake Bortles,2,-1,2018-10-17
2018,7,554edb04-dd6c-31f6-b422-17705e79596c,,WAIVER,EXECUTED,-2147483648,,1,ADD,2577417,Dak Prescott,-1,2,2018-10-17
2018,7,6b3f88be-2321-3e2c-92b6-d5655d88b43d,,TRADE_PROPOSAL,PENDING,10,,0,TRADE,12537,Jared Cook,1,10,2018-10-17
2018,7,6b3f88be-2321-3e2c-92b6-d5655d88b43d,,TRADE_PROPOSAL,PENDING,10,,0,TRADE,3916925,Kerryon Johnson,1,10,2018-10-17
2018,7,6b3f88be-2321-3e2c-92b6-d5655d88b43d,,TRADE_PROPOSAL,PENDING,10,,0,TRADE,3051876,Evan Engram,10,1,2018-10-17
2018,7,6b3f88be-2321-3e2c-92b6-d5655d88b43d,,TRADE_PROPOSAL,PENDING,10,,0,DROP,100001,,10,-1,2018-10-17
2018,7,90e6cf40-d329-3a73-a19f-0fa4cdd33eb9,,WAIVER,EXECUTED,-2147483648,,1,DROP,12460,Graham Gano,1,-1,2018-10-18
2018,7,90e6cf40-d329-3a73-a19f-0fa4cdd33eb9,,WAIVER,EXECUTED,-2147483648,,1,ADD,9704,Stephen Gostkowski,-1,1,2018-10-18
2018,7,c705306a-d8f8-3681-95a5-d0e7cc104eff,,FREEAGENT,EXECUTED,7,,0,ADD,14012,Andy Dalton,-1,7,2018-10-19
2018,7,c705306a-d8f8-3681-95a5-d0e7cc104eff,,FREEAGENT,EXECUTED,7,,0,DROP,-16028,Redskins D/ST,7,-1,2018-10-19
2018,7,51d78159-e523-3ff4-a3f4-d81329e699ef,,WAIVER,PENDING,-2147483648,,10,ADD,17437,Taylor Gabriel,-1,8,2018-10-17
2018,7,51d78159-e523-3ff4-a3f4-d81329e699ef,,WAIVER,PENDING,-2147483648,,10,DROP,3071572,Keelan Cole,8,-1,2018-10-17
2018,7,4b107761-12c4-3a50-9aab-07e930a0af5e,,TRADE_PROPOSAL,PENDING,4,,0,TRADE,3051392,Ezekiel Elliott,13,4,2018-10-19
2018,7,4b107761-12c4-3a50-9aab-07e930a0af5e,,TRADE_PROPOSAL,PENDING,4,,0,TRADE,2574808,Robby Anderson,13,4,2018-10-19
2018,7,4b107761-12c4-3a50-9aab-07e930a0af5e,,TRADE_PROPOSAL,PENDING,4,,0,TRADE,13217,Golden Tate,4,13,2018-10-19
2018,7,4b107761-12c4-3a50-9aab-07e930a0af5e,,TRADE_PROPOSAL,PENDING,4,,0,TRADE,16777,Carlos Hyde,4,13,2018-10-19
2018,7,b1ecc8dd-860e-3a2b-9f55-d0dada5a3b7f,,FREEAGENT,EXECUTED,10,,1,DROP,17082,Cody Parkey,10,-1,2018-10-21
2018,7,b1ecc8dd-860e-3a2b-9f55-d0dada5a3b7f,,FREEAGENT,EXECUTED,10,,1,ADD,2998120,Josh Lambo,-1,10,2018-10-21
2018,7,f596099b-0047-3319-9180-27f0aa022273,,WAIVER,EXECUTED,-2147483648,,15,ADD,17437,Taylor Gabriel,-1,12,2018-10-17
2018,7,f596099b-0047-3319-9180-27f0aa022273,,WAIVER,EXECUTED,-2147483648,,15,DROP,3043078,Derrick Henry,12,-1,2018-10-17
2018,7,4dbf6ae3-02d1-396c-bc62-f4ef732267f3,,WAIVER,PENDING,-2147483648,,6,ADD,3051902,Peyton Barber,-1,10,2018-10-17
2018,7,d4458703-cbeb-330e-8277-b9665e9ad09d,,TRADE_PROPOSAL,PENDING,13,,0,TRADE,3046779,Jared Goff,13,4,2018-10-20
2018,7,d4458703-cbeb-330e-8277-b9665e9ad09d,,TRADE_PROPOSAL,PENDING,13,,0,TRADE,3051392,Ezekiel Elliott,13,4,2018-10-20
2018,7,d4458703-cbeb-330e-8277-b9665e9ad09d,,TRADE_PROPOSAL,PENDING,13,,0,TRADE,-16014,Rams D/ST,4,13,2018-10-20
2018,7,d4458703-cbeb-330e-8277-b9665e9ad09d,,TRADE_PROPOSAL,PENDING,13,,0,DROP,11674,Danny Amendola,4,-1,2018-10-20
2018,7,8b05a785-d53c-34d6-b87c-041de2fb3753,,TRADE_PROPOSAL,PENDING,10,,0,TRADE,15880,Robert Woods,8,10,2018-10-17
2018,7,8b05a785-d53c-34d6-b87c-041de2fb3753,,TRADE_PROPOSAL,PENDING,10,,0,TRADE,3049916,Matt Breida,8,10,2018-10-17
2018,7,8b05a785-d53c-34d6-b87c-041de2fb3753,,TRADE_PROPOSAL,PENDING,10,,0,TRADE,2974858,Kenny Golladay,10,8,2018-10-17
2018,7,8b05a785-d53c-34d6-b87c-041de2fb3753,,TRADE_PROPOSAL,PENDING,10,,0,TRADE,10456,Marshawn Lynch,10,8,2018-10-17
2018,7,781cc650-7a96-3536-a2f3-c8c70d47123f,,WAIVER,PENDING,5,,1,DROP,-16015,Dolphins D/ST,5,-1,2018-10-17
2018,7,781cc650-7a96-3536-a2f3-c8c70d47123f,,WAIVER,PENDING,5,,1,ADD,2976592,Sterling Shepard,-1,5,2018-10-17
2018,7,081ff628-046a-3527-8f3f-bc149dc88d2c,,FREEAGENT,EXECUTED,12,,0,ADD,11122,Matt Prater,-1,12,2018-10-17
2018,7,081ff628-046a-3527-8f3f-bc149dc88d2c,,FREEAGENT,EXECUTED,12,,0,DROP,17427,Cairo Santos,12,-1,2018-10-17
2018,7,a2eec896-9bfe-3228-97af-13b02c3c3836,,WAIVER,PENDING,7,,15,ADD,3051902,Peyton Barber,-1,7,2018-10-16
2018,7,a2eec896-9bfe-3228-97af-13b02c3c3836,,WAIVER,PENDING,7,,15,DROP,17453,Cameron Brate,7,-1,2018-10-16
2018,7,7e8561f5-f79c-391a-b210-926a09e1cae6,,WAIVER,EXECUTED,-2147483648,,20,ADD,3051902,Peyton Barber,-1,7,2018-10-17
2018,7,7e8561f5-f79c-391a-b210-926a09e1cae6,,WAIVER,EXECUTED,-2147483648,,20,DROP,17453,Cameron Brate,7,-1,2018-10-17
2018,7,63bebdb1-8146-3acb-90ca-e455fbb50b6e,,WAIVER,FAILED_MATCHUPACQUISITIONLIMIT,10,,6,ADD,3051902,Peyton Barber,-1,10,2018-10-17
2018,7,a4d1ec40-2d8c-3f58-9fbc-547eff644b27,,TRADE_PROPOSAL,PENDING,10,,0,TRADE,3128720,Nick Chubb,13,10,2018-10-20
2018,7,a4d1ec40-2d8c-3f58-9fbc-547eff644b27,,TRADE_PROPOSAL,PENDING,10,,0,TRADE,3051876,Evan Engram,10,13,2018-10-20
2018,7,a4d1ec40-2d8c-3f58-9fbc-547eff644b27,,TRADE_PROPOSAL,PENDING,10,,0,TRADE,15428,Jermaine Kearse,10,13,2018-10-20
2018,7,53075f24-e7bd-3a81-aa03-93f306beefeb,,WAIVER,PENDING,-2147483648,,10,ADD,15920,Latavius Murray,-1,7,2018-10-17
2018,7,53075f24-e7bd-3a81-aa03-93f306beefeb,,WAIVER,PENDING,-2147483648,,10,DROP,17453,Cameron Brate,7,-1,2018-10-17
2018,7,e19068d6-e510-3e96-bacf-ec0b7c87abc1,,FREEAGENT,EXECUTED,4,,0,ADD,13587,Chris Ivory,-1,4,2018-10-21
2018,7,e19068d6-e510-3e96-bacf-ec0b7c87abc1,,FREEAGENT,EXECUTED,4,,0,DROP,11674,Danny Amendola,4,-1,2018-10-21
2018,7,057cc77d-60ae-3183-834d-8889dfccef82,,TRADE_PROPOSAL,PENDING,10,,0,TRADE,2976499,Amari Cooper,7,10,2018-10-16
2018,7,057cc77d-60ae-3183-834d-8889dfccef82,,TRADE_PROPOSAL,PENDING,10,,0,TRADE,16944,Devonta Freeman,10,7,2018-10-16
2018,7,8fdb4ba2-1247-3b75-aa7c-a7c280e24fdc,,TRADE_PROPOSAL,PENDING,8,,0,TRADE,2974858,Kenny Golladay,10,8,2018-10-16
2018,7,8fdb4ba2-1247-3b75-aa7c-a7c280e24fdc,,TRADE_PROPOSAL,PENDING,8,,0,TRADE,3049916,Matt Breida,8,10,2018-10-16
2018,7,8fdb4ba2-1247-3b75-aa7c-a7c280e24fdc,,TRADE_PROPOSAL,PENDING,8,,0,TRADE,15072,Marvin Jones Jr.,8,10,2018-10-16
2018,7,e8422098-3f06-33ac-b82f-37d0e9515675,,TRADE_PROPOSAL,PENDING,10,,0,TRADE,12537,Jared Cook,1,10,2018-10-17
2018,7,e8422098-3f06-33ac-b82f-37d0e9515675,,TRADE_PROPOSAL,PENDING,10,,0,TRADE,3916925,Kerryon Johnson,1,10,2018-10-17
2018,7,e8422098-3f06-33ac-b82f-37d0e9515675,,TRADE_PROPOSAL,PENDING,10,,0,TRADE,3051876,Evan Engram,10,1,2018-10-17
2018,7,e8422098-3f06-33ac-b82f-37d0e9515675,,TRADE_PROPOSAL,PENDING,10,,0,DROP,100001,,10,-1,2018-10-17
2018,7,8ad9f106-2217-3ceb-aa4d-d642e2690f99,,FREEAGENT,EXECUTED,10,,0,ADD,2972091,Jalen Richard,-1,10,2018-10-17
2018,7,5927da9c-9112-34b4-bafe-572171febe0b,,FREEAGENT,EXECUTED,7,,0,ADD,-16001,Falcons D/ST,-1,7,2018-10-22
2018,7,5927da9c-9112-34b4-bafe-572171febe0b,,FREEAGENT,EXECUTED,7,,0,DROP,2976499,Amari Cooper,7,-1,2018-10-22
2018,7,d93a8a22-71d6-3902-9689-df61e8a2ed51,,TRADE_PROPOSAL,PENDING,10,,0,TRADE,3051876,Evan Engram,10,1,2018-10-17
2018,7,d93a8a22-71d6-3902-9689-df61e8a2ed51,,TRADE_PROPOSAL,PENDING,10,,0,TRADE,2577134,Ty Montgomery,1,10,2018-10-17
2018,7,c7536e54-8a86-316d-aa58-f8f3554387d2,,TRADE_PROPOSAL,PENDING,13,,0,TRADE,3123076,David Njoku,13,10,2018-10-19
2018,7,c7536e54-8a86-316d-aa58-f8f3554387d2,,TRADE_PROPOSAL,PENDING,13,,0,TRADE,15428,Jermaine Kearse,10,13,2018-10-19
2018,7,c7536e54-8a86-316d-aa58-f8f3554387d2,,TRADE_PROPOSAL,PENDING,13,,0,TRADE,16974,Trey Burton,10,13,2018-10-19
2018,7,e8079bee-31aa-3c3b-8e02-3bdf9da87cc7,,TRADE_PROPOSAL,PENDING,13,,0,TRADE,3045144,Tyler Boyd,4,13,2018-10-19
2018,7,e8079bee-31aa-3c3b-8e02-3bdf9da87cc7,,TRADE_PROPOSAL,PENDING,13,,0,TRADE,14924,T.Y. Hilton,4,13,2018-10-19
2018,7,e8079bee-31aa-3c3b-8e02-3bdf9da87cc7,,TRADE_PROPOSAL,PENDING,13,,0,TRADE,-16014,Rams D/ST,4,13,2018-10-19
2018,7,e8079bee-31aa-3c3b-8e02-3bdf9da87cc7,,TRADE_PROPOSAL,PENDING,13,,0,TRADE,3128720,Nick Chubb,13,4,2018-10-19
2018,7,e8079bee-31aa-3c3b-8e02-3bdf9da87cc7,,TRADE_PROPOSAL,PENDING,13,,0,DROP,-16023,Steelers D/ST,13,-1,2018-10-19
2018,7,e8079bee-31aa-3c3b-8e02-3bdf9da87cc7,,TRADE_PROPOSAL,PENDING,13,,0,DROP,3055899,Harrison Butker,13,-1,2018-10-19
2018,7,5bef4496-3bca-3cdf-827e-5ea569d118bb,,WAIVER,PENDING,-2147483648,,8,ADD,15839,Marquise Goodwin,-1,7,2018-10-17
2018,7,5bef4496-3bca-3cdf-827e-5ea569d118bb,,WAIVER,PENDING,-2147483648,,8,DROP,17453,Cameron Brate,7,-1,2018-10-17
2018,7,9bd1a348-35f6-31f2-b422-570a6a067660,,FREEAGENT,EXECUTED,6,,0,ADD,-16002,Bills D/ST,-1,6,2018-10-18
2018,7,9bd1a348-35f6-31f2-b422-570a6a067660,,FREEAGENT,EXECUTED,6,,0,DROP,2576019,Josh Doctson,6,-1,2018-10-18
2018,7,babfcc22-4259-3ac1-b4f1-f70c09c427f0,,TRADE_PROPOSAL,PENDING,8,,0,TRADE,14924,T.Y. Hilton,4,8,2018-10-17
2018,7,babfcc22-4259-3ac1-b4f1-f70c09c427f0,,TRADE_PROPOSAL,PENDING,8,,0,TRADE,3040151,George Kittle,8,4,2018-10-17
2018,7,babfcc22-4259-3ac1-b4f1-f70c09c427f0,,TRADE_PROPOSAL,PENDING,8,,0,TRADE,3139605,Marlon Mack,8,4,2018-10-17
2018,7,d4d874cc-293b-34fd-a09f-ead70af920be,,WAIVER,PENDING,10,,10,ADD,17437,Taylor Gabriel,-1,10,2018-10-17
2018,7,b59d2139-c171-3047-b280-149b06d8a16d,,TRADE_PROPOSAL,PENDING,4,,0,TRADE,3045144,Tyler Boyd,4,13,2018-10-19
2018,7,b59d2139-c171-3047-b280-149b06d8a16d,,TRADE_PROPOSAL,PENDING,4,,0,TRADE,14924,T.Y. Hilton,4,13,2018-10-19
2018,7,b59d2139-c171-3047-b280-149b06d8a16d,,TRADE_PROPOSAL,PENDING,4,,0,TRADE,-16014,Rams D/ST,4,13,2018-10-19
2018,7,b59d2139-c171-3047-b280-149b06d8a16d,,TRADE_PROPOSAL,PENDING,4,,0,TRADE,3128720,Nick Chubb,13,4,2018-10-19
2018,7,b59d2139-c171-3047-b280-149b06d8a16d,,TRADE_PROPOSAL,PENDING,4,,0,DROP,-16023,Steelers D/ST,13,-1,2018-10-19
2018,7,b59d2139-c171-3047-b280-149b06d8a16d,,TRADE_PROPOSAL,PENDING,4,,0,DROP,3055899,Harrison Butker,13,-1,2018-10-19
2018,7,5d0049fe-fdef-32ae-a7a6-7d5b98030787,,TRADE_PROPOSAL,PENDING,10,,0,TRADE,3116385,Joe Mixon,10,5,2018-10-16
2018,7,5d0049fe-fdef-32ae-a7a6-7d5b98030787,,TRADE_PROPOSAL,PENDING,10,,0,TRADE,2976592,Sterling Shepard,5,10,2018-10-16
2018,7,5d0049fe-fdef-32ae-a7a6-7d5b98030787,,TRADE_PROPOSAL,PENDING,10,,0,TRADE,3925357,Calvin Ridley,5,10,2018-10-16
2018,7,ebd5ea83-f563-325f-b36f-e4e27e239201,,TRADE_PROPOSAL,PENDING,10,,0,TRADE,17051,Albert Wilson,6,10,2018-10-17
2018,7,ebd5ea83-f563-325f-b36f-e4e27e239201,,TRADE_PROPOSAL,PENDING,10,,0,TRADE,16944,Devonta Freeman,10,6,2018-10-17
2018,7,570e3e4e-8ff6-3207-9a7d-637a5dcf12a3,,FREEAGENT,EXECUTED,10,,0,ADD,2574576,C.J. Uzomah,-1,10,2018-10-19
2018,7,570e3e4e-8ff6-3207-9a7d-637a5dcf12a3,,FREEAGENT,EXECUTED,10,,0,DROP,15839,Marquise Goodwin,10,-1,2018-10-19
2018,7,5a5dd01d-f433-385a-81bc-78e59ec0a46f,,WAIVER,EXECUTED,-2147483648,,4,ADD,8479,Frank Gore,-1,3,2018-10-17
2018,7,5a5dd01d-f433-385a-81bc-78e59ec0a46f,,WAIVER,EXECUTED,-2147483648,,4,DROP,-16004,Bengals D/ST,3,-1,2018-10-17
2018,7,1a51d7b6-d2a6-3469-8b9b-3a6e87c83531,,TRADE_PROPOSAL,PENDING,10,,0,TRADE,3128720,Nick Chubb,13,10,2018-10-16
2018,7,1a51d7b6-d2a6-3469-8b9b-3a6e87c83531,,TRADE_PROPOSAL,PENDING,10,,0,TRADE,16944,Devonta Freeman,10,13,2018-10-16
2018,7,821c4324-e810-3ce7-9429-a08006f9055a,,WAIVER,EXECUTED,-2147483648,,7,ADD,14993,Greg Zuerlein,-1,7,2018-10-17
2018,7,821c4324-e810-3ce7-9429-a08006f9055a,,WAIVER,EXECUTED,-2147483648,,7,DROP,9704,Stephen Gostkowski,7,-1,2018-10-17
2018,7,0b76abfe-0d59-3222-b00c-1057e6ec06ae,,TRADE_PROPOSAL,PENDING,10,,0,TRADE,3123076,David Njoku,13,10,2018-10-17
2018,7,0b76abfe-0d59-3222-b00c-1057e6ec06ae,,TRADE_PROPOSAL,PENDING,10,,0,TRADE,15428,Jermaine Kearse,10,13,2018-10-17
2018,7,0b76abfe-0d59-3222-b00c-1057e6ec06ae,,TRADE_PROPOSAL,PENDING,10,,0,TRADE,16974,Trey Burton,10,13,2018-10-17
2018,7,a13c1d24-0687-32e1-81da-cc0072b273d4,,FREEAGENT,EXECUTED,5,,0,DROP,3052587,Baker Mayfield,5,-1,2018-10-16
2018,7,47c2b4d8-6f9f-3778-8091-8d8116098109,,TRADE_PROPOSAL,PENDING,10,,0,TRADE,11674,Danny Amendola,4,10,2018-10-17
2018,7,47c2b4d8-6f9f-3778-8091-8d8116098109,,TRADE_PROPOSAL,PENDING,10,,0,TRADE,16944,Devonta Freeman,10,4,2018-10-17
2018,7,78036dfe-7d89-3489-9993-673d02c45658,,WAIVER,PENDING,-2147483648,,1,ADD,-16024,Chargers D/ST,-1,12,2018-10-17
2018,7,78036dfe-7d89-3489-9993-673d02c45658,,WAIVER,PENDING,-2147483648,,1,DROP,-16009,Packers D/ST,12,-1,2018-10-17
2018,7,301e818c-ae85-37ea-8e44-01e96c17beaf,,WAIVER,EXECUTED,-2147483648,,4,DROP,2971618,Nelson Agholor,10,-1,2018-10-17
2018,7,301e818c-ae85-37ea-8e44-01e96c17beaf,,WAIVER,EXECUTED,-2147483648,,4,ADD,15428,Jermaine Kearse,-1,10,2018-10-17
2018,7,6ae6ac0d-43bd-3d15-9966-dbe080b06180,,TRADE_PROPOSAL,PENDING,8,,0,TRADE,15880,Robert Woods,8,10,2018-10-17
2018,7,6ae6ac0d-43bd-3d15-9966-dbe080b06180,,TRADE_PROPOSAL,PENDING,8,,0,TRADE,3049916,Matt Breida,8,10,2018-10-17
2018,7,6ae6ac0d-43bd-3d15-9966-dbe080b06180,,TRADE_PROPOSAL,PENDING,8,,0,TRADE,2974858,Kenny Golladay,10,8,2018-10-17
2018,7,6ae6ac0d-43bd-3d15-9966-dbe080b06180,,TRADE_PROPOSAL,PENDING,8,,0,TRADE,10456,Marshawn Lynch,10,8,2018-10-17
2018,7,76261366-d7c1-34d9-a6e3-1e2e814dac27,,WAIVER,FAILED_MATCHUPACQUISITIONLIMIT,12,,1,ADD,2976592,Sterling Shepard,-1,12,2018-10-18
2018,7,76261366-d7c1-34d9-a6e3-1e2e814dac27,,WAIVER,FAILED_MATCHUPACQUISITIONLIMIT,12,,1,DROP,2983209,Chester Rogers,12,-1,2018-10-18
2018,7,7b16b8c5-ab88-328b-a010-30ff461b67ca,,TRADE_PROPOSAL,PENDING,10,,0,TRADE,3071572,Keelan Cole,8,10,2018-10-16
2018,7,7b16b8c5-ab88-328b-a010-30ff461b67ca,,TRADE_PROPOSAL,PENDING,10,,0,TRADE,16944,Devonta Freeman,10,8,2018-10-16
2018,7,d8d5651a-6d5c-3468-b732-71f002f10635,,WAIVER,EXECUTED,-2147483648,,3,ADD,2576414,Raheem Mostert,-1,10,2018-10-17
2018,7,0ad5baf5-9631-3631-ace8-df0626a35391,,TRADE_PROPOSAL,PENDING,10,,0,TRADE,3046409,Alex Collins,10,3,2018-10-17
2018,7,0ad5baf5-9631-3631-ace8-df0626a35391,,TRADE_PROPOSAL,PENDING,10,,0,TRADE,16804,John Brown,3,10,2018-10-17
2018,7,0ad5baf5-9631-3631-ace8-df0626a35391,,TRADE_PROPOSAL,PENDING,10,,0,TRADE,15009,Alfred Morris,3,10,2018-10-17
2018,7,e174976c-0bc1-3b09-bc08-a47d1b348974,,WAIVER,PENDING,10,,5,DROP,2971618,Nelson Agholor,10,-1,2018-10-17
2018,7,e174976c-0bc1-3b09-bc08-a47d1b348974,,WAIVER,PENDING,10,,5,ADD,15428,Jermaine Kearse,-1,10,2018-10-17
2018,7,86594c69-d3e9-3331-b105-7c1d0f2203cc,,FREEAGENT,EXECUTED,10,,1,DROP,2576414,Raheem Mostert,10,-1,2018-10-18
2018,7,86594c69-d3e9-3331-b105-7c1d0f2203cc,,FREEAGENT,EXECUTED,10,,1,ADD,15839,Marquise Goodwin,-1,10,2018-10-18
2018,7,f6e96826-23bd-32e2-b01c-3b60bfc79ad5,,TRADE_PROPOSAL,PENDING,10,,0,TRADE,2577134,Ty Montgomery,1,10,2018-10-16
2018,7,f6e96826-23bd-32e2-b01c-3b60bfc79ad5,,TRADE_PROPOSAL,PENDING,10,,0,TRADE,16944,Devonta Freeman,10,1,2018-10-16
2018,7,73c25f43-4206-364e-89f1-a995eca19912,,WAIVER,EXECUTED,-2147483648,,1,ADD,2971618,Nelson Agholor,-1,12,2018-10-18
2018,7,73c25f43-4206-364e-89f1-a995eca19912,,WAIVER,EXECUTED,-2147483648,,1,DROP,3915823,Keke Coutee,12,-1,2018-10-18
2018,7,97a6183d-5ea7-306d-89ef-fa5764f87201,,TRADE_PROPOSAL,PENDING,10,,0,TRADE,2974858,Kenny Golladay,10,8,2018-10-17
2018,7,97a6183d-5ea7-306d-89ef-fa5764f87201,,TRADE_PROPOSAL,PENDING,10,,0,TRADE,3049916,Matt Breida,8,10,2018-10-17
2018,7,97a6183d-5ea7-306d-89ef-fa5764f87201,,TRADE_PROPOSAL,PENDING,10,,0,TRADE,15072,Marvin Jones Jr.,8,10,2018-10-17
2018,7,d489a003-5d6c-3f31-930f-27dae33a52a0,,TRADE_PROPOSAL,PENDING,10,,0,TRADE,16790,Jarvis Landry,9,10,2018-10-21
2018,7,d489a003-5d6c-3f31-930f-27dae33a52a0,,TRADE_PROPOSAL,PENDING,10,,0,TRADE,16913,James White,9,10,2018-10-21
2018,7,d489a003-5d6c-3f31-930f-27dae33a52a0,,TRADE_PROPOSAL,PENDING,10,,0,TRADE,2974858,Kenny Golladay,10,9,2018-10-21
2018,7,d489a003-5d6c-3f31-930f-27dae33a52a0,,TRADE_PROPOSAL,PENDING,10,,0,TRADE,3046409,Alex Collins,10,9,2018-10-21
2018,7,d489a003-5d6c-3f31-930f-27dae33a52a0,,TRADE_PROPOSAL,PENDING,10,,0,TRADE,10456,Marshawn Lynch,10,9,2018-10-21
2018,7,5d670edd-5c93-3b29-b5d9-f1258118fa01,,FREEAGENT,EXECUTED,7,,0,ADD,-16019,Giants D/ST,-1,7,2018-10-22
2018,7,5d670edd-5c93-3b29-b5d9-f1258118fa01,,FREEAGENT,EXECUTED,7,,0,DROP,3042519,Aaron Jones,7,-1,2018-10-22
2018,7,60010adb-1723-3ab2-ad33-5f5b136f81a5,,WAIVER,PENDING,10,,7,DROP,2971618,Nelson Agholor,10,-1,2018-10-17
2018,7,60010adb-1723-3ab2-ad33-5f5b136f81a5,,WAIVER,PENDING,10,,7,ADD,15428,Jermaine Kearse,-1,10,2018-10-17
2018,7,ca2a11b3-6c50-3be2-a086-b8ee9b9d1421,,WAIVER,EXECUTED,-2147483648,,1,DROP,-16029,Panthers D/ST,10,-1,2018-10-17
2018,7,ca2a11b3-6c50-3be2-a086-b8ee9b9d1421,,WAIVER,EXECUTED,-2147483648,,1,ADD,-16011,Colts D/ST,-1,10,2018-10-17
2018,7,3c6e71f7-13f1-3a26-a7e3-86653296b99d,,WAIVER,PENDING,-2147483648,,5,ADD,3051902,Peyton Barber,-1,3,2018-10-17
2018,7,3c6e71f7-13f1-3a26-a7e3-86653296b99d,,WAIVER,PENDING,-2147483648,,5,DROP,2980453,Jamaal Williams,3,-1,2018-10-17
2018,7,76b2752a-5e7b-3419-b668-529705d64b2a,,TRADE_PROPOSAL,PENDING,5,,0,TRADE,3117251,Christian McCaffrey,5,10,2018-10-17
2018,7,76b2752a-5e7b-3419-b668-529705d64b2a,,TRADE_PROPOSAL,PENDING,5,,0,TRADE,11237,Matt Ryan,10,5,2018-10-17
2018,7,76b2752a-5e7b-3419-b668-529705d64b2a,,TRADE_PROPOSAL,PENDING,5,,0,TRADE,3046409,Alex Collins,10,5,2018-10-17
2018,7,96bfc39e-a8c1-3df3-b25f-404fe8a81aa8,,WAIVER,PENDING,10,,6,DROP,2971618,Nelson Agholor,10,-1,2018-10-17
2018,7,96bfc39e-a8c1-3df3-b25f-404fe8a81aa8,,WAIVER,PENDING,10,,6,ADD,15428,Jermaine Kearse,-1,10,2018-10-17
2018,7,9cad0721-69ba-375f-9196-11475f9fe9cd,,WAIVER,FAILED_MATCHUPACQUISITIONLIMIT,12,,3,ADD,3051902,Peyton Barber,-1,12,2018-10-17
2018,7,9cad0721-69ba-375f-9196-11475f9fe9cd,,WAIVER,FAILED_MATCHUPACQUISITIONLIMIT,12,,3,DROP,3123969,Ito Smith,12,-1,2018-10-17
2018,7,3043da70-51b2-3047-8ca1-fd6cd896ab11,,FREEAGENT,EXECUTED,9,,0,ADD,5557,Benjamin Watson,-1,9,2018-10-21
2018,7,3043da70-51b2-3047-8ca1-fd6cd896ab11,,FREEAGENT,EXECUTED,9,,0,DROP,2520698,Cameron Meredith,9,-1,2018-10-21
2018,7,94cbc9d5-b459-3a32-9706-c49ff9fea7e3,,TRADE_PROPOSAL,PENDING,10,,0,TRADE,2969962,Duke Johnson Jr.,3,10,2018-10-16
2018,7,94cbc9d5-b459-3a32-9706-c49ff9fea7e3,,TRADE_PROPOSAL,PENDING,10,,0,TRADE,16944,Devonta Freeman,10,3,2018-10-16
2018,7,61f98f23-95e1-3749-9e33-b3c38765da17,,TRADE_PROPOSAL,PENDING,4,,0,TRADE,3051392,Ezekiel Elliott,13,4,2018-10-19
2018,7,61f98f23-95e1-3749-9e33-b3c38765da17,,TRADE_PROPOSAL,PENDING,4,,0,TRADE,3128720,Nick Chubb,13,4,2018-10-19
2018,7,61f98f23-95e1-3749-9e33-b3c38765da17,,TRADE_PROPOSAL,PENDING,4,,0,TRADE,3042429,Wendell Smallwood,4,13,2018-10-19
2018,7,61f98f23-95e1-3749-9e33-b3c38765da17,,TRADE_PROPOSAL,PENDING,4,,0,TRADE,13217,Golden Tate,4,13,2018-10-19
2018,7,5a2b3088-503d-39b9-80ee-c2d8e997c472,,TRADE_PROPOSAL,PENDING,10,,0,TRADE,17051,Albert Wilson,6,10,2018-10-16
2018,7,5a2b3088-503d-39b9-80ee-c2d8e997c472,,TRADE_PROPOSAL,PENDING,10,,0,TRADE,16944,Devonta Freeman,10,6,2018-10-16
2018,7,6695933d-6fa2-3360-938d-53523cde8a63,,TRADE_PROPOSAL,PENDING,8,,0,TRADE,3071572,Keelan Cole,8,10,2018-10-16
2018,7,6695933d-6fa2-3360-938d-53523cde8a63,,TRADE_PROPOSAL,PENDING,8,,0,TRADE,16944,Devonta Freeman,10,8,2018-10-16
2018,7,731542ce-be4a-34b4-aa65-803b91b55fd3,,FREEAGENT,EXECUTED,5,,1,DROP,15349,Cole Beasley,5,-1,2018-10-19
2018,7,731542ce-be4a-34b4-aa65-803b91b55fd3,,FREEAGENT,EXECUTED,5,,1,ADD,15853,Vance McDonald,-1,5,2018-10-19
2018,7,5785e075-ec21-35ca-8af0-8558463e6989,,FREEAGENT,EXECUTED,4,,0,ADD,2473037,Jason Myers,-1,4,2018-10-17
2018,7,5785e075-ec21-35ca-8af0-8558463e6989,,FREEAGENT,EXECUTED,4,,0,DROP,2574576,C.J. Uzomah,4,-1,2018-10-17
2018,7,633fe85d-ebf6-316e-9ffd-b07e1679f81c,,WAIVER,PENDING,-2147483648,,1,ADD,2976592,Sterling Shepard,-1,12,2018-10-18
2018,7,633fe85d-ebf6-316e-9ffd-b07e1679f81c,,WAIVER,PENDING,-2147483648,,1,DROP,2983209,Chester Rogers,12,-1,2018-10-18
2018,7,3dfde6f8-1bdf-3e69-9a39-ca0f8f0d0fbb,,TRADE_PROPOSAL,PENDING,8,,0,TRADE,2974858,Kenny Golladay,10,8,2018-10-17
2018,7,3dfde6f8-1bdf-3e69-9a39-ca0f8f0d0fbb,,TRADE_PROPOSAL,PENDING,8,,0,TRADE,16725,Sammy Watkins,8,10,2018-10-17
2018,7,3dfde6f8-1bdf-3e69-9a39-ca0f8f0d0fbb,,TRADE_PROPOSAL,PENDING,8,,0,TRADE,3040151,George Kittle,8,10,2018-10-17
2018,7,46a26e7d-91da-3304-907f-47db49727b21,,TRADE_PROPOSAL,PENDING,8,,0,TRADE,16737,Mike Evans,1,8,2018-10-17
2018,7,46a26e7d-91da-3304-907f-47db49727b21,,TRADE_PROPOSAL,PENDING,8,,0,TRADE,13229,Rob Gronkowski,8,1,2018-10-17
2018,7,20bb8ff5-772a-303b-a5f2-bd63fc1336c1,,FREEAGENT,EXECUTED,10,,0,DROP,16944,Devonta Freeman,10,-1,2018-10-20
2018,7,9b539e8c-d770-3c2a-b6a5-155196c49691,,FREEAGENT,EXECUTED,5,,1,DROP,16921,Alfred Blue,5,-1,2018-10-17
2018,7,9b539e8c-d770-3c2a-b6a5-155196c49691,,FREEAGENT,EXECUTED,5,,1,ADD,15349,Cole Beasley,-1,5,2018-10-17
2018,7,5445a349-a20a-3f36-b983-e63aeda65410,,TRADE_PROPOSAL,PENDING,13,,0,TRADE,3051392,Ezekiel Elliott,13,4,2018-10-19
2018,7,5445a349-a20a-3f36-b983-e63aeda65410,,TRADE_PROPOSAL,PENDING,13,,0,TRADE,3128720,Nick Chubb,13,4,2018-10-19
2018,7,5445a349-a20a-3f36-b983-e63aeda65410,,TRADE_PROPOSAL,PENDING,13,,0,TRADE,3042429,Wendell Smallwood,4,13,2018-10-19
2018,7,5445a349-a20a-3f36-b983-e63aeda65410,,TRADE_PROPOSAL,PENDING,13,,0,TRADE,13217,Golden Tate,4,13,2018-10-19
2018,7,f8efbf55-7d6f-3d34-a1c4-823114dce494,,TRADE_PROPOSAL,PENDING,3,,0,TRADE,3046409,Alex Collins,10,3,2018-10-17
2018,7,f8efbf55-7d6f-3d34-a1c4-823114dce494,,TRADE_PROPOSAL,PENDING,3,,0,TRADE,16804,John Brown,3,10,2018-10-17
2018,7,f8efbf55-7d6f-3d34-a1c4-823114dce494,,TRADE_PROPOSAL,PENDING,3,,0,TRADE,15009,Alfred Morris,3,10,2018-10-17
2018,7,948dfdc6-5dd7-358f-9712-19caec7175aa,,TRADE_PROPOSAL,PENDING,12,,0,TRADE,2508176,David Johnson,12,10,2018-10-20
2018,7,948dfdc6-5dd7-358f-9712-19caec7175aa,,TRADE_PROPOSAL,PENDING,12,,0,TRADE,3046409,Alex Collins,10,12,2018-10-20
2018,7,948dfdc6-5dd7-358f-9712-19caec7175aa,,TRADE_PROPOSAL,PENDING,12,,0,TRADE,3051876,Evan Engram,10,12,2018-10-20
2018,7,df4783a6-b858-306f-9dee-7576988e7edc,,WAIVER,PENDING,10,,1,DROP,15428,Jermaine Kearse,10,-1,2018-10-19
2018,7,df4783a6-b858-306f-9dee-7576988e7edc,,WAIVER,PENDING,10,,1,ADD,2574576,C.J. Uzomah,-1,10,2018-10-19
2018,7,93113398-8ece-3b64-a0f5-9f81ff49a828,,WAIVER,PENDING,7,,17,ADD,3051902,Peyton Barber,-1,7,2018-10-16
2018,7,93113398-8ece-3b64-a0f5-9f81ff49a828,,WAIVER,PENDING,7,,17,DROP,17453,Cameron Brate,7,-1,2018-10-16
2018,7,690d2fe8-2a84-3570-adce-9eee31db8ab7,,TRADE_PROPOSAL,PENDING,4,,0,TRADE,3116385,Joe Mixon,10,4,2018-10-19
2018,7,690d2fe8-2a84-3570-adce-9eee31db8ab7,,TRADE_PROPOSAL,PENDING,4,,0,TRADE,2974858,Kenny Golladay,10,4,2018-10-19
2018,7,690d2fe8-2a84-3570-adce-9eee31db8ab7,,TRADE_PROPOSAL,PENDING,4,,0,TRADE,3045144,Tyler Boyd,4,10,2018-10-19
2018,7,690d2fe8-2a84-3570-adce-9eee31db8ab7,,TRADE_PROPOSAL,PENDING,4,,0,TRADE,11270,Jordy Nelson,4,10,2018-10-19
2018,7,15cad5b3-cb58-3460-a2d1-5d007416b657,,TRADE_PROPOSAL,PENDING,7,,0,TRADE,2976499,Amari Cooper,7,10,2018-10-16
2018,7,15cad5b3-cb58-3460-a2d1-5d007416b657,,TRADE_PROPOSAL,PENDING,7,,0,TRADE,16944,Devonta Freeman,10,7,2018-10-16
2018,7,60e17a4f-1836-33a7-94e4-8cf032486879,,WAIVER,PENDING,5,,7,DROP,2976592,Sterling Shepard,5,-1,2018-10-16
2018,7,60e17a4f-1836-33a7-94e4-8cf032486879,,WAIVER,PENDING,5,,7,ADD,-16024,Chargers D/ST,-1,5,2018-10-16
2018,7,90a8519d-4c6b-3709-80ee-e548faaeb864,,TRADE_PROPOSAL,PENDING,10,,0,TRADE,16777,Carlos Hyde,4,10,2018-10-18
2018,7,90a8519d-4c6b-3709-80ee-e548faaeb864,,TRADE_PROPOSAL,PENDING,10,,0,TRADE,3045144,Tyler Boyd,4,10,2018-10-18
2018,7,90a8519d-4c6b-3709-80ee-e548faaeb864,,TRADE_PROPOSAL,PENDING,10,,0,TRADE,2974858,Kenny Golladay,10,4,2018-10-18
2018,7,90a8519d-4c6b-3709-80ee-e548faaeb864,,TRADE_PROPOSAL,PENDING,10,,0,TRADE,3046409,Alex Collins,10,4,2018-10-18
2018,7,f6113607-43b7-35a1-a21c-d2e9d616c8c2,,TRADE_PROPOSAL,PENDING,10,,0,TRADE,3139925,Rashaad Penny,9,10,2018-10-17
2018,7,f6113607-43b7-35a1-a21c-d2e9d616c8c2,,TRADE_PROPOSAL,PENDING,10,,0,TRADE,16944,Devonta Freeman,10,9,2018-10-17
2018,7,a6fe5ac4-0698-33d3-adac-a7b8f793972e,,WAIVER,PENDING,5,,1,DROP,2976592,Sterling Shepard,5,-1,2018-10-16
2018,7,a6fe5ac4-0698-33d3-adac-a7b8f793972e,,WAIVER,PENDING,5,,1,ADD,-16024,Chargers D/ST,-1,5,2018-10-16
2018,7,b5664ba6-20af-3b68-b48f-7f43bb0795f4,,WAIVER,EXECUTED,-2147483648,,1,ADD,3051806,Ricky Seals-Jones,-1,1,2018-10-17
2018,7,b5664ba6-20af-3b68-b48f-7f43bb0795f4,,WAIVER,EXECUTED,-2147483648,,1,DROP,8416,Alex Smith,1,-1,2018-10-17
2018,7,f7b1d0b1-8bc5-3c45-9b48-97377b0f70e4,,FREEAGENT,EXECUTED,4,,0,LINEUP,2574576,C.J. Uzomah,4,4,2018-10-17
2018,7,f7b1d0b1-8bc5-3c45-9b48-97377b0f70e4,,FREEAGENT,EXECUTED,4,,0,LINEUP,3043080,O.J. Howard,4,4,2018-10-17
2018,7,f7b1d0b1-8bc5-3c45-9b48-97377b0f70e4,,FREEAGENT,EXECUTED,4,,0,DROP,4333,Matt Bryant,4,-1,2018-10-17
2018,7,30821af7-4851-35d3-a40a-d4d892636e6f,,TRADE_PROPOSAL,PENDING,10,,0,TRADE,2974858,Kenny Golladay,10,8,2018-10-18
2018,7,30821af7-4851-35d3-a40a-d4d892636e6f,,TRADE_PROPOSAL,PENDING,10,,0,TRADE,16725,Sammy Watkins,8,10,2018-10-18
2018,7,30821af7-4851-35d3-a40a-d4d892636e6f,,TRADE_PROPOSAL,PENDING,10,,0,TRADE,3040151,George Kittle,8,10,2018-10-18
2018,7,653d6091-3d36-3085-90a0-d968007b548d,,TRADE_PROPOSAL,PENDING,10,,0,TRADE,3116385,Joe Mixon,10,4,2018-10-20
2018,7,653d6091-3d36-3085-90a0-d968007b548d,,TRADE_PROPOSAL,PENDING,10,,0,TRADE,2974858,Kenny Golladay,10,4,2018-10-20
2018,7,653d6091-3d36-3085-90a0-d968007b548d,,TRADE_PROPOSAL,PENDING,10,,0,TRADE,3045144,Tyler Boyd,4,10,2018-10-20
2018,7,653d6091-3d36-3085-90a0-d968007b548d,,TRADE_PROPOSAL,PENDING,10,,0,TRADE,11270,Jordy Nelson,4,10,2018-10-20
2018,7,944a6099-bdb0-3321-aa65-ebec7988447f,,TRADE_PROPOSAL,PENDING,10,,0,TRADE,11674,Danny Amendola,4,10,2018-10-16
2018,7,944a6099-bdb0-3321-aa65-ebec7988447f,,TRADE_PROPOSAL,PENDING,10,,0,TRADE,16944,Devonta Freeman,10,4,2018-10-16
2018,7,7c326095-d588-3e5c-be89-da6e8e42a9f4,,TRADE_PROPOSAL,PENDING,13,,0,TRADE,3128720,Nick Chubb,13,10,2018-10-20
2018,7,7c326095-d588-3e5c-be89-da6e8e42a9f4,,TRADE_PROPOSAL,PENDING,13,,0,TRADE,3051876,Evan Engram,10,13,2018-10-20
2018,7,7c326095-d588-3e5c-be89-da6e8e42a9f4,,TRADE_PROPOSAL,PENDING,13,,0,TRADE,15428,Jermaine Kearse,10,13,2018-10-20
2018,7,988e4f28-3f0d-38c6-b3c4-0d61ebbd095e,,WAIVER,FAILED_MATCHUPACQUISITIONLIMIT,8,,10,ADD,17437,Taylor Gabriel,-1,8,2018-10-17
2018,7,988e4f28-3f0d-38c6-b3c4-0d61ebbd095e,,WAIVER,FAILED_MATCHUPACQUISITIONLIMIT,8,,10,DROP,3071572,Keelan Cole,8,-1,2018-10-17
2018,7,f36907f0-d03e-39bb-ab94-9eda02fb0183,,TRADE_PROPOSAL,PENDING,1,,0,TRADE,2577134,Ty Montgomery,1,10,2018-10-16
2018,7,f36907f0-d03e-39bb-ab94-9eda02fb0183,,TRADE_PROPOSAL,PENDING,1,,0,TRADE,16944,Devonta Freeman,10,1,2018-10-16
2018,7,14e0145d-2ef3-3c3a-988e-bdbdf007613f,,WAIVER,PENDING,10,,16,ADD,3051902,Peyton Barber,-1,10,2018-10-17
2018,7,541d6166-70ec-345c-886d-d0702ed0175d,,TRADE_PROPOSAL,PENDING,10,,0,TRADE,2508176,David Johnson,12,10,2018-10-20
2018,7,541d6166-70ec-345c-886d-d0702ed0175d,,TRADE_PROPOSAL,PENDING,10,,0,TRADE,3046409,Alex Collins,10,12,2018-10-20
2018,7,541d6166-70ec-345c-886d-d0702ed0175d,,TRADE_PROPOSAL,PENDING,10,,0,TRADE,3051876,Evan Engram,10,12,2018-10-20
2018,7,2270f6fa-1357-31fe-9d7c-393db77df54b,,FREEAGENT,EXECUTED,13,,0,ADD,15920,Latavius Murray,-1,13,2018-10-17
2018,7,2270f6fa-1357-31fe-9d7c-393db77df54b,,FREEAGENT,EXECUTED,13,,0,DROP,3125116,D'Onta Foreman,13,-1,2018-10-17
2018,7,70badd47-9850-383a-8816-961278f8a622,,TRADE_PROPOSAL,PENDING,5,,0,TRADE,3925357,Calvin Ridley,5,10,2018-10-16
2018,7,70badd47-9850-383a-8816-961278f8a622,,TRADE_PROPOSAL,PENDING,5,,0,TRADE,16944,Devonta Freeman,10,5,2018-10-16
2018,7,848ad197-09e4-3e89-9735-53c48ad4140b,,FREEAGENT,EXECUTED,10,,0,ADD,17082,Cody Parkey,-1,10,2018-10-17
2018,7,18b235e7-1800-312c-a3b5-ccea500e606f,,TRADE_PROPOSAL,PENDING,5,,0,TRADE,3116385,Joe Mixon,10,5,2018-10-16
2018,7,18b235e7-1800-312c-a3b5-ccea500e606f,,TRADE_PROPOSAL,PENDING,5,,0,TRADE,2976592,Sterling Shepard,5,10,2018-10-16
2018,7,18b235e7-1800-312c-a3b5-ccea500e606f,,TRADE_PROPOSAL,PENDING,5,,0,TRADE,3925357,Calvin Ridley,5,10,2018-10-16
2018,7,3f6f5240-1b60-3eff-b182-aa07d9d73299,,TRADE_PROPOSAL,PENDING,3,,0,TRADE,2969962,Duke Johnson Jr.,3,10,2018-10-16
2018,7,3f6f5240-1b60-3eff-b182-aa07d9d73299,,TRADE_PROPOSAL,PENDING,3,,0,TRADE,16944,Devonta Freeman,10,3,2018-10-16
2018,7,13495cee-2ba0-35f6-9bf9-9912d6ab8bff,,WAIVER,EXECUTED,-2147483648,,10,ADD,17258,Willie Snead IV,-1,8,2018-10-17
2018,7,13495cee-2ba0-35f6-9bf9-9912d6ab8bff,,WAIVER,EXECUTED,-2147483648,,10,DROP,3071572,Keelan Cole,8,-1,2018-10-17
2018,7,1f0b3da0-35d6-3e97-bbef-841a42ecfeb7,,WAIVER,EXECUTED,-2147483648,,9,DROP,2976592,Sterling Shepard,5,-1,2018-10-17
2018,7,1f0b3da0-35d6-3e97-bbef-841a42ecfeb7,,WAIVER,EXECUTED,-2147483648,,9,ADD,-16024,Chargers D/ST,-1,5,2018-10-17
2018,7,2b7733f0-be9c-324d-98e0-d6f166b63db6,,WAIVER,PENDING,7,,3,ADD,14993,Greg Zuerlein,-1,7,2018-10-17
2018,7,2b7733f0-be9c-324d-98e0-d6f166b63db6,,WAIVER,PENDING,7,,3,DROP,9704,Stephen Gostkowski,7,-1,2018-10-17
2018,7,872b89ee-386d-3b4c-be3f-f80de9a93f3f,,TRADE_PROPOSAL,PENDING,1,,0,TRADE,3051876,Evan Engram,10,1,2018-10-16
2018,7,872b89ee-386d-3b4c-be3f-f80de9a93f3f,,TRADE_PROPOSAL,PENDING,1,,0,TRADE,2577134,Ty Montgomery,1,10,2018-10-16
2018,7,e4b5748f-8382-301d-880c-28de2ab06bab,,WAIVER,EXECUTED,-2147483648,,5,DROP,-16015,Dolphins D/ST,5,-1,2018-10-18
2018,7,e4b5748f-8382-301d-880c-28de2ab06bab,,WAIVER,EXECUTED,-2147483648,,5,ADD,2976592,Sterling Shepard,-1,5,2018-10-18
2018,7,2b51ed0c-7810-352c-adb0-364aa65af496,,FREEAGENT,EXECUTED,12,,0,ADD,-16005,Browns D/ST,-1,12,2018-10-17
2018,7,2b51ed0c-7810-352c-adb0-364aa65af496,,FREEAGENT,EXECUTED,12,,0,DROP,-16009,Packers D/ST,12,-1,2018-10-17
2018,7,ffbf6aba-dfb3-30ec-bcce-6be0afe16d35,,WAIVER,PENDING,-2147483648,,8,ADD,17258,Willie Snead IV,-1,7,2018-10-17
2018,7,ffbf6aba-dfb3-30ec-bcce-6be0afe16d35,,WAIVER,PENDING,-2147483648,,8,DROP,17453,Cameron Brate,7,-1,2018-10-17
2018,7,f95c6397-9d32-3899-b442-570132792d1a,,TRADE_PROPOSAL,PENDING,10,,0,TRADE,3925357,Calvin Ridley,5,10,2018-10-16
2018,7,f95c6397-9d32-3899-b442-570132792d1a,,TRADE_PROPOSAL,PENDING,10,,0,TRADE,16944,Devonta Freeman,10,5,2018-10-16
2018,7,1abc6837-ac4d-353c-83e6-784c7950f476,,TRADE_PROPOSAL,PENDING,13,,0,TRADE,3051392,Ezekiel Elliott,13,4,2018-10-19
2018,7,1abc6837-ac4d-353c-83e6-784c7950f476,,TRADE_PROPOSAL,PENDING,13,,0,TRADE,2574808,Robby Anderson,13,4,2018-10-19
2018,7,1abc6837-ac4d-353c-83e6-784c7950f476,,TRADE_PROPOSAL,PENDING,13,,0,TRADE,13217,Golden Tate,4,13,2018-10-19
2018,7,1abc6837-ac4d-353c-83e6-784c7950f476,,TRADE_PROPOSAL,PENDING,13,,0,TRADE,16777,Carlos Hyde,4,13,2018-10-19
2018,7,97166f09-777b-345c-8bc8-4cecf8c9e1a0,,WAIVER,PENDING,-2147483648,,11,ADD,17437,Taylor Gabriel,-1,10,2018-10-17
2018,7,debf5838-8915-32d5-8156-825fc6bb619d,,TRADE_PROPOSAL,PENDING,4,,0,TRADE,14924,T.Y. Hilton,4,8,2018-10-17
2018,7,debf5838-8915-32d5-8156-825fc6bb619d,,TRADE_PROPOSAL,PENDING,4,,0,TRADE,3040151,George Kittle,8,4,2018-10-17
2018,7,debf5838-8915-32d5-8156-825fc6bb619d,,TRADE_PROPOSAL,PENDING,4,,0,TRADE,3139605,Marlon Mack,8,4,2018-10-17
2018,7,ccf8edb7-aac8-32fc-a96a-23eea9e0e04f,,WAIVER,PENDING,10,,9,DROP,2971618,Nelson Agholor,10,-1,2018-10-17
2018,7,ccf8edb7-aac8-32fc-a96a-23eea9e0e04f,,WAIVER,PENDING,10,,9,ADD,15428,Jermaine Kearse,-1,10,2018-10-17
2018,7,c320feb6-70d2-3fae-9768-83456acf8c63,,FREEAGENT,EXECUTED,12,,0,ADD,-16015,Dolphins D/ST,-1,12,2018-10-19
2018,7,c320feb6-70d2-3fae-9768-83456acf8c63,,FREEAGENT,EXECUTED,12,,0,DROP,-16005,Browns D/ST,12,-1,2018-10-19
2018,7,020e84e5-ce31-3e93-9160-0b1ac3867cd2,,TRADE_PROPOSAL,PENDING,10,,0,TRADE,16790,Jarvis Landry,9,10,2018-10-20
2018,7,020e84e5-ce31-3e93-9160-0b1ac3867cd2,,TRADE_PROPOSAL,PENDING,10,,0,TRADE,16913,James White,9,10,2018-10-20
2018,7,020e84e5-ce31-3e93-9160-0b1ac3867cd2,,TRADE_PROPOSAL,PENDING,10,,0,TRADE,2974858,Kenny Golladay,10,9,2018-10-20
2018,7,020e84e5-ce31-3e93-9160-0b1ac3867cd2,,TRADE_PROPOSAL,PENDING,10,,0,TRADE,3046409,Alex Collins,10,9,2018-10-20
2018,7,020e84e5-ce31-3e93-9160-0b1ac3867cd2,,TRADE_PROPOSAL,PENDING,10,,0,TRADE,10456,Marshawn Lynch,10,9,2018-10-20
2018,7,9c2e8bc6-93db-3b90-9733-dc6f8e35ed9a,,FREEAGENT,EXECUTED,10,,0,DROP,16886,Martavis Bryant,10,-1,2018-10-17
2018,7,22f4fa2e-aa17-37b4-bfcb-f4b02278d16d,,FREEAGENT,EXECUTED,10,,0,DROP,15965,Dustin Hopkins,10,-1,2018-10-17
2018,7,95f7ec40-0011-3f5d-aa8d-edb323710cd8,,FREEAGENT,EXECUTED,10,,0,ADD,15965,Dustin Hopkins,-1,10,2018-10-17
2018,7,b3c95612-417f-3946-848a-ef6ab7bcb93f,,TRADE_PROPOSAL,PENDING,13,,0,TRADE,3128720,Nick Chubb,13,10,2018-10-16
2018,7,b3c95612-417f-3946-848a-ef6ab7bcb93f,,TRADE_PROPOSAL,PENDING,13,,0,TRADE,16944,Devonta Freeman,10,13,2018-10-16
2018,7,798ccaf2-8983-31cd-b1db-3523e00788b3,,FREEAGENT,EXECUTED,10,,0,DROP,2998120,Josh Lambo,10,-1,2018-10-17
2018,7,c5641122-afea-3c92-9e57-b012d1283d33,,WAIVER,PENDING,-2147483648,,3,ADD,3051902,Peyton Barber,-1,12,2018-10-17
2018,7,c5641122-afea-3c92-9e57-b012d1283d33,,WAIVER,PENDING,-2147483648,,3,DROP,3123969,Ito Smith,12,-1,2018-10-17
2018,7,5c21ca76-a373-3d64-8acd-d93364d08d1a,,WAIVER,FAILED_MATCHUPACQUISITIONLIMIT,12,,1,ADD,-16024,Chargers D/ST,-1,12,2018-10-17
2018,7,5c21ca76-a373-3d64-8acd-d93364d08d1a,,WAIVER,FAILED_MATCHUPACQUISITIONLIMIT,12,,1,DROP,-16009,Packers D/ST,12,-1,2018-10-17
2018,8,48c6464c-39e2-3a20-b600-d0b50eef528e,,TRADE_PROPOSAL,PENDING,6,,0,TRADE,15825,Le'Veon Bell,6,10,2018-10-30
2018,8,48c6464c-39e2-3a20-b600-d0b50eef528e,,TRADE_PROPOSAL,PENDING,6,,0,TRADE,3051876,Evan Engram,10,6,2018-10-30
2018,8,d12869fd-0efa-35ad-beb8-e896c75c0b04,,WAIVER,PENDING,-2147483648,,4,ADD,2576414,Raheem Mostert,-1,7,2018-10-24
2018,8,db932d4a-3634-30b2-821a-1017bf7a83a4,,TRADE_PROPOSAL,PENDING,8,,0,TRADE,3049916,Matt Breida,8,7,2018-10-24
2018,8,db932d4a-3634-30b2-821a-1017bf7a83a4,,TRADE_PROPOSAL,PENDING,8,,0,TRADE,14922,Mohamed Sanu,7,8,2018-10-24
2018,8,e96b6be1-14b2-34c0-b98c-30f1baf034e8,,TRADE_PROPOSAL,PENDING,10,,0,TRADE,3128720,Nick Chubb,13,10,2018-10-28
2018,8,e96b6be1-14b2-34c0-b98c-30f1baf034e8,,TRADE_PROPOSAL,PENDING,10,,0,TRADE,2974858,Kenny Golladay,10,13,2018-10-28
2018,8,33fcef40-9f79-3837-b8f7-0532c1fd2954,,FREEAGENT,EXECUTED,7,,0,DROP,-16001,Falcons D/ST,7,-1,2018-10-24
2018,8,f403835d-3e93-3f6e-8456-57a6b2a4ec63,,WAIVER,PENDING,7,,6,ADD,14885,Doug Martin,-1,7,2018-10-24
2018,8,f403835d-3e93-3f6e-8456-57a6b2a4ec63,,WAIVER,PENDING,7,,6,DROP,-16001,Falcons D/ST,7,-1,2018-10-24
2018,8,61fc5a40-cdb6-306f-8756-85f91de9505c,,WAIVER,FAILED_MATCHUPACQUISITIONLIMIT,10,,9,DROP,-16011,Colts D/ST,10,-1,2018-10-24
2018,8,61fc5a40-cdb6-306f-8756-85f91de9505c,,WAIVER,FAILED_MATCHUPACQUISITIONLIMIT,10,,9,ADD,2976499,Amari Cooper,-1,10,2018-10-24
2018,8,e3c60b76-f091-342c-b913-b7576413e96b,,TRADE_UPHOLD,EXECUTED,1,,1,TRADE,3925357,Calvin Ridley,5,13,2018-10-24
2018,8,e3c60b76-f091-342c-b913-b7576413e96b,,TRADE_UPHOLD,EXECUTED,1,,1,TRADE,14886,Lamar Miller,13,5,2018-10-24
2018,8,e3c60b76-f091-342c-b913-b7576413e96b,,TRADE_UPHOLD,EXECUTED,1,,1,TRADE,15920,Latavius Murray,13,5,2018-10-24
2018,8,e3c60b76-f091-342c-b913-b7576413e96b,,TRADE_UPHOLD,EXECUTED,1,,1,DROP,14129,Bilal Powell,5,-1,2018-10-24
2018,8,d425e486-1c13-3a2c-99dd-ccce880e8c17,,WAIVER,FAILED_MATCHUPACQUISITIONLIMIT,1,,3,DROP,3051806,Ricky Seals-Jones,1,-1,2018-10-24
2018,8,d425e486-1c13-3a2c-99dd-ccce880e8c17,,WAIVER,FAILED_MATCHUPACQUISITIONLIMIT,1,,3,ADD,2976499,Amari Cooper,-1,1,2018-10-24
2018,8,ec1e5004-72cb-342e-bbad-36b2b928b970,,TRADE_PROPOSAL,PENDING,7,,0,TRADE,3049916,Matt Breida,8,7,2018-10-24
2018,8,ec1e5004-72cb-342e-bbad-36b2b928b970,,TRADE_PROPOSAL,PENDING,7,,0,TRADE,14922,Mohamed Sanu,7,8,2018-10-24
2018,8,01c5078b-ed04-37fa-b146-fe3f5c5cb291,,FREEAGENT,EXECUTED,7,,6,LINEUP,2977187,Cooper Kupp,7,7,2018-10-24
2018,8,01c5078b-ed04-37fa-b146-fe3f5c5cb291,,FREEAGENT,EXECUTED,7,,6,DROP,-16019,Giants D/ST,7,-1,2018-10-24
2018,8,d1ad0b42-08f3-3a90-8aae-b921a0822a7b,,TRADE_PROPOSAL,PENDING,1,,0,TRADE,3060022,Jordan Howard,1,7,2018-10-25
2018,8,d1ad0b42-08f3-3a90-8aae-b921a0822a7b,,TRADE_PROPOSAL,PENDING,1,,0,TRADE,14922,Mohamed Sanu,7,1,2018-10-25
2018,8,0676a0d2-c8d4-3025-a25b-3f3dd98049bf,,FREEAGENT,EXECUTED,6,,0,ADD,2587819,Tyrell Williams,-1,6,2018-10-28
2018,8,0676a0d2-c8d4-3025-a25b-3f3dd98049bf,,FREEAGENT,EXECUTED,6,,0,DROP,15994,Theo Riddick,6,-1,2018-10-28
2018,8,100985bd-cfba-3953-8a6d-0c6339895fc0,,WAIVER,EXECUTED,-2147483648,,7,ADD,3039707,Mitchell Trubisky,-1,8,2018-10-24
2018,8,100985bd-cfba-3953-8a6d-0c6339895fc0,,WAIVER,EXECUTED,-2147483648,,7,DROP,17258,Willie Snead IV,8,-1,2018-10-24
2018,8,6bd4d7ac-064d-3463-83dd-85901db132b4,,WAIVER,FAILED_MATCHUPACQUISITIONLIMIT,5,,4,ADD,3039707,Mitchell Trubisky,-1,5,2018-10-24
2018,8,38adad9a-2c5e-3d3f-a6ed-be0add0f6f3c,,TRADE_PROPOSAL,PENDING,8,,0,TRADE,13217,Golden Tate,4,8,2018-10-26
2018,8,38adad9a-2c5e-3d3f-a6ed-be0add0f6f3c,,TRADE_PROPOSAL,PENDING,8,,0,TRADE,13229,Rob Gronkowski,8,4,2018-10-26
2018,8,f1a449a0-b1d8-399d-be8a-d23c0e4165b8,,WAIVER,FAILED_MATCHUPACQUISITIONLIMIT,10,,3,ADD,3039707,Mitchell Trubisky,-1,10,2018-10-24
2018,8,606c1b4d-4c3c-3218-bd37-69b955639945,,TRADE_PROPOSAL,PENDING,6,,1,DROP,15994,Theo Riddick,6,-1,2018-10-25
2018,8,606c1b4d-4c3c-3218-bd37-69b955639945,,TRADE_PROPOSAL,PENDING,6,,1,TRADE,3066158,Tarik Cohen,2,6,2018-10-25
2018,8,606c1b4d-4c3c-3218-bd37-69b955639945,,TRADE_PROPOSAL,PENDING,6,,1,TRADE,3068267,Austin Ekeler,2,6,2018-10-25
2018,8,606c1b4d-4c3c-3218-bd37-69b955639945,,TRADE_PROPOSAL,PENDING,6,,1,TRADE,3115364,Leonard Fournette,2,6,2018-10-25
2018,8,606c1b4d-4c3c-3218-bd37-69b955639945,,TRADE_PROPOSAL,PENDING,6,,1,TRADE,17133,Isaiah Crowell,6,2,2018-10-25
2018,8,606c1b4d-4c3c-3218-bd37-69b955639945,,TRADE_PROPOSAL,PENDING,6,,1,TRADE,13216,Demaryius Thomas,6,2,2018-10-25
2018,8,606c1b4d-4c3c-3218-bd37-69b955639945,,TRADE_PROPOSAL,PENDING,6,,1,TRADE,15825,Le'Veon Bell,6,2,2018-10-25
2018,8,d842c6db-d8c9-30aa-8cfb-8e5289fdc901,,TRADE_PROPOSAL,PENDING,7,,0,TRADE,15705,Josh Gordon,7,8,2018-10-24
2018,8,d842c6db-d8c9-30aa-8cfb-8e5289fdc901,,TRADE_PROPOSAL,PENDING,7,,0,TRADE,3049916,Matt Breida,8,7,2018-10-24
2018,8,7b705fc4-b6d6-3519-9451-dbb11e0ec081,,TRADE_PROPOSAL,PENDING,-2147483648,,1,DROP,15994,Theo Riddick,6,-1,2018-10-27
2018,8,7b705fc4-b6d6-3519-9451-dbb11e0ec081,,TRADE_PROPOSAL,PENDING,-2147483648,,1,TRADE,3066158,Tarik Cohen,2,6,2018-10-27
2018,8,7b705fc4-b6d6-3519-9451-dbb11e0ec081,,TRADE_PROPOSAL,PENDING,-2147483648,,1,TRADE,3068267,Austin Ekeler,2,6,2018-10-27
2018,8,7b705fc4-b6d6-3519-9451-dbb11e0ec081,,TRADE_PROPOSAL,PENDING,-2147483648,,1,TRADE,3115364,Leonard Fournette,2,6,2018-10-27
2018,8,7b705fc4-b6d6-3519-9451-dbb11e0ec081,,TRADE_PROPOSAL,PENDING,-2147483648,,1,TRADE,17133,Isaiah Crowell,6,2,2018-10-27
2018,8,7b705fc4-b6d6-3519-9451-dbb11e0ec081,,TRADE_PROPOSAL,PENDING,-2147483648,,1,TRADE,13216,Demaryius Thomas,6,2,2018-10-27
2018,8,7b705fc4-b6d6-3519-9451-dbb11e0ec081,,TRADE_PROPOSAL,PENDING,-2147483648,,1,TRADE,15825,Le'Veon Bell,6,2,2018-10-27
2018,8,57eb0cf5-850d-3608-8a6d-c6a0e800677c,,FREEAGENT,EXECUTED,13,,0,ADD,3123050,Chris Herndon,-1,13,2018-10-26
2018,8,51061fdc-516f-3848-88cd-51d7f513b470,,WAIVER,EXECUTED,-2147483648,,9,ADD,-16017,Patriots D/ST,-1,5,2018-10-24
2018,8,e1b97249-02a2-375a-9c5d-ad6f9c273ff5,,TRADE_PROPOSAL,PENDING,13,,0,TRADE,3925357,Calvin Ridley,5,13,2018-10-24
2018,8,e1b97249-02a2-375a-9c5d-ad6f9c273ff5,,TRADE_PROPOSAL,PENDING,13,,0,TRADE,14886,Lamar Miller,13,5,2018-10-24
2018,8,e1b97249-02a2-375a-9c5d-ad6f9c273ff5,,TRADE_PROPOSAL,PENDING,13,,0,TRADE,15920,Latavius Murray,13,5,2018-10-24
2018,8,e94e279d-67e9-328c-825a-70b2bcf5ee97,,WAIVER,PENDING,-2147483648,,1,ADD,-16017,Patriots D/ST,-1,12,2018-10-24
2018,8,e94e279d-67e9-328c-825a-70b2bcf5ee97,,WAIVER,PENDING,-2147483648,,1,DROP,-16015,Dolphins D/ST,12,-1,2018-10-24
2018,8,cc730a80-a0b2-3b24-9b74-68b8037e746f,,WAIVER,PENDING,5,,4,ADD,14885,Doug Martin,-1,5,2018-10-23
2018,8,81dd07d3-60df-3f81-ac48-0dcabf7eaa04,,TRADE_PROPOSAL,PENDING,8,,0,TRADE,16790,Jarvis Landry,9,8,2018-10-25
2018,8,81dd07d3-60df-3f81-ac48-0dcabf7eaa04,,TRADE_PROPOSAL,PENDING,8,,0,TRADE,13229,Rob Gronkowski,8,9,2018-10-25
2018,8,98f5a735-5db5-3685-9d48-125a8e0dd144,,WAIVER,PENDING,7,,3,ADD,2576414,Raheem Mostert,-1,7,2018-10-23
2018,8,98f5a735-5db5-3685-9d48-125a8e0dd144,,WAIVER,PENDING,7,,3,DROP,-16001,Falcons D/ST,7,-1,2018-10-23
2018,8,d33d0302-3165-3c98-9c33-e3e683805eb0,,FREEAGENT,EXECUTED,7,,0,ADD,16504,Jack Doyle,-1,7,2018-10-28
2018,8,3b287009-ad79-3d7a-8a23-20b74ec7616d,,TRADE_PROPOSAL,PENDING,10,,0,TRADE,2972091,Jalen Richard,10,7,2018-10-26
2018,8,3b287009-ad79-3d7a-8a23-20b74ec7616d,,TRADE_PROPOSAL,PENDING,10,,0,TRADE,14922,Mohamed Sanu,7,10,2018-10-26
2018,8,caeabd23-6d41-334d-a598-1cd56b1a6ab6,,TRADE_PROPOSAL,PENDING,4,,0,TRADE,3117251,Christian McCaffrey,5,4,2018-10-26
2018,8,caeabd23-6d41-334d-a598-1cd56b1a6ab6,,TRADE_PROPOSAL,PENDING,4,,0,TRADE,14221,Doug Baldwin,5,4,2018-10-26
2018,8,caeabd23-6d41-334d-a598-1cd56b1a6ab6,,TRADE_PROPOSAL,PENDING,4,,0,TRADE,16777,Carlos Hyde,4,5,2018-10-26
2018,8,caeabd23-6d41-334d-a598-1cd56b1a6ab6,,TRADE_PROPOSAL,PENDING,4,,0,TRADE,3045144,Tyler Boyd,4,5,2018-10-26
2018,8,60c55999-1af5-33e4-82ce-46ccccac45bb,,TRADE_PROPOSAL,PENDING,3,,0,TRADE,17133,Isaiah Crowell,6,3,2018-10-24
2018,8,60c55999-1af5-33e4-82ce-46ccccac45bb,,TRADE_PROPOSAL,PENDING,3,,0,TRADE,2969962,Duke Johnson Jr.,3,6,2018-10-24
2018,8,60c55999-1af5-33e4-82ce-46ccccac45bb,,TRADE_PROPOSAL,PENDING,3,,0,TRADE,16799,Allen Robinson,3,6,2018-10-24
2018,8,c59ef1dd-a721-39f6-9741-f78b20efe0e7,,TRADE_PROPOSAL,PENDING,5,,0,TRADE,3117251,Christian McCaffrey,5,4,2018-10-26
2018,8,c59ef1dd-a721-39f6-9741-f78b20efe0e7,,TRADE_PROPOSAL,PENDING,5,,0,TRADE,14221,Doug Baldwin,5,4,2018-10-26
2018,8,c59ef1dd-a721-39f6-9741-f78b20efe0e7,,TRADE_PROPOSAL,PENDING,5,,0,TRADE,16777,Carlos Hyde,4,5,2018-10-26
2018,8,c59ef1dd-a721-39f6-9741-f78b20efe0e7,,TRADE_PROPOSAL,PENDING,5,,0,TRADE,3045144,Tyler Boyd,4,5,2018-10-26
2018,8,87a30e35-a31e-3a3b-a109-dbca000234e7,,WAIVER,FAILED_MATCHUPACQUISITIONLIMIT,7,,6,ADD,3042519,Aaron Jones,-1,7,2018-10-24
2018,8,d3c24ee5-5395-3bee-9e91-786e2cce04d4,,WAIVER,PENDING,5,,3,ADD,3039707,Mitchell Trubisky,-1,5,2018-10-23
2018,8,165c572a-5c76-3707-804d-b3b0a977ead7,,WAIVER,PENDING,-2147483648,,3,DROP,2577134,Ty Montgomery,1,-1,2018-10-24
2018,8,165c572a-5c76-3707-804d-b3b0a977ead7,,WAIVER,PENDING,-2147483648,,3,ADD,14885,Doug Martin,-1,1,2018-10-24
2018,8,559db92d-f44f-3abb-a1e9-55b3b4fcb7a5,,FREEAGENT,EXECUTED,12,,0,ADD,3912550,Ronald Jones,-1,12,2018-10-25
2018,8,559db92d-f44f-3abb-a1e9-55b3b4fcb7a5,,FREEAGENT,EXECUTED,12,,0,DROP,2971618,Nelson Agholor,12,-1,2018-10-25
2018,8,884df384-56e4-3e09-8f88-46c73397bbc5,,FREEAGENT,EXECUTED,12,,0,ADD,15839,Marquise Goodwin,-1,12,2018-10-25
2018,8,884df384-56e4-3e09-8f88-46c73397bbc5,,FREEAGENT,EXECUTED,12,,0,DROP,3123969,Ito Smith,12,-1,2018-10-25
2018,8,eaa749a0-d84c-3b86-9d0d-3a6c2be2eef6,,FREEAGENT,EXECUTED,5,,1,DROP,15853,Vance McDonald,5,-1,2018-10-24
2018,8,eaa749a0-d84c-3b86-9d0d-3a6c2be2eef6,,FREEAGENT,EXECUTED,5,,1,ADD,15921,Kenjon Barner,-1,5,2018-10-24
2018,8,2459f48e-cd01-3c49-acc0-92ea90f116c7,,WAIVER,PENDING,-2147483648,,4,ADD,3039707,Mitchell Trubisky,-1,5,2018-10-24
2018,8,7c4f0854-9cdc-310e-979b-85781f73c27a,,WAIVER,FAILED_MATCHUPACQUISITIONLIMIT,7,,4,ADD,-16017,Patriots D/ST,-1,7,2018-10-24
2018,8,c6c13d56-d74e-36f3-a5c0-3e77248db42d,,FREEAGENT,EXECUTED,10,,0,DROP,10456,Marshawn Lynch,10,-1,2018-10-23
2018,8,67efb26d-ffcf-3d85-82d7-436b5109ec52,,TRADE_PROPOSAL,PENDING,8,,0,TRADE,3049916,Matt Breida,8,7,2018-10-24
2018,8,67efb26d-ffcf-3d85-82d7-436b5109ec52,,TRADE_PROPOSAL,PENDING,8,,0,TRADE,3892889,Dede Westbrook,7,8,2018-10-24
2018,8,7485adf2-c500-3274-abb5-5d683bd9f732,,WAIVER,EXECUTED,-2147483648,,6,ADD,14885,Doug Martin,-1,5,2018-10-24
2018,8,93493190-0e89-3370-92fe-bda5579f5b60,,WAIVER,PENDING,-2147483648,,3,ADD,3039707,Mitchell Trubisky,-1,10,2018-10-24
2018,8,93709063-824a-382d-aa26-06daf37aa870,,WAIVER,EXECUTED,-2147483648,,17,ADD,2576414,Raheem Mostert,-1,13,2018-10-24
2018,8,93709063-824a-382d-aa26-06daf37aa870,,WAIVER,EXECUTED,-2147483648,,17,DROP,3895856,Christian Kirk,13,-1,2018-10-24
2018,8,bd1e1e84-34e4-3ea1-9037-52d93f49843a,,WAIVER,PENDING,-2147483648,,4,ADD,-16017,Patriots D/ST,-1,7,2018-10-24
2018,8,05d9760d-f7a8-343e-aafb-e5b086ae3a6c,,TRADE_PROPOSAL,PENDING,6,,0,TRADE,17133,Isaiah Crowell,6,3,2018-10-25
2018,8,05d9760d-f7a8-343e-aafb-e5b086ae3a6c,,TRADE_PROPOSAL,PENDING,6,,0,TRADE,2969962,Duke Johnson Jr.,3,6,2018-10-25
2018,8,05d9760d-f7a8-343e-aafb-e5b086ae3a6c,,TRADE_PROPOSAL,PENDING,6,,0,TRADE,16799,Allen Robinson,3,6,2018-10-25
2018,8,06e08084-960d-36dc-8fec-1bce7b338beb,,WAIVER,EXECUTED,-2147483648,,1,ADD,-16028,Redskins D/ST,-1,12,2018-10-24
2018,8,06e08084-960d-36dc-8fec-1bce7b338beb,,WAIVER,EXECUTED,-2147483648,,1,DROP,-16015,Dolphins D/ST,12,-1,2018-10-24
2018,8,8c362d29-82e6-3aa9-83ce-b3e747b95d16,,WAIVER,PENDING,7,,5,ADD,-16017,Patriots D/ST,-1,7,2018-10-24
2018,8,8c362d29-82e6-3aa9-83ce-b3e747b95d16,,WAIVER,PENDING,7,,5,DROP,-16019,Giants D/ST,7,-1,2018-10-24
2018,8,1d2d04fa-72ba-38de-a563-46abb0d1e17d,,TRADE_PROPOSAL,PENDING,8,,0,TRADE,15705,Josh Gordon,7,8,2018-10-24
2018,8,1d2d04fa-72ba-38de-a563-46abb0d1e17d,,TRADE_PROPOSAL,PENDING,8,,0,TRADE,3049916,Matt Breida,8,7,2018-10-24
2018,8,386931bd-8ebc-3d13-9a9f-f3bd57738e15,,WAIVER,PENDING,5,,5,ADD,-16017,Patriots D/ST,-1,5,2018-10-23
2018,8,a8057f70-cefd-3e6f-98ba-f3871caab8ae,,WAIVER,PENDING,-2147483648,,3,DROP,3051806,Ricky Seals-Jones,1,-1,2018-10-24
2018,8,a8057f70-cefd-3e6f-98ba-f3871caab8ae,,WAIVER,PENDING,-2147483648,,3,ADD,2976499,Amari Cooper,-1,1,2018-10-24
2018,8,3aabc682-2b8c-3c62-ae59-726ac512a339,,WAIVER,FAILED_MATCHUPACQUISITIONLIMIT,1,,3,DROP,2577134,Ty Montgomery,1,-1,2018-10-24
2018,8,3aabc682-2b8c-3c62-ae59-726ac512a339,,WAIVER,FAILED_MATCHUPACQUISITIONLIMIT,1,,3,ADD,14885,Doug Martin,-1,1,2018-10-24
2018,8,7124bf2b-8eab-3883-be38-8711351882cc,,FREEAGENT,EXECUTED,10,,0,DROP,2998120,Josh Lambo,10,-1,2018-10-23
2018,8,ba0d192c-601b-3142-bb9c-119345219f85,,FREEAGENT,EXECUTED,7,,0,ADD,-16012,Chiefs D/ST,-1,7,2018-10-24
2018,8,4feae58b-8737-3b1f-90a8-1018e3ba7c9c,,WAIVER,PENDING,7,,5,ADD,3042519,Aaron Jones,-1,7,2018-10-24
2018,8,4feae58b-8737-3b1f-90a8-1018e3ba7c9c,,WAIVER,PENDING,7,,5,DROP,-16019,Giants D/ST,7,-1,2018-10-24
2018,8,695b0d89-643c-3786-bb62-bcce919d3a9c,,WAIVER,EXECUTED,-2147483648,,1,DROP,16781,Paul Richardson,2,-1,2018-10-24
2018,8,695b0d89-643c-3786-bb62-bcce919d3a9c,,WAIVER,EXECUTED,-2147483648,,1,ADD,11674,Danny Amendola,-1,2,2018-10-24
2018,8,7c23fd63-e1dd-3db9-9b91-e57f991f9fe2,,TRADE_PROPOSAL,PENDING,1,,0,TRADE,15705,Josh Gordon,7,13,2018-10-24
2018,8,7c23fd63-e1dd-3db9-9b91-e57f991f9fe2,,TRADE_PROPOSAL,PENDING,1,,0,TRADE,14886,Lamar Miller,13,7,2018-10-24
2018,8,7c23fd63-e1dd-3db9-9b91-e57f991f9fe2,,TRADE_PROPOSAL,PENDING,1,,0,TRADE,15920,Latavius Murray,13,7,2018-10-24
2018,8,a0046094-5fd6-35ea-bc77-56acc99a74af,,FREEAGENT,EXECUTED,3,,0,ADD,17258,Willie Snead IV,-1,3,2018-10-28
2018,8,a0046094-5fd6-35ea-bc77-56acc99a74af,,FREEAGENT,EXECUTED,3,,0,DROP,3122866,Devontae Booker,3,-1,2018-10-28
2018,8,4e9adc42-d58b-3731-b8b3-5756619f0bdb,,WAIVER,PENDING,-2147483648,,6,ADD,3042519,Aaron Jones,-1,7,2018-10-24
2018,8,926165e2-416b-35f3-93fd-8016a6414604,,WAIVER,EXECUTED,-2147483648,,2,DROP,2574576,C.J. Uzomah,10,-1,2018-10-26
2018,8,926165e2-416b-35f3-93fd-8016a6414604,,WAIVER,EXECUTED,-2147483648,,2,ADD,3123969,Ito Smith,-1,10,2018-10-26
2018,8,54a0785b-368e-3a17-bbac-a6ddd22cae7d,,FREEAGENT,EXECUTED,6,,0,ADD,10636,Mason Crosby,-1,6,2018-10-28
2018,8,54a0785b-368e-3a17-bbac-a6ddd22cae7d,,FREEAGENT,EXECUTED,6,,0,DROP,3068939,Aldrick Rosas,6,-1,2018-10-28
2018,8,09282052-29e3-32a3-9627-3ce42d30320d,,FREEAGENT,EXECUTED,8,,1,DROP,3050478,Jake Elliott,8,-1,2018-10-24
2018,8,09282052-29e3-32a3-9627-3ce42d30320d,,FREEAGENT,EXECUTED,8,,1,ADD,2985659,Wil Lutz,-1,8,2018-10-24
2018,8,0aa2f597-4875-340d-9a6d-e0e1bff2315c,,TRADE_PROPOSAL,PENDING,13,,0,TRADE,3128720,Nick Chubb,13,10,2018-10-28
2018,8,0aa2f597-4875-340d-9a6d-e0e1bff2315c,,TRADE_PROPOSAL,PENDING,13,,0,TRADE,2974858,Kenny Golladay,10,13,2018-10-28
2018,8,c40f5f27-b0d2-3016-bb44-fca9278766cb,,FREEAGENT,EXECUTED,5,,0,DROP,-16024,Chargers D/ST,5,-1,2018-10-23
2018,8,7ebb15a4-3ae6-385a-8ca4-c67a90b6c627,,TRADE_PROPOSAL,PENDING,8,,0,TRADE,14924,T.Y. Hilton,4,8,2018-10-26
2018,8,7ebb15a4-3ae6-385a-8ca4-c67a90b6c627,,TRADE_PROPOSAL,PENDING,8,,0,TRADE,3049916,Matt Breida,8,4,2018-10-26
2018,8,8d012a42-f288-3054-a7fc-0359bb2710d6,,TRADE_PROPOSAL,PENDING,8,,0,TRADE,13217,Golden Tate,4,8,2018-10-27
2018,8,8d012a42-f288-3054-a7fc-0359bb2710d6,,TRADE_PROPOSAL,PENDING,8,,0,TRADE,13229,Rob Gronkowski,8,4,2018-10-27
2018,8,f825f089-b509-3351-93ab-a12c83c05a52,,WAIVER,EXECUTED,-2147483648,,42,ADD,2976499,Amari Cooper,-1,13,2018-10-24
2018,8,f825f089-b509-3351-93ab-a12c83c05a52,,WAIVER,EXECUTED,-2147483648,,42,DROP,2574808,Robby Anderson,13,-1,2018-10-24
2018,8,10657cc8-5899-3e46-a39c-72420d9b82fd,,WAIVER,FAILED_MATCHUPACQUISITIONLIMIT,10,,2,DROP,15428,Jermaine Kearse,10,-1,2018-10-24
2018,8,10657cc8-5899-3e46-a39c-72420d9b82fd,,WAIVER,FAILED_MATCHUPACQUISITIONLIMIT,10,,2,ADD,2576414,Raheem Mostert,-1,10,2018-10-24
2018,8,47d09c40-eecb-33a5-bb12-5b402942c990,,FREEAGENT,EXECUTED,13,,1,DROP,3123050,Chris Herndon,13,-1,2018-10-28
2018,8,47d09c40-eecb-33a5-bb12-5b402942c990,,FREEAGENT,EXECUTED,13,,1,ADD,3050487,Anthony Miller,-1,13,2018-10-28
2018,8,4c648833-77bf-3e7e-83da-e56dbba418ef,,WAIVER,PENDING,-2147483648,,9,DROP,-16011,Colts D/ST,10,-1,2018-10-24
2018,8,4c648833-77bf-3e7e-83da-e56dbba418ef,,WAIVER,PENDING,-2147483648,,9,ADD,2976499,Amari Cooper,-1,10,2018-10-24
2018,8,59e3883e-b252-3a18-8a0d-4da33eee2e3b,,TRADE_PROPOSAL,PENDING,13,,0,TRADE,15705,Josh Gordon,7,13,2018-10-24
2018,8,59e3883e-b252-3a18-8a0d-4da33eee2e3b,,TRADE_PROPOSAL,PENDING,13,,0,TRADE,14886,Lamar Miller,13,7,2018-10-24
2018,8,59e3883e-b252-3a18-8a0d-4da33eee2e3b,,TRADE_PROPOSAL,PENDING,13,,0,TRADE,15920,Latavius Murray,13,7,2018-10-24
2018,8,882b2940-d706-3307-925b-d9f609038f2a,,FREEAGENT,EXECUTED,5,,0,DROP,11252,Joe Flacco,5,-1,2018-10-23
2018,8,7eae8188-5fd7-32fc-a9f7-cbed53d177da,,FREEAGENT,EXECUTED,3,,0,ADD,3122866,Devontae Booker,-1,3,2018-10-28
2018,8,c7495300-e170-3f7b-bf74-dd595e1221e1,,WAIVER,PENDING,-2147483648,,2,DROP,15428,Jermaine Kearse,10,-1,2018-10-24
2018,8,c7495300-e170-3f7b-bf74-dd595e1221e1,,WAIVER,PENDING,-2147483648,,2,ADD,2576414,Raheem Mostert,-1,10,2018-10-24
2018,8,fcf8a8d8-692a-32f3-867c-54a2f942fb06,,FREEAGENT,EXECUTED,13,,1,DROP,3123050,Chris Herndon,13,-1,2018-10-26
2018,8,fcf8a8d8-692a-32f3-867c-54a2f942fb06,,FREEAGENT,EXECUTED,13,,1,ADD,15853,Vance McDonald,-1,13,2018-10-26
2018,8,a60391a2-6e5f-34a9-b68a-1ddfe73abd44,,TRADE_PROPOSAL,PENDING,10,,0,TRADE,15825,Le'Veon Bell,6,10,2018-10-30
2018,8,a60391a2-6e5f-34a9-b68a-1ddfe73abd44,,TRADE_PROPOSAL,PENDING,10,,0,TRADE,3051876,Evan Engram,10,6,2018-10-30
2018,8,18329e79-9327-3ee8-a666-4b92ef7b90ee,,TRADE_PROPOSAL,PENDING,7,,0,TRADE,3049916,Matt Breida,8,7,2018-10-24
2018,8,18329e79-9327-3ee8-a666-4b92ef7b90ee,,TRADE_PROPOSAL,PENDING,7,,0,TRADE,3892889,Dede Westbrook,7,8,2018-10-24
2018,8,cfa61021-c4f1-3f4f-bde5-c58482c93076,,FREEAGENT,EXECUTED,10,,1,DROP,15428,Jermaine Kearse,10,-1,2018-10-24
2018,8,cfa61021-c4f1-3f4f-bde5-c58482c93076,,FREEAGENT,EXECUTED,10,,1,ADD,9354,Robbie Gould,-1,10,2018-10-24
2018,8,dd98eb5c-1626-39e0-bbe7-33093eaf1192,,WAIVER,PENDING,10,,1,ADD,3042519,Aaron Jones,-1,10,2018-10-24
2018,8,e5900640-e150-3de1-9b42-6ef4af75a872,,WAIVER,FAILED_MATCHUPACQUISITIONLIMIT,7,,6,ADD,14885,Doug Martin,-1,7,2018-10-24
2018,8,06cb88bc-6149-3578-bdf1-5af19d6a1b4a,,WAIVER,EXECUTED,-2147483648,,9,ADD,3042519,Aaron Jones,-1,10,2018-10-24
2018,8,05fe2593-2fbc-3a77-8a88-f4933ac81389,,TRADE_PROPOSAL,PENDING,8,,0,TRADE,14924,T.Y. Hilton,4,8,2018-10-26
2018,8,05fe2593-2fbc-3a77-8a88-f4933ac81389,,TRADE_PROPOSAL,PENDING,8,,0,TRADE,3049916,Matt Breida,8,4,2018-10-26
2018,8,6f8ef14d-77b0-38f6-8b3e-21085565a191,,WAIVER,EXECUTED,-2147483648,,1,ADD,-16029,Panthers D/ST,-1,3,2018-10-24
2018,8,6f8ef14d-77b0-38f6-8b3e-21085565a191,,WAIVER,EXECUTED,-2147483648,,1,DROP,15009,Alfred Morris,3,-1,2018-10-24
2018,8,845bbd40-6a35-3deb-94c7-15487a3b618f,,TRADE_ACCEPT,PENDING,5,,1,TRADE,3925357,Calvin Ridley,5,13,2018-10-24
2018,8,845bbd40-6a35-3deb-94c7-15487a3b618f,,TRADE_ACCEPT,PENDING,5,,1,TRADE,14886,Lamar Miller,13,5,2018-10-24
2018,8,845bbd40-6a35-3deb-94c7-15487a3b618f,,TRADE_ACCEPT,PENDING,5,,1,TRADE,15920,Latavius Murray,13,5,2018-10-24
2018,8,845bbd40-6a35-3deb-94c7-15487a3b618f,,TRADE_ACCEPT,PENDING,5,,1,DROP,14129,Bilal Powell,5,-1,2018-10-24
2018,8,fb8a1159-b77c-3bcc-ac6f-1efcafd8e4d4,,TRADE_PROPOSAL,PENDING,8,,0,TRADE,16790,Jarvis Landry,9,8,2018-10-26
2018,8,fb8a1159-b77c-3bcc-ac6f-1efcafd8e4d4,,TRADE_PROPOSAL,PENDING,8,,0,TRADE,13229,Rob Gronkowski,8,9,2018-10-26
2018,8,f6f695aa-3e54-3268-bde4-cfb1e8330b7f,,FREEAGENT,EXECUTED,10,,0,ADD,5526,Eli Manning,-1,10,2018-10-24
2018,8,13ae3f41-51df-38ee-8207-d1d604ba823d,,TRADE_PROPOSAL,PENDING,7,,0,TRADE,3060022,Jordan Howard,1,7,2018-10-25
2018,8,13ae3f41-51df-38ee-8207-d1d604ba823d,,TRADE_PROPOSAL,PENDING,7,,0,TRADE,14922,Mohamed Sanu,7,1,2018-10-25
2018,8,74ea80e7-d23f-3217-be5a-c454a74504ee,,WAIVER,PENDING,-2147483648,,6,ADD,14885,Doug Martin,-1,7,2018-10-24
2018,8,89b59aa6-80fd-3e03-a3b8-94c9a530032e,,TRADE_PROPOSAL,PENDING,10,,0,TRADE,13217,Golden Tate,4,10,2018-10-30
2018,8,89b59aa6-80fd-3e03-a3b8-94c9a530032e,,TRADE_PROPOSAL,PENDING,10,,0,TRADE,3046409,Alex Collins,10,4,2018-10-30
2018,8,b6ec21af-c369-3733-ae1f-d2d3ba207481,,FREEAGENT,EXECUTED,13,,1,DROP,15853,Vance McDonald,13,-1,2018-10-26
2018,8,b6ec21af-c369-3733-ae1f-d2d3ba207481,,FREEAGENT,EXECUTED,13,,1,ADD,3123050,Chris Herndon,-1,13,2018-10-26
2018,8,b6452885-7194-3f07-974a-7523f00d7e56,,TRADE_PROPOSAL,PENDING,7,,0,TRADE,2972091,Jalen Richard,10,7,2018-10-25
2018,8,b6452885-7194-3f07-974a-7523f00d7e56,,TRADE_PROPOSAL,PENDING,7,,0,TRADE,14922,Mohamed Sanu,7,10,2018-10-25
2018,8,cef93a71-dba0-3e14-983c-4d88b959d9a0,,WAIVER,FAILED_MATCHUPACQUISITIONLIMIT,7,,4,ADD,2576414,Raheem Mostert,-1,7,2018-10-24
2018,9,b7dc51b8-b433-3d80-826f-d08200f83539,,TRADE_PROPOSAL,PENDING,6,,0,TRADE,13994,Cam Newton,6,7,2018-11-01
2018,9,b7dc51b8-b433-3d80-826f-d08200f83539,,TRADE_PROPOSAL,PENDING,6,,0,TRADE,5529,Philip Rivers,7,6,2018-11-01
2018,9,b7dc51b8-b433-3d80-826f-d08200f83539,,TRADE_PROPOSAL,PENDING,6,,0,TRADE,3051902,Peyton Barber,7,6,2018-11-01
2018,9,092b85d6-2fe7-3f50-a265-46882a40867d,,TRADE_PROPOSAL,PENDING,8,,0,TRADE,16460,Adam Thielen,10,8,2018-10-30
2018,9,092b85d6-2fe7-3f50-a265-46882a40867d,,TRADE_PROPOSAL,PENDING,8,,0,TRADE,13229,Rob Gronkowski,8,10,2018-10-30
2018,9,092b85d6-2fe7-3f50-a265-46882a40867d,,TRADE_PROPOSAL,PENDING,8,,0,TRADE,3139605,Marlon Mack,8,10,2018-10-30
2018,9,1675fa9f-0009-3d2a-a06c-2085c2f2bbde,,TRADE_PROPOSAL,PENDING,4,,0,TRADE,3116385,Joe Mixon,10,4,2018-10-30
2018,9,1675fa9f-0009-3d2a-a06c-2085c2f2bbde,,TRADE_PROPOSAL,PENDING,4,,0,TRADE,13217,Golden Tate,4,10,2018-10-30
2018,9,1a4f8628-7a65-3a6e-8887-b07fb2d93439,,WAIVER,PENDING,3,,1,DROP,17258,Willie Snead IV,3,-1,2018-10-30
2018,9,1a4f8628-7a65-3a6e-8887-b07fb2d93439,,WAIVER,PENDING,3,,1,ADD,2576623,DeVante Parker,-1,3,2018-10-30
2018,9,5a819e88-4724-35a5-b03b-b9a7ddc963ea,,FREEAGENT,EXECUTED,7,,0,DROP,14012,Andy Dalton,7,-1,2018-10-30
2018,9,0f0fa432-01bd-38fc-8f4d-b7266f815ded,,FREEAGENT,EXECUTED,13,,1,DROP,3050487,Anthony Miller,13,-1,2018-11-03
2018,9,0f0fa432-01bd-38fc-8f4d-b7266f815ded,,FREEAGENT,EXECUTED,13,,1,ADD,14012,Andy Dalton,-1,13,2018-11-03
2018,9,a83fb78b-a6f8-37a2-ba62-95b241e49054,,WAIVER,PENDING,-2147483648,,1,ADD,-16006,Cowboys D/ST,-1,12,2018-10-31
2018,9,a83fb78b-a6f8-37a2-ba62-95b241e49054,,WAIVER,PENDING,-2147483648,,1,DROP,-16028,Redskins D/ST,12,-1,2018-10-31
2018,9,e2b5dfa5-a4ac-32c1-9cf6-7750162b9178,,WAIVER,FAILED_MATCHUPACQUISITIONLIMIT,13,,8,DROP,3050487,Anthony Miller,13,-1,2018-10-31
2018,9,e2b5dfa5-a4ac-32c1-9cf6-7750162b9178,,WAIVER,FAILED_MATCHUPACQUISITIONLIMIT,13,,8,ADD,2576623,DeVante Parker,-1,13,2018-10-31
2018,9,80c635cc-a0bc-32b2-8fe6-bfe13168dce2,,TRADE_PROPOSAL,PENDING,5,,0,TRADE,15920,Latavius Murray,5,7,2018-10-30
2018,9,80c635cc-a0bc-32b2-8fe6-bfe13168dce2,,TRADE_PROPOSAL,PENDING,5,,0,TRADE,10475,Greg Olsen,7,5,2018-10-30
2018,9,0917aaa1-b2d1-3f28-a532-4934607ca9b6,,WAIVER,EXECUTED,-2147483648,,6,ADD,8664,Ryan Fitzpatrick,-1,5,2018-10-31
2018,9,0917aaa1-b2d1-3f28-a532-4934607ca9b6,,WAIVER,EXECUTED,-2147483648,,6,DROP,14322,Dan Bailey,5,-1,2018-10-31
2018,9,8174efd4-c1bb-3f6c-be9d-ebec954e9a74,,TRADE_PROPOSAL,PENDING,7,,0,TRADE,13994,Cam Newton,6,7,2018-11-01
2018,9,8174efd4-c1bb-3f6c-be9d-ebec954e9a74,,TRADE_PROPOSAL,PENDING,7,,0,TRADE,5529,Philip Rivers,7,6,2018-11-01
2018,9,8174efd4-c1bb-3f6c-be9d-ebec954e9a74,,TRADE_PROPOSAL,PENDING,7,,0,TRADE,3051902,Peyton Barber,7,6,2018-11-01
2018,9,ec41c8a4-d769-3e9f-955a-fb65eaebc045,,TRADE_PROPOSAL,PENDING,1,,0,TRADE,16460,Adam Thielen,10,1,2018-10-31
2018,9,ec41c8a4-d769-3e9f-955a-fb65eaebc045,,TRADE_PROPOSAL,PENDING,1,,0,TRADE,3116385,Joe Mixon,10,1,2018-10-31
2018,9,ec41c8a4-d769-3e9f-955a-fb65eaebc045,,TRADE_PROPOSAL,PENDING,1,,0,TRADE,3051876,Evan Engram,10,1,2018-10-31
2018,9,ec41c8a4-d769-3e9f-955a-fb65eaebc045,,TRADE_PROPOSAL,PENDING,1,,0,TRADE,3060022,Jordan Howard,1,10,2018-10-31
2018,9,ec41c8a4-d769-3e9f-955a-fb65eaebc045,,TRADE_PROPOSAL,PENDING,1,,0,TRADE,14912,Alshon Jeffery,1,10,2018-10-31
2018,9,ec41c8a4-d769-3e9f-955a-fb65eaebc045,,TRADE_PROPOSAL,PENDING,1,,0,TRADE,3916925,Kerryon Johnson,1,10,2018-10-31
2018,9,48312391-a877-30b2-b471-3039fac25b10,,WAIVER,PENDING,-2147483648,,11,ADD,3128429,Courtland Sutton,-1,7,2018-10-31
2018,9,48312391-a877-30b2-b471-3039fac25b10,,WAIVER,PENDING,-2147483648,,11,DROP,-16030,Jaguars D/ST,7,-1,2018-10-31
2018,9,7874f1ed-2532-3d91-b12c-42d6c02c0e7d,,FREEAGENT,EXECUTED,5,,1,DROP,-16017,Patriots D/ST,5,-1,2018-10-31
2018,9,7874f1ed-2532-3d91-b12c-42d6c02c0e7d,,FREEAGENT,EXECUTED,5,,1,ADD,16486,Brett Maher,-1,5,2018-10-31
2018,9,dfbd6a6a-1280-3813-91d1-852ec4637547,,TRADE_PROPOSAL,PENDING,8,,0,TRADE,3116385,Joe Mixon,10,8,2018-10-31
2018,9,dfbd6a6a-1280-3813-91d1-852ec4637547,,TRADE_PROPOSAL,PENDING,8,,0,TRADE,16460,Adam Thielen,10,8,2018-10-31
2018,9,dfbd6a6a-1280-3813-91d1-852ec4637547,,TRADE_PROPOSAL,PENDING,8,,0,TRADE,13229,Rob Gronkowski,8,10,2018-10-31
2018,9,dfbd6a6a-1280-3813-91d1-852ec4637547,,TRADE_PROPOSAL,PENDING,8,,0,TRADE,16725,Sammy Watkins,8,10,2018-10-31
2018,9,dfbd6a6a-1280-3813-91d1-852ec4637547,,TRADE_PROPOSAL,PENDING,8,,0,TRADE,3139605,Marlon Mack,8,10,2018-10-31
2018,9,5cd96dd3-3733-39d6-ab54-0dd08b914e7b,,WAIVER,EXECUTED,-2147483648,,15,ADD,2576623,DeVante Parker,-1,6,2018-10-31
2018,9,5cd96dd3-3733-39d6-ab54-0dd08b914e7b,,WAIVER,EXECUTED,-2147483648,,15,DROP,16899,Quincy Enunwa,6,-1,2018-10-31
2018,9,92afb544-bdb9-3c3f-84a5-1df01073c25c,,FREEAGENT,EXECUTED,10,,1,DROP,-16026,Seahawks D/ST,10,-1,2018-11-02
2018,9,92afb544-bdb9-3c3f-84a5-1df01073c25c,,FREEAGENT,EXECUTED,10,,1,ADD,-16010,Titans D/ST,-1,10,2018-11-02
2018,9,d82ad1f7-9c5e-3a99-90dd-1e8428b3bf4b,,TRADE_PROPOSAL,PENDING,10,,0,TRADE,15818,Keenan Allen,9,10,2018-11-02
2018,9,d82ad1f7-9c5e-3a99-90dd-1e8428b3bf4b,,TRADE_PROPOSAL,PENDING,10,,0,TRADE,12563,Michael Crabtree,10,9,2018-11-02
2018,9,d82ad1f7-9c5e-3a99-90dd-1e8428b3bf4b,,TRADE_PROPOSAL,PENDING,10,,0,TRADE,3051876,Evan Engram,10,9,2018-11-02
2018,9,e822342f-725d-3416-82b9-e4f87ba68936,,WAIVER,EXECUTED,-2147483648,,8,ADD,15853,Vance McDonald,-1,6,2018-10-31
2018,9,e822342f-725d-3416-82b9-e4f87ba68936,,WAIVER,EXECUTED,-2147483648,,8,DROP,17051,Albert Wilson,6,-1,2018-10-31
2018,9,07a8aac1-03a1-3f25-b3c4-5d31511cbdb2,,FREEAGENT,EXECUTED,3,,1,DROP,17258,Willie Snead IV,3,-1,2018-10-31
2018,9,07a8aac1-03a1-3f25-b3c4-5d31511cbdb2,,FREEAGENT,EXECUTED,3,,1,ADD,15349,Cole Beasley,-1,3,2018-10-31
2018,9,d01c3ab9-c9a8-3a26-a4cf-8cf59d2cd38f,,WAIVER,EXECUTED,-2147483648,,3,ADD,2971618,Nelson Agholor,-1,6,2018-10-31
2018,9,d01c3ab9-c9a8-3a26-a4cf-8cf59d2cd38f,,WAIVER,EXECUTED,-2147483648,,3,DROP,-16002,Bills D/ST,6,-1,2018-10-31
2018,9,fa19be26-b4c8-3689-8853-67abf25b35e6,,FREEAGENT,EXECUTED,3,,0,ADD,3051889,Laquon Treadwell,-1,3,2018-11-04
2018,9,e6f3e91b-ba35-3422-8ad2-e0f55828fd7b,,WAIVER,PENDING,-2147483648,,3,ADD,-16006,Cowboys D/ST,-1,5,2018-10-31
2018,9,e6f3e91b-ba35-3422-8ad2-e0f55828fd7b,,WAIVER,PENDING,-2147483648,,3,DROP,3045138,Mike Williams,5,-1,2018-10-31
2018,9,ae855e3c-6d93-35e5-b845-e5a067e5d4cb,,WAIVER,EXECUTED,-2147483648,,1,ADD,12460,Graham Gano,-1,9,2018-10-31
2018,9,ae855e3c-6d93-35e5-b845-e5a067e5d4cb,,WAIVER,EXECUTED,-2147483648,,1,DROP,1097,Adam Vinatieri,9,-1,2018-10-31
2018,9,45458dc2-b4a5-3031-85f0-d300cdc0fcbe,,FREEAGENT,EXECUTED,3,,0,ADD,17258,Willie Snead IV,-1,3,2018-11-04
2018,9,45458dc2-b4a5-3031-85f0-d300cdc0fcbe,,FREEAGENT,EXECUTED,3,,0,DROP,3043078,Derrick Henry,3,-1,2018-11-04
2018,9,1fc984ff-5645-3428-9a8d-61f24e4883cd,,TRADE_PROPOSAL,PENDING,3,,0,TRADE,2976212,Stefon Diggs,3,7,2018-10-30
2018,9,1fc984ff-5645-3428-9a8d-61f24e4883cd,,TRADE_PROPOSAL,PENDING,3,,0,TRADE,14198,Dion Lewis,7,3,2018-10-30
2018,9,1fc984ff-5645-3428-9a8d-61f24e4883cd,,TRADE_PROPOSAL,PENDING,3,,0,TRADE,10475,Greg Olsen,7,3,2018-10-30
2018,9,116d69c0-b6c9-3286-8502-270b4ff0d214,,WAIVER,PENDING,8,,5,ADD,3915416,DJ Moore,-1,8,2018-10-31
2018,9,116d69c0-b6c9-3286-8502-270b4ff0d214,,WAIVER,PENDING,8,,5,DROP,3052876,Will Fuller V,8,-1,2018-10-31
2018,9,5e845c8c-c5f6-38c9-8f0a-33a4577b17c7,,WAIVER,PENDING,-2147483648,,8,ADD,3915416,DJ Moore,-1,8,2018-10-31
2018,9,fd7a8918-0716-38fe-b5d4-8bc933dd2e26,,WAIVER,FAILED_MATCHUPACQUISITIONLIMIT,12,,1,ADD,-16006,Cowboys D/ST,-1,12,2018-10-31
2018,9,fd7a8918-0716-38fe-b5d4-8bc933dd2e26,,WAIVER,FAILED_MATCHUPACQUISITIONLIMIT,12,,1,DROP,-16028,Redskins D/ST,12,-1,2018-10-31
2018,9,cc0afc0a-d984-3a04-986b-c0198fe511bf,,TRADE_PROPOSAL,PENDING,7,,0,TRADE,2976212,Stefon Diggs,3,7,2018-10-30
2018,9,cc0afc0a-d984-3a04-986b-c0198fe511bf,,TRADE_PROPOSAL,PENDING,7,,0,TRADE,14198,Dion Lewis,7,3,2018-10-30
2018,9,cc0afc0a-d984-3a04-986b-c0198fe511bf,,TRADE_PROPOSAL,PENDING,7,,0,TRADE,10475,Greg Olsen,7,3,2018-10-30
2018,9,180d64c8-abf5-3783-b74a-d28e0e673713,,TRADE_PROPOSAL,PENDING,-2147483648,,0,TRADE,15795,DeAndre Hopkins,4,7,2018-11-03
2018,9,180d64c8-abf5-3783-b74a-d28e0e673713,,TRADE_PROPOSAL,PENDING,-2147483648,,0,TRADE,15705,Josh Gordon,7,4,2018-11-03
2018,9,180d64c8-abf5-3783-b74a-d28e0e673713,,TRADE_PROPOSAL,PENDING,-2147483648,,0,TRADE,14198,Dion Lewis,7,4,2018-11-03
2018,9,180d64c8-abf5-3783-b74a-d28e0e673713,,TRADE_PROPOSAL,PENDING,-2147483648,,0,TRADE,14922,Mohamed Sanu,7,4,2018-11-03
2018,9,35f20091-6725-3dea-9804-8911cff723e5,,FREEAGENT,EXECUTED,6,,0,ADD,-16007,Broncos D/ST,-1,6,2018-11-02
2018,9,35f20091-6725-3dea-9804-8911cff723e5,,FREEAGENT,EXECUTED,6,,0,DROP,16845,Ryan Grant,6,-1,2018-11-02
2018,9,97536fc6-8f65-388d-ae7f-7ffc55307fd2,,FREEAGENT,EXECUTED,5,,0,ADD,13272,Ed Dickson,-1,5,2018-10-31
2018,9,c30e7834-7d7c-3921-bddb-11b402fe105d,,TRADE_PROPOSAL,PENDING,7,,0,TRADE,16804,John Brown,3,7,2018-10-30
2018,9,c30e7834-7d7c-3921-bddb-11b402fe105d,,TRADE_PROPOSAL,PENDING,7,,0,TRADE,10475,Greg Olsen,7,3,2018-10-30
2018,9,99def14c-69d7-3c45-97c2-2785d92c67d5,,WAIVER,PENDING,8,,5,ADD,3915823,Keke Coutee,-1,8,2018-10-30
2018,9,99def14c-69d7-3c45-97c2-2785d92c67d5,,WAIVER,PENDING,8,,5,DROP,3052876,Will Fuller V,8,-1,2018-10-30
2018,9,857c4515-7752-35ee-8920-fe0f7b261c79,,WAIVER,PENDING,-2147483648,,3,ADD,15853,Vance McDonald,-1,5,2018-10-31
2018,9,2dd1ffe5-c1d6-3ae9-89f6-9549fdfaa1ee,,TRADE_PROPOSAL,PENDING,8,,0,TRADE,3116385,Joe Mixon,10,8,2018-10-31
2018,9,2dd1ffe5-c1d6-3ae9-89f6-9549fdfaa1ee,,TRADE_PROPOSAL,PENDING,8,,0,TRADE,2979477,Tevin Coleman,8,10,2018-10-31
2018,9,2dd1ffe5-c1d6-3ae9-89f6-9549fdfaa1ee,,TRADE_PROPOSAL,PENDING,8,,0,TRADE,16725,Sammy Watkins,8,10,2018-10-31
2018,9,ab774eb1-a485-3594-a80c-945b2f2d4376,,WAIVER,EXECUTED,-2147483648,,8,ADD,-16006,Cowboys D/ST,-1,9,2018-10-31
2018,9,ab774eb1-a485-3594-a80c-945b2f2d4376,,WAIVER,EXECUTED,-2147483648,,8,DROP,-16022,Cardinals D/ST,9,-1,2018-10-31
2018,9,45eb0d61-daa5-3d10-930b-86df8a52426d,,WAIVER,PENDING,-2147483648,,6,ADD,2576623,DeVante Parker,-1,7,2018-10-31
2018,9,45eb0d61-daa5-3d10-930b-86df8a52426d,,WAIVER,PENDING,-2147483648,,6,DROP,-16030,Jaguars D/ST,7,-1,2018-10-31
2018,9,61b05c13-13ba-373b-90ba-77443b17f84d,,WAIVER,FAILED_MATCHUPACQUISITIONLIMIT,5,,3,ADD,-16006,Cowboys D/ST,-1,5,2018-10-31
2018,9,61b05c13-13ba-373b-90ba-77443b17f84d,,WAIVER,FAILED_MATCHUPACQUISITIONLIMIT,5,,3,DROP,3045138,Mike Williams,5,-1,2018-10-31
2018,9,220c8733-368c-3c43-b493-16832c95d54c,,WAIVER,FAILED_MATCHUPACQUISITIONLIMIT,3,,5,DROP,17258,Willie Snead IV,3,-1,2018-10-31
2018,9,220c8733-368c-3c43-b493-16832c95d54c,,WAIVER,FAILED_MATCHUPACQUISITIONLIMIT,3,,5,ADD,3915416,DJ Moore,-1,3,2018-10-31
2018,9,7b350a45-9ae4-31df-a146-1acbf489f766,,FREEAGENT,EXECUTED,10,,0,DROP,5526,Eli Manning,10,-1,2018-10-30
2018,9,e3069cf2-cd5c-3811-8988-c5a6930c0bbd,,FREEAGENT,EXECUTED,3,,0,ADD,3051738,Marquez Valdes-Scantling,-1,3,2018-11-04
2018,9,e3069cf2-cd5c-3811-8988-c5a6930c0bbd,,FREEAGENT,EXECUTED,3,,0,DROP,17258,Willie Snead IV,3,-1,2018-11-04
2018,9,0942d56a-19a7-329b-9df5-47ee6aca1e68,,TRADE_PROPOSAL,PENDING,8,,0,TRADE,16460,Adam Thielen,10,8,2018-10-30
2018,9,0942d56a-19a7-329b-9df5-47ee6aca1e68,,TRADE_PROPOSAL,PENDING,8,,0,TRADE,13229,Rob Gronkowski,8,10,2018-10-30
2018,9,0942d56a-19a7-329b-9df5-47ee6aca1e68,,TRADE_PROPOSAL,PENDING,8,,0,TRADE,3139605,Marlon Mack,8,10,2018-10-30
2018,9,4d9c9368-df60-3ab2-8750-adadaaa25b33,,WAIVER,FAILED_MATCHUPACQUISITIONLIMIT,7,,11,ADD,3128429,Courtland Sutton,-1,7,2018-10-31
2018,9,4d9c9368-df60-3ab2-8750-adadaaa25b33,,WAIVER,FAILED_MATCHUPACQUISITIONLIMIT,7,,11,DROP,-16030,Jaguars D/ST,7,-1,2018-10-31
2018,9,bb119f82-2978-302e-855a-e459b7680402,,TRADE_PROPOSAL,PENDING,8,,0,TRADE,3116385,Joe Mixon,10,8,2018-10-30
2018,9,bb119f82-2978-302e-855a-e459b7680402,,TRADE_PROPOSAL,PENDING,8,,0,TRADE,16460,Adam Thielen,10,8,2018-10-30
2018,9,bb119f82-2978-302e-855a-e459b7680402,,TRADE_PROPOSAL,PENDING,8,,0,TRADE,13229,Rob Gronkowski,8,10,2018-10-30
2018,9,bb119f82-2978-302e-855a-e459b7680402,,TRADE_PROPOSAL,PENDING,8,,0,TRADE,16725,Sammy Watkins,8,10,2018-10-30
2018,9,bb119f82-2978-302e-855a-e459b7680402,,TRADE_PROPOSAL,PENDING,8,,0,TRADE,3139605,Marlon Mack,8,10,2018-10-30
2018,9,8180cb84-5d9f-3f32-9aca-3393f4ba8ec4,,FREEAGENT,EXECUTED,8,,0,ADD,3128451,Tre'Quan Smith,-1,8,2018-10-31
2018,9,80544988-0dc2-3185-8bcd-2a9e40a2845d,,FREEAGENT,EXECUTED,10,,0,DROP,-16011,Colts D/ST,10,-1,2018-10-30
2018,9,de0584cd-b89b-3386-8fea-5216e6d54cfb,,FREEAGENT,EXECUTED,3,,0,DROP,8479,Frank Gore,3,-1,2018-10-30
2018,9,f0686c23-9997-32de-adf6-fb71d0b9c499,,TRADE_PROPOSAL,PENDING,10,,0,TRADE,3116385,Joe Mixon,10,4,2018-10-31
2018,9,f0686c23-9997-32de-adf6-fb71d0b9c499,,TRADE_PROPOSAL,PENDING,10,,0,TRADE,13217,Golden Tate,4,10,2018-10-31
2018,9,ad976484-5787-39f8-a463-eb83a9b42378,,WAIVER,FAILED_MATCHUPACQUISITIONLIMIT,3,,5,DROP,17258,Willie Snead IV,3,-1,2018-10-31
2018,9,ad976484-5787-39f8-a463-eb83a9b42378,,WAIVER,FAILED_MATCHUPACQUISITIONLIMIT,3,,5,ADD,2576623,DeVante Parker,-1,3,2018-10-31
2018,9,556fa511-d885-32d5-9c9e-c2c6e2f59445,,TRADE_PROPOSAL,PENDING,7,,0,TRADE,13994,Cam Newton,6,7,2018-11-01
2018,9,556fa511-d885-32d5-9c9e-c2c6e2f59445,,TRADE_PROPOSAL,PENDING,7,,0,TRADE,5529,Philip Rivers,7,6,2018-11-01
2018,9,556fa511-d885-32d5-9c9e-c2c6e2f59445,,TRADE_PROPOSAL,PENDING,7,,0,TRADE,10475,Greg Olsen,7,6,2018-11-01
2018,9,1483f05f-955b-3bd2-9bb7-acce7a632cfe,,WAIVER,PENDING,8,,5,ADD,3128429,Courtland Sutton,-1,8,2018-10-31
2018,9,1483f05f-955b-3bd2-9bb7-acce7a632cfe,,WAIVER,PENDING,8,,5,DROP,3052876,Will Fuller V,8,-1,2018-10-31
2018,9,872cafee-8c88-3da4-9008-492ae5b9f556,,FREEAGENT,EXECUTED,2,,0,LINEUP,3115364,Leonard Fournette,2,2,2018-10-31
2018,9,872cafee-8c88-3da4-9008-492ae5b9f556,,FREEAGENT,EXECUTED,2,,0,DROP,3025433,Mike Davis,2,-1,2018-10-31
2018,9,872ae11e-49bd-3ade-86c3-d9e108b6d30c,,WAIVER,EXECUTED,-2147483648,,9,ADD,3915416,DJ Moore,-1,7,2018-10-31
2018,9,872ae11e-49bd-3ade-86c3-d9e108b6d30c,,WAIVER,EXECUTED,-2147483648,,9,DROP,-16030,Jaguars D/ST,7,-1,2018-10-31
2018,9,927b9efe-f0ac-36d2-a0f3-8592b29ed63a,,TRADE_PROPOSAL,PENDING,7,,0,TRADE,15920,Latavius Murray,5,7,2018-10-30
2018,9,927b9efe-f0ac-36d2-a0f3-8592b29ed63a,,TRADE_PROPOSAL,PENDING,7,,0,TRADE,10475,Greg Olsen,7,5,2018-10-30
2018,9,d5d945af-2d06-3a06-a349-3e9f11fd6c0c,,TRADE_PROPOSAL,PENDING,10,,0,TRADE,3116385,Joe Mixon,10,8,2018-11-01
2018,9,d5d945af-2d06-3a06-a349-3e9f11fd6c0c,,TRADE_PROPOSAL,PENDING,10,,0,TRADE,2979477,Tevin Coleman,8,10,2018-11-01
2018,9,d5d945af-2d06-3a06-a349-3e9f11fd6c0c,,TRADE_PROPOSAL,PENDING,10,,0,TRADE,16725,Sammy Watkins,8,10,2018-11-01
2018,9,2312ce52-2a10-3e38-b33c-24be78a8b388,,WAIVER,PENDING,-2147483648,,5,ADD,3128429,Courtland Sutton,-1,8,2018-10-31
2018,9,99ba45bc-0192-3c1f-88d9-90383796d7b0,,TRADE_PROPOSAL,PENDING,7,,0,TRADE,2979477,Tevin Coleman,8,7,2018-10-30
2018,9,99ba45bc-0192-3c1f-88d9-90383796d7b0,,TRADE_PROPOSAL,PENDING,7,,0,TRADE,15705,Josh Gordon,7,8,2018-10-30
2018,9,c92f3cf7-a31c-35ae-83c7-240ef65a2ba3,,TRADE_PROPOSAL,PENDING,3,,0,TRADE,16804,John Brown,3,7,2018-10-30
2018,9,c92f3cf7-a31c-35ae-83c7-240ef65a2ba3,,TRADE_PROPOSAL,PENDING,3,,0,TRADE,10475,Greg Olsen,7,3,2018-10-30
2018,9,b34b710a-f620-30f6-8904-7fbec275531e,,WAIVER,PENDING,10,,1,ADD,3051738,Marquez Valdes-Scantling,-1,10,2018-10-31
2018,9,228db182-cbad-3c40-9a5e-ada6a9f554b4,,WAIVER,PENDING,10,,1,ADD,15349,Cole Beasley,-1,10,2018-10-31
2018,9,f56fa3de-75e0-37e9-b340-8d82711f791f,,TRADE_PROPOSAL,PENDING,10,,0,TRADE,15818,Keenan Allen,9,10,2018-11-02
2018,9,f56fa3de-75e0-37e9-b340-8d82711f791f,,TRADE_PROPOSAL,PENDING,10,,0,TRADE,12563,Michael Crabtree,10,9,2018-11-02
2018,9,f56fa3de-75e0-37e9-b340-8d82711f791f,,TRADE_PROPOSAL,PENDING,10,,0,TRADE,3051876,Evan Engram,10,9,2018-11-02
2018,9,fb4e4343-cc00-3cce-8f79-a0facf5528ca,,WAIVER,PENDING,-2147483648,,5,DROP,17258,Willie Snead IV,3,-1,2018-10-31
2018,9,fb4e4343-cc00-3cce-8f79-a0facf5528ca,,WAIVER,PENDING,-2147483648,,5,ADD,2576623,DeVante Parker,-1,3,2018-10-31
2018,9,34fce589-8b60-31cd-9cb1-e07e884566fe,,TRADE_PROPOSAL,PENDING,1,,0,TRADE,13229,Rob Gronkowski,8,1,2018-10-31
2018,9,34fce589-8b60-31cd-9cb1-e07e884566fe,,TRADE_PROPOSAL,PENDING,1,,0,TRADE,3139605,Marlon Mack,8,1,2018-10-31
2018,9,34fce589-8b60-31cd-9cb1-e07e884566fe,,TRADE_PROPOSAL,PENDING,1,,0,TRADE,14912,Alshon Jeffery,1,8,2018-10-31
2018,9,34fce589-8b60-31cd-9cb1-e07e884566fe,,TRADE_PROPOSAL,PENDING,1,,0,TRADE,3060022,Jordan Howard,1,8,2018-10-31
2018,9,07569dc1-e44b-339e-b0c9-949ba4e22aab,,WAIVER,EXECUTED,-2147483648,,14,ADD,3128429,Courtland Sutton,-1,10,2018-10-31
2018,9,c210b32d-d97e-3e6b-9fc8-03e3338d98a1,,WAIVER,PENDING,10,,20,DROP,3123969,Ito Smith,10,-1,2018-10-31
2018,9,c210b32d-d97e-3e6b-9fc8-03e3338d98a1,,WAIVER,PENDING,10,,20,ADD,3128429,Courtland Sutton,-1,10,2018-10-31
2018,9,7a32874d-54d2-340e-82b1-c446ab0f4d91,,FREEAGENT,EXECUTED,8,,0,ADD,3924365,Hayden Hurst,-1,8,2018-11-04
2018,9,7a32874d-54d2-340e-82b1-c446ab0f4d91,,FREEAGENT,EXECUTED,8,,0,DROP,3128451,Tre'Quan Smith,8,-1,2018-11-04
2018,9,2630784d-d989-3dc2-a645-d6b268f3ccdf,,TRADE_PROPOSAL,PENDING,7,,0,TRADE,13994,Cam Newton,6,7,2018-11-01
2018,9,2630784d-d989-3dc2-a645-d6b268f3ccdf,,TRADE_PROPOSAL,PENDING,7,,0,TRADE,5529,Philip Rivers,7,6,2018-11-01
2018,9,2630784d-d989-3dc2-a645-d6b268f3ccdf,,TRADE_PROPOSAL,PENDING,7,,0,TRADE,10475,Greg Olsen,7,6,2018-11-01
2018,9,2b3fb987-9ecf-37c4-ae23-a646e9dff25a,,TRADE_PROPOSAL,PENDING,4,,0,TRADE,13217,Golden Tate,4,10,2018-10-30
2018,9,2b3fb987-9ecf-37c4-ae23-a646e9dff25a,,TRADE_PROPOSAL,PENDING,4,,0,TRADE,3046409,Alex Collins,10,4,2018-10-30
2018,9,416e0f40-3584-3d00-a9e8-3888583fd0a7,,FREEAGENT,EXECUTED,10,,0,ADD,-16026,Seahawks D/ST,-1,10,2018-11-02
2018,9,9b1ce4e0-d40b-3676-8e64-7c6d04867d41,,WAIVER,FAILED_MATCHUPACQUISITIONLIMIT,8,,5,ADD,3128429,Courtland Sutton,-1,8,2018-10-31
2018,9,b5ab3fc6-c57e-37b0-b61a-6ca2e4abe89e,,TRADE_PROPOSAL,PENDING,8,,0,TRADE,16460,Adam Thielen,10,8,2018-10-30
2018,9,b5ab3fc6-c57e-37b0-b61a-6ca2e4abe89e,,TRADE_PROPOSAL,PENDING,8,,0,TRADE,16725,Sammy Watkins,8,10,2018-10-30
2018,9,b5ab3fc6-c57e-37b0-b61a-6ca2e4abe89e,,TRADE_PROPOSAL,PENDING,8,,0,TRADE,3139605,Marlon Mack,8,10,2018-10-30
2018,9,97710a2c-20db-3bf7-9f3b-0872d2731dee,,WAIVER,PENDING,-2147483648,,8,DROP,3050487,Anthony Miller,13,-1,2018-10-31
2018,9,97710a2c-20db-3bf7-9f3b-0872d2731dee,,WAIVER,PENDING,-2147483648,,8,ADD,2576623,DeVante Parker,-1,13,2018-10-31
2018,9,2f72b752-cd1a-3df1-99f0-b12ec00e738c,,WAIVER,PENDING,8,,10,ADD,3128429,Courtland Sutton,-1,8,2018-10-30
2018,9,2f72b752-cd1a-3df1-99f0-b12ec00e738c,,WAIVER,PENDING,8,,10,DROP,3052876,Will Fuller V,8,-1,2018-10-30
2018,9,37add0dc-d6b2-39ab-9c11-384949defd82,,TRADE_PROPOSAL,PENDING,8,,0,TRADE,13229,Rob Gronkowski,8,1,2018-10-31
2018,9,37add0dc-d6b2-39ab-9c11-384949defd82,,TRADE_PROPOSAL,PENDING,8,,0,TRADE,3139605,Marlon Mack,8,1,2018-10-31
2018,9,37add0dc-d6b2-39ab-9c11-384949defd82,,TRADE_PROPOSAL,PENDING,8,,0,TRADE,14912,Alshon Jeffery,1,8,2018-10-31
2018,9,37add0dc-d6b2-39ab-9c11-384949defd82,,TRADE_PROPOSAL,PENDING,8,,0,TRADE,3060022,Jordan Howard,1,8,2018-10-31
2018,9,e8a985af-83a2-305b-b033-edee6d8af1c1,,FREEAGENT,EXECUTED,2,,0,ADD,-16020,Jets D/ST,-1,2,2018-10-31
2018,9,e8a985af-83a2-305b-b033-edee6d8af1c1,,FREEAGENT,EXECUTED,2,,0,DROP,2577417,Dak Prescott,2,-1,2018-10-31
2018,9,16c66408-4b3b-3f22-9d54-d290a177e0f2,,TRADE_PROPOSAL,PENDING,8,,0,TRADE,16460,Adam Thielen,10,8,2018-10-30
2018,9,16c66408-4b3b-3f22-9d54-d290a177e0f2,,TRADE_PROPOSAL,PENDING,8,,0,TRADE,16725,Sammy Watkins,8,10,2018-10-30
2018,9,16c66408-4b3b-3f22-9d54-d290a177e0f2,,TRADE_PROPOSAL,PENDING,8,,0,TRADE,3139605,Marlon Mack,8,10,2018-10-30
2018,9,d599a5fd-0540-34f1-a190-11364fc8c6d7,,TRADE_PROPOSAL,PENDING,7,,0,TRADE,2979477,Tevin Coleman,8,7,2018-10-30
2018,9,d599a5fd-0540-34f1-a190-11364fc8c6d7,,TRADE_PROPOSAL,PENDING,7,,0,TRADE,15705,Josh Gordon,7,8,2018-10-30
2018,9,4b8bfd54-576f-3646-a4fc-1aff07c12527,,WAIVER,PENDING,-2147483648,,5,DROP,17258,Willie Snead IV,3,-1,2018-10-31
2018,9,4b8bfd54-576f-3646-a4fc-1aff07c12527,,WAIVER,PENDING,-2147483648,,5,ADD,3915416,DJ Moore,-1,3,2018-10-31
2018,9,6dbb8959-ce0f-3d3d-bfd9-42ffcd4e05d4,,WAIVER,FAILED_MATCHUPACQUISITIONLIMIT,1,,5,ADD,8664,Ryan Fitzpatrick,-1,1,2018-10-31
2018,9,6dbb8959-ce0f-3d3d-bfd9-42ffcd4e05d4,,WAIVER,FAILED_MATCHUPACQUISITIONLIMIT,1,,5,DROP,2969939,Jameis Winston,1,-1,2018-10-31
2018,9,5f36b888-5a81-3544-b9ec-12b0aebe74e5,,WAIVER,FAILED_MATCHUPACQUISITIONLIMIT,8,,8,ADD,3915416,DJ Moore,-1,8,2018-10-31
2018,9,c3b18dbb-8779-3454-a233-c4f5568ea93c,,FREEAGENT,EXECUTED,5,,1,DROP,3045138,Mike Williams,5,-1,2018-10-31
2018,9,c3b18dbb-8779-3454-a233-c4f5568ea93c,,FREEAGENT,EXECUTED,5,,1,ADD,-16015,Dolphins D/ST,-1,5,2018-10-31
2018,9,ad3f1c47-84be-3679-bb0a-c3f2f816db34,,TRADE_PROPOSAL,PENDING,-2147483648,,0,TRADE,13295,Emmanuel Sanders,2,7,2018-11-01
2018,9,ad3f1c47-84be-3679-bb0a-c3f2f816db34,,TRADE_PROPOSAL,PENDING,-2147483648,,0,TRADE,10475,Greg Olsen,7,2,2018-11-01
2018,9,ad3f1c47-84be-3679-bb0a-c3f2f816db34,,TRADE_PROPOSAL,PENDING,-2147483648,,0,TRADE,3892889,Dede Westbrook,7,2,2018-11-01
2018,9,33fecd5f-4d47-3710-9a4f-a68116720b4e,,TRADE_PROPOSAL,PENDING,7,,0,TRADE,15795,DeAndre Hopkins,4,7,2018-11-01
2018,9,33fecd5f-4d47-3710-9a4f-a68116720b4e,,TRADE_PROPOSAL,PENDING,7,,0,TRADE,15705,Josh Gordon,7,4,2018-11-01
2018,9,33fecd5f-4d47-3710-9a4f-a68116720b4e,,TRADE_PROPOSAL,PENDING,7,,0,TRADE,14198,Dion Lewis,7,4,2018-11-01
2018,9,33fecd5f-4d47-3710-9a4f-a68116720b4e,,TRADE_PROPOSAL,PENDING,7,,0,TRADE,14922,Mohamed Sanu,7,4,2018-11-01
2018,9,4713d1cf-974e-31c6-9429-31d6f0fea9d9,,FREEAGENT,EXECUTED,6,,0,ADD,8479,Frank Gore,-1,6,2018-11-02
2018,9,4713d1cf-974e-31c6-9429-31d6f0fea9d9,,FREEAGENT,EXECUTED,6,,0,DROP,2971618,Nelson Agholor,6,-1,2018-11-02
2018,9,aff83c1b-1015-36b7-a0a4-265920b61ced,,WAIVER,PENDING,10,,1,ADD,3915416,DJ Moore,-1,10,2018-10-31
2018,9,13bc3d3b-fded-312b-b39d-a7911afb22ce,,WAIVER,FAILED_MATCHUPACQUISITIONLIMIT,5,,3,ADD,15853,Vance McDonald,-1,5,2018-10-31
2018,9,29e25913-a5f2-36a1-bcd8-5d0bcbd6a3c1,,TRADE_PROPOSAL,PENDING,7,,0,TRADE,13295,Emmanuel Sanders,2,7,2018-10-30
2018,9,29e25913-a5f2-36a1-bcd8-5d0bcbd6a3c1,,TRADE_PROPOSAL,PENDING,7,,0,TRADE,10475,Greg Olsen,7,2,2018-10-30
2018,9,29e25913-a5f2-36a1-bcd8-5d0bcbd6a3c1,,TRADE_PROPOSAL,PENDING,7,,0,TRADE,3892889,Dede Westbrook,7,2,2018-10-30
2018,9,ccb37931-29f7-30ff-8240-3aa42e428d57,,TRADE_PROPOSAL,PENDING,10,,0,TRADE,16460,Adam Thielen,10,1,2018-11-01
2018,9,ccb37931-29f7-30ff-8240-3aa42e428d57,,TRADE_PROPOSAL,PENDING,10,,0,TRADE,3116385,Joe Mixon,10,1,2018-11-01
2018,9,ccb37931-29f7-30ff-8240-3aa42e428d57,,TRADE_PROPOSAL,PENDING,10,,0,TRADE,3051876,Evan Engram,10,1,2018-11-01
2018,9,ccb37931-29f7-30ff-8240-3aa42e428d57,,TRADE_PROPOSAL,PENDING,10,,0,TRADE,3060022,Jordan Howard,1,10,2018-11-01
2018,9,ccb37931-29f7-30ff-8240-3aa42e428d57,,TRADE_PROPOSAL,PENDING,10,,0,TRADE,14912,Alshon Jeffery,1,10,2018-11-01
2018,9,ccb37931-29f7-30ff-8240-3aa42e428d57,,TRADE_PROPOSAL,PENDING,10,,0,TRADE,3916925,Kerryon Johnson,1,10,2018-11-01
2018,9,ee4e8f37-61ee-3b96-8963-f9d172f1803f,,WAIVER,PENDING,-2147483648,,5,ADD,8664,Ryan Fitzpatrick,-1,1,2018-10-31
2018,9,ee4e8f37-61ee-3b96-8963-f9d172f1803f,,WAIVER,PENDING,-2147483648,,5,DROP,2969939,Jameis Winston,1,-1,2018-10-31
2018,9,e9270d14-5e72-3161-b7cf-02dd69eff33b,,FREEAGENT,EXECUTED,5,,0,DROP,15921,Kenjon Barner,5,-1,2018-10-30
2018,9,4f13e764-e401-3c5f-be4d-0330c7b2d016,,FREEAGENT,EXECUTED,8,,0,DROP,3052876,Will Fuller V,8,-1,2018-10-31
2018,9,9b83cd82-13f7-31c9-abce-ce8af699f9a6,,WAIVER,PENDING,3,,1,DROP,17258,Willie Snead IV,3,-1,2018-10-30
2018,9,9b83cd82-13f7-31c9-abce-ce8af699f9a6,,WAIVER,PENDING,3,,1,ADD,3915416,DJ Moore,-1,3,2018-10-30
2018,10,165d1e93-57e5-3ce3-b5fb-814c17c5912d,,WAIVER,EXECUTED,-2147483648,,1,ADD,8416,Alex Smith,-1,12,2018-11-07
2018,10,165d1e93-57e5-3ce3-b5fb-814c17c5912d,,WAIVER,EXECUTED,-2147483648,,1,DROP,2983209,Chester Rogers,12,-1,2018-11-07
2018,10,ae6e1cfb-e870-3d12-9b5a-ce6923776bbe,,WAIVER,EXECUTED,-2147483648,,1,ADD,2576399,Nick Vannett,-1,3,2018-11-07
2018,10,ae6e1cfb-e870-3d12-9b5a-ce6923776bbe,,WAIVER,EXECUTED,-2147483648,,1,DROP,2577253,Javorius Allen,3,-1,2018-11-07
2018,10,32487323-3198-3efc-a2c8-450f329050c5,,WAIVER,PENDING,-2147483648,,4,ADD,3025433,Mike Davis,-1,1,2018-11-07
2018,10,32487323-3198-3efc-a2c8-450f329050c5,,WAIVER,PENDING,-2147483648,,4,DROP,3051806,Ricky Seals-Jones,1,-1,2018-11-07
2018,10,3b590fad-13ac-3293-9bea-dbb823e9838f,,WAIVER,FAILED_MATCHUPACQUISITIONLIMIT,1,,4,ADD,3025433,Mike Davis,-1,1,2018-11-07
2018,10,3b590fad-13ac-3293-9bea-dbb823e9838f,,WAIVER,FAILED_MATCHUPACQUISITIONLIMIT,1,,4,DROP,3051806,Ricky Seals-Jones,1,-1,2018-11-07
2018,10,ef5cbcd3-89a8-3ddf-b9fa-5759e7ff2451,,WAIVER,FAILED_MATCHUPACQUISITIONLIMIT,5,,4,ADD,3025433,Mike Davis,-1,5,2018-11-07
2018,10,c9775955-d63c-32c8-a239-4982d9b8e0ce,,WAIVER,PENDING,5,,1,ADD,1097,Adam Vinatieri,-1,5,2018-11-06
2018,10,f08a005f-d587-37c6-833a-214bd0b26f46,,FREEAGENT,EXECUTED,10,,1,DROP,-16017,Patriots D/ST,10,-1,2018-11-11
2018,10,f08a005f-d587-37c6-833a-214bd0b26f46,,FREEAGENT,EXECUTED,10,,1,ADD,-16025,49ers D/ST,-1,10,2018-11-11
2018,10,f7ae28f5-08c3-3e8e-9da6-2553c38e85fb,,WAIVER,EXECUTED,-2147483648,,1,ADD,3052587,Baker Mayfield,-1,12,2018-11-07
2018,10,41f55c1e-ca51-3b7d-9db3-d2c4ed133eb1,,WAIVER,FAILED_MATCHUPACQUISITIONLIMIT,3,,1,ADD,3042494,Elijah McGuire,-1,3,2018-11-07
2018,10,41f55c1e-ca51-3b7d-9db3-d2c4ed133eb1,,WAIVER,FAILED_MATCHUPACQUISITIONLIMIT,3,,1,DROP,15349,Cole Beasley,3,-1,2018-11-07
2018,10,9a97a455-318e-35cb-9583-f4f65ddad232,,WAIVER,PENDING,-2147483648,,4,ADD,3025433,Mike Davis,-1,5,2018-11-07
2018,10,05e64d3a-3bb4-39af-960d-66203af3c3fc,,FREEAGENT,EXECUTED,10,,0,ADD,-16017,Patriots D/ST,-1,10,2018-11-08
2018,10,05e64d3a-3bb4-39af-960d-66203af3c3fc,,FREEAGENT,EXECUTED,10,,0,DROP,-16010,Titans D/ST,10,-1,2018-11-08
2018,10,ee389130-4076-33be-974b-6f2031b57203,,FREEAGENT,EXECUTED,5,,0,DROP,16486,Brett Maher,5,-1,2018-11-06
2018,10,000a6b77-77da-3ee0-ab12-117034558169,,WAIVER,PENDING,-2147483648,,6,ADD,3895856,Christian Kirk,-1,8,2018-11-07
2018,10,000a6b77-77da-3ee0-ab12-117034558169,,WAIVER,PENDING,-2147483648,,6,DROP,3924365,Hayden Hurst,8,-1,2018-11-07
2018,10,b5380369-a537-394e-a31f-3166f89f89e4,,WAIVER,PENDING,4,,1,ADD,3042494,Elijah McGuire,-1,4,2018-11-06
2018,10,b5380369-a537-394e-a31f-3166f89f89e4,,WAIVER,PENDING,4,,1,DROP,13587,Chris Ivory,4,-1,2018-11-06
2018,10,484655fe-2bce-368a-a6bf-ad622bfb9070,,WAIVER,FAILED_MATCHUPACQUISITIONLIMIT,7,,4,ADD,13215,Dez Bryant,-1,7,2018-11-07
2018,10,484655fe-2bce-368a-a6bf-ad622bfb9070,,WAIVER,FAILED_MATCHUPACQUISITIONLIMIT,7,,4,DROP,3915416,DJ Moore,7,-1,2018-11-07
2018,10,dbaa3a68-85e9-3d1f-8b8a-ca7d29a73e8b,,WAIVER,PENDING,-2147483648,,1,DROP,16016,Kenny Stills,2,-1,2018-11-07
2018,10,dbaa3a68-85e9-3d1f-8b8a-ca7d29a73e8b,,WAIVER,PENDING,-2147483648,,1,ADD,1097,Adam Vinatieri,-1,2,2018-11-07
2018,10,bccb92cc-7ef8-3274-b24a-9d8ad637666d,,FREEAGENT,EXECUTED,1,,0,ADD,-16002,Bills D/ST,-1,1,2018-11-07
2018,10,bccb92cc-7ef8-3274-b24a-9d8ad637666d,,FREEAGENT,EXECUTED,1,,0,DROP,3051806,Ricky Seals-Jones,1,-1,2018-11-07
2018,10,fad34cda-36d8-3a4f-be9f-b7a1570fc23f,,TRADE_PROPOSAL,PENDING,10,,0,TRADE,5528,Larry Fitzgerald,13,10,2018-11-09
2018,10,fad34cda-36d8-3a4f-be9f-b7a1570fc23f,,TRADE_PROPOSAL,PENDING,10,,0,TRADE,3046409,Alex Collins,10,13,2018-11-09
2018,10,27101984-ba2a-3afc-8035-cc41a9fc51c3,,FREEAGENT,EXECUTED,5,,0,DROP,13272,Ed Dickson,5,-1,2018-11-06
2018,10,34fd9ea2-4f0f-3879-90f2-4be59934568d,,TRADE_PROPOSAL,PENDING,10,,1,DROP,-16017,Patriots D/ST,10,-1,2018-11-10
2018,10,34fd9ea2-4f0f-3879-90f2-4be59934568d,,TRADE_PROPOSAL,PENDING,10,,1,TRADE,13982,Julio Jones,5,10,2018-11-10
2018,10,34fd9ea2-4f0f-3879-90f2-4be59934568d,,TRADE_PROPOSAL,PENDING,10,,1,TRADE,-16024,Chargers D/ST,5,10,2018-11-10
2018,10,34fd9ea2-4f0f-3879-90f2-4be59934568d,,TRADE_PROPOSAL,PENDING,10,,1,TRADE,16460,Adam Thielen,10,5,2018-11-10
2018,10,91ccc495-c890-36f7-b30e-4f4a9cb2c421,,FREEAGENT,EXECUTED,5,,0,ADD,8544,Darren Sproles,-1,5,2018-11-08
2018,10,91ccc495-c890-36f7-b30e-4f4a9cb2c421,,FREEAGENT,EXECUTED,5,,0,DROP,15994,Theo Riddick,5,-1,2018-11-08
2018,10,d87452e7-980c-3b6b-bd01-7e6b8ead9e67,,TRADE_PROPOSAL,PENDING,10,,0,TRADE,15880,Robert Woods,8,10,2018-11-10
2018,10,d87452e7-980c-3b6b-bd01-7e6b8ead9e67,,TRADE_PROPOSAL,PENDING,10,,0,TRADE,3040151,George Kittle,8,10,2018-11-10
2018,10,d87452e7-980c-3b6b-bd01-7e6b8ead9e67,,TRADE_PROPOSAL,PENDING,10,,0,TRADE,3139605,Marlon Mack,8,10,2018-11-10
2018,10,d87452e7-980c-3b6b-bd01-7e6b8ead9e67,,TRADE_PROPOSAL,PENDING,10,,0,TRADE,16974,Trey Burton,10,8,2018-11-10
2018,10,d87452e7-980c-3b6b-bd01-7e6b8ead9e67,,TRADE_PROPOSAL,PENDING,10,,0,TRADE,16460,Adam Thielen,10,8,2018-11-10
2018,10,d87452e7-980c-3b6b-bd01-7e6b8ead9e67,,TRADE_PROPOSAL,PENDING,10,,0,TRADE,2976516,T.J. Yeldon,10,8,2018-11-10
2018,10,d3458ba9-b22c-3d74-9238-4a351d9cad91,,TRADE_PROPOSAL,PENDING,10,,0,TRADE,2976592,Sterling Shepard,5,10,2018-11-10
2018,10,d3458ba9-b22c-3d74-9238-4a351d9cad91,,TRADE_PROPOSAL,PENDING,10,,0,TRADE,2972091,Jalen Richard,10,5,2018-11-10
2018,10,5a8e622f-598d-356e-b640-373bb0eb39ed,,WAIVER,PENDING,-2147483648,,5,ADD,3128451,Tre'Quan Smith,-1,8,2018-11-07
2018,10,5a8e622f-598d-356e-b640-373bb0eb39ed,,WAIVER,PENDING,-2147483648,,5,DROP,3924365,Hayden Hurst,8,-1,2018-11-07
2018,10,bb06641c-7583-3304-a7a7-d33efd34a89b,,FREEAGENT,EXECUTED,5,,0,DROP,-16015,Dolphins D/ST,5,-1,2018-11-07
2018,10,e4e55e0d-db6c-3dff-9fad-a866151d6ebc,,TRADE_PROPOSAL,PENDING,5,,0,TRADE,2976592,Sterling Shepard,5,10,2018-11-10
2018,10,e4e55e0d-db6c-3dff-9fad-a866151d6ebc,,TRADE_PROPOSAL,PENDING,5,,0,TRADE,2972091,Jalen Richard,10,5,2018-11-10
2018,10,fb35f596-bb86-3261-b80b-b804b7c31b99,,TRADE_PROPOSAL,PENDING,-2147483648,,0,TRADE,17437,Taylor Gabriel,12,10,2018-11-11
2018,10,fb35f596-bb86-3261-b80b-b804b7c31b99,,TRADE_PROPOSAL,PENDING,-2147483648,,0,TRADE,2972091,Jalen Richard,10,12,2018-11-11
2018,10,2e8425d8-948d-3e5a-8b26-d359fd78f626,,WAIVER,EXECUTED,-2147483648,,3,ADD,1097,Adam Vinatieri,-1,5,2018-11-07
2018,10,91da1e5e-c59b-3864-94dc-ddaf1c4514ee,,TRADE_PROPOSAL,PENDING,7,,0,TRADE,2976212,Stefon Diggs,3,7,2018-11-06
2018,10,91da1e5e-c59b-3864-94dc-ddaf1c4514ee,,TRADE_PROPOSAL,PENDING,7,,0,TRADE,16504,Jack Doyle,7,3,2018-11-06
2018,10,91da1e5e-c59b-3864-94dc-ddaf1c4514ee,,TRADE_PROPOSAL,PENDING,7,,0,TRADE,14922,Mohamed Sanu,7,3,2018-11-06
2018,10,fe49357d-8e9e-30b2-a92c-ab70e9822de1,,FREEAGENT,EXECUTED,10,,0,ADD,2576868,Maurice Harris,-1,10,2018-11-11
2018,10,fe49357d-8e9e-30b2-a92c-ab70e9822de1,,FREEAGENT,EXECUTED,10,,0,DROP,3051876,Evan Engram,10,-1,2018-11-11
2018,10,6b343063-0286-39dd-b70b-44e171088b7a,,TRADE_PROPOSAL,PENDING,3,,0,TRADE,2976212,Stefon Diggs,3,7,2018-11-06
2018,10,6b343063-0286-39dd-b70b-44e171088b7a,,TRADE_PROPOSAL,PENDING,3,,0,TRADE,16504,Jack Doyle,7,3,2018-11-06
2018,10,6b343063-0286-39dd-b70b-44e171088b7a,,TRADE_PROPOSAL,PENDING,3,,0,TRADE,14922,Mohamed Sanu,7,3,2018-11-06
2018,10,e182bb68-0c44-3184-8ae9-a025d4a8f5fe,,WAIVER,EXECUTED,-2147483648,,7,ADD,3042494,Elijah McGuire,-1,4,2018-11-07
2018,10,e182bb68-0c44-3184-8ae9-a025d4a8f5fe,,WAIVER,EXECUTED,-2147483648,,7,DROP,13587,Chris Ivory,4,-1,2018-11-07
2018,10,1b415048-c363-33a5-96e9-0ff8f7521054,,WAIVER,PENDING,8,,5,ADD,3895856,Christian Kirk,-1,8,2018-11-06
2018,10,1b415048-c363-33a5-96e9-0ff8f7521054,,WAIVER,PENDING,8,,5,DROP,3924365,Hayden Hurst,8,-1,2018-11-06
2018,10,c4493b11-1f3c-37fd-a7be-07dcf94be98b,,WAIVER,PENDING,-2147483648,,1,ADD,3042494,Elijah McGuire,-1,3,2018-11-07
2018,10,c4493b11-1f3c-37fd-a7be-07dcf94be98b,,WAIVER,PENDING,-2147483648,,1,DROP,15349,Cole Beasley,3,-1,2018-11-07
2018,10,81b08820-8cae-33f7-8755-2fad9c0c7d7b,,WAIVER,EXECUTED,-2147483648,,5,ADD,-16024,Chargers D/ST,-1,5,2018-11-07
2018,10,9e7db918-480b-3439-96d9-8679d5534c00,,TRADE_PROPOSAL,PENDING,10,,0,TRADE,17437,Taylor Gabriel,12,10,2018-11-09
2018,10,9e7db918-480b-3439-96d9-8679d5534c00,,TRADE_PROPOSAL,PENDING,10,,0,TRADE,2972091,Jalen Richard,10,12,2018-11-09
2018,10,b3f39fdd-0035-38bf-9177-94c70b367be5,,FREEAGENT,EXECUTED,5,,0,ADD,15994,Theo Riddick,-1,5,2018-11-08
2018,10,719a7cb2-078b-30b9-af36-23e61e943be6,,FREEAGENT,EXECUTED,8,,0,ADD,3128451,Tre'Quan Smith,-1,8,2018-11-10
2018,10,719a7cb2-078b-30b9-af36-23e61e943be6,,FREEAGENT,EXECUTED,8,,0,DROP,3039707,Mitchell Trubisky,8,-1,2018-11-10
2018,10,9b613fe0-8630-31b0-996d-a405b7e62f2c,,FREEAGENT,EXECUTED,2,,0,ADD,12731,Ryan Succop,-1,2,2018-11-07
2018,10,9b613fe0-8630-31b0-996d-a405b7e62f2c,,FREEAGENT,EXECUTED,2,,0,DROP,16016,Kenny Stills,2,-1,2018-11-07
2018,10,77113d4d-5196-3369-b5a0-5bfedb806cc7,,TRADE_PROPOSAL,PENDING,10,,1,DROP,-16017,Patriots D/ST,10,-1,2018-11-10
2018,10,77113d4d-5196-3369-b5a0-5bfedb806cc7,,TRADE_PROPOSAL,PENDING,10,,1,TRADE,13982,Julio Jones,5,10,2018-11-10
2018,10,77113d4d-5196-3369-b5a0-5bfedb806cc7,,TRADE_PROPOSAL,PENDING,10,,1,TRADE,-16024,Chargers D/ST,5,10,2018-11-10
2018,10,77113d4d-5196-3369-b5a0-5bfedb806cc7,,TRADE_PROPOSAL,PENDING,10,,1,TRADE,16460,Adam Thielen,10,5,2018-11-10
2018,10,9cdc8e16-278c-3654-8e06-49e8bf4b5899,,WAIVER,PENDING,-2147483648,,3,ADD,-16030,Jaguars D/ST,-1,7,2018-11-07
2018,10,9cdc8e16-278c-3654-8e06-49e8bf4b5899,,WAIVER,PENDING,-2147483648,,3,DROP,14922,Mohamed Sanu,7,-1,2018-11-07
2018,10,4832835c-f340-37e9-aef9-4ce20900e290,,WAIVER,PENDING,8,,8,ADD,3895856,Christian Kirk,-1,8,2018-11-07
2018,10,4832835c-f340-37e9-aef9-4ce20900e290,,WAIVER,PENDING,8,,8,DROP,3924365,Hayden Hurst,8,-1,2018-11-07
2018,10,a7dc60a7-9ab2-3b82-baf1-7e86ae51a5a1,,FREEAGENT,EXECUTED,3,,0,ADD,14922,Mohamed Sanu,-1,3,2018-11-10
2018,10,a7dc60a7-9ab2-3b82-baf1-7e86ae51a5a1,,FREEAGENT,EXECUTED,3,,0,DROP,15349,Cole Beasley,3,-1,2018-11-10
2018,10,3b3d2449-b906-3e05-9262-976520a399e5,,TRADE_PROPOSAL,PENDING,10,,0,TRADE,3040151,George Kittle,8,10,2018-11-13
2018,10,3b3d2449-b906-3e05-9262-976520a399e5,,TRADE_PROPOSAL,PENDING,10,,0,TRADE,3139605,Marlon Mack,8,10,2018-11-13
2018,10,3b3d2449-b906-3e05-9262-976520a399e5,,TRADE_PROPOSAL,PENDING,10,,0,TRADE,3116385,Joe Mixon,10,8,2018-11-13
2018,10,3b3d2449-b906-3e05-9262-976520a399e5,,TRADE_PROPOSAL,PENDING,10,,0,TRADE,12563,Michael Crabtree,10,8,2018-11-13
2018,10,a0f9511e-8d9b-3286-b9b7-ba0596d19e57,,WAIVER,FAILED_MATCHUPACQUISITIONLIMIT,1,,2,DROP,2577134,Ty Montgomery,1,-1,2018-11-07
2018,10,a0f9511e-8d9b-3286-b9b7-ba0596d19e57,,WAIVER,FAILED_MATCHUPACQUISITIONLIMIT,1,,2,ADD,-16024,Chargers D/ST,-1,1,2018-11-07
2018,10,96e1ccc7-8d50-3c50-8c5c-526d9dd569eb,,TRADE_PROPOSAL,PENDING,5,,1,DROP,2972091,Jalen Richard,10,-1,2018-11-10
2018,10,96e1ccc7-8d50-3c50-8c5c-526d9dd569eb,,TRADE_PROPOSAL,PENDING,5,,1,TRADE,13982,Julio Jones,5,10,2018-11-10
2018,10,96e1ccc7-8d50-3c50-8c5c-526d9dd569eb,,TRADE_PROPOSAL,PENDING,5,,1,TRADE,2576491,Adam Humphries,5,10,2018-11-10
2018,10,96e1ccc7-8d50-3c50-8c5c-526d9dd569eb,,TRADE_PROPOSAL,PENDING,5,,1,TRADE,16460,Adam Thielen,10,5,2018-11-10
2018,10,9dcf7008-d22f-3b0b-bdaa-685d575ca46d,,WAIVER,EXECUTED,-2147483648,,8,ADD,13215,Dez Bryant,-1,8,2018-11-07
2018,10,9dcf7008-d22f-3b0b-bdaa-685d575ca46d,,WAIVER,EXECUTED,-2147483648,,8,DROP,3924365,Hayden Hurst,8,-1,2018-11-07
2018,10,72f9af9e-7f47-3c38-aa90-7dfb3ac709bc,,FREEAGENT,EXECUTED,5,,0,ADD,2576491,Adam Humphries,-1,5,2018-11-07
2018,10,37792662-794a-33ab-b13a-5b0722f66f86,,TRADE_PROPOSAL,PENDING,-2147483648,,0,TRADE,5528,Larry Fitzgerald,13,10,2018-11-11
2018,10,37792662-794a-33ab-b13a-5b0722f66f86,,TRADE_PROPOSAL,PENDING,-2147483648,,0,TRADE,3046409,Alex Collins,10,13,2018-11-11
2018,10,e25a1639-355a-3074-993f-71bd19eed0ee,,FREEAGENT,EXECUTED,2,,0,ADD,17258,Willie Snead IV,-1,2,2018-11-12
2018,10,70178d4c-582e-38d0-b94a-3b4cd356dc3b,,FREEAGENT,EXECUTED,5,,0,ADD,15994,Theo Riddick,-1,5,2018-11-07
2018,10,940836a0-5f1e-3eee-a41e-5e4030cb5201,,TRADE_PROPOSAL,PENDING,10,,0,TRADE,15880,Robert Woods,8,10,2018-11-10
2018,10,940836a0-5f1e-3eee-a41e-5e4030cb5201,,TRADE_PROPOSAL,PENDING,10,,0,TRADE,3040151,George Kittle,8,10,2018-11-10
2018,10,940836a0-5f1e-3eee-a41e-5e4030cb5201,,TRADE_PROPOSAL,PENDING,10,,0,TRADE,3139605,Marlon Mack,8,10,2018-11-10
2018,10,940836a0-5f1e-3eee-a41e-5e4030cb5201,,TRADE_PROPOSAL,PENDING,10,,0,TRADE,16460,Adam Thielen,10,8,2018-11-10
2018,10,940836a0-5f1e-3eee-a41e-5e4030cb5201,,TRADE_PROPOSAL,PENDING,10,,0,TRADE,2976516,T.J. Yeldon,10,8,2018-11-10
2018,10,940836a0-5f1e-3eee-a41e-5e4030cb5201,,TRADE_PROPOSAL,PENDING,10,,0,TRADE,3051876,Evan Engram,10,8,2018-11-10
2018,10,d5b9e2f8-adac-36e5-8af7-13934f321fac,,WAIVER,PENDING,-2147483648,,2,DROP,2577134,Ty Montgomery,1,-1,2018-11-07
2018,10,d5b9e2f8-adac-36e5-8af7-13934f321fac,,WAIVER,PENDING,-2147483648,,2,ADD,-16024,Chargers D/ST,-1,1,2018-11-07
2018,10,3b382c2a-05c4-3a14-95bb-88f7e498ca6b,,WAIVER,PENDING,-2147483648,,4,ADD,13215,Dez Bryant,-1,7,2018-11-07
2018,10,3b382c2a-05c4-3a14-95bb-88f7e498ca6b,,WAIVER,PENDING,-2147483648,,4,DROP,3915416,DJ Moore,7,-1,2018-11-07
2018,10,5ceed734-d72c-34eb-ac63-0e1debf03266,,FREEAGENT,EXECUTED,5,,0,DROP,8544,Darren Sproles,5,-1,2018-11-08
2018,10,71554a8a-a37e-3084-a210-288c062891e6,,WAIVER,EXECUTED,-2147483648,,1,ADD,17082,Cody Parkey,-1,3,2018-11-07
2018,10,71554a8a-a37e-3084-a210-288c062891e6,,WAIVER,EXECUTED,-2147483648,,1,DROP,3051889,Laquon Treadwell,3,-1,2018-11-07
2018,10,e8daa061-65a5-37a1-a45b-ac40de263fd4,,WAIVER,FAILED_MATCHUPACQUISITIONLIMIT,2,,1,DROP,16016,Kenny Stills,2,-1,2018-11-07
2018,10,e8daa061-65a5-37a1-a45b-ac40de263fd4,,WAIVER,FAILED_MATCHUPACQUISITIONLIMIT,2,,1,ADD,1097,Adam Vinatieri,-1,2,2018-11-07
2018,10,f2c4124a-959e-3d11-be47-515a9fd39b0f,,FREEAGENT,EXECUTED,8,,0,ADD,3895856,Christian Kirk,-1,8,2018-11-09
2018,10,f2c4124a-959e-3d11-be47-515a9fd39b0f,,FREEAGENT,EXECUTED,8,,0,DROP,13215,Dez Bryant,8,-1,2018-11-09
2018,10,799a9b96-9c2a-3adb-9d20-5a5690d5aa80,,WAIVER,EXECUTED,-2147483648,,5,ADD,3025433,Mike Davis,-1,7,2018-11-07
2018,10,799a9b96-9c2a-3adb-9d20-5a5690d5aa80,,WAIVER,EXECUTED,-2147483648,,5,DROP,14922,Mohamed Sanu,7,-1,2018-11-07
2018,10,00418282-7b78-3774-879c-f5e0d5c1a7a8,,TRADE_PROPOSAL,PENDING,10,,0,TRADE,15880,Robert Woods,8,10,2018-11-10
2018,10,00418282-7b78-3774-879c-f5e0d5c1a7a8,,TRADE_PROPOSAL,PENDING,10,,0,TRADE,3040151,George Kittle,8,10,2018-11-10
2018,10,00418282-7b78-3774-879c-f5e0d5c1a7a8,,TRADE_PROPOSAL,PENDING,10,,0,TRADE,3139605,Marlon Mack,8,10,2018-11-10
2018,10,00418282-7b78-3774-879c-f5e0d5c1a7a8,,TRADE_PROPOSAL,PENDING,10,,0,TRADE,16974,Trey Burton,10,8,2018-11-10
2018,10,00418282-7b78-3774-879c-f5e0d5c1a7a8,,TRADE_PROPOSAL,PENDING,10,,0,TRADE,16460,Adam Thielen,10,8,2018-11-10
2018,10,00418282-7b78-3774-879c-f5e0d5c1a7a8,,TRADE_PROPOSAL,PENDING,10,,0,TRADE,2976516,T.J. Yeldon,10,8,2018-11-10
2018,10,2974dc24-0f02-369d-910d-ffbc58c322e8,,FREEAGENT,EXECUTED,7,,0,ADD,-16030,Jaguars D/ST,-1,7,2018-11-07
2018,10,2974dc24-0f02-369d-910d-ffbc58c322e8,,FREEAGENT,EXECUTED,7,,0,DROP,3915416,DJ Moore,7,-1,2018-11-07
2018,10,0751613b-413f-3ef1-b6df-eb649b81a556,,TRADE_PROPOSAL,PENDING,10,,1,DROP,2972091,Jalen Richard,10,-1,2018-11-10
2018,10,0751613b-413f-3ef1-b6df-eb649b81a556,,TRADE_PROPOSAL,PENDING,10,,1,TRADE,13982,Julio Jones,5,10,2018-11-10
2018,10,0751613b-413f-3ef1-b6df-eb649b81a556,,TRADE_PROPOSAL,PENDING,10,,1,TRADE,2576491,Adam Humphries,5,10,2018-11-10
2018,10,0751613b-413f-3ef1-b6df-eb649b81a556,,TRADE_PROPOSAL,PENDING,10,,1,TRADE,16460,Adam Thielen,10,5,2018-11-10
2018,10,c5e03aa0-33ee-3a68-a3fb-7f4f624e14e8,,WAIVER,PENDING,8,,8,ADD,13215,Dez Bryant,-1,8,2018-11-07
2018,10,c5e03aa0-33ee-3a68-a3fb-7f4f624e14e8,,WAIVER,PENDING,8,,8,DROP,3924365,Hayden Hurst,8,-1,2018-11-07
2018,10,113d5bad-4d28-39f2-bd2b-112109cd76e2,,TRADE_PROPOSAL,PENDING,10,,1,DROP,3128429,Courtland Sutton,10,-1,2018-11-10
2018,10,113d5bad-4d28-39f2-bd2b-112109cd76e2,,TRADE_PROPOSAL,PENDING,10,,1,TRADE,16733,Odell Beckham Jr.,6,10,2018-11-10
2018,10,113d5bad-4d28-39f2-bd2b-112109cd76e2,,TRADE_PROPOSAL,PENDING,10,,1,TRADE,13216,Demaryius Thomas,6,10,2018-11-10
2018,10,113d5bad-4d28-39f2-bd2b-112109cd76e2,,TRADE_PROPOSAL,PENDING,10,,1,TRADE,16460,Adam Thielen,10,6,2018-11-10
2018,10,45a9962f-a297-3e22-a002-d868ef996c37,,WAIVER,PENDING,7,,1,ADD,13215,Dez Bryant,-1,7,2018-11-07
2018,10,45a9962f-a297-3e22-a002-d868ef996c37,,WAIVER,PENDING,7,,1,DROP,14922,Mohamed Sanu,7,-1,2018-11-07
2018,10,36ebae3d-d840-3462-8403-af4519184a7a,,TRADE_PROPOSAL,PENDING,8,,0,TRADE,15880,Robert Woods,8,10,2018-11-10
2018,10,36ebae3d-d840-3462-8403-af4519184a7a,,TRADE_PROPOSAL,PENDING,8,,0,TRADE,3040151,George Kittle,8,10,2018-11-10
2018,10,36ebae3d-d840-3462-8403-af4519184a7a,,TRADE_PROPOSAL,PENDING,8,,0,TRADE,3139605,Marlon Mack,8,10,2018-11-10
2018,10,36ebae3d-d840-3462-8403-af4519184a7a,,TRADE_PROPOSAL,PENDING,8,,0,TRADE,16460,Adam Thielen,10,8,2018-11-10
2018,10,36ebae3d-d840-3462-8403-af4519184a7a,,TRADE_PROPOSAL,PENDING,8,,0,TRADE,2976516,T.J. Yeldon,10,8,2018-11-10
2018,10,36ebae3d-d840-3462-8403-af4519184a7a,,TRADE_PROPOSAL,PENDING,8,,0,TRADE,3051876,Evan Engram,10,8,2018-11-10
2018,10,b0a175d1-efa9-3a92-a4c7-ea0302858877,,FREEAGENT,EXECUTED,6,,0,ADD,-16011,Colts D/ST,-1,6,2018-11-09
2018,10,b0a175d1-efa9-3a92-a4c7-ea0302858877,,FREEAGENT,EXECUTED,6,,0,DROP,-16007,Broncos D/ST,6,-1,2018-11-09
2018,10,bfea8a91-8c5d-37f0-bffb-b6e5c00ed434,,WAIVER,PENDING,8,,10,ADD,13215,Dez Bryant,-1,8,2018-11-07
2018,10,bfea8a91-8c5d-37f0-bffb-b6e5c00ed434,,WAIVER,PENDING,8,,10,DROP,3924365,Hayden Hurst,8,-1,2018-11-07
2018,10,5cb9b0ad-2e56-32ac-87d4-b01c6b327071,,FREEAGENT,EXECUTED,12,,0,DROP,3115913,Geronimo Allison,12,-1,2018-11-06
2018,10,eb0d2064-dff9-3d70-828c-b75bd418df58,,WAIVER,PENDING,5,,1,DROP,-16015,Dolphins D/ST,5,-1,2018-11-07
2018,10,eb0d2064-dff9-3d70-828c-b75bd418df58,,WAIVER,PENDING,5,,1,ADD,-16009,Packers D/ST,-1,5,2018-11-07
2018,10,00028d3e-4201-32c0-a67f-d3c72d55085d,,FREEAGENT,EXECUTED,3,,0,ADD,2574576,C.J. Uzomah,-1,3,2018-11-10
2018,10,00028d3e-4201-32c0-a67f-d3c72d55085d,,FREEAGENT,EXECUTED,3,,0,DROP,2576399,Nick Vannett,3,-1,2018-11-10
2018,10,b846cd31-9358-3081-94ee-9269ae8e5cc0,,WAIVER,PENDING,5,,3,DROP,-16015,Dolphins D/ST,5,-1,2018-11-07
2018,10,b846cd31-9358-3081-94ee-9269ae8e5cc0,,WAIVER,PENDING,5,,3,ADD,-16009,Packers D/ST,-1,5,2018-11-07
2018,10,0dcce72c-6c64-3b7c-b34a-33100dde2c12,,TRADE_PROPOSAL,PENDING,6,,1,DROP,3128429,Courtland Sutton,10,-1,2018-11-11
2018,10,0dcce72c-6c64-3b7c-b34a-33100dde2c12,,TRADE_PROPOSAL,PENDING,6,,1,TRADE,16733,Odell Beckham Jr.,6,10,2018-11-11
2018,10,0dcce72c-6c64-3b7c-b34a-33100dde2c12,,TRADE_PROPOSAL,PENDING,6,,1,TRADE,13216,Demaryius Thomas,6,10,2018-11-11
2018,10,0dcce72c-6c64-3b7c-b34a-33100dde2c12,,TRADE_PROPOSAL,PENDING,6,,1,TRADE,16460,Adam Thielen,10,6,2018-11-11
2018,10,9bc68dbf-9d26-37ff-a20d-bbd86fc000c3,,FREEAGENT,EXECUTED,5,,0,DROP,12483,Matthew Stafford,5,-1,2018-11-06
2018,10,b54602ed-c759-33c0-9d26-b99dc0e0a11f,,WAIVER,PENDING,1,,1,DROP,3051806,Ricky Seals-Jones,1,-1,2018-11-06
2018,10,b54602ed-c759-33c0-9d26-b99dc0e0a11f,,WAIVER,PENDING,1,,1,ADD,-16030,Jaguars D/ST,-1,1,2018-11-06
2018,11,9f827809-9189-35bd-9bb2-85b38f8c7ec6,,WAIVER,PENDING,8,,10,ADD,3051876,Evan Engram,-1,8,2018-11-13
2018,11,d6e3dc5a-8e3c-39e0-a45a-cca65b750b9d,,TRADE_PROPOSAL,PENDING,7,,0,TRADE,13994,Cam Newton,6,7,2018-11-15
2018,11,d6e3dc5a-8e3c-39e0-a45a-cca65b750b9d,,TRADE_PROPOSAL,PENDING,7,,0,TRADE,3051902,Peyton Barber,7,6,2018-11-15
2018,11,d6e3dc5a-8e3c-39e0-a45a-cca65b750b9d,,TRADE_PROPOSAL,PENDING,7,,0,TRADE,5529,Philip Rivers,7,6,2018-11-15
2018,11,3327fb3d-d87a-391d-8057-e72128b4f040,,TRADE_PROPOSAL,PENDING,8,,0,TRADE,3040151,George Kittle,8,10,2018-11-13
2018,11,3327fb3d-d87a-391d-8057-e72128b4f040,,TRADE_PROPOSAL,PENDING,8,,0,TRADE,3139605,Marlon Mack,8,10,2018-11-13
2018,11,3327fb3d-d87a-391d-8057-e72128b4f040,,TRADE_PROPOSAL,PENDING,8,,0,TRADE,3116385,Joe Mixon,10,8,2018-11-13
2018,11,3327fb3d-d87a-391d-8057-e72128b4f040,,TRADE_PROPOSAL,PENDING,8,,0,TRADE,12563,Michael Crabtree,10,8,2018-11-13
2018,11,3dccd51e-b9c5-3906-bea1-0726f1e331f3,,TRADE_PROPOSAL,PENDING,10,,0,TRADE,3120348,JuJu Smith-Schuster,12,10,2018-11-18
2018,11,3dccd51e-b9c5-3906-bea1-0726f1e331f3,,TRADE_PROPOSAL,PENDING,10,,0,TRADE,2974858,Kenny Golladay,10,12,2018-11-18
2018,11,3dccd51e-b9c5-3906-bea1-0726f1e331f3,,TRADE_PROPOSAL,PENDING,10,,0,TRADE,2976516,T.J. Yeldon,10,12,2018-11-18
2018,11,5b4e836e-a0cd-3570-9a7e-00a55ca2e76d,,TRADE_PROPOSAL,PENDING,10,,0,TRADE,13295,Emmanuel Sanders,2,10,2018-11-18
2018,11,5b4e836e-a0cd-3570-9a7e-00a55ca2e76d,,TRADE_PROPOSAL,PENDING,10,,0,TRADE,2974858,Kenny Golladay,10,2,2018-11-18
2018,11,5b4e836e-a0cd-3570-9a7e-00a55ca2e76d,,TRADE_PROPOSAL,PENDING,10,,0,TRADE,2976516,T.J. Yeldon,10,2,2018-11-18
2018,11,20c7dcb8-ca70-3cd8-952b-388ac4e46001,,WAIVER,FAILED_MATCHUPACQUISITIONLIMIT,8,,7,ADD,3051876,Evan Engram,-1,8,2018-11-14
2018,11,20c7dcb8-ca70-3cd8-952b-388ac4e46001,,WAIVER,FAILED_MATCHUPACQUISITIONLIMIT,8,,7,DROP,3128451,Tre'Quan Smith,8,-1,2018-11-14
2018,11,554b765e-7091-3aea-8419-c4dad110c03d,,TRADE_PROPOSAL,PENDING,7,,0,TRADE,13994,Cam Newton,6,7,2018-11-15
2018,11,554b765e-7091-3aea-8419-c4dad110c03d,,TRADE_PROPOSAL,PENDING,7,,0,TRADE,5529,Philip Rivers,7,6,2018-11-15
2018,11,554b765e-7091-3aea-8419-c4dad110c03d,,TRADE_PROPOSAL,PENDING,7,,0,TRADE,3025433,Mike Davis,7,6,2018-11-15
2018,11,b3731bb0-e74b-38db-ac67-4391b79009a4,,WAIVER,EXECUTED,-2147483648,,3,ADD,3050487,Anthony Miller,-1,7,2018-11-14
2018,11,b3731bb0-e74b-38db-ac67-4391b79009a4,,WAIVER,EXECUTED,-2147483648,,3,DROP,-16012,Chiefs D/ST,7,-1,2018-11-14
2018,11,4eb3e36d-91ba-3c5d-899c-14895d2e2988,,TRADE_PROPOSAL,PENDING,-2147483648,,0,TRADE,3066158,Tarik Cohen,2,6,2018-11-14
2018,11,4eb3e36d-91ba-3c5d-899c-14895d2e2988,,TRADE_PROPOSAL,PENDING,-2147483648,,0,TRADE,3116165,Chris Godwin,6,2,2018-11-14
2018,11,4eb3e36d-91ba-3c5d-899c-14895d2e2988,,TRADE_PROPOSAL,PENDING,-2147483648,,0,TRADE,15966,Chris Thompson,6,2,2018-11-14
2018,11,77a027b6-ff65-36c6-8609-e45921179ba3,,TRADE_PROPOSAL,PENDING,6,,0,TRADE,3066158,Tarik Cohen,2,6,2018-11-13
2018,11,77a027b6-ff65-36c6-8609-e45921179ba3,,TRADE_PROPOSAL,PENDING,6,,0,TRADE,3116165,Chris Godwin,6,2,2018-11-13
2018,11,77a027b6-ff65-36c6-8609-e45921179ba3,,TRADE_PROPOSAL,PENDING,6,,0,TRADE,15966,Chris Thompson,6,2,2018-11-13
2018,11,fc658206-d1d3-3096-bdfb-c3e8c403148b,,WAIVER,EXECUTED,-2147483648,,7,ADD,3043078,Derrick Henry,-1,3,2018-11-14
2018,11,fc658206-d1d3-3096-bdfb-c3e8c403148b,,WAIVER,EXECUTED,-2147483648,,7,DROP,17082,Cody Parkey,3,-1,2018-11-14
2018,11,0abd7aa9-77f9-3fca-b596-c84774a3f4c2,,WAIVER,PENDING,7,,1,ADD,15966,Chris Thompson,-1,7,2018-11-15
2018,11,bf1a36ad-23e1-31c5-ad83-640fa6add117,,TRADE_PROPOSAL,PENDING,10,,0,TRADE,15818,Keenan Allen,9,10,2018-11-17
2018,11,bf1a36ad-23e1-31c5-ad83-640fa6add117,,TRADE_PROPOSAL,PENDING,10,,0,TRADE,2974858,Kenny Golladay,10,9,2018-11-17
2018,11,bf1a36ad-23e1-31c5-ad83-640fa6add117,,TRADE_PROPOSAL,PENDING,10,,0,TRADE,2972091,Jalen Richard,10,9,2018-11-17
2018,11,abec9350-163e-3444-a444-8472adb0efc4,,TRADE_PROPOSAL,PENDING,5,,0,TRADE,3042519,Aaron Jones,10,5,2018-11-14
2018,11,abec9350-163e-3444-a444-8472adb0efc4,,TRADE_PROPOSAL,PENDING,5,,0,TRADE,14886,Lamar Miller,5,10,2018-11-14
2018,11,2c76ed4b-f332-385a-8d54-7d9e6aa3d183,,WAIVER,EXECUTED,-2147483648,,1,DROP,-16002,Bills D/ST,1,-1,2018-11-14
2018,11,2c76ed4b-f332-385a-8d54-7d9e6aa3d183,,WAIVER,EXECUTED,-2147483648,,1,ADD,3050478,Jake Elliott,-1,1,2018-11-14
2018,11,17d1171f-c544-381c-9e4b-2b12cde84a9a,,TRADE_PROPOSAL,PENDING,10,,0,TRADE,13295,Emmanuel Sanders,2,10,2018-11-18
2018,11,17d1171f-c544-381c-9e4b-2b12cde84a9a,,TRADE_PROPOSAL,PENDING,10,,0,TRADE,2974858,Kenny Golladay,10,2,2018-11-18
2018,11,17d1171f-c544-381c-9e4b-2b12cde84a9a,,TRADE_PROPOSAL,PENDING,10,,0,TRADE,2976516,T.J. Yeldon,10,2,2018-11-18
2018,11,f95de86a-7d8e-3ed0-96fa-b3ca897ed09b,,WAIVER,EXECUTED,-2147483648,,7,DROP,2576414,Raheem Mostert,13,-1,2018-11-14
2018,11,f95de86a-7d8e-3ed0-96fa-b3ca897ed09b,,WAIVER,EXECUTED,-2147483648,,7,ADD,3051876,Evan Engram,-1,13,2018-11-14
2018,11,48209bf9-5c99-37f7-84d6-78075fde3c1f,,WAIVER,PENDING,-2147483648,,7,ADD,3051876,Evan Engram,-1,8,2018-11-14
2018,11,48209bf9-5c99-37f7-84d6-78075fde3c1f,,WAIVER,PENDING,-2147483648,,7,DROP,3128451,Tre'Quan Smith,8,-1,2018-11-14
2018,11,93d7988e-d663-30af-96eb-7c558d886d0c,,WAIVER,EXECUTED,-2147483648,,3,ADD,3932420,Josh Adams,-1,3,2018-11-14
2018,11,93d7988e-d663-30af-96eb-7c558d886d0c,,WAIVER,EXECUTED,-2147483648,,3,DROP,2574576,C.J. Uzomah,3,-1,2018-11-14
2018,11,751693ee-f907-387d-afcf-33d8dbb08795,,WAIVER,FAILED_MATCHUPACQUISITIONLIMIT,12,,4,ADD,15966,Chris Thompson,-1,12,2018-11-15
2018,11,751693ee-f907-387d-afcf-33d8dbb08795,,WAIVER,FAILED_MATCHUPACQUISITIONLIMIT,12,,4,DROP,3045260,Corey Clement,12,-1,2018-11-15
2018,11,8e21d72f-d5af-3e3a-988d-9702b85a1fb2,,WAIVER,PENDING,7,,3,ADD,11283,DeSean Jackson,-1,7,2018-11-15
2018,11,899ec05e-300a-33e4-b310-77301e394c09,,FREEAGENT,EXECUTED,12,,0,DROP,8416,Alex Smith,12,-1,2018-11-13
2018,11,65e162ce-4e85-3a6c-9fd8-f8ff23d8edf3,,TRADE_PROPOSAL,PENDING,1,,0,TRADE,3117251,Christian McCaffrey,5,1,2018-11-18
2018,11,65e162ce-4e85-3a6c-9fd8-f8ff23d8edf3,,TRADE_PROPOSAL,PENDING,1,,0,TRADE,10452,Adrian Peterson,1,5,2018-11-18
2018,11,65e162ce-4e85-3a6c-9fd8-f8ff23d8edf3,,TRADE_PROPOSAL,PENDING,1,,0,TRADE,14912,Alshon Jeffery,1,5,2018-11-18
2018,11,988b5315-0c3e-3eca-b431-24ed5b28df42,,WAIVER,EXECUTED,-2147483648,,5,ADD,3051806,Ricky Seals-Jones,-1,8,2018-11-14
2018,11,988b5315-0c3e-3eca-b431-24ed5b28df42,,WAIVER,EXECUTED,-2147483648,,5,DROP,3128451,Tre'Quan Smith,8,-1,2018-11-14
2018,11,b8cbc396-77a8-34c1-bb84-d33095edcba8,,WAIVER,PENDING,5,,3,ADD,11283,DeSean Jackson,-1,5,2018-11-16
2018,11,25b83463-b221-3903-b2cb-1a050a2559a6,,WAIVER,PENDING,-2147483648,,4,ADD,11283,DeSean Jackson,-1,5,2018-11-16
2018,11,6171177e-d846-3c76-a1c9-b33dfde596e6,,TRADE_PROPOSAL,PENDING,6,,0,TRADE,2508176,David Johnson,12,6,2018-11-14
2018,11,6171177e-d846-3c76-a1c9-b33dfde596e6,,TRADE_PROPOSAL,PENDING,6,,0,TRADE,17133,Isaiah Crowell,6,12,2018-11-14
2018,11,6171177e-d846-3c76-a1c9-b33dfde596e6,,TRADE_PROPOSAL,PENDING,6,,0,TRADE,3116165,Chris Godwin,6,12,2018-11-14
2018,11,dedbecd2-7916-3302-b317-9824d3b3df33,,FREEAGENT,EXECUTED,6,,0,ADD,16969,Kapri Bibbs,-1,6,2018-11-18
2018,11,f8687885-3c0b-395b-a252-cbbe72bb6207,,WAIVER,EXECUTED,-2147483648,,10,ADD,3115306,Josh Reynolds,-1,6,2018-11-14
2018,11,f8687885-3c0b-395b-a252-cbbe72bb6207,,WAIVER,EXECUTED,-2147483648,,10,DROP,15966,Chris Thompson,6,-1,2018-11-14
2018,11,62ca60b8-9629-308c-9eba-a8c4d3cc99a4,,TRADE_PROPOSAL,PENDING,6,,0,TRADE,14886,Lamar Miller,5,6,2018-11-14
2018,11,62ca60b8-9629-308c-9eba-a8c4d3cc99a4,,TRADE_PROPOSAL,PENDING,6,,0,TRADE,3116165,Chris Godwin,6,5,2018-11-14
2018,11,62ca60b8-9629-308c-9eba-a8c4d3cc99a4,,TRADE_PROPOSAL,PENDING,6,,0,TRADE,17133,Isaiah Crowell,6,5,2018-11-14
2018,11,1f67601b-d483-3efc-af81-af59477cb0bd,,WAIVER,EXECUTED,-2147483648,,5,ADD,2577253,Javorius Allen,-1,6,2018-11-14
2018,11,1f67601b-d483-3efc-af81-af59477cb0bd,,WAIVER,EXECUTED,-2147483648,,5,DROP,2576623,DeVante Parker,6,-1,2018-11-14
2018,11,71f3b679-8156-3274-88c5-7e41fbd06c10,,WAIVER,PENDING,-2147483648,,4,ADD,15966,Chris Thompson,-1,12,2018-11-15
2018,11,71f3b679-8156-3274-88c5-7e41fbd06c10,,WAIVER,PENDING,-2147483648,,4,DROP,3045260,Corey Clement,12,-1,2018-11-15
2018,11,b58b09db-1f56-3c1c-8252-1747b029fecd,,FREEAGENT,EXECUTED,1,,0,ADD,-16011,Colts D/ST,-1,1,2018-11-17
2018,11,b58b09db-1f56-3c1c-8252-1747b029fecd,,FREEAGENT,EXECUTED,1,,0,DROP,2577134,Ty Montgomery,1,-1,2018-11-17
2018,11,0ef41bc4-53cf-30c1-8214-0197137cad2d,,FREEAGENT,EXECUTED,13,,0,ADD,3116721,Jaylen Samuels,-1,13,2018-11-14
2018,11,0ef41bc4-53cf-30c1-8214-0197137cad2d,,FREEAGENT,EXECUTED,13,,0,DROP,11283,DeSean Jackson,13,-1,2018-11-14
2018,11,ca43a7ed-ba2a-3780-974d-f812f3ac1d13,,WAIVER,PENDING,-2147483648,,5,ADD,-16022,Cardinals D/ST,-1,7,2018-11-14
2018,11,d4e96d3a-a54e-35e8-b8b5-ddc6b1ee0734,,WAIVER,FAILED_MATCHUPACQUISITIONLIMIT,5,,4,ADD,11283,DeSean Jackson,-1,5,2018-11-16
2018,11,b4dd6e00-2746-3a40-8f3f-04d4d234d312,,FREEAGENT,EXECUTED,5,,0,DROP,2576491,Adam Humphries,5,-1,2018-11-13
2018,11,2245d9db-d0f5-3039-bd84-c5a704d6395c,,WAIVER,PENDING,-2147483648,,5,ADD,3039707,Mitchell Trubisky,-1,5,2018-11-14
2018,11,3f5ecec3-dcf1-36a9-8a90-3a777c85207c,,FREEAGENT,EXECUTED,8,,0,ADD,3916387,Lamar Jackson,-1,8,2018-11-17
2018,11,4ed5c9b4-e8e1-3c8c-a975-a9c04b36746a,,TRADE_PROPOSAL,PENDING,5,,0,TRADE,3042519,Aaron Jones,10,5,2018-11-14
2018,11,4ed5c9b4-e8e1-3c8c-a975-a9c04b36746a,,TRADE_PROPOSAL,PENDING,5,,0,TRADE,14886,Lamar Miller,5,10,2018-11-14
2018,11,32ff023b-f873-3802-b84c-ab6d2116497a,,TRADE_PROPOSAL,PENDING,10,,0,TRADE,3139605,Marlon Mack,8,10,2018-11-15
2018,11,32ff023b-f873-3802-b84c-ab6d2116497a,,TRADE_PROPOSAL,PENDING,10,,0,TRADE,3040151,George Kittle,8,10,2018-11-15
2018,11,32ff023b-f873-3802-b84c-ab6d2116497a,,TRADE_PROPOSAL,PENDING,10,,0,TRADE,3116385,Joe Mixon,10,8,2018-11-15
2018,11,32ff023b-f873-3802-b84c-ab6d2116497a,,TRADE_PROPOSAL,PENDING,10,,0,TRADE,16974,Trey Burton,10,8,2018-11-15
2018,11,32ff023b-f873-3802-b84c-ab6d2116497a,,TRADE_PROPOSAL,PENDING,10,,0,TRADE,12563,Michael Crabtree,10,8,2018-11-15
2018,11,0996dc15-68fb-3f25-9afb-41c042047e8a,,TRADE_PROPOSAL,PENDING,5,,0,TRADE,3117251,Christian McCaffrey,5,1,2018-11-18
2018,11,0996dc15-68fb-3f25-9afb-41c042047e8a,,TRADE_PROPOSAL,PENDING,5,,0,TRADE,10452,Adrian Peterson,1,5,2018-11-18
2018,11,0996dc15-68fb-3f25-9afb-41c042047e8a,,TRADE_PROPOSAL,PENDING,5,,0,TRADE,14912,Alshon Jeffery,1,5,2018-11-18
2018,11,1513182c-3f04-31f9-86fe-172b97467747,,WAIVER,PENDING,8,,2,ADD,3050487,Anthony Miller,-1,8,2018-11-13
2018,11,1513182c-3f04-31f9-86fe-172b97467747,,WAIVER,PENDING,8,,2,DROP,3128451,Tre'Quan Smith,8,-1,2018-11-13
2018,11,561b454d-2395-3faa-89ff-bfdbc7d5b28b,,TRADE_PROPOSAL,PENDING,6,,0,TRADE,3051902,Peyton Barber,7,6,2018-11-15
2018,11,561b454d-2395-3faa-89ff-bfdbc7d5b28b,,TRADE_PROPOSAL,PENDING,6,,0,TRADE,3025433,Mike Davis,7,6,2018-11-15
2018,11,561b454d-2395-3faa-89ff-bfdbc7d5b28b,,TRADE_PROPOSAL,PENDING,6,,0,TRADE,17133,Isaiah Crowell,6,7,2018-11-15
2018,11,561b454d-2395-3faa-89ff-bfdbc7d5b28b,,TRADE_PROPOSAL,PENDING,6,,0,TRADE,3116165,Chris Godwin,6,7,2018-11-15
2018,11,885f7395-020b-36cb-b9ac-da37bbb05727,,WAIVER,FAILED_MATCHUPACQUISITIONLIMIT,10,,5,ADD,-16022,Cardinals D/ST,-1,10,2018-11-14
2018,11,885f7395-020b-36cb-b9ac-da37bbb05727,,WAIVER,FAILED_MATCHUPACQUISITIONLIMIT,10,,5,DROP,-16025,49ers D/ST,10,-1,2018-11-14
2018,11,ae1a266b-2f34-353a-9a56-32b03518a799,,TRADE_PROPOSAL,PENDING,6,,0,TRADE,14198,Dion Lewis,7,6,2018-11-14
2018,11,ae1a266b-2f34-353a-9a56-32b03518a799,,TRADE_PROPOSAL,PENDING,6,,0,TRADE,3116165,Chris Godwin,6,7,2018-11-14
2018,11,451d7d23-90d2-34b2-95ed-31bf141ca114,,FREEAGENT,EXECUTED,12,,0,ADD,2577417,Dak Prescott,-1,12,2018-11-14
2018,11,b18caadc-99d0-39b9-9e05-a26e5b3a9577,,WAIVER,EXECUTED,-2147483648,,8,ADD,11283,DeSean Jackson,-1,7,2018-11-16
2018,11,062b31fd-8788-3df6-9036-19fa5c970ad0,,WAIVER,PENDING,-2147483648,,1,ADD,11283,DeSean Jackson,-1,12,2018-11-16
2018,11,062b31fd-8788-3df6-9036-19fa5c970ad0,,WAIVER,PENDING,-2147483648,,1,DROP,3045260,Corey Clement,12,-1,2018-11-16
2018,11,c7aacd9d-9d3f-3922-9be1-ce3d1b8aa774,,TRADE_PROPOSAL,PENDING,8,,0,TRADE,3116385,Joe Mixon,10,8,2018-11-13
2018,11,c7aacd9d-9d3f-3922-9be1-ce3d1b8aa774,,TRADE_PROPOSAL,PENDING,8,,0,TRADE,12563,Michael Crabtree,10,8,2018-11-13
2018,11,c7aacd9d-9d3f-3922-9be1-ce3d1b8aa774,,TRADE_PROPOSAL,PENDING,8,,0,TRADE,3139605,Marlon Mack,8,10,2018-11-13
2018,11,c7aacd9d-9d3f-3922-9be1-ce3d1b8aa774,,TRADE_PROPOSAL,PENDING,8,,0,TRADE,3040151,George Kittle,8,10,2018-11-13
2018,11,a3e77bc9-4fd2-3e51-a681-134345c234a2,,WAIVER,EXECUTED,-2147483648,,1,DROP,-16021,Eagles D/ST,2,-1,2018-11-14
2018,11,a3e77bc9-4fd2-3e51-a681-134345c234a2,,WAIVER,EXECUTED,-2147483648,,1,ADD,-16010,Titans D/ST,-1,2,2018-11-14
2018,11,c3b29949-b817-3cc4-94b4-a8a64851904f,,FREEAGENT,EXECUTED,12,,0,DROP,3052587,Baker Mayfield,12,-1,2018-11-14
2018,11,f2602330-ee81-359c-b500-ea3a2e1f3f64,,TRADE_PROPOSAL,PENDING,2,,0,TRADE,3066158,Tarik Cohen,2,6,2018-11-15
2018,11,f2602330-ee81-359c-b500-ea3a2e1f3f64,,TRADE_PROPOSAL,PENDING,2,,0,TRADE,3116165,Chris Godwin,6,2,2018-11-15
2018,11,f2602330-ee81-359c-b500-ea3a2e1f3f64,,TRADE_PROPOSAL,PENDING,2,,0,TRADE,3115306,Josh Reynolds,6,2,2018-11-15
2018,11,6f242b28-95f1-3b31-be6a-3098453f4628,,TRADE_ACCEPT,PENDING,8,,0,TRADE,3139605,Marlon Mack,8,10,2018-11-15
2018,11,6f242b28-95f1-3b31-be6a-3098453f4628,,TRADE_ACCEPT,PENDING,8,,0,TRADE,3040151,George Kittle,8,10,2018-11-15
2018,11,6f242b28-95f1-3b31-be6a-3098453f4628,,TRADE_ACCEPT,PENDING,8,,0,TRADE,3116385,Joe Mixon,10,8,2018-11-15
2018,11,6f242b28-95f1-3b31-be6a-3098453f4628,,TRADE_ACCEPT,PENDING,8,,0,TRADE,16974,Trey Burton,10,8,2018-11-15
2018,11,6f242b28-95f1-3b31-be6a-3098453f4628,,TRADE_ACCEPT,PENDING,8,,0,TRADE,12563,Michael Crabtree,10,8,2018-11-15
2018,11,6f242b28-95f1-3b31-be6a-3098453f4628,,TRADE_ACCEPT,PENDING,8,,0,DROP,2576389,Jeff Heuerman,8,-1,2018-11-15
2018,11,c9cb49a1-0c13-3854-af67-11781a7d7f6a,,TRADE_PROPOSAL,PENDING,6,,0,TRADE,13981,Mark Ingram II,12,6,2018-11-15
2018,11,c9cb49a1-0c13-3854-af67-11781a7d7f6a,,TRADE_PROPOSAL,PENDING,6,,0,TRADE,3916430,Nyheim Hines,6,12,2018-11-15
2018,11,c9cb49a1-0c13-3854-af67-11781a7d7f6a,,TRADE_PROPOSAL,PENDING,6,,0,TRADE,3116165,Chris Godwin,6,12,2018-11-15
2018,11,5ef2f5af-d161-3339-af48-7b02b7086168,,WAIVER,FAILED_MATCHUPACQUISITIONLIMIT,12,,1,ADD,11283,DeSean Jackson,-1,12,2018-11-16
2018,11,5ef2f5af-d161-3339-af48-7b02b7086168,,WAIVER,FAILED_MATCHUPACQUISITIONLIMIT,12,,1,DROP,3045260,Corey Clement,12,-1,2018-11-16
2018,11,c837cf4b-74f8-3532-b177-0c86b3ef8c80,,TRADE_PROPOSAL,PENDING,6,,0,TRADE,3116593,Dalvin Cook,4,6,2018-11-13
2018,11,c837cf4b-74f8-3532-b177-0c86b3ef8c80,,TRADE_PROPOSAL,PENDING,6,,0,TRADE,3116165,Chris Godwin,6,4,2018-11-13
2018,11,c837cf4b-74f8-3532-b177-0c86b3ef8c80,,TRADE_PROPOSAL,PENDING,6,,0,TRADE,15966,Chris Thompson,6,4,2018-11-13
2018,11,31c32c98-201e-32ed-afaa-c7c1023503c1,,WAIVER,FAILED_MATCHUPACQUISITIONLIMIT,12,,1,ADD,-16022,Cardinals D/ST,-1,12,2018-11-14
2018,11,31c32c98-201e-32ed-afaa-c7c1023503c1,,WAIVER,FAILED_MATCHUPACQUISITIONLIMIT,12,,1,DROP,-16028,Redskins D/ST,12,-1,2018-11-14
2018,11,4f3b2cab-1cf1-3534-a0f4-3bab295b166c,,TRADE_PROPOSAL,PENDING,10,,0,TRADE,13295,Emmanuel Sanders,2,10,2018-11-18
2018,11,4f3b2cab-1cf1-3534-a0f4-3bab295b166c,,TRADE_PROPOSAL,PENDING,10,,0,TRADE,-16010,Titans D/ST,2,10,2018-11-18
2018,11,4f3b2cab-1cf1-3534-a0f4-3bab295b166c,,TRADE_PROPOSAL,PENDING,10,,0,TRADE,2976516,T.J. Yeldon,10,2,2018-11-18
2018,11,4f3b2cab-1cf1-3534-a0f4-3bab295b166c,,TRADE_PROPOSAL,PENDING,10,,0,TRADE,2974858,Kenny Golladay,10,2,2018-11-18
2018,11,8ac094ba-36ed-3213-851f-93921ebac690,,TRADE_PROPOSAL,PENDING,6,,0,TRADE,3066158,Tarik Cohen,2,6,2018-11-14
2018,11,8ac094ba-36ed-3213-851f-93921ebac690,,TRADE_PROPOSAL,PENDING,6,,0,TRADE,3116165,Chris Godwin,6,2,2018-11-14
2018,11,8ac094ba-36ed-3213-851f-93921ebac690,,TRADE_PROPOSAL,PENDING,6,,0,TRADE,3115306,Josh Reynolds,6,2,2018-11-14
2018,11,2a011c96-54d3-312d-811d-7a653c11f621,,FREEAGENT,EXECUTED,10,,1,DROP,9354,Robbie Gould,10,-1,2018-11-14
2018,11,2a011c96-54d3-312d-811d-7a653c11f621,,FREEAGENT,EXECUTED,10,,1,ADD,3068939,Aldrick Rosas,-1,10,2018-11-14
2018,11,ed77817d-3cc0-3669-bfdd-3cc69a12108f,,TRADE_PROPOSAL,PENDING,10,,0,TRADE,3139605,Marlon Mack,8,10,2018-11-15
2018,11,ed77817d-3cc0-3669-bfdd-3cc69a12108f,,TRADE_PROPOSAL,PENDING,10,,0,TRADE,3040151,George Kittle,8,10,2018-11-15
2018,11,ed77817d-3cc0-3669-bfdd-3cc69a12108f,,TRADE_PROPOSAL,PENDING,10,,0,TRADE,12563,Michael Crabtree,10,8,2018-11-15
2018,11,ed77817d-3cc0-3669-bfdd-3cc69a12108f,,TRADE_PROPOSAL,PENDING,10,,0,TRADE,16974,Trey Burton,10,8,2018-11-15
2018,11,3fabf6c9-b201-32d0-ac65-4df0d71f63ef,,WAIVER,FAILED_MATCHUPACQUISITIONLIMIT,7,,5,ADD,-16022,Cardinals D/ST,-1,7,2018-11-14
2018,11,4ce3eb4b-4640-3e1b-8c89-299b1935d7f3,,FREEAGENT,EXECUTED,12,,0,ADD,16791,Donte Moncrief,-1,12,2018-11-14
2018,11,43e0f0e3-212a-3a9a-9a7c-0ffefb345f45,,TRADE_PROPOSAL,PENDING,10,,0,TRADE,14221,Doug Baldwin,5,10,2018-11-19
2018,11,43e0f0e3-212a-3a9a-9a7c-0ffefb345f45,,TRADE_PROPOSAL,PENDING,10,,0,TRADE,3046409,Alex Collins,10,5,2018-11-19
2018,11,7aca25d0-dbcb-3857-9deb-c13bbd433c48,,TRADE_PROPOSAL,PENDING,12,,0,TRADE,2508176,David Johnson,12,6,2018-11-14
2018,11,7aca25d0-dbcb-3857-9deb-c13bbd433c48,,TRADE_PROPOSAL,PENDING,12,,0,TRADE,17133,Isaiah Crowell,6,12,2018-11-14
2018,11,7aca25d0-dbcb-3857-9deb-c13bbd433c48,,TRADE_PROPOSAL,PENDING,12,,0,TRADE,3116165,Chris Godwin,6,12,2018-11-14
2018,11,a824f6d8-cdaa-3427-844e-2dfe4999d726,,FREEAGENT,EXECUTED,10,,1,DROP,-16025,49ers D/ST,10,-1,2018-11-14
2018,11,a824f6d8-cdaa-3427-844e-2dfe4999d726,,FREEAGENT,EXECUTED,10,,1,ADD,-16019,Giants D/ST,-1,10,2018-11-14
2018,11,537975f6-afd7-350f-9a11-9772c408d277,,TRADE_PROPOSAL,PENDING,12,,0,TRADE,13981,Mark Ingram II,12,6,2018-11-15
2018,11,537975f6-afd7-350f-9a11-9772c408d277,,TRADE_PROPOSAL,PENDING,12,,0,TRADE,3916430,Nyheim Hines,6,12,2018-11-15
2018,11,537975f6-afd7-350f-9a11-9772c408d277,,TRADE_PROPOSAL,PENDING,12,,0,TRADE,3116165,Chris Godwin,6,12,2018-11-15
2018,11,8c41eb9a-b8d5-3d8b-972b-302b0fbca26a,,WAIVER,FAILED_MATCHUPACQUISITIONLIMIT,5,,5,ADD,3039707,Mitchell Trubisky,-1,5,2018-11-14
2018,11,74216904-08cd-3446-ba93-c829442e804f,,WAIVER,PENDING,-2147483648,,5,ADD,-16022,Cardinals D/ST,-1,10,2018-11-14
2018,11,74216904-08cd-3446-ba93-c829442e804f,,WAIVER,PENDING,-2147483648,,5,DROP,-16025,49ers D/ST,10,-1,2018-11-14
2018,11,0ef6ed9f-bcdd-31c6-a965-902e787445f6,,WAIVER,PENDING,7,,6,ADD,11283,DeSean Jackson,-1,7,2018-11-16
2018,11,f94501b4-3eb8-3402-becf-e0de0aa25981,,WAIVER,FAILED_MATCHUPACQUISITIONLIMIT,12,,1,ADD,3051876,Evan Engram,-1,12,2018-11-14
2018,11,f94501b4-3eb8-3402-becf-e0de0aa25981,,WAIVER,FAILED_MATCHUPACQUISITIONLIMIT,12,,1,DROP,3045260,Corey Clement,12,-1,2018-11-14
2018,11,a1bf2969-b664-3ab6-b01a-b3a35772c392,,TRADE_PROPOSAL,PENDING,10,,0,TRADE,3139605,Marlon Mack,8,10,2018-11-15
2018,11,a1bf2969-b664-3ab6-b01a-b3a35772c392,,TRADE_PROPOSAL,PENDING,10,,0,TRADE,3040151,George Kittle,8,10,2018-11-15
2018,11,a1bf2969-b664-3ab6-b01a-b3a35772c392,,TRADE_PROPOSAL,PENDING,10,,0,TRADE,12563,Michael Crabtree,10,8,2018-11-15
2018,11,a1bf2969-b664-3ab6-b01a-b3a35772c392,,TRADE_PROPOSAL,PENDING,10,,0,TRADE,16974,Trey Burton,10,8,2018-11-15
2018,11,0b901fba-6a39-3bf0-b523-1cb2909634a0,,WAIVER,EXECUTED,-2147483648,,5,ADD,15966,Chris Thompson,-1,6,2018-11-15
2018,11,0b901fba-6a39-3bf0-b523-1cb2909634a0,,WAIVER,EXECUTED,-2147483648,,5,DROP,-16011,Colts D/ST,6,-1,2018-11-15
2018,11,7486590e-e1c1-339f-b611-09f7686abc1c,,TRADE_PROPOSAL,PENDING,-2147483648,,0,TRADE,3116593,Dalvin Cook,4,6,2018-11-14
2018,11,7486590e-e1c1-339f-b611-09f7686abc1c,,TRADE_PROPOSAL,PENDING,-2147483648,,0,TRADE,3116165,Chris Godwin,6,4,2018-11-14
2018,11,7486590e-e1c1-339f-b611-09f7686abc1c,,TRADE_PROPOSAL,PENDING,-2147483648,,0,TRADE,15966,Chris Thompson,6,4,2018-11-14
2018,11,b3e47d58-3aaf-3715-91cc-c6206f8b6c07,,WAIVER,EXECUTED,-2147483648,,7,DROP,14012,Andy Dalton,13,-1,2018-11-14
2018,11,b3e47d58-3aaf-3715-91cc-c6206f8b6c07,,WAIVER,EXECUTED,-2147483648,,7,ADD,3039707,Mitchell Trubisky,-1,13,2018-11-14
2018,11,299fa09c-2d28-3e58-8a65-352e68ee7c98,,TRADE_PROPOSAL,PENDING,10,,0,TRADE,3120348,JuJu Smith-Schuster,12,10,2018-11-18
2018,11,299fa09c-2d28-3e58-8a65-352e68ee7c98,,TRADE_PROPOSAL,PENDING,10,,0,TRADE,2974858,Kenny Golladay,10,12,2018-11-18
2018,11,299fa09c-2d28-3e58-8a65-352e68ee7c98,,TRADE_PROPOSAL,PENDING,10,,0,TRADE,2976516,T.J. Yeldon,10,12,2018-11-18
2018,11,815bd733-3159-3cec-81bd-d1865da6e316,,TRADE_PROPOSAL,PENDING,10,,0,TRADE,15818,Keenan Allen,9,10,2018-11-18
2018,11,815bd733-3159-3cec-81bd-d1865da6e316,,TRADE_PROPOSAL,PENDING,10,,0,TRADE,2974858,Kenny Golladay,10,9,2018-11-18
2018,11,815bd733-3159-3cec-81bd-d1865da6e316,,TRADE_PROPOSAL,PENDING,10,,0,TRADE,2972091,Jalen Richard,10,9,2018-11-18
2018,11,3fc3d48b-8f09-3b25-abd9-041a423dc4e1,,FREEAGENT,EXECUTED,9,,1,DROP,2576716,Jamison Crowder,9,-1,2018-11-18
2018,11,3fc3d48b-8f09-3b25-abd9-041a423dc4e1,,FREEAGENT,EXECUTED,9,,1,ADD,15349,Cole Beasley,-1,9,2018-11-18
2018,11,1b6119e7-b167-346d-8322-9a4888ea1174,,TRADE_PROPOSAL,PENDING,10,,0,TRADE,13295,Emmanuel Sanders,2,10,2018-11-17
2018,11,1b6119e7-b167-346d-8322-9a4888ea1174,,TRADE_PROPOSAL,PENDING,10,,0,TRADE,-16010,Titans D/ST,2,10,2018-11-17
2018,11,1b6119e7-b167-346d-8322-9a4888ea1174,,TRADE_PROPOSAL,PENDING,10,,0,TRADE,2976516,T.J. Yeldon,10,2,2018-11-17
2018,11,1b6119e7-b167-346d-8322-9a4888ea1174,,TRADE_PROPOSAL,PENDING,10,,0,TRADE,2974858,Kenny Golladay,10,2,2018-11-17
2018,11,8e3aa2c3-39f3-3a03-93c8-55244f875a0f,,TRADE_PROPOSAL,PENDING,5,,0,TRADE,14886,Lamar Miller,5,6,2018-11-14
2018,11,8e3aa2c3-39f3-3a03-93c8-55244f875a0f,,TRADE_PROPOSAL,PENDING,5,,0,TRADE,3116165,Chris Godwin,6,5,2018-11-14
2018,11,8e3aa2c3-39f3-3a03-93c8-55244f875a0f,,TRADE_PROPOSAL,PENDING,5,,0,TRADE,17133,Isaiah Crowell,6,5,2018-11-14
2018,11,b2495a75-9c97-3f7c-b918-4ff8f411794d,,FREEAGENT,EXECUTED,8,,1,DROP,3051806,Ricky Seals-Jones,8,-1,2018-11-14
2018,11,b2495a75-9c97-3f7c-b918-4ff8f411794d,,FREEAGENT,EXECUTED,8,,1,ADD,2576389,Jeff Heuerman,-1,8,2018-11-14
2018,11,dc167b8a-c867-37a9-a719-71e5aed5fe23,,TRADE_PROPOSAL,PENDING,6,,0,TRADE,13994,Cam Newton,6,7,2018-11-15
2018,11,dc167b8a-c867-37a9-a719-71e5aed5fe23,,TRADE_PROPOSAL,PENDING,6,,0,TRADE,5529,Philip Rivers,7,6,2018-11-15
2018,11,dc167b8a-c867-37a9-a719-71e5aed5fe23,,TRADE_PROPOSAL,PENDING,6,,0,TRADE,3025433,Mike Davis,7,6,2018-11-15
2018,11,eddcc34a-90a4-38d6-9f82-cf90d3c6aa6a,,TRADE_PROPOSAL,PENDING,8,,0,TRADE,3116385,Joe Mixon,10,8,2018-11-13
2018,11,eddcc34a-90a4-38d6-9f82-cf90d3c6aa6a,,TRADE_PROPOSAL,PENDING,8,,0,TRADE,12563,Michael Crabtree,10,8,2018-11-13
2018,11,eddcc34a-90a4-38d6-9f82-cf90d3c6aa6a,,TRADE_PROPOSAL,PENDING,8,,0,TRADE,3139605,Marlon Mack,8,10,2018-11-13
2018,11,eddcc34a-90a4-38d6-9f82-cf90d3c6aa6a,,TRADE_PROPOSAL,PENDING,8,,0,TRADE,3040151,George Kittle,8,10,2018-11-13
2018,11,1539d4ac-49c5-3327-80a3-8cb52301917c,,WAIVER,PENDING,-2147483648,,1,ADD,2971618,Nelson Agholor,-1,7,2018-11-14
2018,11,1539d4ac-49c5-3327-80a3-8cb52301917c,,WAIVER,PENDING,-2147483648,,1,DROP,-16012,Chiefs D/ST,7,-1,2018-11-14
2018,11,4e0ed999-7a5e-318a-8eac-20a9a3312015,,FREEAGENT,EXECUTED,10,,0,ADD,3051806,Ricky Seals-Jones,-1,10,2018-11-15
2018,11,4e0ed999-7a5e-318a-8eac-20a9a3312015,,FREEAGENT,EXECUTED,10,,0,DROP,2576868,Maurice Harris,10,-1,2018-11-15
2018,11,853c3217-1729-399e-95cd-29546bb7ddf8,,TRADE_PROPOSAL,PENDING,7,,0,TRADE,14198,Dion Lewis,7,6,2018-11-14
2018,11,853c3217-1729-399e-95cd-29546bb7ddf8,,TRADE_PROPOSAL,PENDING,7,,0,TRADE,3116165,Chris Godwin,6,7,2018-11-14
2018,11,b9fec0b1-5d8f-3cd8-b71a-7a05612b015a,,FREEAGENT,EXECUTED,8,,1,DROP,3895856,Christian Kirk,8,-1,2018-11-14
2018,11,b9fec0b1-5d8f-3cd8-b71a-7a05612b015a,,FREEAGENT,EXECUTED,8,,1,ADD,3915416,DJ Moore,-1,8,2018-11-14
2018,11,de4ddf87-a471-3aa6-8438-ecad1cfd8113,,WAIVER,PENDING,-2147483648,,1,ADD,3051876,Evan Engram,-1,12,2018-11-14
2018,11,de4ddf87-a471-3aa6-8438-ecad1cfd8113,,WAIVER,PENDING,-2147483648,,1,DROP,3045260,Corey Clement,12,-1,2018-11-14
2018,11,2d024832-4541-3c19-86ff-92f1a3b25b53,,FREEAGENT,EXECUTED,6,,0,DROP,15825,Le'Veon Bell,6,-1,2018-11-14
2018,11,a3303e50-5073-39af-a1d9-8a608cf98c81,,WAIVER,EXECUTED,-2147483648,,5,ADD,-16022,Cardinals D/ST,-1,5,2018-11-14
2018,11,e4b67066-7359-3681-b20a-c9aa563762e0,,FREEAGENT,EXECUTED,4,,0,ADD,16486,Brett Maher,-1,4,2018-11-15
2018,11,e4b67066-7359-3681-b20a-c9aa563762e0,,FREEAGENT,EXECUTED,4,,0,DROP,2473037,Jason Myers,4,-1,2018-11-15
2018,11,d1ca22c6-bf30-3b3b-be38-1fc8c6d7205a,,TRADE_PROPOSAL,PENDING,6,,0,TRADE,3051902,Peyton Barber,7,6,2018-11-15
2018,11,d1ca22c6-bf30-3b3b-be38-1fc8c6d7205a,,TRADE_PROPOSAL,PENDING,6,,0,TRADE,3025433,Mike Davis,7,6,2018-11-15
2018,11,d1ca22c6-bf30-3b3b-be38-1fc8c6d7205a,,TRADE_PROPOSAL,PENDING,6,,0,TRADE,17133,Isaiah Crowell,6,7,2018-11-15
2018,11,d1ca22c6-bf30-3b3b-be38-1fc8c6d7205a,,TRADE_PROPOSAL,PENDING,6,,0,TRADE,3116165,Chris Godwin,6,7,2018-11-15
2018,11,3ff04009-1c32-32b5-8897-d6c5cde76db2,,FREEAGENT,EXECUTED,5,,0,ADD,2971618,Nelson Agholor,-1,5,2018-11-16
2018,11,606bab91-4b8d-366f-9d4f-b895c07f84c7,,TRADE_PROPOSAL,PENDING,6,,0,TRADE,13994,Cam Newton,6,7,2018-11-15
2018,11,606bab91-4b8d-366f-9d4f-b895c07f84c7,,TRADE_PROPOSAL,PENDING,6,,0,TRADE,3051902,Peyton Barber,7,6,2018-11-15
2018,11,606bab91-4b8d-366f-9d4f-b895c07f84c7,,TRADE_PROPOSAL,PENDING,6,,0,TRADE,5529,Philip Rivers,7,6,2018-11-15
2018,11,b881ff1f-cb92-367e-a59e-498d6c0f42ef,,WAIVER,PENDING,-2147483648,,1,ADD,-16022,Cardinals D/ST,-1,12,2018-11-14
2018,11,b881ff1f-cb92-367e-a59e-498d6c0f42ef,,WAIVER,PENDING,-2147483648,,1,DROP,-16028,Redskins D/ST,12,-1,2018-11-14
2018,11,816948f6-9d36-3525-acff-b3248a71054f,,WAIVER,PENDING,5,,13,ADD,11283,DeSean Jackson,-1,5,2018-11-15
2018,11,99cda228-2617-3dfc-840a-c4030c25df43,,TRADE_UPHOLD,EXECUTED,1,,0,TRADE,3139605,Marlon Mack,8,10,2018-11-15
2018,11,99cda228-2617-3dfc-840a-c4030c25df43,,TRADE_UPHOLD,EXECUTED,1,,0,TRADE,3040151,George Kittle,8,10,2018-11-15
2018,11,99cda228-2617-3dfc-840a-c4030c25df43,,TRADE_UPHOLD,EXECUTED,1,,0,TRADE,3116385,Joe Mixon,10,8,2018-11-15
2018,11,99cda228-2617-3dfc-840a-c4030c25df43,,TRADE_UPHOLD,EXECUTED,1,,0,TRADE,16974,Trey Burton,10,8,2018-11-15
2018,11,99cda228-2617-3dfc-840a-c4030c25df43,,TRADE_UPHOLD,EXECUTED,1,,0,TRADE,12563,Michael Crabtree,10,8,2018-11-15
2018,11,99cda228-2617-3dfc-840a-c4030c25df43,,TRADE_UPHOLD,EXECUTED,1,,0,DROP,2576389,Jeff Heuerman,8,-1,2018-11-15
2018,11,240f91ee-d186-3ab9-bc79-97e28e0ec03e,,FREEAGENT,EXECUTED,4,,0,ADD,-16004,Bengals D/ST,-1,4,2018-11-18
2018,11,240f91ee-d186-3ab9-bc79-97e28e0ec03e,,FREEAGENT,EXECUTED,4,,0,DROP,16777,Carlos Hyde,4,-1,2018-11-18
2018,12,02076fd7-4eb0-390c-bf62-04239dcc665b,,WAIVER,FAILED_MATCHUPACQUISITIONLIMIT,12,,10,ADD,3051926,Gus Edwards,-1,12,2018-11-21
2018,12,02076fd7-4eb0-390c-bf62-04239dcc665b,,WAIVER,FAILED_MATCHUPACQUISITIONLIMIT,12,,10,DROP,3912550,Ronald Jones,12,-1,2018-11-21
2018,12,1defdcf6-b01b-3cc0-a46c-e41237ae959a,,WAIVER,FAILED_MATCHUPACQUISITIONLIMIT,10,,3,ADD,-16017,Patriots D/ST,-1,10,2018-11-21
2018,12,3253d326-5a76-3114-9a48-b68cc15482f7,,WAIVER,PENDING,1,,8,ADD,3051926,Gus Edwards,-1,1,2018-11-20
2018,12,3253d326-5a76-3114-9a48-b68cc15482f7,,WAIVER,PENDING,1,,8,DROP,3050478,Jake Elliott,1,-1,2018-11-20
2018,12,3836ce9d-fd51-323f-9abe-f7deaa6c813f,,WAIVER,EXECUTED,-2147483648,,1,ADD,2574576,C.J. Uzomah,-1,4,2018-11-21
2018,12,3836ce9d-fd51-323f-9abe-f7deaa6c813f,,WAIVER,EXECUTED,-2147483648,,1,DROP,-16004,Bengals D/ST,4,-1,2018-11-21
2018,12,6fea4185-3c9f-3ab8-8de6-98b4d4a0cc4e,,WAIVER,PENDING,-2147483648,,20,ADD,3051926,Gus Edwards,-1,10,2018-11-21
2018,12,fe75740a-621e-3be9-a73a-dda31e3a3f43,,WAIVER,PENDING,-2147483648,,3,ADD,-16017,Patriots D/ST,-1,10,2018-11-21
2018,12,68996bef-b599-359a-9a97-f970ec7b2706,,FREEAGENT,EXECUTED,3,,0,ADD,3025433,Mike Davis,-1,3,2018-11-25
2018,12,0be8e2e1-94c2-30e4-8530-7414b59ac232,,TRADE_PROPOSAL,PENDING,10,,0,TRADE,14886,Lamar Miller,5,10,2018-11-22
2018,12,0be8e2e1-94c2-30e4-8530-7414b59ac232,,TRADE_PROPOSAL,PENDING,10,,0,TRADE,3128429,Courtland Sutton,10,5,2018-11-22
2018,12,0be8e2e1-94c2-30e4-8530-7414b59ac232,,TRADE_PROPOSAL,PENDING,10,,0,TRADE,3046409,Alex Collins,10,5,2018-11-22
2018,12,3fb8fa4b-0b8f-338d-8bd8-f865da0ba0a9,,FREEAGENT,EXECUTED,10,,0,ADD,3915823,Keke Coutee,-1,10,2018-11-24
2018,12,69f33431-2b91-3491-bc3f-6df0cc14f38d,,WAIVER,EXECUTED,-2147483648,,5,ADD,3128451,Tre'Quan Smith,-1,8,2018-11-21
2018,12,69f33431-2b91-3491-bc3f-6df0cc14f38d,,WAIVER,EXECUTED,-2147483648,,5,DROP,12563,Michael Crabtree,8,-1,2018-11-21
2018,12,f4b3087c-cbae-39c4-a8b7-88b5aac4bd8d,,FREEAGENT,EXECUTED,7,,0,ADD,-16015,Dolphins D/ST,-1,7,2018-11-25
2018,12,f4b3087c-cbae-39c4-a8b7-88b5aac4bd8d,,FREEAGENT,EXECUTED,7,,0,DROP,14993,Greg Zuerlein,7,-1,2018-11-25
2018,12,ad18176f-3b26-3d82-bcb0-bdec8ca1a6bf,,WAIVER,EXECUTED,-2147483648,,3,ADD,3895856,Christian Kirk,-1,12,2018-11-21
2018,12,e5514941-c8b1-36bf-b753-6c3af2853765,,FREEAGENT,EXECUTED,5,,0,ADD,14012,Andy Dalton,-1,5,2018-11-21
2018,12,6b4e36da-2ec2-32e6-8d98-6bb344edcdec,,TRADE_UPHOLD,EXECUTED,1,,0,TRADE,3116385,Joe Mixon,8,6,2018-11-22
2018,12,6b4e36da-2ec2-32e6-8d98-6bb344edcdec,,TRADE_UPHOLD,EXECUTED,1,,0,TRADE,16974,Trey Burton,8,6,2018-11-22
2018,12,6b4e36da-2ec2-32e6-8d98-6bb344edcdec,,TRADE_UPHOLD,EXECUTED,1,,0,TRADE,16733,Odell Beckham Jr.,6,8,2018-11-22
2018,12,6b4e36da-2ec2-32e6-8d98-6bb344edcdec,,TRADE_UPHOLD,EXECUTED,1,,0,DROP,16969,Kapri Bibbs,6,-1,2018-11-22
2018,12,a7e28b53-57c4-346e-bc08-4f82915a6b5d,,FREEAGENT,EXECUTED,8,,0,ADD,3128451,Tre'Quan Smith,-1,8,2018-11-22
2018,12,0288f3be-2bc6-34ef-aee3-a11528fca3c6,,TRADE_PROPOSAL,PENDING,5,,0,TRADE,14886,Lamar Miller,5,10,2018-11-22
2018,12,0288f3be-2bc6-34ef-aee3-a11528fca3c6,,TRADE_PROPOSAL,PENDING,5,,0,TRADE,3128429,Courtland Sutton,10,5,2018-11-22
2018,12,0288f3be-2bc6-34ef-aee3-a11528fca3c6,,TRADE_PROPOSAL,PENDING,5,,0,TRADE,3046409,Alex Collins,10,5,2018-11-22
2018,12,0f2d78fb-c57d-3c36-bab6-d3a4833c5b14,,TRADE_PROPOSAL,PENDING,8,,0,TRADE,3116385,Joe Mixon,8,6,2018-11-22
2018,12,0f2d78fb-c57d-3c36-bab6-d3a4833c5b14,,TRADE_PROPOSAL,PENDING,8,,0,TRADE,13216,Demaryius Thomas,6,8,2018-11-22
2018,12,0f2d78fb-c57d-3c36-bab6-d3a4833c5b14,,TRADE_PROPOSAL,PENDING,8,,0,TRADE,3116165,Chris Godwin,6,8,2018-11-22
2018,12,f61ebbe7-f3c6-3b02-8d18-9e45c4b666ca,,TRADE_PROPOSAL,PENDING,10,,0,TRADE,14221,Doug Baldwin,5,10,2018-11-20
2018,12,f61ebbe7-f3c6-3b02-8d18-9e45c4b666ca,,TRADE_PROPOSAL,PENDING,10,,0,TRADE,3046409,Alex Collins,10,5,2018-11-20
2018,12,77af759b-f165-3365-b912-07429da17f63,,TRADE_PROPOSAL,PENDING,8,,0,TRADE,16733,Odell Beckham Jr.,6,8,2018-11-22
2018,12,77af759b-f165-3365-b912-07429da17f63,,TRADE_PROPOSAL,PENDING,8,,0,TRADE,3128721,Sony Michel,8,6,2018-11-22
2018,12,77af759b-f165-3365-b912-07429da17f63,,TRADE_PROPOSAL,PENDING,8,,0,TRADE,16725,Sammy Watkins,8,6,2018-11-22
2018,12,a1d9b295-c857-3709-b4ea-6f13a709bd44,,WAIVER,EXECUTED,-2147483648,,1,ADD,17453,Cameron Brate,-1,4,2018-11-21
2018,12,a1d9b295-c857-3709-b4ea-6f13a709bd44,,WAIVER,EXECUTED,-2147483648,,1,DROP,3043080,O.J. Howard,4,-1,2018-11-21
2018,12,35a75fd7-ca5d-32f2-9d33-4e0652536b99,,TRADE_PROPOSAL,PENDING,6,,0,TRADE,16733,Odell Beckham Jr.,6,8,2018-11-22
2018,12,35a75fd7-ca5d-32f2-9d33-4e0652536b99,,TRADE_PROPOSAL,PENDING,6,,0,TRADE,3116385,Joe Mixon,8,6,2018-11-22
2018,12,7168939c-b699-3e88-8c42-a8606c00d965,,WAIVER,PENDING,-2147483648,,11,ADD,3051926,Gus Edwards,-1,7,2018-11-21
2018,12,7168939c-b699-3e88-8c42-a8606c00d965,,WAIVER,PENDING,-2147483648,,11,DROP,3025433,Mike Davis,7,-1,2018-11-21
2018,12,aad3ad0e-8c38-394d-9f22-dc9c281995ae,,WAIVER,PENDING,-2147483648,,11,ADD,3051926,Gus Edwards,-1,1,2018-11-21
2018,12,aad3ad0e-8c38-394d-9f22-dc9c281995ae,,WAIVER,PENDING,-2147483648,,11,DROP,3050478,Jake Elliott,1,-1,2018-11-21
2018,12,cf683057-b0d8-395d-8cec-5aefa2d97b2f,,TRADE_ACCEPT,PENDING,8,,0,TRADE,3116385,Joe Mixon,8,6,2018-11-22
2018,12,cf683057-b0d8-395d-8cec-5aefa2d97b2f,,TRADE_ACCEPT,PENDING,8,,0,TRADE,16974,Trey Burton,8,6,2018-11-22
2018,12,cf683057-b0d8-395d-8cec-5aefa2d97b2f,,TRADE_ACCEPT,PENDING,8,,0,TRADE,16733,Odell Beckham Jr.,6,8,2018-11-22
2018,12,cf683057-b0d8-395d-8cec-5aefa2d97b2f,,TRADE_ACCEPT,PENDING,8,,0,DROP,16969,Kapri Bibbs,6,-1,2018-11-22
2018,12,c3a31d36-75bd-336c-ac6d-62c703d82f06,,WAIVER,FAILED_MATCHUPACQUISITIONLIMIT,7,,11,ADD,3051926,Gus Edwards,-1,7,2018-11-21
2018,12,c3a31d36-75bd-336c-ac6d-62c703d82f06,,WAIVER,FAILED_MATCHUPACQUISITIONLIMIT,7,,11,DROP,3025433,Mike Davis,7,-1,2018-11-21
2018,12,039c8a0b-f3ac-3f0b-8c50-f75b3cb039ac,,TRADE_PROPOSAL,PENDING,6,,0,TRADE,3116385,Joe Mixon,8,6,2018-11-22
2018,12,039c8a0b-f3ac-3f0b-8c50-f75b3cb039ac,,TRADE_PROPOSAL,PENDING,6,,0,TRADE,16974,Trey Burton,8,6,2018-11-22
2018,12,039c8a0b-f3ac-3f0b-8c50-f75b3cb039ac,,TRADE_PROPOSAL,PENDING,6,,0,TRADE,16733,Odell Beckham Jr.,6,8,2018-11-22
2018,12,039c8a0b-f3ac-3f0b-8c50-f75b3cb039ac,,TRADE_PROPOSAL,PENDING,6,,0,DROP,16969,Kapri Bibbs,6,-1,2018-11-22
2018,12,c5e52c2f-a1ce-327c-a2fc-f299081fcdb5,,TRADE_PROPOSAL,PENDING,10,,0,TRADE,12649,Julian Edelman,13,10,2018-11-20
2018,12,c5e52c2f-a1ce-327c-a2fc-f299081fcdb5,,TRADE_PROPOSAL,PENDING,10,,0,TRADE,3046409,Alex Collins,10,13,2018-11-20
2018,12,c5e52c2f-a1ce-327c-a2fc-f299081fcdb5,,TRADE_PROPOSAL,PENDING,10,,0,TRADE,3128429,Courtland Sutton,10,13,2018-11-20
2018,12,7e5e4a48-1aa6-33b5-ba64-ecd0774ecf5a,,FREEAGENT,EXECUTED,10,,0,ADD,-16002,Bills D/ST,-1,10,2018-11-21
2018,12,f4604e12-bd9d-30b1-a867-e25603841ade,,TRADE_PROPOSAL,PENDING,8,,0,TRADE,16733,Odell Beckham Jr.,6,8,2018-11-22
2018,12,f4604e12-bd9d-30b1-a867-e25603841ade,,TRADE_PROPOSAL,PENDING,8,,0,TRADE,2979477,Tevin Coleman,8,6,2018-11-22
2018,12,f4604e12-bd9d-30b1-a867-e25603841ade,,TRADE_PROPOSAL,PENDING,8,,0,TRADE,16725,Sammy Watkins,8,6,2018-11-22
2018,12,fcb456f3-a4a9-395d-919b-57bab5a62079,,TRADE_PROPOSAL,PENDING,6,,0,TRADE,3116385,Joe Mixon,8,6,2018-11-22
2018,12,fcb456f3-a4a9-395d-919b-57bab5a62079,,TRADE_PROPOSAL,PENDING,6,,0,TRADE,13216,Demaryius Thomas,6,8,2018-11-22
2018,12,fcb456f3-a4a9-395d-919b-57bab5a62079,,TRADE_PROPOSAL,PENDING,6,,0,TRADE,3116165,Chris Godwin,6,8,2018-11-22
2018,12,47e781d0-c35b-3b2d-963c-7323379b443d,,WAIVER,PENDING,-2147483648,,4,ADD,3895856,Christian Kirk,-1,8,2018-11-21
2018,12,47e781d0-c35b-3b2d-963c-7323379b443d,,WAIVER,PENDING,-2147483648,,4,DROP,12563,Michael Crabtree,8,-1,2018-11-21
2018,12,b0fa6b28-f27b-3efc-8e35-0aabecf70b70,,FREEAGENT,EXECUTED,5,,0,DROP,-16022,Cardinals D/ST,5,-1,2018-11-20
2018,12,d8eed865-978a-3f2f-b21e-e6a8f675b6b3,,FREEAGENT,EXECUTED,10,,0,DROP,-16019,Giants D/ST,10,-1,2018-11-20
2018,12,0f65a0d8-ea00-385a-beec-cd06ba067749,,WAIVER,FAILED_MATCHUPACQUISITIONLIMIT,10,,20,ADD,3051926,Gus Edwards,-1,10,2018-11-21
2018,12,2baf88ea-be29-3252-a014-a6ed947128ed,,WAIVER,PENDING,-2147483648,,3,ADD,3915823,Keke Coutee,-1,8,2018-11-21
2018,12,2baf88ea-be29-3252-a014-a6ed947128ed,,WAIVER,PENDING,-2147483648,,3,DROP,12563,Michael Crabtree,8,-1,2018-11-21
2018,12,48029e50-9eb0-3ebc-bc09-8278765d4fa7,,FREEAGENT,EXECUTED,5,,0,DROP,8664,Ryan Fitzpatrick,5,-1,2018-11-21
2018,12,35a1ed5f-07ce-3dfa-a83d-c40dffd75d48,,FREEAGENT,EXECUTED,5,,0,ADD,3121427,Curtis Samuel,-1,5,2018-11-25
2018,12,e10dc987-49c2-39c2-8105-ba79eccb4562,,FREEAGENT,EXECUTED,3,,0,DROP,3043078,Derrick Henry,3,-1,2018-11-20
2018,12,f4c43e14-ea93-349a-8bf4-2c773f1be18c,,TRADE_PROPOSAL,PENDING,-2147483648,,0,TRADE,12649,Julian Edelman,13,10,2018-11-22
2018,12,f4c43e14-ea93-349a-8bf4-2c773f1be18c,,TRADE_PROPOSAL,PENDING,-2147483648,,0,TRADE,3046409,Alex Collins,10,13,2018-11-22
2018,12,f4c43e14-ea93-349a-8bf4-2c773f1be18c,,TRADE_PROPOSAL,PENDING,-2147483648,,0,TRADE,3128429,Courtland Sutton,10,13,2018-11-22
2018,12,ddade82d-f3d0-32dc-8ef9-7a55613612d5,,FREEAGENT,EXECUTED,13,,0,ADD,9354,Robbie Gould,-1,13,2018-11-22
2018,12,0baf9a68-7b2c-33e4-a1b5-54d23336853c,,WAIVER,PENDING,-2147483648,,10,ADD,3051926,Gus Edwards,-1,12,2018-11-21
2018,12,0baf9a68-7b2c-33e4-a1b5-54d23336853c,,WAIVER,PENDING,-2147483648,,10,DROP,3912550,Ronald Jones,12,-1,2018-11-21
2018,12,3c5b733b-5acc-3ae9-8c4a-ca2e18a672cb,,TRADE_PROPOSAL,PENDING,6,,0,TRADE,16733,Odell Beckham Jr.,6,8,2018-11-22
2018,12,3c5b733b-5acc-3ae9-8c4a-ca2e18a672cb,,TRADE_PROPOSAL,PENDING,6,,0,TRADE,3128721,Sony Michel,8,6,2018-11-22
2018,12,3c5b733b-5acc-3ae9-8c4a-ca2e18a672cb,,TRADE_PROPOSAL,PENDING,6,,0,TRADE,16725,Sammy Watkins,8,6,2018-11-22
2018,12,3c59f97e-8a5e-30d1-b739-0c74d83f21b8,,FREEAGENT,EXECUTED,2,,0,DROP,12731,Ryan Succop,2,-1,2018-11-20
2018,12,61abdf43-1a86-3d1b-810c-947a2482aea7,,WAIVER,PENDING,3,,25,ADD,3051926,Gus Edwards,-1,3,2018-11-20
2018,12,61abdf43-1a86-3d1b-810c-947a2482aea7,,WAIVER,PENDING,3,,25,DROP,3051738,Marquez Valdes-Scantling,3,-1,2018-11-20
2018,12,13c88674-a94d-3786-be79-42b4dddc3e41,,FREEAGENT,EXECUTED,5,,0,DROP,2971618,Nelson Agholor,5,-1,2018-11-21
2018,12,2c0d4d42-afa2-32f3-b3a8-2a5b9931821f,,FREEAGENT,EXECUTED,5,,0,ADD,2576491,Adam Humphries,-1,5,2018-11-21
2018,12,019299e6-554a-31aa-8b4f-43393fe1fc43,,FREEAGENT,EXECUTED,13,,1,DROP,3116721,Jaylen Samuels,13,-1,2018-11-22
2018,12,019299e6-554a-31aa-8b4f-43393fe1fc43,,FREEAGENT,EXECUTED,13,,1,ADD,5526,Eli Manning,-1,13,2018-11-22
2018,12,16401b07-3bd3-3059-87d1-e2cc123aeba0,,TRADE_PROPOSAL,PENDING,8,,0,TRADE,16733,Odell Beckham Jr.,6,8,2018-11-22
2018,12,16401b07-3bd3-3059-87d1-e2cc123aeba0,,TRADE_PROPOSAL,PENDING,8,,0,TRADE,3116385,Joe Mixon,8,6,2018-11-22
2018,12,33f077b5-9fda-376e-94bb-884fe191c179,,WAIVER,EXECUTED,-2147483648,,1,ADD,4333,Matt Bryant,-1,7,2018-11-21
2018,12,33f077b5-9fda-376e-94bb-884fe191c179,,WAIVER,EXECUTED,-2147483648,,1,DROP,3025433,Mike Davis,7,-1,2018-11-21
2018,12,ff12dcae-ed0b-3ab0-ae06-47fe783dceb2,,WAIVER,EXECUTED,-2147483648,,1,ADD,2576389,Jeff Heuerman,-1,12,2018-11-21
2018,12,ff12dcae-ed0b-3ab0-ae06-47fe783dceb2,,WAIVER,EXECUTED,-2147483648,,1,DROP,3045260,Corey Clement,12,-1,2018-11-21
2018,12,6d99c2ae-4454-3667-ba59-670e7490f62a,,FREEAGENT,EXECUTED,8,,0,ADD,3915823,Keke Coutee,-1,8,2018-11-21
2018,12,6d99c2ae-4454-3667-ba59-670e7490f62a,,FREEAGENT,EXECUTED,8,,0,DROP,3128451,Tre'Quan Smith,8,-1,2018-11-21
2018,12,c1427bde-6721-3241-8195-6472a0c6128f,,FREEAGENT,EXECUTED,8,,0,ADD,3051738,Marquez Valdes-Scantling,-1,8,2018-11-22
2018,12,c1427bde-6721-3241-8195-6472a0c6128f,,FREEAGENT,EXECUTED,8,,0,DROP,3915823,Keke Coutee,8,-1,2018-11-22
2018,12,f88e3224-3c8b-3302-a01a-89faab4596e1,,WAIVER,EXECUTED,-2147483648,,5,DROP,3050478,Jake Elliott,1,-1,2018-11-21
2018,12,f88e3224-3c8b-3302-a01a-89faab4596e1,,WAIVER,EXECUTED,-2147483648,,5,ADD,-16017,Patriots D/ST,-1,1,2018-11-21
2018,12,5ac6b841-2cc6-391f-b12f-a85a01b19bfb,,WAIVER,PENDING,8,,1,ADD,3051738,Marquez Valdes-Scantling,-1,8,2018-11-21
2018,12,5ac6b841-2cc6-391f-b12f-a85a01b19bfb,,WAIVER,PENDING,8,,1,DROP,3128451,Tre'Quan Smith,8,-1,2018-11-21
2018,12,16d9b31a-e18f-338e-8ddf-e9fc06fa02cf,,TRADE_PROPOSAL,PENDING,8,,0,TRADE,16733,Odell Beckham Jr.,6,8,2018-11-22
2018,12,16d9b31a-e18f-338e-8ddf-e9fc06fa02cf,,TRADE_PROPOSAL,PENDING,8,,0,TRADE,2979477,Tevin Coleman,8,6,2018-11-22
2018,12,16d9b31a-e18f-338e-8ddf-e9fc06fa02cf,,TRADE_PROPOSAL,PENDING,8,,0,TRADE,16725,Sammy Watkins,8,6,2018-11-22
2018,12,d79b111a-7c5e-3931-b7e1-595dd518c4a8,,WAIVER,EXECUTED,-2147483648,,40,ADD,3051926,Gus Edwards,-1,3,2018-11-21
2018,12,d79b111a-7c5e-3931-b7e1-595dd518c4a8,,WAIVER,EXECUTED,-2147483648,,40,DROP,3051738,Marquez Valdes-Scantling,3,-1,2018-11-21
2018,12,268bdcf2-6b23-348c-b0ab-2cb3947d8d5f,,FREEAGENT,EXECUTED,4,,0,ADD,-16021,Eagles D/ST,-1,4,2018-11-23
2018,12,268bdcf2-6b23-348c-b0ab-2cb3947d8d5f,,FREEAGENT,EXECUTED,4,,0,DROP,11270,Jordy Nelson,4,-1,2018-11-23
2018,12,b2edba25-0389-3b87-b355-803bf811eefe,,WAIVER,FAILED_MATCHUPACQUISITIONLIMIT,1,,11,ADD,3051926,Gus Edwards,-1,1,2018-11-21
2018,12,b2edba25-0389-3b87-b355-803bf811eefe,,WAIVER,FAILED_MATCHUPACQUISITIONLIMIT,1,,11,DROP,3050478,Jake Elliott,1,-1,2018-11-21
2018,13,8787d143-c169-395b-a7f3-8ae4b870a946,,FREEAGENT,EXECUTED,3,,0,DROP,12563,Michael Crabtree,3,-1,2018-11-28
2018,13,1a61f80c-a27a-3b98-b337-08c5d0116e55,,FREEAGENT,EXECUTED,5,,0,DROP,14053,Randall Cobb,5,-1,2018-11-27
2018,13,e111b9c4-096b-3da3-9df3-9a5edef05831,,FREEAGENT,EXECUTED,12,,1,DROP,3912550,Ronald Jones,12,-1,2018-11-27
2018,13,f6296774-0736-31dc-b0c9-e9c18d54ccfb,,WAIVER,PENDING,8,,1,DROP,3051738,Marquez Valdes-Scantling,8,-1,2018-11-27
2018,13,f6296774-0736-31dc-b0c9-e9c18d54ccfb,,WAIVER,PENDING,8,,1,ADD,3043078,Derrick Henry,-1,8,2018-11-27
2018,13,63860be0-35b3-3301-afb2-d191cbf7c133,,WAIVER,EXECUTED,-2147483648,,10,ADD,16777,Carlos Hyde,-1,7,2018-11-28
2018,13,bc5f4fd2-2084-37b5-a463-150acc89d069,,FREEAGENT,EXECUTED,5,,1,DROP,2576980,Marcus Mariota,5,-1,2018-12-02
2018,13,bc5f4fd2-2084-37b5-a463-150acc89d069,,FREEAGENT,EXECUTED,5,,1,ADD,3052587,Baker Mayfield,-1,5,2018-12-02
2018,13,73c616d6-3277-3ee3-8183-c5a7cd1930be,,WAIVER,EXECUTED,-2147483648,,8,ADD,-16018,Saints D/ST,-1,2,2018-11-28
2018,13,73c616d6-3277-3ee3-8183-c5a7cd1930be,,WAIVER,EXECUTED,-2147483648,,8,DROP,-16020,Jets D/ST,2,-1,2018-11-28
2018,13,01daef6d-be79-34fc-a724-de9551460a9d,,WAIVER,PENDING,-2147483648,,1,ADD,-16009,Packers D/ST,-1,12,2018-11-28
2018,13,01daef6d-be79-34fc-a724-de9551460a9d,,WAIVER,PENDING,-2147483648,,1,DROP,-16028,Redskins D/ST,12,-1,2018-11-28
2018,13,35757d4b-9d26-3cd0-889a-1c612edf5936,,WAIVER,PENDING,7,,10,ADD,16777,Carlos Hyde,-1,7,2018-11-28
2018,13,35757d4b-9d26-3cd0-889a-1c612edf5936,,WAIVER,PENDING,7,,10,DROP,16504,Jack Doyle,7,-1,2018-11-28
2018,13,c6103dff-738e-3310-8f9d-196521ec3c09,,FREEAGENT,EXECUTED,7,,0,DROP,16504,Jack Doyle,7,-1,2018-11-28
2018,13,c1800e06-2125-32ed-8ac2-e299d2207458,,FREEAGENT,EXECUTED,13,,1,DROP,9354,Robbie Gould,13,-1,2018-11-29
2018,13,c1800e06-2125-32ed-8ac2-e299d2207458,,FREEAGENT,EXECUTED,13,,1,ADD,-16026,Seahawks D/ST,-1,13,2018-11-29
2018,13,3c0b996d-7e97-3078-9e1c-278c0854e541,,FREEAGENT,EXECUTED,5,,0,DROP,14012,Andy Dalton,5,-1,2018-11-27
2018,13,b4188773-b206-3fd4-9103-147ac66361f6,,WAIVER,FAILED_MATCHUPACQUISITIONLIMIT,12,,3,ADD,16777,Carlos Hyde,-1,12,2018-11-28
2018,13,de245e26-c130-3250-8cd7-f7bb5c77926c,,WAIVER,EXECUTED,-2147483648,,1,DROP,3051738,Marquez Valdes-Scantling,8,-1,2018-11-28
2018,13,de245e26-c130-3250-8cd7-f7bb5c77926c,,WAIVER,EXECUTED,-2147483648,,1,ADD,3123050,Chris Herndon,-1,8,2018-11-28
2018,13,e753fdea-33db-3762-aa04-703ec52fd27d,,WAIVER,EXECUTED,-2147483648,,4,ADD,3918639,Gerald Everett,-1,13,2018-11-28
2018,13,e753fdea-33db-3762-aa04-703ec52fd27d,,WAIVER,EXECUTED,-2147483648,,4,DROP,3122672,Royce Freeman,13,-1,2018-11-28
2018,13,23f96bd2-5814-32ea-9821-51d5438f2c9f,,WAIVER,FAILED_MATCHUPACQUISITIONLIMIT,12,,1,ADD,-16009,Packers D/ST,-1,12,2018-11-28
2018,13,23f96bd2-5814-32ea-9821-51d5438f2c9f,,WAIVER,FAILED_MATCHUPACQUISITIONLIMIT,12,,1,DROP,-16028,Redskins D/ST,12,-1,2018-11-28
2018,13,81cbd9a0-ddaa-31ab-8bb5-e9c73e1faa76,,WAIVER,PENDING,-2147483648,,3,ADD,16777,Carlos Hyde,-1,12,2018-11-28
2018,13,d4d71fa6-6c16-3796-96e4-904d51b0e175,,WAIVER,EXECUTED,-2147483648,,2,ADD,2576980,Marcus Mariota,-1,5,2018-11-28
2018,13,98145749-3190-33b7-9e3e-78816850caf4,,FREEAGENT,EXECUTED,8,,1,DROP,3123050,Chris Herndon,8,-1,2018-11-29
2018,13,98145749-3190-33b7-9e3e-78816850caf4,,FREEAGENT,EXECUTED,8,,1,ADD,13213,LeGarrette Blount,-1,8,2018-11-29
2018,13,70b3600d-2a2f-3a29-828a-45f3334fb7ea,,FREEAGENT,EXECUTED,9,,0,ADD,16020,Spencer Ware,-1,9,2018-11-30
2018,13,70b3600d-2a2f-3a29-828a-45f3334fb7ea,,FREEAGENT,EXECUTED,9,,0,DROP,3139925,Rashaad Penny,9,-1,2018-11-30
2018,13,e902ae5c-9836-31a7-90e9-4e1fec5e341e,,FREEAGENT,EXECUTED,12,,0,ADD,-16012,Chiefs D/ST,-1,12,2018-11-29
2018,13,45b6c220-b1ce-332d-8e92-581f737563af,,WAIVER,FAILED_MATCHUPACQUISITIONLIMIT,9,,1,ADD,-16009,Packers D/ST,-1,9,2018-11-28
2018,13,45b6c220-b1ce-332d-8e92-581f737563af,,WAIVER,FAILED_MATCHUPACQUISITIONLIMIT,9,,1,DROP,-16006,Cowboys D/ST,9,-1,2018-11-28
2018,13,d0782084-652f-3819-9537-53c7007ca7a6,,FREEAGENT,EXECUTED,12,,0,ADD,3043078,Derrick Henry,-1,12,2018-11-29
2018,13,f117b500-f723-365d-aaa9-6663d13db065,,FREEAGENT,EXECUTED,13,,4,DROP,5526,Eli Manning,13,-1,2018-11-28
2018,13,d20bf0e8-bd1e-3027-a803-b4de332a50c4,,FREEAGENT,EXECUTED,2,,0,ADD,2574630,Jeff Driskel,-1,2,2018-12-01
2018,13,afd9b346-e706-38cc-8681-d48eed2d6791,,WAIVER,EXECUTED,-2147483648,,1,ADD,14993,Greg Zuerlein,-1,12,2018-11-28
2018,13,afd9b346-e706-38cc-8681-d48eed2d6791,,WAIVER,EXECUTED,-2147483648,,1,DROP,11122,Matt Prater,12,-1,2018-11-28
2018,13,a588e5db-da4c-31f6-bbee-f836b6b822ef,,FREEAGENT,EXECUTED,12,,0,DROP,-16028,Redskins D/ST,12,-1,2018-11-29
2018,13,6e381dbb-2b5e-3eea-808f-5f87b2d5331d,,FREEAGENT,EXECUTED,1,,0,ADD,3116136,Justin Jackson,-1,1,2018-11-28
2018,13,6e381dbb-2b5e-3eea-808f-5f87b2d5331d,,FREEAGENT,EXECUTED,1,,0,DROP,-16017,Patriots D/ST,1,-1,2018-11-28
2018,13,d961e3eb-f197-3637-87a5-5f24fc49beca,,WAIVER,EXECUTED,-2147483648,,11,ADD,-16009,Packers D/ST,-1,5,2018-11-28
2018,13,d961e3eb-f197-3637-87a5-5f24fc49beca,,WAIVER,EXECUTED,-2147483648,,11,DROP,3121427,Curtis Samuel,5,-1,2018-11-28
2018,13,05400b59-14c8-3d8c-b31b-73e7aff40b56,,FREEAGENT,EXECUTED,8,,0,DROP,15072,Marvin Jones Jr.,8,-1,2018-11-27
2018,13,a26729e7-da5a-36c1-b9a9-5cc9e0ca5704,,WAIVER,PENDING,-2147483648,,1,ADD,-16009,Packers D/ST,-1,9,2018-11-28
2018,13,a26729e7-da5a-36c1-b9a9-5cc9e0ca5704,,WAIVER,PENDING,-2147483648,,1,DROP,-16006,Cowboys D/ST,9,-1,2018-11-28
2018,13,782270b5-b17e-3999-aefb-9bf7673e33ea,,WAIVER,EXECUTED,-2147483648,,1,ADD,3025433,Mike Davis,-1,12,2018-11-29
2018,13,782270b5-b17e-3999-aefb-9bf7673e33ea,,WAIVER,EXECUTED,-2147483648,,1,DROP,15839,Marquise Goodwin,12,-1,2018-11-29
2018,13,9a047fb0-ac3f-313f-b828-ee0e87b24568,,WAIVER,EXECUTED,-2147483648,,1,DROP,3025433,Mike Davis,3,-1,2018-11-28
2018,13,9a047fb0-ac3f-313f-b828-ee0e87b24568,,WAIVER,EXECUTED,-2147483648,,1,ADD,12563,Michael Crabtree,-1,3,2018-11-28
2018,14,ed2dea14-8688-35ec-abf3-7b56f37c1fd4,,WAIVER,EXECUTED,-2147483648,,39,ADD,3122976,Jeff Wilson Jr.,-1,3,2018-12-05
2018,14,74e47ab4-2bac-3c83-a2e1-59409e742e52,,WAIVER,PENDING,13,,5,DROP,3918639,Gerald Everett,13,-1,2018-12-05
2018,14,74e47ab4-2bac-3c83-a2e1-59409e742e52,,WAIVER,PENDING,13,,5,ADD,3122976,Jeff Wilson Jr.,-1,13,2018-12-05
2018,14,98fe65ba-2110-36e2-bc88-b4ab454e4e9f,,WAIVER,PENDING,-2147483648,,20,ADD,3122976,Jeff Wilson Jr.,-1,12,2018-12-05
2018,14,98fe65ba-2110-36e2-bc88-b4ab454e4e9f,,WAIVER,PENDING,-2147483648,,20,DROP,3025433,Mike Davis,12,-1,2018-12-05
2018,14,e0563564-9327-31e5-b501-13049dba15cb,,FREEAGENT,EXECUTED,8,,0,ADD,4045305,Ian Thomas,-1,8,2018-12-05
2018,14,a7b38378-ecce-32d2-8b82-8f470182032c,,WAIVER,PENDING,8,,11,ADD,3122976,Jeff Wilson Jr.,-1,8,2018-12-05
2018,14,5eb8ca02-2895-3fd4-9688-d3fd90d453a3,,WAIVER,PENDING,-2147483648,,10,ADD,3116721,Jaylen Samuels,-1,13,2018-12-05
2018,14,6a36e10b-a458-3fd8-8d61-fc72513a0a62,,WAIVER,FAILED_MATCHUPACQUISITIONLIMIT,8,,12,ADD,3116721,Jaylen Samuels,-1,8,2018-12-05
2018,14,96f01636-30e9-37c7-8ffc-0555ade323b0,,WAIVER,FAILED_MATCHUPACQUISITIONLIMIT,8,,15,ADD,3122976,Jeff Wilson Jr.,-1,8,2018-12-05
2018,14,03145e1e-c33b-38e0-a344-a36cbc904526,,WAIVER,PENDING,-2147483648,,10,DROP,3918639,Gerald Everett,13,-1,2018-12-05
2018,14,03145e1e-c33b-38e0-a344-a36cbc904526,,WAIVER,PENDING,-2147483648,,10,ADD,3122976,Jeff Wilson Jr.,-1,13,2018-12-05
2018,14,82f97e7c-9c68-3cdd-877e-907aca053198,,FREEAGENT,EXECUTED,8,,0,ADD,13213,LeGarrette Blount,-1,8,2018-12-08
2018,14,82f97e7c-9c68-3cdd-877e-907aca053198,,FREEAGENT,EXECUTED,8,,0,DROP,16725,Sammy Watkins,8,-1,2018-12-08
2018,14,81386263-e763-3b8e-8a07-1be6929f9b2a,,WAIVER,FAILED_MATCHUPACQUISITIONLIMIT,1,,23,DROP,-16011,Colts D/ST,1,-1,2018-12-05
2018,14,81386263-e763-3b8e-8a07-1be6929f9b2a,,WAIVER,FAILED_MATCHUPACQUISITIONLIMIT,1,,23,ADD,3116721,Jaylen Samuels,-1,1,2018-12-05
2018,14,9c709c2a-fda6-3b2f-8621-1488d1c800f8,,WAIVER,PENDING,-2147483648,,12,ADD,3116721,Jaylen Samuels,-1,8,2018-12-05
2018,14,cd061eae-9c26-34a8-a9c8-137baa6fd1a1,,FREEAGENT,EXECUTED,13,,0,ADD,3915381,John Kelly,-1,13,2018-12-05
2018,14,8287db71-d24a-3d90-a7f0-274797048a8a,,WAIVER,EXECUTED,-2147483648,,5,ADD,3121427,Curtis Samuel,-1,8,2018-12-05
2018,14,8287db71-d24a-3d90-a7f0-274797048a8a,,WAIVER,EXECUTED,-2147483648,,5,DROP,13213,LeGarrette Blount,8,-1,2018-12-05
2018,14,7f04eabc-39be-31e9-bc66-99ae9a580893,,FREEAGENT,EXECUTED,12,,0,ADD,14028,Stevan Ridley,-1,12,2018-12-06
2018,14,1fe83035-44f2-31eb-8edd-b09ee40bb561,,WAIVER,PENDING,13,,5,ADD,3116721,Jaylen Samuels,-1,13,2018-12-05
2018,14,d343b872-35d5-3e81-9d6c-e142541db7b2,,FREEAGENT,EXECUTED,9,,0,ADD,-16008,Lions D/ST,-1,9,2018-12-06
2018,14,d343b872-35d5-3e81-9d6c-e142541db7b2,,FREEAGENT,EXECUTED,9,,0,DROP,15349,Cole Beasley,9,-1,2018-12-06
2018,14,07848a92-06c0-3521-805e-fde1cb0c5a90,,WAIVER,PENDING,8,,15,ADD,3116721,Jaylen Samuels,-1,8,2018-12-05
2018,14,949fba95-bea9-33ff-9b33-2e1d5c3b6e90,,WAIVER,PENDING,1,,20,DROP,-16011,Colts D/ST,1,-1,2018-12-04
2018,14,949fba95-bea9-33ff-9b33-2e1d5c3b6e90,,WAIVER,PENDING,1,,20,ADD,3116721,Jaylen Samuels,-1,1,2018-12-04
2018,14,3afb7825-bab6-37b5-b0b8-a1bd21686ce4,,WAIVER,FAILED_MATCHUPACQUISITIONLIMIT,12,,20,ADD,3122976,Jeff Wilson Jr.,-1,12,2018-12-05
2018,14,3afb7825-bab6-37b5-b0b8-a1bd21686ce4,,WAIVER,FAILED_MATCHUPACQUISITIONLIMIT,12,,20,DROP,3025433,Mike Davis,12,-1,2018-12-05
2018,14,c80bcc25-3c80-3944-b5a6-517a1cf2f3dc,,WAIVER,FAILED_MATCHUPACQUISITIONLIMIT,2,,15,ADD,3116721,Jaylen Samuels,-1,2,2018-12-05
2018,14,c80bcc25-3c80-3944-b5a6-517a1cf2f3dc,,WAIVER,FAILED_MATCHUPACQUISITIONLIMIT,2,,15,DROP,11674,Danny Amendola,2,-1,2018-12-05
2018,14,26bad31b-b780-3895-9463-5d6d6f2aa201,,WAIVER,PENDING,-2147483648,,1,ADD,17359,Damien Williams,-1,3,2018-12-05
2018,14,e702b5e6-2cb2-31ef-b504-a00f885b5415,,WAIVER,FAILED_MATCHUPACQUISITIONLIMIT,13,,10,DROP,3918639,Gerald Everett,13,-1,2018-12-05
2018,14,e702b5e6-2cb2-31ef-b504-a00f885b5415,,WAIVER,FAILED_MATCHUPACQUISITIONLIMIT,13,,10,ADD,3122976,Jeff Wilson Jr.,-1,13,2018-12-05
2018,14,f532088d-40fa-3e30-a805-e07f38817733,,WAIVER,PENDING,-2147483648,,23,DROP,-16011,Colts D/ST,1,-1,2018-12-05
2018,14,f532088d-40fa-3e30-a805-e07f38817733,,WAIVER,PENDING,-2147483648,,23,ADD,3116721,Jaylen Samuels,-1,1,2018-12-05
2018,14,0abd86e7-56b0-3ab2-893a-743b9939f980,,FREEAGENT,EXECUTED,2,,0,LINEUP,11674,Danny Amendola,2,2,2018-12-04
2018,14,0abd86e7-56b0-3ab2-893a-743b9939f980,,FREEAGENT,EXECUTED,2,,0,DROP,2574630,Jeff Driskel,2,-1,2018-12-04
2018,14,f9706201-50ca-3374-8259-a5934e6b0697,,WAIVER,FAILED_MATCHUPACQUISITIONLIMIT,13,,10,ADD,3116721,Jaylen Samuels,-1,13,2018-12-05
2018,14,339d61fa-51c5-329a-b7fc-1f41e6415074,,WAIVER,CANCELED,3,,1,ADD,17359,Damien Williams,-1,3,2018-12-05
2018,14,963c7b8b-a6bc-3b30-a6b8-a408345902d3,,FREEAGENT,EXECUTED,2,,0,ADD,15839,Marquise Goodwin,-1,2,2018-12-05
2018,14,cb45ca7e-447d-3827-ba81-92739f16cfcf,,FREEAGENT,EXECUTED,13,,0,ADD,2576179,Matt LaCosse,-1,13,2018-12-06
2018,14,cb45ca7e-447d-3827-ba81-92739f16cfcf,,FREEAGENT,EXECUTED,13,,0,DROP,3918639,Gerald Everett,13,-1,2018-12-06
2018,14,e4756d2e-e3df-3804-a58d-fec1aecb4f8e,,WAIVER,PENDING,-2147483648,,15,ADD,3116721,Jaylen Samuels,-1,2,2018-12-05
2018,14,e4756d2e-e3df-3804-a58d-fec1aecb4f8e,,WAIVER,PENDING,-2147483648,,15,DROP,11674,Danny Amendola,2,-1,2018-12-05
2018,14,b6958af5-7f48-3714-992d-f6c38e924e04,,FREEAGENT,EXECUTED,12,,0,DROP,3895856,Christian Kirk,12,-1,2018-12-04
2018,14,81ed9665-a44b-36b5-8278-e2e3321b50ba,,WAIVER,PENDING,9,,45,ADD,3122976,Jeff Wilson Jr.,-1,9,2018-12-04
2018,14,81ed9665-a44b-36b5-8278-e2e3321b50ba,,WAIVER,PENDING,9,,45,DROP,3059915,Kareem Hunt,9,-1,2018-12-04
2018,14,61f5e4e5-c5fa-35f8-80a4-12a4178e8b9f,,WAIVER,EXECUTED,-2147483648,,60,ADD,3116721,Jaylen Samuels,-1,9,2018-12-05
2018,14,61f5e4e5-c5fa-35f8-80a4-12a4178e8b9f,,WAIVER,EXECUTED,-2147483648,,60,DROP,3059915,Kareem Hunt,9,-1,2018-12-05
2018,14,93fe0290-1d11-3087-9f66-f4c90f3a7dc6,,WAIVER,PENDING,-2147483648,,15,ADD,3122976,Jeff Wilson Jr.,-1,8,2018-12-05
2018,15,4c64647b-afe1-3eb7-b89c-980dcd53e967,,WAIVER,EXECUTED,-2147483648,,1,ADD,-16001,Falcons D/ST,-1,12,2018-12-12
2018,15,4c64647b-afe1-3eb7-b89c-980dcd53e967,,WAIVER,EXECUTED,-2147483648,,1,DROP,-16012,Chiefs D/ST,12,-1,2018-12-12
2018,15,5e2bd10b-d7f8-369e-9ef2-19ee44020376,,WAIVER,EXECUTED,-2147483648,,10,ADD,17359,Damien Williams,-1,9,2018-12-12
2018,15,5e2bd10b-d7f8-369e-9ef2-19ee44020376,,WAIVER,EXECUTED,-2147483648,,10,DROP,5557,Benjamin Watson,9,-1,2018-12-12
2018,15,6e533118-178c-3cef-9d9a-b1b6a185f0de,,FREEAGENT,EXECUTED,12,,0,DROP,2576389,Jeff Heuerman,12,-1,2018-12-12
2018,15,95d2fd49-238c-3dfb-85af-a28b89aa12d0,,WAIVER,EXECUTED,-2147483648,,1,ADD,3117131,Detrez Newsome,-1,12,2018-12-12
2018,15,95d2fd49-238c-3dfb-85af-a28b89aa12d0,,WAIVER,EXECUTED,-2147483648,,1,DROP,3025433,Mike Davis,12,-1,2018-12-12
2018,15,95716780-395e-3c6f-87f6-eab4e1d8d669,,FREEAGENT,EXECUTED,8,,0,DROP,13213,LeGarrette Blount,8,-1,2018-12-12
2018,15,77a43719-88f1-3ede-badc-c4e384172270,,WAIVER,EXECUTED,-2147483648,,1,ADD,12731,Ryan Succop,-1,9,2018-12-12
2018,15,77a43719-88f1-3ede-badc-c4e384172270,,WAIVER,EXECUTED,-2147483648,,1,DROP,12460,Graham Gano,9,-1,2018-12-12
2018,15,f526aa8b-4e87-3f04-872e-05a3a4dc7583,,FREEAGENT,EXECUTED,3,,0,DROP,13983,A.J. Green,3,-1,2018-12-12
2018,15,1455c852-a893-3be6-abd7-b83ccd4197db,,FREEAGENT,EXECUTED,8,,0,ADD,2971888,Kenneth Dixon,-1,8,2018-12-13
2018,15,1455c852-a893-3be6-abd7-b83ccd4197db,,FREEAGENT,EXECUTED,8,,0,DROP,17284,Charcandrick West,8,-1,2018-12-13
2018,15,6f168c0a-44e3-3b0b-bb64-6867cff22c2f,,FREEAGENT,EXECUTED,8,,0,ADD,17284,Charcandrick West,-1,8,2018-12-13
2018,15,6f168c0a-44e3-3b0b-bb64-6867cff22c2f,,FREEAGENT,EXECUTED,8,,0,DROP,3128451,Tre'Quan Smith,8,-1,2018-12-13
2018,16,7ed58453-90d7-39a8-b4ec-65c3ca3d45b3,,FREEAGENT,EXECUTED,8,,0,ADD,3122449,James Washington,-1,8,2018-12-20
2018,16,7ed58453-90d7-39a8-b4ec-65c3ca3d45b3,,FREEAGENT,EXECUTED,8,,0,DROP,3916387,Lamar Jackson,8,-1,2018-12-20
2018,16,d82e0df4-3b86-3a8e-b59e-67f491f90929,,FREEAGENT,EXECUTED,8,,0,ADD,14402,Chris Hogan,-1,8,2018-12-20
2018,16,d82e0df4-3b86-3a8e-b59e-67f491f90929,,FREEAGENT,EXECUTED,8,,0,DROP,3045138,Mike Williams,8,-1,2018-12-20
2018,16,e7e2d188-d111-3510-b434-dc2ac5a686d2,,WAIVER,PENDING,-2147483648,,6,ADD,2980453,Jamaal Williams,-1,12,2018-12-19
2018,16,e7e2d188-d111-3510-b434-dc2ac5a686d2,,WAIVER,PENDING,-2147483648,,6,DROP,3117131,Detrez Newsome,12,-1,2018-12-19
2018,16,929327d0-c667-3eda-8d9a-72247c51409a,,WAIVER,EXECUTED,-2147483648,,16,ADD,2980453,Jamaal Williams,-1,8,2018-12-19
2018,16,929327d0-c667-3eda-8d9a-72247c51409a,,WAIVER,EXECUTED,-2147483648,,16,DROP,2971888,Kenneth Dixon,8,-1,2018-12-19
2018,16,95a554eb-a17b-3b18-bdc5-9b08169435df,,WAIVER,FAILED_MATCHUPACQUISITIONLIMIT,12,,6,ADD,2980453,Jamaal Williams,-1,12,2018-12-19
2018,16,95a554eb-a17b-3b18-bdc5-9b08169435df,,WAIVER,FAILED_MATCHUPACQUISITIONLIMIT,12,,6,DROP,3117131,Detrez Newsome,12,-1,2018-12-19
2018,16,f22f5bea-c830-3ee8-ac83-697f9d1b07c1,,WAIVER,EXECUTED,-2147483648,,12,ADD,-16017,Patriots D/ST,-1,12,2018-12-19
2018,16,f22f5bea-c830-3ee8-ac83-697f9d1b07c1,,WAIVER,EXECUTED,-2147483648,,12,DROP,-16001,Falcons D/ST,12,-1,2018-12-19
2018,16,6aaf4f41-7c6b-3094-9e1c-354536684ee4,,WAIVER,PENDING,12,,18,ADD,2980453,Jamaal Williams,-1,12,2018-12-18
2018,16,6aaf4f41-7c6b-3094-9e1c-354536684ee4,,WAIVER,PENDING,12,,18,DROP,3117131,Detrez Newsome,12,-1,2018-12-18
2018,16,fcfa2bb3-10bf-3559-a1af-07173d9d87e4,,FREEAGENT,EXECUTED,12,,0,ADD,2521161,Zach Zenner,-1,12,2018-12-22
2018,16,fcfa2bb3-10bf-3559-a1af-07173d9d87e4,,FREEAGENT,EXECUTED,12,,0,DROP,3117131,Detrez Newsome,12,-1,2018-12-22
2018,16,94b59c3e-6eb5-37ca-96b4-13f6c942a404,,FREEAGENT,EXECUTED,8,,0,ADD,3057987,DaeSean Hamilton,-1,8,2018-12-20
2018,16,94b59c3e-6eb5-37ca-96b4-13f6c942a404,,FREEAGENT,EXECUTED,8,,0,DROP,3121427,Curtis Samuel,8,-1,2018-12-20
2018,16,64dd470f-53f9-362b-add5-90a6a14a1f3f,,FREEAGENT,EXECUTED,8,,0,ADD,3045138,Mike Williams,-1,8,2018-12-20
2018,16,64dd470f-53f9-362b-add5-90a6a14a1f3f,,FREEAGENT,EXECUTED,8,,0,DROP,4045305,Ian Thomas,8,-1,2018-12-20
2018,16,88bfb6cb-6cc3-36d7-a44a-fa5f36a26166,,FREEAGENT,EXECUTED,8,,0,ADD,16921,Alfred Blue,-1,8,2018-12-22
2018,16,88bfb6cb-6cc3-36d7-a44a-fa5f36a26166,,FREEAGENT,EXECUTED,8,,0,DROP,16733,Odell Beckham Jr.,8,-1,2018-12-22
2018,16,400e70fd-9767-3933-ba93-abf345d6b533,,FREEAGENT,EXECUTED,8,,0,ADD,16040,C.J. Anderson,-1,8,2018-12-21
2018,16,400e70fd-9767-3933-ba93-abf345d6b533,,FREEAGENT,EXECUTED,8,,0,DROP,3122449,James Washington,8,-1,2018-12-21
2018,17,f5508e48-f26b-3bbd-af03-99e2f0dbd829,,WAIVER,EXECUTED,-2147483648,,30,DROP,3128429,Courtland Sutton,10,-1,2018-12-26
2018,17,f5508e48-f26b-3bbd-af03-99e2f0dbd829,,WAIVER,EXECUTED,-2147483648,,30,ADD,16733,Odell Beckham Jr.,-1,10,2018-12-26
