season,week,transaction_id,related_transaction_id,transaction_type,status,espn_team_id,member_id,bid_amount,item_type,player_id,player_name,from_team_id,to_team_id,date
2024,1,9a93dcd2-a6da-4a8a-80cc-0992d6567f94,2aff4481-eee7-4a4b-90cb-c09d4f93769e,TRADE_PROPOSAL,CANCELED,10,{2C8A1B87-268B-45A5-A0E5-C4A3F61C9BC2},0,TRADE,4426502.0,Drake London,12.0,10.0,2024-09-09
2024,1,9a93dcd2-a6da-4a8a-80cc-0992d6567f94,2aff4481-eee7-4a4b-90cb-c09d4f93769e,TRADE_PROPOSAL,CANCELED,10,{2C8A1B87-268B-45A5-A0E5-C4A3F61C9BC2},0,TRADE,4429096.0,Blake Corum,10.0,12.0,2024-09-09
2024,1,029a0d39-569c-44dc-b486-858b28582d0b,,FREEAGENT,EXECUTED,2,{6AC115FA-3A0D-4948-8115-FA3A0DD94826},0,ADD,4360939.0,Rashod Bateman,0.0,2.0,2024-09-05
2024,1,029a0d39-569c-44dc-b486-858b28582d0b,,FREEAGENT,EXECUTED,2,{6AC115FA-3A0D-4948-8115-FA3A0DD94826},0,DROP,4431611.0,Caleb Williams,2.0,0.0,2024-09-05
2024,1,0e1cfc13-bbc1-4d7a-a40a-512d78677e75,,FREEAGENT,EXECUTED,12,{91D28B99-9234-408F-ACE7-32AEC03EE9E2},0,ADD,4569587.0,Wan'Dale Robinson,0.0,12.0,2024-09-02
2024,1,0e1cfc13-bbc1-4d7a-a40a-512d78677e75,,FREEAGENT,EXECUTED,12,{91D28B99-9234-408F-ACE7-32AEC03EE9E2},0,DROP,4045163.0,Miles Sanders,12.0,0.0,2024-09-02
2024,1,581fc331-c770-4f36-999c-61c1a650198f,,FREEAGENT,EXECUTED,8,{00408013-39CF-40FC-8080-1339CFD0FC06},0,ADD,4368003.0,Andrei Iosivas,0.0,8.0,2024-09-06
2024,1,581fc331-c770-4f36-999c-61c1a650198f,,FREEAGENT,EXECUTED,8,{00408013-39CF-40FC-8080-1339CFD0FC06},0,DROP,4360761.0,Michael Wilson,8.0,0.0,2024-09-06
2024,1,22c3b2a6-e586-4eee-a4f4-0910cd8a02f0,,FREEAGENT,EXECUTED,4,{8242D4C8-FCD1-4A28-9373-CD282687A8E7},0,ADD,-16001.0,Falcons D/ST,0.0,4.0,2024-09-05
2024,1,22c3b2a6-e586-4eee-a4f4-0910cd8a02f0,,FREEAGENT,EXECUTED,4,{8242D4C8-FCD1-4A28-9373-CD282687A8E7},0,DROP,-16015.0,Dolphins D/ST,4.0,0.0,2024-09-05
2024,1,0cfe3105-149a-4e4e-9a5d-f531822d37ca,740870e1-8e62-4d5a-8d3c-7e7a30fefc13,WAIVER,FAILED_INVALIDPLAYERSOURCE,8,NightlyLeagueUpdateTaskProcessor,1,ADD,-16004.0,Bengals D/ST,0.0,8.0,2024-09-02
2024,1,f6a77973-d1ae-4f70-b9cf-a8a71fafa408,,FREEAGENT,EXECUTED,8,{00408013-39CF-40FC-8080-1339CFD0FC06},0,ADD,4242557.0,Colby Parkinson,0.0,8.0,2024-09-02
2024,1,f6a77973-d1ae-4f70-b9cf-a8a71fafa408,,FREEAGENT,EXECUTED,8,{00408013-39CF-40FC-8080-1339CFD0FC06},0,DROP,-16008.0,Lions D/ST,8.0,0.0,2024-09-02
2024,1,81e0c2db-2666-4532-b4e8-404556c02dc7,,FREEAGENT,EXECUTED,8,{00408013-39CF-40FC-8080-1339CFD0FC06},0,ADD,-16016.0,Vikings D/ST,0.0,8.0,2024-09-02
2024,1,81e0c2db-2666-4532-b4e8-404556c02dc7,,FREEAGENT,EXECUTED,8,{00408013-39CF-40FC-8080-1339CFD0FC06},0,DROP,4045163.0,Miles Sanders,8.0,0.0,2024-09-02
2024,1,b623a961-62a6-43ca-a818-28b18380d3e3,f2cd3472-a0bd-4476-8381-61d2c928ddf2,WAIVER,EXECUTED,8,NightlyLeagueUpdateTaskProcessor,1,ADD,4045163.0,Miles Sanders,0.0,8.0,2024-09-02
2024,1,2aff4481-eee7-4a4b-90cb-c09d4f93769e,,TRADE_PROPOSAL,PENDING,10,{2C8A1B87-268B-45A5-A0E5-C4A3F61C9BC2},0,TRADE,4426502.0,Drake London,12.0,10.0,2024-09-09
2024,1,2aff4481-eee7-4a4b-90cb-c09d4f93769e,,TRADE_PROPOSAL,PENDING,10,{2C8A1B87-268B-45A5-A0E5-C4A3F61C9BC2},0,TRADE,4429096.0,Blake Corum,10.0,12.0,2024-09-09
2024,1,32c55129-fea3-413e-bddc-e2e1669bb0b2,,FREEAGENT,EXECUTED,14,{C2BAB8A3-9ED5-425C-BAB8-A39ED5B25CC2},0,ADD,3043116.0,Demarcus Robinson,0.0,14.0,2024-09-02
2024,1,84143d7f-f013-4ffe-be35-8903723709a5,bbf35fe2-b270-4843-aea8-3e6be8a27547,WAIVER,FAILED_ROSTERLIMIT,8,NightlyLeagueUpdateTaskProcessor,1,ADD,4038441.0,Justice Hill,0.0,8.0,2024-09-02
2024,1,9a043231-195d-4c38-82bc-fb50ccf16c10,,FREEAGENT,EXECUTED,8,{00408013-39CF-40FC-8080-1339CFD0FC06},0,ADD,4361050.0,Isaiah Likely,0.0,8.0,2024-09-02
2024,1,9a043231-195d-4c38-82bc-fb50ccf16c10,,FREEAGENT,EXECUTED,8,{00408013-39CF-40FC-8080-1339CFD0FC06},0,DROP,4242557.0,Colby Parkinson,8.0,0.0,2024-09-02
2024,1,0c30bf7c-3939-4240-a3db-e8bcfbc099e5,,FREEAGENT,EXECUTED,5,{77F704CF-0C76-4984-9A71-8BD39511C19F},0,ADD,-16027.0,Buccaneers D/ST,0.0,5.0,2024-09-08
2024,1,c435e931-b5fe-4c33-9826-17677ded9b31,,FREEAGENT,EXECUTED,12,{91D28B99-9234-408F-ACE7-32AEC03EE9E2},0,ADD,-16003.0,Bears D/ST,0.0,12.0,2024-09-06
2024,1,c435e931-b5fe-4c33-9826-17677ded9b31,,FREEAGENT,EXECUTED,12,{91D28B99-9234-408F-ACE7-32AEC03EE9E2},0,DROP,-16021.0,Eagles D/ST,12.0,0.0,2024-09-06
2024,1,ce6bccc4-ffb9-4ace-bd96-a2ea99c9ee06,,FREEAGENT,EXECUTED,12,{91D28B99-9234-408F-ACE7-32AEC03EE9E2},0,ADD,4045163.0,Miles Sanders,0.0,12.0,2024-09-02
2024,1,a96d7e06-37d2-4488-bb8e-c85bed439ec1,2f82f99c-303e-465f-ac16-3855f181c74d,WAIVER,EXECUTED,1,NightlyLeagueUpdateTaskProcessor,1,ADD,-16004.0,Bengals D/ST,0.0,1.0,2024-09-02
2024,1,a96d7e06-37d2-4488-bb8e-c85bed439ec1,2f82f99c-303e-465f-ac16-3855f181c74d,WAIVER,EXECUTED,1,NightlyLeagueUpdateTaskProcessor,1,DROP,-16012.0,Chiefs D/ST,1.0,0.0,2024-09-02
2024,1,c6790634-88ee-44cc-9927-1ae4d13b331d,955d09e2-c225-4a06-a4ac-f4cdc7d7f5a3,WAIVER,FAILED_ROSTERLIMIT,8,NightlyLeagueUpdateTaskProcessor,1,ADD,4035886.0,Khalil Herbert,0.0,8.0,2024-09-02
2024,2,ca3df78d-b449-4f9f-bdbf-0a4567beba57,,FREEAGENT,EXECUTED,8,{00408013-39CF-40FC-8080-1339CFD0FC06},0,ADD,-16030.0,Jaguars D/ST,0.0,8.0,2024-09-11
2024,2,ca3df78d-b449-4f9f-bdbf-0a4567beba57,,FREEAGENT,EXECUTED,8,{00408013-39CF-40FC-8080-1339CFD0FC06},0,DROP,-16016.0,Vikings D/ST,8.0,0.0,2024-09-11
2024,2,3098aec8-4e50-48af-8479-94172adb1443,f189b734-8b90-423d-b0ae-76d6e42c095d,WAIVER,EXECUTED,7,NightlyLeagueUpdateTaskProcessor,5,ADD,4037235.0,Greg Dortch,0.0,7.0,2024-09-11
2024,2,3098aec8-4e50-48af-8479-94172adb1443,f189b734-8b90-423d-b0ae-76d6e42c095d,WAIVER,EXECUTED,7,NightlyLeagueUpdateTaskProcessor,5,DROP,4430637.0,Ja'Lynn Polk,7.0,0.0,2024-09-11
2024,2,78986e4e-4d30-4e9a-9b2c-5317fa0d0bdb,,FREEAGENT,EXECUTED,12,{91D28B99-9234-408F-ACE7-32AEC03EE9E2},0,ADD,-16021.0,Eagles D/ST,0.0,12.0,2024-09-11
2024,2,78986e4e-4d30-4e9a-9b2c-5317fa0d0bdb,,FREEAGENT,EXECUTED,12,{91D28B99-9234-408F-ACE7-32AEC03EE9E2},0,DROP,-16003.0,Bears D/ST,12.0,0.0,2024-09-11
2024,2,434b13e5-5096-45d7-9145-cdfc84b563f8,d3f620b1-72a5-45bc-8b25-1db84af2ecc2,WAIVER,FAILED_INVALIDPLAYERSOURCE,8,NightlyLeagueUpdateTaskProcessor,2,ADD,-16024.0,Chargers D/ST,0.0,8.0,2024-09-11
2024,2,434b13e5-5096-45d7-9145-cdfc84b563f8,d3f620b1-72a5-45bc-8b25-1db84af2ecc2,WAIVER,FAILED_INVALIDPLAYERSOURCE,8,NightlyLeagueUpdateTaskProcessor,2,DROP,-16016.0,Vikings D/ST,8.0,0.0,2024-09-11
2024,2,50e6a990-2482-4e9c-b25b-026564f7afe5,d1268bd9-f61e-46cd-9bb8-959b621a2ad3,WAIVER,EXECUTED,1,NightlyLeagueUpdateTaskProcessor,3,ADD,-16024.0,Chargers D/ST,0.0,1.0,2024-09-11
2024,2,50e6a990-2482-4e9c-b25b-026564f7afe5,d1268bd9-f61e-46cd-9bb8-959b621a2ad3,WAIVER,EXECUTED,1,NightlyLeagueUpdateTaskProcessor,3,DROP,-16004.0,Bengals D/ST,1.0,0.0,2024-09-11
2024,2,d384b855-125b-424d-acad-8bd0e304a2c0,,ROSTER,EXECUTED,5,{77F704CF-0C76-4984-9A71-8BD39511C19F},0,DROP,-16027.0,Buccaneers D/ST,5.0,0.0,2024-09-10
2024,2,5bedc1a8-2f01-4c63-80cd-6907f40554f8,,FREEAGENT,EXECUTED,2,{6AC115FA-3A0D-4948-8115-FA3A0DD94826},0,ADD,4242557.0,Colby Parkinson,0.0,2.0,2024-09-11
2024,2,5bedc1a8-2f01-4c63-80cd-6907f40554f8,,FREEAGENT,EXECUTED,2,{6AC115FA-3A0D-4948-8115-FA3A0DD94826},0,DROP,4258595.0,Cole Kmet,2.0,0.0,2024-09-11
2024,2,560df78f-6b0a-46a0-9d7f-b5b093fa9b42,,FREEAGENT,EXECUTED,14,{C2BAB8A3-9ED5-425C-BAB8-A39ED5B25CC2},0,ADD,3052587.0,Baker Mayfield,0.0,14.0,2024-09-13
2024,2,560df78f-6b0a-46a0-9d7f-b5b093fa9b42,,FREEAGENT,EXECUTED,14,{C2BAB8A3-9ED5-425C-BAB8-A39ED5B25CC2},0,DROP,8439.0,Aaron Rodgers,14.0,0.0,2024-09-13
2024,2,f12c1034-82ec-46a3-8d1f-337068e97ad7,48c780f0-3f9b-4e58-8b29-5c02348cc8f7,WAIVER,FAILED_INVALIDPLAYERSOURCE,5,NightlyLeagueUpdateTaskProcessor,5,ADD,3128390.0,Allen Lazard,0.0,5.0,2024-09-11
2024,2,f12c1034-82ec-46a3-8d1f-337068e97ad7,48c780f0-3f9b-4e58-8b29-5c02348cc8f7,WAIVER,FAILED_INVALIDPLAYERSOURCE,5,NightlyLeagueUpdateTaskProcessor,5,DROP,4682745.0,Jaylen Wright,5.0,0.0,2024-09-11
2024,2,f0563588-ec99-4f83-83c0-b6380a538866,9e46de17-f14d-4c6f-b10d-0dacd93b3aeb,WAIVER,EXECUTED,13,NightlyLeagueUpdateTaskProcessor,1,ADD,3046779.0,Jared Goff,0.0,13.0,2024-09-11
2024,2,f0563588-ec99-4f83-83c0-b6380a538866,9e46de17-f14d-4c6f-b10d-0dacd93b3aeb,WAIVER,EXECUTED,13,NightlyLeagueUpdateTaskProcessor,1,DROP,4036378.0,Jordan Love,13.0,0.0,2024-09-11
2024,2,acebb326-ee2d-4df5-aa27-b0fb77c5dca2,,ROSTER,EXECUTED,12,{91D28B99-9234-408F-ACE7-32AEC03EE9E2},0,DROP,4036133.0,T.J. Hockenson,12.0,0.0,2024-09-14
2024,2,61b12fb0-877a-4fad-a477-a6692ab79e16,6f3eead1-247e-4ee2-a7d2-d4299cad697e,WAIVER,EXECUTED,4,NightlyLeagueUpdateTaskProcessor,2,ADD,-16007.0,Broncos D/ST,0.0,4.0,2024-09-11
2024,2,61b12fb0-877a-4fad-a477-a6692ab79e16,6f3eead1-247e-4ee2-a7d2-d4299cad697e,WAIVER,EXECUTED,4,NightlyLeagueUpdateTaskProcessor,2,DROP,-16001.0,Falcons D/ST,4.0,0.0,2024-09-11
2024,2,4bb1ec10-7817-4492-8af3-aaab282e8658,,FREEAGENT,EXECUTED,5,{77F704CF-0C76-4984-9A71-8BD39511C19F},0,ADD,4045163.0,Miles Sanders,0.0,5.0,2024-09-15
2024,2,255de93c-fb86-47d0-b6e5-8dd989e05f3e,3ddea0ea-3f96-4ee4-99fb-80e03e04b50d,WAIVER,EXECUTED,7,NightlyLeagueUpdateTaskProcessor,3,ADD,4038441.0,Justice Hill,0.0,7.0,2024-09-11
2024,2,255de93c-fb86-47d0-b6e5-8dd989e05f3e,3ddea0ea-3f96-4ee4-99fb-80e03e04b50d,WAIVER,EXECUTED,7,NightlyLeagueUpdateTaskProcessor,3,DROP,4428850.0,Dontayvion Wicks,7.0,0.0,2024-09-11
2024,2,14548903-e84a-49b3-9788-5ad98f0ece6d,e1bd0f3e-07be-4a58-8579-2823133fd8ea,WAIVER,CANCELED,1,{C1E09685-96D1-4750-BA21-8BE16D3BF7CA},0,ADD,3924365.0,Hayden Hurst,0.0,1.0,2024-09-10
2024,2,14548903-e84a-49b3-9788-5ad98f0ece6d,e1bd0f3e-07be-4a58-8579-2823133fd8ea,WAIVER,CANCELED,1,{C1E09685-96D1-4750-BA21-8BE16D3BF7CA},0,DROP,4242355.0,Jake Ferguson,1.0,0.0,2024-09-10
2024,2,d543ab90-b156-488e-bf06-56047111abb6,,FREEAGENT,EXECUTED,1,{C1E09685-96D1-4750-BA21-8BE16D3BF7CA},0,ADD,3915486.0,Tyler Conklin,0.0,1.0,2024-09-14
2024,2,d543ab90-b156-488e-bf06-56047111abb6,,FREEAGENT,EXECUTED,1,{C1E09685-96D1-4750-BA21-8BE16D3BF7CA},0,DROP,4241372.0,Hollywood Brown,1.0,0.0,2024-09-14
2024,2,c4d30880-27fb-4339-b0b4-62e167484da4,88096ff4-f1b2-4598-91ef-22cf6c1637f8,WAIVER,FAILED_INVALIDPLAYERSOURCE,12,NightlyLeagueUpdateTaskProcessor,2,ADD,-16024.0,Chargers D/ST,0.0,12.0,2024-09-11
2024,2,c4d30880-27fb-4339-b0b4-62e167484da4,88096ff4-f1b2-4598-91ef-22cf6c1637f8,WAIVER,FAILED_INVALIDPLAYERSOURCE,12,NightlyLeagueUpdateTaskProcessor,2,DROP,-16003.0,Bears D/ST,12.0,0.0,2024-09-11
2024,2,8bb8feb0-eaa3-485f-a3bf-53eb54b96638,,FREEAGENT,EXECUTED,8,{00408013-39CF-40FC-8080-1339CFD0FC06},0,ADD,2310331.0,Tyler Johnson,0.0,8.0,2024-09-11
2024,2,8bb8feb0-eaa3-485f-a3bf-53eb54b96638,,FREEAGENT,EXECUTED,8,{00408013-39CF-40FC-8080-1339CFD0FC06},0,DROP,4368003.0,Andrei Iosivas,8.0,0.0,2024-09-11
2024,2,bc458207-9cb3-4712-8125-81da7d1c7561,1244d831-fad7-4a20-a875-f113c2ed512b,WAIVER,CANCELED,8,{00408013-39CF-40FC-8080-1339CFD0FC06},0,ADD,4036133.0,T.J. Hockenson,0.0,8.0,2024-09-14
2024,2,bc458207-9cb3-4712-8125-81da7d1c7561,1244d831-fad7-4a20-a875-f113c2ed512b,WAIVER,CANCELED,8,{00408013-39CF-40FC-8080-1339CFD0FC06},0,DROP,4427095.0,DeMario Douglas,8.0,0.0,2024-09-14
2024,2,9224e78a-e2be-4589-be6c-b390bb3e41e2,515d77a7-ec02-41d2-9ca0-295d2d7600cc,WAIVER,EXECUTED,6,NightlyLeagueUpdateTaskProcessor,15,ADD,3128390.0,Allen Lazard,0.0,6.0,2024-09-11
2024,2,25eb8d39-bdcb-44be-8d2d-f5d5b75010a2,,WAIVER,PENDING,10,{2C8A1B87-268B-45A5-A0E5-C4A3F61C9BC2},6,ADD,3122976.0,Jeff Wilson Jr.,0.0,10.0,2024-09-11
2024,2,25eb8d39-bdcb-44be-8d2d-f5d5b75010a2,,WAIVER,PENDING,10,{2C8A1B87-268B-45A5-A0E5-C4A3F61C9BC2},6,DROP,4429096.0,Blake Corum,10.0,0.0,2024-09-11
2024,2,2dee5751-a3d2-4ea7-b634-f885226cae14,25eb8d39-bdcb-44be-8d2d-f5d5b75010a2,WAIVER,EXECUTED,10,NightlyLeagueUpdateTaskProcessor,6,ADD,3122976.0,Jeff Wilson Jr.,0.0,10.0,2024-09-11
2024,2,2dee5751-a3d2-4ea7-b634-f885226cae14,25eb8d39-bdcb-44be-8d2d-f5d5b75010a2,WAIVER,EXECUTED,10,NightlyLeagueUpdateTaskProcessor,6,DROP,4429096.0,Blake Corum,10.0,0.0,2024-09-11
2024,2,2629084c-a58c-417c-a2c5-2733cfdfd053,5e553688-fc6e-4e76-9397-2b6bd59c9e2e,WAIVER,FAILED_INVALIDPLAYERSOURCE,7,NightlyLeagueUpdateTaskProcessor,4,ADD,3128390.0,Allen Lazard,0.0,7.0,2024-09-11
2024,2,2629084c-a58c-417c-a2c5-2733cfdfd053,5e553688-fc6e-4e76-9397-2b6bd59c9e2e,WAIVER,FAILED_INVALIDPLAYERSOURCE,7,NightlyLeagueUpdateTaskProcessor,4,DROP,4430637.0,Ja'Lynn Polk,7.0,0.0,2024-09-11
2024,2,cf75972c-edfa-432e-8b82-952382623c7f,,FREEAGENT,EXECUTED,12,{91D28B99-9234-408F-ACE7-32AEC03EE9E2},0,ADD,4372561.0,Isaac Guerendo,0.0,12.0,2024-09-14
2024,3,77f32011-8b87-4c69-8e0f-dacf5dfffbbc,,TRADE_PROPOSAL,PENDING,7,{430447A7-381F-4E40-AD53-6A9C1F157A25},0,TRADE,4241416.0,Chuba Hubbard,7.0,10.0,2024-09-19
2024,3,77f32011-8b87-4c69-8e0f-dacf5dfffbbc,,TRADE_PROPOSAL,PENDING,7,{430447A7-381F-4E40-AD53-6A9C1F157A25},0,TRADE,4372019.0,Jerome Ford,7.0,10.0,2024-09-19
2024,3,77f32011-8b87-4c69-8e0f-dacf5dfffbbc,,TRADE_PROPOSAL,PENDING,7,{430447A7-381F-4E40-AD53-6A9C1F157A25},0,TRADE,4362628.0,Ja'Marr Chase,10.0,7.0,2024-09-19
2024,3,31debc24-0c01-4f96-ab6a-893d0bc2a974,ade6a9ec-6c61-4651-9590-36036de1f17b,WAIVER,FAILED_INVALIDPLAYERSOURCE,7,NightlyLeagueUpdateTaskProcessor,3,ADD,-16027.0,Buccaneers D/ST,0.0,7.0,2024-09-18
2024,3,31debc24-0c01-4f96-ab6a-893d0bc2a974,ade6a9ec-6c61-4651-9590-36036de1f17b,WAIVER,FAILED_INVALIDPLAYERSOURCE,7,NightlyLeagueUpdateTaskProcessor,3,DROP,4037235.0,Greg Dortch,7.0,0.0,2024-09-18
2024,3,69df839b-cf30-442a-8d6e-a315fe65bdca,1574068a-7690-41ef-90ec-7015c86a1df1,WAIVER,FAILED_INVALIDPLAYERSOURCE,12,NightlyLeagueUpdateTaskProcessor,15,ADD,4714365.0,Carson Steele,0.0,12.0,2024-09-18
2024,3,69df839b-cf30-442a-8d6e-a315fe65bdca,1574068a-7690-41ef-90ec-7015c86a1df1,WAIVER,FAILED_INVALIDPLAYERSOURCE,12,NightlyLeagueUpdateTaskProcessor,15,DROP,4372561.0,Isaac Guerendo,12.0,0.0,2024-09-18
2024,3,8e9eb5ab-19ee-4f3e-b35b-39549cde6249,fdf4b44f-cc06-4b14-9386-97c7d8638f23,WAIVER,CANCELED,8,{00408013-39CF-40FC-8080-1339CFD0FC06},0,ADD,4036133.0,T.J. Hockenson,0.0,8.0,2024-09-17
2024,3,8e9eb5ab-19ee-4f3e-b35b-39549cde6249,fdf4b44f-cc06-4b14-9386-97c7d8638f23,WAIVER,CANCELED,8,{00408013-39CF-40FC-8080-1339CFD0FC06},0,DROP,3123076.0,David Njoku,8.0,0.0,2024-09-17
2024,3,04248f8c-a8fc-43aa-bb23-ff78ec57016e,bbf48151-9e33-4e75-815e-23f013a7f2cd,TRADE_PROPOSAL,CANCELED,10,{430447A7-381F-4E40-AD53-6A9C1F157A25},0,TRADE,4569618.0,Garrett Wilson,7.0,10.0,2024-09-19
2024,3,04248f8c-a8fc-43aa-bb23-ff78ec57016e,bbf48151-9e33-4e75-815e-23f013a7f2cd,TRADE_PROPOSAL,CANCELED,10,{430447A7-381F-4E40-AD53-6A9C1F157A25},0,TRADE,4361579.0,Javonte Williams,10.0,7.0,2024-09-19
2024,3,04248f8c-a8fc-43aa-bb23-ff78ec57016e,bbf48151-9e33-4e75-815e-23f013a7f2cd,TRADE_PROPOSAL,CANCELED,10,{430447A7-381F-4E40-AD53-6A9C1F157A25},0,TRADE,4722893.0,Jaleel McLaughlin,10.0,7.0,2024-09-19
2024,3,2374c3ec-d1e7-4d27-8e02-d8a46a19cbe1,f44f2c69-ca25-4674-bc8c-119fa6727e32,WAIVER,FAILED_INVALIDPLAYERSOURCE,12,NightlyLeagueUpdateTaskProcessor,3,ADD,-16027.0,Buccaneers D/ST,0.0,12.0,2024-09-18
2024,3,2374c3ec-d1e7-4d27-8e02-d8a46a19cbe1,f44f2c69-ca25-4674-bc8c-119fa6727e32,WAIVER,FAILED_INVALIDPLAYERSOURCE,12,NightlyLeagueUpdateTaskProcessor,3,DROP,-16021.0,Eagles D/ST,12.0,0.0,2024-09-18
2024,3,36c50a39-4701-4ed8-a216-b934614d6949,7b27b308-2895-4231-b6ba-d07304dbb670,WAIVER,EXECUTED,2,NightlyLeagueUpdateTaskProcessor,20,ADD,4360078.0,Alec Pierce,0.0,2.0,2024-09-18
2024,3,36c50a39-4701-4ed8-a216-b934614d6949,7b27b308-2895-4231-b6ba-d07304dbb670,WAIVER,EXECUTED,2,NightlyLeagueUpdateTaskProcessor,20,DROP,3121427.0,Curtis Samuel,2.0,0.0,2024-09-18
2024,3,5d8ca6c8-5146-474a-b27e-9e1949fc2549,77f32011-8b87-4c69-8e0f-dacf5dfffbbc,TRADE_DECLINE,EXECUTED,10,{2C8A1B87-268B-45A5-A0E5-C4A3F61C9BC2},0,,,,,,2024-09-19
2024,3,6d5c5e1e-d09c-4608-9265-f1f136caca6d,aaea732c-f7f5-495e-b854-a0ce87b1e83a,WAIVER,EXECUTED,3,NightlyLeagueUpdateTaskProcessor,5,ADD,-16034.0,Texans D/ST,0.0,3.0,2024-09-18
2024,3,6d5c5e1e-d09c-4608-9265-f1f136caca6d,aaea732c-f7f5-495e-b854-a0ce87b1e83a,WAIVER,EXECUTED,3,NightlyLeagueUpdateTaskProcessor,5,DROP,-16033.0,Ravens D/ST,3.0,0.0,2024-09-18
2024,3,439ce946-634d-47c1-b2a4-1e09783702ec,,FREEAGENT,EXECUTED,8,{00408013-39CF-40FC-8080-1339CFD0FC06},0,ADD,4569382.0,Jordan Whittington,0.0,8.0,2024-09-20
2024,3,439ce946-634d-47c1-b2a4-1e09783702ec,,FREEAGENT,EXECUTED,8,{00408013-39CF-40FC-8080-1339CFD0FC06},0,DROP,2310331.0,Tyler Johnson,8.0,0.0,2024-09-20
2024,3,db925467-bbff-414a-8e3c-1873d422ab28,fac48f46-75f7-4989-bad2-9ffc524d6b03,WAIVER,EXECUTED,4,NightlyLeagueUpdateTaskProcessor,14,ADD,4429025.0,Quentin Johnston,0.0,4.0,2024-09-18
2024,3,db925467-bbff-414a-8e3c-1873d422ab28,fac48f46-75f7-4989-bad2-9ffc524d6b03,WAIVER,EXECUTED,4,NightlyLeagueUpdateTaskProcessor,14,DROP,4430034.0,Xavier Legette,4.0,0.0,2024-09-18
2024,3,cef9dda8-f232-4c96-b80b-26964901c5c1,0cf85e8b-6e9e-4863-b960-70b30abeb0a5,WAIVER,EXECUTED,1,NightlyLeagueUpdateTaskProcessor,6,ADD,4048244.0,Alexander Mattison,0.0,1.0,2024-09-18
2024,3,cef9dda8-f232-4c96-b80b-26964901c5c1,0cf85e8b-6e9e-4863-b960-70b30abeb0a5,WAIVER,EXECUTED,1,NightlyLeagueUpdateTaskProcessor,6,DROP,3915486.0,Tyler Conklin,1.0,0.0,2024-09-18
2024,3,952fff66-475c-40b9-9731-7445510c1060,,WAIVER,PENDING,10,{2C8A1B87-268B-45A5-A0E5-C4A3F61C9BC2},9,ADD,4429025.0,Quentin Johnston,0.0,10.0,2024-09-18
2024,3,952fff66-475c-40b9-9731-7445510c1060,,WAIVER,PENDING,10,{2C8A1B87-268B-45A5-A0E5-C4A3F61C9BC2},9,DROP,3122976.0,Jeff Wilson Jr.,10.0,0.0,2024-09-18
2024,3,d92d9de5-1b20-4d95-b311-5e978daa05fa,,FREEAGENT,EXECUTED,12,{91D28B99-9234-408F-ACE7-32AEC03EE9E2},0,ADD,-16010.0,Titans D/ST,0.0,12.0,2024-09-18
2024,3,d92d9de5-1b20-4d95-b311-5e978daa05fa,,FREEAGENT,EXECUTED,12,{91D28B99-9234-408F-ACE7-32AEC03EE9E2},0,DROP,-16021.0,Eagles D/ST,12.0,0.0,2024-09-18
2024,3,853622c6-a8a7-4b51-ad69-bd118c7a60b6,790256d6-aace-44ed-8afe-42e0b1f52c80,WAIVER,FAILED_INVALIDPLAYERSOURCE,5,NightlyLeagueUpdateTaskProcessor,10,ADD,4429025.0,Quentin Johnston,0.0,5.0,2024-09-18
2024,3,853622c6-a8a7-4b51-ad69-bd118c7a60b6,790256d6-aace-44ed-8afe-42e0b1f52c80,WAIVER,FAILED_INVALIDPLAYERSOURCE,5,NightlyLeagueUpdateTaskProcessor,10,DROP,4682745.0,Jaylen Wright,5.0,0.0,2024-09-18
2024,3,78ae9a1f-3b85-4b93-abdb-51f2bf61c73a,952fff66-475c-40b9-9731-7445510c1060,WAIVER,FAILED_INVALIDPLAYERSOURCE,10,NightlyLeagueUpdateTaskProcessor,9,ADD,4429025.0,Quentin Johnston,0.0,10.0,2024-09-18
2024,3,78ae9a1f-3b85-4b93-abdb-51f2bf61c73a,952fff66-475c-40b9-9731-7445510c1060,WAIVER,FAILED_INVALIDPLAYERSOURCE,10,NightlyLeagueUpdateTaskProcessor,9,DROP,3122976.0,Jeff Wilson Jr.,10.0,0.0,2024-09-18
2024,3,a837dc55-9ca3-4691-85fc-ad5e40ad776d,dcd8101d-2278-4ad0-8bcd-c3e087d7bda8,TRADE_DECLINE,EXECUTED,8,{00408013-39CF-40FC-8080-1339CFD0FC06},0,,,,,,2024-09-17
2024,3,bd3e2496-4c57-4aca-8b77-23e10dbe9d29,856a2af6-48a5-4a5d-87e0-01ec381f7191,WAIVER,FAILED_PLAYERALREADYDROPPED,8,NightlyLeagueUpdateTaskProcessor,3,ADD,-16013.0,Raiders D/ST,0.0,8.0,2024-09-18
2024,3,bd3e2496-4c57-4aca-8b77-23e10dbe9d29,856a2af6-48a5-4a5d-87e0-01ec381f7191,WAIVER,FAILED_PLAYERALREADYDROPPED,8,NightlyLeagueUpdateTaskProcessor,3,DROP,-16030.0,Jaguars D/ST,8.0,0.0,2024-09-18
2024,3,e5d5c232-4146-4d01-9e6f-5d7509e11d79,77f32011-8b87-4c69-8e0f-dacf5dfffbbc,TRADE_PROPOSAL,CANCELED,7,{2C8A1B87-268B-45A5-A0E5-C4A3F61C9BC2},0,TRADE,4241416.0,Chuba Hubbard,7.0,10.0,2024-09-19
2024,3,e5d5c232-4146-4d01-9e6f-5d7509e11d79,77f32011-8b87-4c69-8e0f-dacf5dfffbbc,TRADE_PROPOSAL,CANCELED,7,{2C8A1B87-268B-45A5-A0E5-C4A3F61C9BC2},0,TRADE,4372019.0,Jerome Ford,7.0,10.0,2024-09-19
2024,3,e5d5c232-4146-4d01-9e6f-5d7509e11d79,77f32011-8b87-4c69-8e0f-dacf5dfffbbc,TRADE_PROPOSAL,CANCELED,7,{2C8A1B87-268B-45A5-A0E5-C4A3F61C9BC2},0,TRADE,4362628.0,Ja'Marr Chase,10.0,7.0,2024-09-19
2024,3,08ec9884-4031-4472-85fc-72a6034e879f,e8a04072-f9e1-4ba5-aed5-e4b1a296bba5,WAIVER,EXECUTED,5,NightlyLeagueUpdateTaskProcessor,6,ADD,3059915.0,Kareem Hunt,0.0,5.0,2024-09-18
2024,3,08ec9884-4031-4472-85fc-72a6034e879f,e8a04072-f9e1-4ba5-aed5-e4b1a296bba5,WAIVER,EXECUTED,5,NightlyLeagueUpdateTaskProcessor,6,DROP,4045163.0,Miles Sanders,5.0,0.0,2024-09-18
2024,3,861b47e7-da2c-43e4-aa90-a7239128f60f,5ebe0521-25cd-4908-ac51-1ffbd6a037b8,WAIVER,EXECUTED,2,NightlyLeagueUpdateTaskProcessor,5,ADD,3046439.0,Hunter Henry,0.0,2.0,2024-09-18
2024,3,861b47e7-da2c-43e4-aa90-a7239128f60f,5ebe0521-25cd-4908-ac51-1ffbd6a037b8,WAIVER,EXECUTED,2,NightlyLeagueUpdateTaskProcessor,5,DROP,4242557.0,Colby Parkinson,2.0,0.0,2024-09-18
2024,3,7be94054-2a57-4ddf-bba0-9aa591a55db5,cf606da3-f14b-4b4e-be64-dd10f5d1f558,WAIVER,FAILED_INVALIDPLAYERSOURCE,5,NightlyLeagueUpdateTaskProcessor,8,ADD,3886598.0,Jauan Jennings,0.0,5.0,2024-09-18
2024,3,7be94054-2a57-4ddf-bba0-9aa591a55db5,cf606da3-f14b-4b4e-be64-dd10f5d1f558,WAIVER,FAILED_INVALIDPLAYERSOURCE,5,NightlyLeagueUpdateTaskProcessor,8,DROP,4045163.0,Miles Sanders,5.0,0.0,2024-09-18
2024,3,703505c7-771d-49f0-ba48-613301779e41,,FREEAGENT,EXECUTED,7,{430447A7-381F-4E40-AD53-6A9C1F157A25},0,ADD,-16009.0,Packers D/ST,0.0,7.0,2024-09-21
2024,3,703505c7-771d-49f0-ba48-613301779e41,,FREEAGENT,EXECUTED,7,{430447A7-381F-4E40-AD53-6A9C1F157A25},0,DROP,2577327.0,Tyler Lockett,7.0,0.0,2024-09-21
2024,3,1be59fd6-482f-4d5a-a10a-9e384071b19e,26471067-d0c0-43b9-89bc-496780d82c27,WAIVER,EXECUTED,3,NightlyLeagueUpdateTaskProcessor,7,ADD,16757.0,Derek Carr,0.0,3.0,2024-09-18
2024,3,1be59fd6-482f-4d5a-a10a-9e384071b19e,26471067-d0c0-43b9-89bc-496780d82c27,WAIVER,EXECUTED,3,NightlyLeagueUpdateTaskProcessor,7,DROP,3929645.0,Juwan Johnson,3.0,0.0,2024-09-18
2024,3,cbf4396e-bb66-4a46-8659-6b3d55327bf7,02dee632-ffa0-4315-a968-de8978f675ba,WAIVER,EXECUTED,14,NightlyLeagueUpdateTaskProcessor,20,ADD,4714365.0,Carson Steele,0.0,14.0,2024-09-18
2024,3,cbf4396e-bb66-4a46-8659-6b3d55327bf7,02dee632-ffa0-4315-a968-de8978f675ba,WAIVER,EXECUTED,14,NightlyLeagueUpdateTaskProcessor,20,DROP,3045138.0,Mike Williams,14.0,0.0,2024-09-18
2024,3,bbf48151-9e33-4e75-815e-23f013a7f2cd,,TRADE_PROPOSAL,PENDING,10,{2C8A1B87-268B-45A5-A0E5-C4A3F61C9BC2},0,TRADE,4569618.0,Garrett Wilson,7.0,10.0,2024-09-19
2024,3,bbf48151-9e33-4e75-815e-23f013a7f2cd,,TRADE_PROPOSAL,PENDING,10,{2C8A1B87-268B-45A5-A0E5-C4A3F61C9BC2},0,TRADE,4361579.0,Javonte Williams,10.0,7.0,2024-09-19
2024,3,bbf48151-9e33-4e75-815e-23f013a7f2cd,,TRADE_PROPOSAL,PENDING,10,{2C8A1B87-268B-45A5-A0E5-C4A3F61C9BC2},0,TRADE,4722893.0,Jaleel McLaughlin,10.0,7.0,2024-09-19
2024,3,3f315e3d-ea98-425d-8d53-3e2690d08c6c,9086255a-2ac3-492d-886b-ec000ae98b13,WAIVER,FAILED_PLAYERALREADYDROPPED,3,NightlyLeagueUpdateTaskProcessor,2,ADD,3116164.0,Mike Gesicki,0.0,3.0,2024-09-18
2024,3,3f315e3d-ea98-425d-8d53-3e2690d08c6c,9086255a-2ac3-492d-886b-ec000ae98b13,WAIVER,FAILED_PLAYERALREADYDROPPED,3,NightlyLeagueUpdateTaskProcessor,2,DROP,3929645.0,Juwan Johnson,3.0,0.0,2024-09-18
2024,3,053d1762-b334-478e-977a-7d860d0814bd,,TRADE_PROPOSAL,PENDING,10,{2C8A1B87-268B-45A5-A0E5-C4A3F61C9BC2},0,TRADE,4241416.0,Chuba Hubbard,7.0,10.0,2024-09-17
2024,3,053d1762-b334-478e-977a-7d860d0814bd,,TRADE_PROPOSAL,PENDING,10,{2C8A1B87-268B-45A5-A0E5-C4A3F61C9BC2},0,TRADE,4429013.0,Tank Bigsby,10.0,7.0,2024-09-17
2024,3,1aa8ef5b-93cc-400b-9fac-a6f5e40bb123,,FREEAGENT,EXECUTED,10,{2C8A1B87-268B-45A5-A0E5-C4A3F61C9BC2},0,ADD,4240021.0,Cam Akers,0.0,10.0,2024-09-21
2024,3,1aa8ef5b-93cc-400b-9fac-a6f5e40bb123,,FREEAGENT,EXECUTED,10,{2C8A1B87-268B-45A5-A0E5-C4A3F61C9BC2},0,DROP,3122976.0,Jeff Wilson Jr.,10.0,0.0,2024-09-21
2024,3,6967425c-ac7c-481b-b2d2-8fa8e09c6696,,FREEAGENT,EXECUTED,8,{00408013-39CF-40FC-8080-1339CFD0FC06},0,ADD,4569382.0,Jordan Whittington,0.0,8.0,2024-09-19
2024,3,6967425c-ac7c-481b-b2d2-8fa8e09c6696,,FREEAGENT,EXECUTED,8,{00408013-39CF-40FC-8080-1339CFD0FC06},0,DROP,4427095.0,DeMario Douglas,8.0,0.0,2024-09-19
2024,3,7c97faea-bf92-4a8e-8348-6788a6cafd2b,,TRADE_PROPOSAL,PENDING,10,{2C8A1B87-268B-45A5-A0E5-C4A3F61C9BC2},0,TRADE,4426515.0,Puka Nacua,6.0,10.0,2024-09-23
2024,3,7c97faea-bf92-4a8e-8348-6788a6cafd2b,,TRADE_PROPOSAL,PENDING,10,{2C8A1B87-268B-45A5-A0E5-C4A3F61C9BC2},0,TRADE,4361579.0,Javonte Williams,10.0,6.0,2024-09-23
2024,3,7c97faea-bf92-4a8e-8348-6788a6cafd2b,,TRADE_PROPOSAL,PENDING,10,{2C8A1B87-268B-45A5-A0E5-C4A3F61C9BC2},0,TRADE,4240021.0,Cam Akers,10.0,6.0,2024-09-23
2024,3,fb84de71-d3d8-4014-a99f-82f97301a915,58f92f09-e0d5-448b-84de-939afca4dfdb,WAIVER,FAILED_INVALIDPLAYERSOURCE,1,NightlyLeagueUpdateTaskProcessor,7,ADD,4429025.0,Quentin Johnston,0.0,1.0,2024-09-18
2024,3,fb84de71-d3d8-4014-a99f-82f97301a915,58f92f09-e0d5-448b-84de-939afca4dfdb,WAIVER,FAILED_INVALIDPLAYERSOURCE,1,NightlyLeagueUpdateTaskProcessor,7,DROP,3915486.0,Tyler Conklin,1.0,0.0,2024-09-18
2024,3,19b2bd08-7849-4965-875b-8bf0538c69ea,56fa8367-cab3-4dc4-b4fb-5ba6afa5d791,WAIVER,FAILED_PLAYERALREADYDROPPED,3,NightlyLeagueUpdateTaskProcessor,3,ADD,14880.0,Kirk Cousins,0.0,3.0,2024-09-18
2024,3,19b2bd08-7849-4965-875b-8bf0538c69ea,56fa8367-cab3-4dc4-b4fb-5ba6afa5d791,WAIVER,FAILED_PLAYERALREADYDROPPED,3,NightlyLeagueUpdateTaskProcessor,3,DROP,3929645.0,Juwan Johnson,3.0,0.0,2024-09-18
2024,3,229fc682-6d7f-494a-8cba-461bafca4c8f,,FREEAGENT,EXECUTED,7,{430447A7-381F-4E40-AD53-6A9C1F157A25},0,ADD,4036378.0,Jordan Love,0.0,7.0,2024-09-18
2024,3,229fc682-6d7f-494a-8cba-461bafca4c8f,,FREEAGENT,EXECUTED,7,{430447A7-381F-4E40-AD53-6A9C1F157A25},0,DROP,4037235.0,Greg Dortch,7.0,0.0,2024-09-18
2024,3,a33c784b-8572-4788-a1b6-eed72445e693,,FREEAGENT,EXECUTED,13,{523D9B8F-8A3C-4523-BD9B-8F8A3C852321},0,ADD,14880.0,Kirk Cousins,0.0,13.0,2024-09-18
2024,3,ba8340c0-31d4-48fd-92d9-7f4313b25378,5f27aa32-8632-4d61-84d2-06c4d52e2da9,WAIVER,CANCELED,1,{C1E09685-96D1-4750-BA21-8BE16D3BF7CA},0,ADD,3886598.0,Jauan Jennings,0.0,1.0,2024-09-17
2024,3,ba8340c0-31d4-48fd-92d9-7f4313b25378,5f27aa32-8632-4d61-84d2-06c4d52e2da9,WAIVER,CANCELED,1,{C1E09685-96D1-4750-BA21-8BE16D3BF7CA},0,DROP,3915486.0,Tyler Conklin,1.0,0.0,2024-09-17
2024,3,ceb891e1-01b1-4e20-8442-7471340d67aa,f647bde1-3e93-425c-a43c-4c26c65949cc,WAIVER,FAILED_INVALIDPLAYERSOURCE,4,NightlyLeagueUpdateTaskProcessor,3,ADD,-16027.0,Buccaneers D/ST,0.0,4.0,2024-09-18
2024,3,ceb891e1-01b1-4e20-8442-7471340d67aa,f647bde1-3e93-425c-a43c-4c26c65949cc,WAIVER,FAILED_INVALIDPLAYERSOURCE,4,NightlyLeagueUpdateTaskProcessor,3,DROP,-16007.0,Broncos D/ST,4.0,0.0,2024-09-18
2024,3,05906acb-a3ee-4ae1-886b-436e3550dade,90bc1614-c9d5-4b57-b725-afd797005586,WAIVER,EXECUTED,12,NightlyLeagueUpdateTaskProcessor,18,ADD,3886598.0,Jauan Jennings,0.0,12.0,2024-09-18
2024,3,05906acb-a3ee-4ae1-886b-436e3550dade,90bc1614-c9d5-4b57-b725-afd797005586,WAIVER,EXECUTED,12,NightlyLeagueUpdateTaskProcessor,18,DROP,4038941.0,Justin Herbert,12.0,0.0,2024-09-18
2024,3,cacc8a7c-7c8b-4212-99a7-501e4d816148,70997604-a8e6-418f-87fa-ec582dc678f0,WAIVER,EXECUTED,8,NightlyLeagueUpdateTaskProcessor,5,ADD,-16027.0,Buccaneers D/ST,0.0,8.0,2024-09-18
2024,3,cacc8a7c-7c8b-4212-99a7-501e4d816148,70997604-a8e6-418f-87fa-ec582dc678f0,WAIVER,EXECUTED,8,NightlyLeagueUpdateTaskProcessor,5,DROP,-16030.0,Jaguars D/ST,8.0,0.0,2024-09-18
2024,3,34ef5c6b-d484-4c55-8072-27aa1c17fbda,e523d6ea-9bb5-45a9-8790-14dcafeb950c,WAIVER,FAILED_INVALIDPLAYERSOURCE,13,NightlyLeagueUpdateTaskProcessor,1,ADD,16757.0,Derek Carr,0.0,13.0,2024-09-18
2024,3,34ef5c6b-d484-4c55-8072-27aa1c17fbda,e523d6ea-9bb5-45a9-8790-14dcafeb950c,WAIVER,FAILED_INVALIDPLAYERSOURCE,13,NightlyLeagueUpdateTaskProcessor,1,DROP,4241479.0,Tua Tagovailoa,13.0,0.0,2024-09-18
2024,3,2dd473b3-90e5-4e63-9306-208d7583275b,bbf48151-9e33-4e75-815e-23f013a7f2cd,TRADE_DECLINE,EXECUTED,7,{430447A7-381F-4E40-AD53-6A9C1F157A25},0,,,,,,2024-09-19
2024,3,5091cbbf-42fb-4beb-ab62-5866c369848c,,FREEAGENT,EXECUTED,4,{8242D4C8-FCD1-4A28-9373-CD282687A8E7},0,ADD,-16003.0,Bears D/ST,0.0,4.0,2024-09-18
2024,3,5091cbbf-42fb-4beb-ab62-5866c369848c,,FREEAGENT,EXECUTED,4,{8242D4C8-FCD1-4A28-9373-CD282687A8E7},0,DROP,-16007.0,Broncos D/ST,4.0,0.0,2024-09-18
2024,3,bfa9b224-a4ff-4ee2-b54b-d37f10514d10,3a6800ac-4687-4b3c-8f43-c05fda316b52,WAIVER,FAILED_INVALIDPLAYERSOURCE,7,NightlyLeagueUpdateTaskProcessor,6,ADD,3886598.0,Jauan Jennings,0.0,7.0,2024-09-18
2024,3,bfa9b224-a4ff-4ee2-b54b-d37f10514d10,3a6800ac-4687-4b3c-8f43-c05fda316b52,WAIVER,FAILED_INVALIDPLAYERSOURCE,7,NightlyLeagueUpdateTaskProcessor,6,DROP,2577327.0,Tyler Lockett,7.0,0.0,2024-09-18
2024,3,476ada39-7f7f-4e92-bfcc-983fdb23a1a0,44b1a69c-423b-4b8c-baef-b8d638b06596,WAIVER,FAILED_INVALIDPLAYERSOURCE,14,NightlyLeagueUpdateTaskProcessor,5,ADD,4360078.0,Alec Pierce,0.0,14.0,2024-09-18
2024,3,476ada39-7f7f-4e92-bfcc-983fdb23a1a0,44b1a69c-423b-4b8c-baef-b8d638b06596,WAIVER,FAILED_INVALIDPLAYERSOURCE,14,NightlyLeagueUpdateTaskProcessor,5,DROP,4635008.0,Keon Coleman,14.0,0.0,2024-09-18
2024,3,b7a4545e-a667-4e7f-89d4-3dfd8dd57e79,8516b9b2-e6be-4c9e-ae33-5a17e6df17ab,WAIVER,FAILED_INVALIDPLAYERSOURCE,3,NightlyLeagueUpdateTaskProcessor,5,ADD,-16027.0,Buccaneers D/ST,0.0,3.0,2024-09-18
2024,3,b7a4545e-a667-4e7f-89d4-3dfd8dd57e79,8516b9b2-e6be-4c9e-ae33-5a17e6df17ab,WAIVER,FAILED_INVALIDPLAYERSOURCE,3,NightlyLeagueUpdateTaskProcessor,5,DROP,-16033.0,Ravens D/ST,3.0,0.0,2024-09-18
2024,3,d53d5827-37e8-4d6f-a47c-fd0e7362e8db,053d1762-b334-478e-977a-7d860d0814bd,TRADE_DECLINE,EXECUTED,7,{430447A7-381F-4E40-AD53-6A9C1F157A25},0,,,,,,2024-09-17
2024,3,3e21b00f-0fce-4619-8c3e-953c651f23b7,,FREEAGENT,EXECUTED,7,{430447A7-381F-4E40-AD53-6A9C1F157A25},0,ADD,2310331.0,Tyler Johnson,0.0,7.0,2024-09-22
2024,3,780d40cb-351c-4190-ac44-770cdcf9e52b,8d70abe6-6f88-4a7b-8f55-42042e59210f,WAIVER,FAILED_INVALIDPLAYERSOURCE,1,NightlyLeagueUpdateTaskProcessor,15,ADD,4714365.0,Carson Steele,0.0,1.0,2024-09-18
2024,3,780d40cb-351c-4190-ac44-770cdcf9e52b,8d70abe6-6f88-4a7b-8f55-42042e59210f,WAIVER,FAILED_INVALIDPLAYERSOURCE,1,NightlyLeagueUpdateTaskProcessor,15,DROP,3915486.0,Tyler Conklin,1.0,0.0,2024-09-18
2024,3,56e858e8-f558-4953-9a48-8063adc9f0af,,ROSTER,EXECUTED,13,{523D9B8F-8A3C-4523-BD9B-8F8A3C852321},0,DROP,4241479.0,Tua Tagovailoa,13.0,0.0,2024-09-18
2024,3,84a62c07-7337-457a-8840-eed2b386aa90,053d1762-b334-478e-977a-7d860d0814bd,TRADE_PROPOSAL,CANCELED,10,{430447A7-381F-4E40-AD53-6A9C1F157A25},0,TRADE,4241416.0,Chuba Hubbard,7.0,10.0,2024-09-17
2024,3,84a62c07-7337-457a-8840-eed2b386aa90,053d1762-b334-478e-977a-7d860d0814bd,TRADE_PROPOSAL,CANCELED,10,{430447A7-381F-4E40-AD53-6A9C1F157A25},0,TRADE,4429013.0,Tank Bigsby,10.0,7.0,2024-09-17
2024,3,715da55f-5c3e-48ac-a9d8-c350f34b8abc,2ea97ffa-ef45-496c-a3c3-259907a1ca10,WAIVER,FAILED_INVALIDPLAYERSOURCE,8,NightlyLeagueUpdateTaskProcessor,20,ADD,4714365.0,Carson Steele,0.0,8.0,2024-09-18
2024,3,715da55f-5c3e-48ac-a9d8-c350f34b8abc,2ea97ffa-ef45-496c-a3c3-259907a1ca10,WAIVER,FAILED_INVALIDPLAYERSOURCE,8,NightlyLeagueUpdateTaskProcessor,20,DROP,4427095.0,DeMario Douglas,8.0,0.0,2024-09-18
2024,3,830c4db9-7e4b-4802-99d4-6ca6b05285ac,,FREEAGENT,EXECUTED,3,{C52D799E-6C1C-44B9-8371-9B6AF857D8E8},0,ADD,3116164.0,Mike Gesicki,0.0,3.0,2024-09-22
2024,3,0b99924a-57d5-4742-8643-563752b359de,51d11a29-bf9f-499f-a711-a0abc18106f3,WAIVER,FAILED_INVALIDPLAYERSOURCE,13,NightlyLeagueUpdateTaskProcessor,1,ADD,3886598.0,Jauan Jennings,0.0,13.0,2024-09-18
2024,3,0b99924a-57d5-4742-8643-563752b359de,51d11a29-bf9f-499f-a711-a0abc18106f3,WAIVER,FAILED_INVALIDPLAYERSOURCE,13,NightlyLeagueUpdateTaskProcessor,1,DROP,16460.0,Adam Thielen,13.0,0.0,2024-09-18
2024,3,263f3c70-d889-4bc4-8021-b239715d0a3c,742b400f-983a-46db-9a4e-7355160967a5,WAIVER,EXECUTED,5,NightlyLeagueUpdateTaskProcessor,7,ADD,3116389.0,Samaje Perine,0.0,5.0,2024-09-18
2024,3,263f3c70-d889-4bc4-8021-b239715d0a3c,742b400f-983a-46db-9a4e-7355160967a5,WAIVER,EXECUTED,5,NightlyLeagueUpdateTaskProcessor,7,DROP,4682745.0,Jaylen Wright,5.0,0.0,2024-09-18
2024,3,56a11549-5e66-495f-bf73-794cd2d8b373,,FREEAGENT,EXECUTED,8,{00408013-39CF-40FC-8080-1339CFD0FC06},0,ADD,4685247.0,Braelon Allen,0.0,8.0,2024-09-19
2024,3,56a11549-5e66-495f-bf73-794cd2d8b373,,FREEAGENT,EXECUTED,8,{00408013-39CF-40FC-8080-1339CFD0FC06},0,DROP,4569382.0,Jordan Whittington,8.0,0.0,2024-09-19
2024,3,5be22087-1e4f-4ea9-a139-c58e73c83f13,43d76a72-cb0b-474f-8e60-61b981f08344,WAIVER,FAILED_INVALIDPLAYERSOURCE,7,NightlyLeagueUpdateTaskProcessor,6,ADD,3116389.0,Samaje Perine,0.0,7.0,2024-09-18
2024,3,5be22087-1e4f-4ea9-a139-c58e73c83f13,43d76a72-cb0b-474f-8e60-61b981f08344,WAIVER,FAILED_INVALIDPLAYERSOURCE,7,NightlyLeagueUpdateTaskProcessor,6,DROP,4037235.0,Greg Dortch,7.0,0.0,2024-09-18
2024,3,111e8bb5-c3eb-41da-9b56-f5ba083518a2,03a21842-ba77-4ae1-acf4-4026364d36ff,WAIVER,FAILED_INVALIDPLAYERSOURCE,7,NightlyLeagueUpdateTaskProcessor,10,ADD,4714365.0,Carson Steele,0.0,7.0,2024-09-18
2024,3,111e8bb5-c3eb-41da-9b56-f5ba083518a2,03a21842-ba77-4ae1-acf4-4026364d36ff,WAIVER,FAILED_INVALIDPLAYERSOURCE,7,NightlyLeagueUpdateTaskProcessor,10,DROP,4037235.0,Greg Dortch,7.0,0.0,2024-09-18
2024,3,55de0634-ba01-4845-beca-9d284c4c6ff7,,FREEAGENT,EXECUTED,1,{C1E09685-96D1-4750-BA21-8BE16D3BF7CA},0,ADD,3125116.0,D'Onta Foreman,0.0,1.0,2024-09-18
2024,3,bb6e659b-f926-4641-9c83-d1eb096d7ad7,,FREEAGENT,EXECUTED,5,{77F704CF-0C76-4984-9A71-8BD39511C19F},0,ADD,4360761.0,Michael Wilson,0.0,5.0,2024-09-18
2024,3,bb6e659b-f926-4641-9c83-d1eb096d7ad7,,FREEAGENT,EXECUTED,5,{77F704CF-0C76-4984-9A71-8BD39511C19F},0,DROP,4597500.0,Adonai Mitchell,5.0,0.0,2024-09-18
2024,4,180c7968-e7e5-41e5-8b60-e0b72ee4494d,,TRADE_PROPOSAL,PENDING,10,{2C8A1B87-268B-45A5-A0E5-C4A3F61C9BC2},0,TRADE,4429795.0,Jahmyr Gibbs,8.0,10.0,2024-09-25
2024,4,180c7968-e7e5-41e5-8b60-e0b72ee4494d,,TRADE_PROPOSAL,PENDING,10,{2C8A1B87-268B-45A5-A0E5-C4A3F61C9BC2},0,TRADE,4040761.0,Devin Singletary,10.0,8.0,2024-09-25
2024,4,180c7968-e7e5-41e5-8b60-e0b72ee4494d,,TRADE_PROPOSAL,PENDING,10,{2C8A1B87-268B-45A5-A0E5-C4A3F61C9BC2},0,TRADE,2577327.0,Tyler Lockett,10.0,8.0,2024-09-25
2024,4,96fc3617-2e34-4d5a-9262-530b9df00820,7130b4d2-12cb-4eef-893b-1d175a96d05b,TRADE_DECLINE,EXECUTED,13,{523D9B8F-8A3C-4523-BD9B-8F8A3C852321},0,,,,,,2024-09-24
2024,4,8c762f76-80fc-45b9-b235-9f7af55876c5,07352807-10ca-408c-8668-952882b4ee88,WAIVER,CANCELED,3,{C52D799E-6C1C-44B9-8371-9B6AF857D8E8},0,ADD,3917792.0,Daniel Jones,0.0,3.0,2024-09-25
2024,4,8c762f76-80fc-45b9-b235-9f7af55876c5,07352807-10ca-408c-8668-952882b4ee88,WAIVER,CANCELED,3,{C52D799E-6C1C-44B9-8371-9B6AF857D8E8},0,DROP,16757.0,Derek Carr,3.0,0.0,2024-09-25
2024,4,185a7e42-a216-457b-ae2f-256c1bfeb17c,892867bb-da12-43f0-b05f-afe382cadfb0,TRADE_PROPOSAL,CANCELED,10,{C1E09685-96D1-4750-BA21-8BE16D3BF7CA},0,TRADE,4428331.0,Rashee Rice,10.0,1.0,2024-09-30
2024,4,185a7e42-a216-457b-ae2f-256c1bfeb17c,892867bb-da12-43f0-b05f-afe382cadfb0,TRADE_PROPOSAL,CANCELED,10,{C1E09685-96D1-4750-BA21-8BE16D3BF7CA},0,TRADE,4569173.0,Rhamondre Stevenson,1.0,10.0,2024-09-30
2024,4,daa950b0-636d-479e-8e5d-005f0c8dffd3,8df0146c-f49c-4970-8c20-4b0ff27e8ab2,WAIVER,EXECUTED,3,NightlyLeagueUpdateTaskProcessor,7,ADD,3912547.0,Sam Darnold,0.0,3.0,2024-09-25
2024,4,daa950b0-636d-479e-8e5d-005f0c8dffd3,8df0146c-f49c-4970-8c20-4b0ff27e8ab2,WAIVER,EXECUTED,3,NightlyLeagueUpdateTaskProcessor,7,DROP,16757.0,Derek Carr,3.0,0.0,2024-09-25
2024,4,4a868a9e-1374-4168-9de6-2e2fd528e49a,f6d5c571-9d29-40f3-8ba0-03aee77be542,TRADE_DECLINE,EXECUTED,6,{FE8F6865-8A47-4C3A-8D66-0780982B48DD},0,,,,,,2024-09-25
2024,4,70f630c6-74df-4b71-b914-c027567efa41,,TRADE_PROPOSAL,PENDING,10,{2C8A1B87-268B-45A5-A0E5-C4A3F61C9BC2},0,TRADE,2577327.0,Tyler Lockett,10.0,2.0,2024-09-26
2024,4,70f630c6-74df-4b71-b914-c027567efa41,,TRADE_PROPOSAL,PENDING,10,{2C8A1B87-268B-45A5-A0E5-C4A3F61C9BC2},0,TRADE,4596448.0,Bucky Irving,2.0,10.0,2024-09-26
2024,4,aedda0b1-ad0b-4e7a-a736-162df5ae5037,,FREEAGENT,EXECUTED,10,{2C8A1B87-268B-45A5-A0E5-C4A3F61C9BC2},0,ADD,2468609.0,Taysom Hill,0.0,10.0,2024-09-25
2024,4,aedda0b1-ad0b-4e7a-a736-162df5ae5037,,FREEAGENT,EXECUTED,10,{2C8A1B87-268B-45A5-A0E5-C4A3F61C9BC2},0,DROP,4722893.0,Jaleel McLaughlin,10.0,0.0,2024-09-25
2024,4,dc76eb3a-10b9-4659-ae08-839f99abce93,,FREEAGENT,EXECUTED,14,{C2BAB8A3-9ED5-425C-BAB8-A39ED5B25CC2},0,ADD,4360797.0,Tutu Atwell,0.0,14.0,2024-09-26
2024,4,dc76eb3a-10b9-4659-ae08-839f99abce93,,FREEAGENT,EXECUTED,14,{C2BAB8A3-9ED5-425C-BAB8-A39ED5B25CC2},0,DROP,3051926.0,Gus Edwards,14.0,0.0,2024-09-26
2024,4,24a0451f-829f-4ccf-ab6c-df388c55e67f,,TRADE_PROPOSAL,PENDING,10,{2C8A1B87-268B-45A5-A0E5-C4A3F61C9BC2},0,TRADE,4428331.0,Rashee Rice,10.0,13.0,2024-09-30
2024,4,24a0451f-829f-4ccf-ab6c-df388c55e67f,,TRADE_PROPOSAL,PENDING,10,{2C8A1B87-268B-45A5-A0E5-C4A3F61C9BC2},0,TRADE,4241474.0,Brian Robinson Jr.,13.0,10.0,2024-09-30
2024,4,78a2e4d4-aaa5-4e7e-922c-003c6fac0301,892867bb-da12-43f0-b05f-afe382cadfb0,TRADE_DECLINE,EXECUTED,1,{C1E09685-96D1-4750-BA21-8BE16D3BF7CA},0,,,,,,2024-09-30
2024,4,0681a4fc-a6fd-458c-a0d6-c21f8a5347ee,01b5aedb-b20f-4788-9480-8e5f7e0092b5,TRADE_DECLINE,EXECUTED,2,{6AC115FA-3A0D-4948-8115-FA3A0DD94826},0,,,,,,2024-09-25
2024,4,f8b75d3e-fb2e-4338-8326-87469d59aec0,23762480-52ba-4355-bc0f-c6c8e13ce0a1,WAIVER,EXECUTED,1,NightlyLeagueUpdateTaskProcessor,3,ADD,-16013.0,Raiders D/ST,0.0,1.0,2024-09-25
2024,4,f8b75d3e-fb2e-4338-8326-87469d59aec0,23762480-52ba-4355-bc0f-c6c8e13ce0a1,WAIVER,EXECUTED,1,NightlyLeagueUpdateTaskProcessor,3,DROP,-16024.0,Chargers D/ST,1.0,0.0,2024-09-25
2024,4,01b5aedb-b20f-4788-9480-8e5f7e0092b5,,TRADE_PROPOSAL,PENDING,10,{2C8A1B87-268B-45A5-A0E5-C4A3F61C9BC2},0,TRADE,4596448.0,Bucky Irving,2.0,10.0,2024-09-25
2024,4,01b5aedb-b20f-4788-9480-8e5f7e0092b5,,TRADE_PROPOSAL,PENDING,10,{2C8A1B87-268B-45A5-A0E5-C4A3F61C9BC2},0,TRADE,2577327.0,Tyler Lockett,10.0,2.0,2024-09-25
2024,4,674ff39b-8d5f-4b77-9350-802b96596cd0,,ROSTER,EXECUTED,3,{C52D799E-6C1C-44B9-8371-9B6AF857D8E8},0,DROP,4360294.0,Antonio Gibson,3.0,0.0,2024-09-25
2024,4,99836c63-e457-4e78-92e0-8477d65af8ed,c3a640ac-f4a9-4b3e-92c3-fe1e073827e9,TRADE_DECLINE,EXECUTED,14,{C2BAB8A3-9ED5-425C-BAB8-A39ED5B25CC2},0,,,,,,2024-09-30
2024,4,b46f1cac-7804-4e1f-a3e1-7ef0d5ea4e45,27fd3394-905e-4f7f-93dc-91ba3de526fe,WAIVER,FAILED_PLAYERALREADYDROPPED,8,NightlyLeagueUpdateTaskProcessor,8,ADD,4368003.0,Andrei Iosivas,0.0,8.0,2024-09-25
2024,4,b46f1cac-7804-4e1f-a3e1-7ef0d5ea4e45,27fd3394-905e-4f7f-93dc-91ba3de526fe,WAIVER,FAILED_PLAYERALREADYDROPPED,8,NightlyLeagueUpdateTaskProcessor,8,DROP,4569382.0,Jordan Whittington,8.0,0.0,2024-09-25
2024,4,e60e3f4e-4e53-4742-b633-d9cfbf384610,,TRADE_PROPOSAL,PENDING,14,{C2BAB8A3-9ED5-425C-BAB8-A39ED5B25CC2},0,TRADE,4714365.0,Carson Steele,14.0,10.0,2024-09-30
2024,4,e60e3f4e-4e53-4742-b633-d9cfbf384610,,TRADE_PROPOSAL,PENDING,14,{C2BAB8A3-9ED5-425C-BAB8-A39ED5B25CC2},0,TRADE,4429160.0,De'Von Achane,10.0,14.0,2024-09-30
2024,4,161adfa8-fac3-4a81-84a7-e6775c556fca,,FREEAGENT,EXECUTED,2,{6AC115FA-3A0D-4948-8115-FA3A0DD94826},0,ADD,3915486.0,Tyler Conklin,0.0,2.0,2024-09-28
2024,4,161adfa8-fac3-4a81-84a7-e6775c556fca,,FREEAGENT,EXECUTED,2,{6AC115FA-3A0D-4948-8115-FA3A0DD94826},0,DROP,3046439.0,Hunter Henry,2.0,0.0,2024-09-28
2024,4,3699fba7-0e94-4ac9-953c-d71e601ef568,01b5aedb-b20f-4788-9480-8e5f7e0092b5,TRADE_PROPOSAL,CANCELED,10,{6AC115FA-3A0D-4948-8115-FA3A0DD94826},0,TRADE,4596448.0,Bucky Irving,2.0,10.0,2024-09-25
2024,4,3699fba7-0e94-4ac9-953c-d71e601ef568,01b5aedb-b20f-4788-9480-8e5f7e0092b5,TRADE_PROPOSAL,CANCELED,10,{6AC115FA-3A0D-4948-8115-FA3A0DD94826},0,TRADE,2577327.0,Tyler Lockett,10.0,2.0,2024-09-25
2024,4,892867bb-da12-43f0-b05f-afe382cadfb0,,TRADE_PROPOSAL,PENDING,10,{2C8A1B87-268B-45A5-A0E5-C4A3F61C9BC2},0,TRADE,4428331.0,Rashee Rice,10.0,1.0,2024-09-30
2024,4,892867bb-da12-43f0-b05f-afe382cadfb0,,TRADE_PROPOSAL,PENDING,10,{2C8A1B87-268B-45A5-A0E5-C4A3F61C9BC2},0,TRADE,4569173.0,Rhamondre Stevenson,1.0,10.0,2024-09-30
2024,4,bfeba485-e1dc-421c-9a4c-a7de2f9d7e8c,180c7968-e7e5-41e5-8b60-e0b72ee4494d,TRADE_DECLINE,EXECUTED,8,{00408013-39CF-40FC-8080-1339CFD0FC06},0,,,,,,2024-09-25
2024,4,18321f0c-d97d-4cf4-950b-512d9f68db45,,FREEAGENT,EXECUTED,8,{00408013-39CF-40FC-8080-1339CFD0FC06},0,ADD,15835.0,Zach Ertz,0.0,8.0,2024-09-27
2024,4,18321f0c-d97d-4cf4-950b-512d9f68db45,,FREEAGENT,EXECUTED,8,{00408013-39CF-40FC-8080-1339CFD0FC06},0,DROP,3123076.0,David Njoku,8.0,0.0,2024-09-27
2024,4,78d0ceeb-58a6-4a57-8167-8deb2b050392,,FREEAGENT,EXECUTED,10,{2C8A1B87-268B-45A5-A0E5-C4A3F61C9BC2},0,ADD,-16016.0,Vikings D/ST,0.0,10.0,2024-09-25
2024,4,78d0ceeb-58a6-4a57-8167-8deb2b050392,,FREEAGENT,EXECUTED,10,{2C8A1B87-268B-45A5-A0E5-C4A3F61C9BC2},0,DROP,-16026.0,Seahawks D/ST,10.0,0.0,2024-09-25
2024,4,c3a640ac-f4a9-4b3e-92c3-fe1e073827e9,,TRADE_PROPOSAL,PENDING,10,{2C8A1B87-268B-45A5-A0E5-C4A3F61C9BC2},0,TRADE,4428331.0,Rashee Rice,10.0,14.0,2024-09-30
2024,4,c3a640ac-f4a9-4b3e-92c3-fe1e073827e9,,TRADE_PROPOSAL,PENDING,10,{2C8A1B87-268B-45A5-A0E5-C4A3F61C9BC2},0,TRADE,4366031.0,Tank Dell,14.0,10.0,2024-09-30
2024,4,c3a640ac-f4a9-4b3e-92c3-fe1e073827e9,,TRADE_PROPOSAL,PENDING,10,{2C8A1B87-268B-45A5-A0E5-C4A3F61C9BC2},0,TRADE,4697815.0,Rachaad White,14.0,10.0,2024-09-30
2024,4,c3a640ac-f4a9-4b3e-92c3-fe1e073827e9,,TRADE_PROPOSAL,PENDING,10,{2C8A1B87-268B-45A5-A0E5-C4A3F61C9BC2},0,DROP,2577327.0,Tyler Lockett,10.0,0.0,2024-09-30
2024,4,3190018a-7bd0-46c2-9041-ed4c2122f919,,FREEAGENT,EXECUTED,13,{523D9B8F-8A3C-4523-BD9B-8F8A3C852321},0,ADD,4426485.0,Jonathan Mingo,0.0,13.0,2024-09-25
2024,4,c6483beb-3bfa-4810-974d-17856e7ba2be,7c97faea-bf92-4a8e-8348-6788a6cafd2b,TRADE_PROPOSAL,CANCELED,10,{2C8A1B87-268B-45A5-A0E5-C4A3F61C9BC2},0,TRADE,4426515.0,Puka Nacua,6.0,10.0,2024-09-24
2024,4,c6483beb-3bfa-4810-974d-17856e7ba2be,7c97faea-bf92-4a8e-8348-6788a6cafd2b,TRADE_PROPOSAL,CANCELED,10,{2C8A1B87-268B-45A5-A0E5-C4A3F61C9BC2},0,TRADE,4361579.0,Javonte Williams,10.0,6.0,2024-09-24
2024,4,c6483beb-3bfa-4810-974d-17856e7ba2be,7c97faea-bf92-4a8e-8348-6788a6cafd2b,TRADE_PROPOSAL,CANCELED,10,{2C8A1B87-268B-45A5-A0E5-C4A3F61C9BC2},0,TRADE,4240021.0,Cam Akers,10.0,6.0,2024-09-24
2024,4,44d14d5f-631e-4804-9f53-dfc7e396c658,4e62b49f-b0ad-4b36-a12b-74ab67f60bd8,WAIVER,EXECUTED,12,NightlyLeagueUpdateTaskProcessor,1,ADD,-16021.0,Eagles D/ST,0.0,12.0,2024-09-25
2024,4,44d14d5f-631e-4804-9f53-dfc7e396c658,4e62b49f-b0ad-4b36-a12b-74ab67f60bd8,WAIVER,EXECUTED,12,NightlyLeagueUpdateTaskProcessor,1,DROP,-16010.0,Titans D/ST,12.0,0.0,2024-09-25
2024,4,29298f35-d295-4610-82ee-c0eccf61fc5f,e60e3f4e-4e53-4742-b633-d9cfbf384610,TRADE_PROPOSAL,CANCELED,14,{2C8A1B87-268B-45A5-A0E5-C4A3F61C9BC2},0,TRADE,4714365.0,Carson Steele,14.0,10.0,2024-09-30
2024,4,29298f35-d295-4610-82ee-c0eccf61fc5f,e60e3f4e-4e53-4742-b633-d9cfbf384610,TRADE_PROPOSAL,CANCELED,14,{2C8A1B87-268B-45A5-A0E5-C4A3F61C9BC2},0,TRADE,4429160.0,De'Von Achane,10.0,14.0,2024-09-30
2024,4,417ffd97-eb40-4e3a-a2a4-f4bc14d1ec6c,c762d253-3d2b-487b-a1e2-3e0232b71fbe,WAIVER,FAILED_INVALIDPLAYERSOURCE,7,NightlyLeagueUpdateTaskProcessor,5,ADD,4430034.0,Xavier Legette,0.0,7.0,2024-09-25
2024,4,80c017fe-996e-4ce9-8e7a-2af38980519d,,FREEAGENT,EXECUTED,7,{430447A7-381F-4E40-AD53-6A9C1F157A25},0,ADD,4426386.0,Roschon Johnson,0.0,7.0,2024-09-25
2024,4,80c017fe-996e-4ce9-8e7a-2af38980519d,,FREEAGENT,EXECUTED,7,{430447A7-381F-4E40-AD53-6A9C1F157A25},0,DROP,-16009.0,Packers D/ST,7.0,0.0,2024-09-25
2024,4,c440fc2f-92bc-4f4f-84ab-fa85df9170e6,,FREEAGENT,EXECUTED,14,{C2BAB8A3-9ED5-425C-BAB8-A39ED5B25CC2},0,ADD,4427095.0,DeMario Douglas,0.0,14.0,2024-09-27
2024,4,c440fc2f-92bc-4f4f-84ab-fa85df9170e6,,FREEAGENT,EXECUTED,14,{C2BAB8A3-9ED5-425C-BAB8-A39ED5B25CC2},0,DROP,3043116.0,Demarcus Robinson,14.0,0.0,2024-09-27
2024,4,4732d90b-a320-489a-881f-1f58cde0c214,a117bb94-ffbd-43e0-8b1f-b8412848f5ac,TRADE_PROPOSAL,CANCELED,10,{2C8A1B87-268B-45A5-A0E5-C4A3F61C9BC2},0,TRADE,2577327.0,Tyler Lockett,10.0,6.0,2024-09-28
2024,4,4732d90b-a320-489a-881f-1f58cde0c214,a117bb94-ffbd-43e0-8b1f-b8412848f5ac,TRADE_PROPOSAL,CANCELED,10,{2C8A1B87-268B-45A5-A0E5-C4A3F61C9BC2},0,TRADE,4240021.0,Cam Akers,10.0,6.0,2024-09-28
2024,4,4732d90b-a320-489a-881f-1f58cde0c214,a117bb94-ffbd-43e0-8b1f-b8412848f5ac,TRADE_PROPOSAL,CANCELED,10,{2C8A1B87-268B-45A5-A0E5-C4A3F61C9BC2},0,TRADE,4426515.0,Puka Nacua,6.0,10.0,2024-09-28
2024,4,4732d90b-a320-489a-881f-1f58cde0c214,a117bb94-ffbd-43e0-8b1f-b8412848f5ac,TRADE_PROPOSAL,CANCELED,10,{2C8A1B87-268B-45A5-A0E5-C4A3F61C9BC2},0,TRADE,4241478.0,DeVonta Smith,6.0,10.0,2024-09-28
2024,4,985df93d-c6ef-47d5-90e9-ad80ebe79866,9f962ee2-4391-4d31-aa4e-c259a42cccab,WAIVER,EXECUTED,10,NightlyLeagueUpdateTaskProcessor,17,ADD,2577327.0,Tyler Lockett,0.0,10.0,2024-09-25
2024,4,985df93d-c6ef-47d5-90e9-ad80ebe79866,9f962ee2-4391-4d31-aa4e-c259a42cccab,WAIVER,EXECUTED,10,NightlyLeagueUpdateTaskProcessor,17,DROP,4429013.0,Tank Bigsby,10.0,0.0,2024-09-25
2024,4,8d66afae-2550-4816-8f8b-4f47117e6473,c7cf71fb-2d78-4c2c-ae03-ae43a4e26a2d,WAIVER,FAILED_ROSTERLIMIT,7,NightlyLeagueUpdateTaskProcessor,6,ADD,4258595.0,Cole Kmet,0.0,7.0,2024-09-25
2024,4,f6d5c571-9d29-40f3-8ba0-03aee77be542,,TRADE_PROPOSAL,PENDING,10,{2C8A1B87-268B-45A5-A0E5-C4A3F61C9BC2},0,TRADE,4241478.0,DeVonta Smith,6.0,10.0,2024-09-24
2024,4,f6d5c571-9d29-40f3-8ba0-03aee77be542,,TRADE_PROPOSAL,PENDING,10,{2C8A1B87-268B-45A5-A0E5-C4A3F61C9BC2},0,TRADE,3895856.0,Christian Kirk,10.0,6.0,2024-09-24
2024,4,f6d5c571-9d29-40f3-8ba0-03aee77be542,,TRADE_PROPOSAL,PENDING,10,{2C8A1B87-268B-45A5-A0E5-C4A3F61C9BC2},0,TRADE,4240021.0,Cam Akers,10.0,6.0,2024-09-24
2024,4,4b253e75-a254-4874-8326-0b14f547107c,180c7968-e7e5-41e5-8b60-e0b72ee4494d,TRADE_PROPOSAL,CANCELED,10,{00408013-39CF-40FC-8080-1339CFD0FC06},0,TRADE,4429795.0,Jahmyr Gibbs,8.0,10.0,2024-09-25
2024,4,4b253e75-a254-4874-8326-0b14f547107c,180c7968-e7e5-41e5-8b60-e0b72ee4494d,TRADE_PROPOSAL,CANCELED,10,{00408013-39CF-40FC-8080-1339CFD0FC06},0,TRADE,4040761.0,Devin Singletary,10.0,8.0,2024-09-25
2024,4,4b253e75-a254-4874-8326-0b14f547107c,180c7968-e7e5-41e5-8b60-e0b72ee4494d,TRADE_PROPOSAL,CANCELED,10,{00408013-39CF-40FC-8080-1339CFD0FC06},0,TRADE,2577327.0,Tyler Lockett,10.0,8.0,2024-09-25
2024,4,20aace1a-c054-4082-848b-7bb4d17292f2,82a66e0e-81b9-433d-b536-c85ea60273ae,WAIVER,EXECUTED,14,NightlyLeagueUpdateTaskProcessor,2,ADD,4258595.0,Cole Kmet,0.0,14.0,2024-09-25
2024,4,20aace1a-c054-4082-848b-7bb4d17292f2,82a66e0e-81b9-433d-b536-c85ea60273ae,WAIVER,EXECUTED,14,NightlyLeagueUpdateTaskProcessor,2,DROP,4635008.0,Keon Coleman,14.0,0.0,2024-09-25
2024,4,4ed6a0ab-ff1e-4311-9804-68a8a407903a,,FREEAGENT,EXECUTED,4,{8242D4C8-FCD1-4A28-9373-CD282687A8E7},0,ADD,4430539.0,Brenton Strange,0.0,4.0,2024-09-29
2024,4,b0a78edf-dd39-401d-9b3b-b531e32a7410,b1026a32-7dcc-49e2-8709-8e5ba1fbb654,TRADE_DECLINE,EXECUTED,2,{6AC115FA-3A0D-4948-8115-FA3A0DD94826},0,,,,,,2024-09-25
2024,4,96c93073-43c5-4dc0-b3b2-e7def343fddd,e60e3f4e-4e53-4742-b633-d9cfbf384610,TRADE_DECLINE,EXECUTED,10,{2C8A1B87-268B-45A5-A0E5-C4A3F61C9BC2},0,,,,,,2024-09-30
2024,4,0a7021ed-7aa1-44c9-84b1-5a43a731a174,7d59205a-36ca-4fef-b426-c0dc37eb7be6,WAIVER,EXECUTED,8,NightlyLeagueUpdateTaskProcessor,10,ADD,4430034.0,Xavier Legette,0.0,8.0,2024-09-25
2024,4,0a7021ed-7aa1-44c9-84b1-5a43a731a174,7d59205a-36ca-4fef-b426-c0dc37eb7be6,WAIVER,EXECUTED,8,NightlyLeagueUpdateTaskProcessor,10,DROP,4569382.0,Jordan Whittington,8.0,0.0,2024-09-25
2024,4,98ac127e-d354-4797-a9b6-7cf7107a177e,,FREEAGENT,EXECUTED,2,{6AC115FA-3A0D-4948-8115-FA3A0DD94826},0,ADD,4428718.0,Tre Tucker,0.0,2.0,2024-09-27
2024,4,20aeec2b-a26f-4b84-aaf3-8c6becfc5df2,24a0451f-829f-4ccf-ab6c-df388c55e67f,TRADE_PROPOSAL,CANCELED,10,{2C8A1B87-268B-45A5-A0E5-C4A3F61C9BC2},0,TRADE,4428331.0,Rashee Rice,10.0,13.0,2024-09-30
2024,4,20aeec2b-a26f-4b84-aaf3-8c6becfc5df2,24a0451f-829f-4ccf-ab6c-df388c55e67f,TRADE_PROPOSAL,CANCELED,10,{2C8A1B87-268B-45A5-A0E5-C4A3F61C9BC2},0,TRADE,4241474.0,Brian Robinson Jr.,13.0,10.0,2024-09-30
2024,4,799db392-8615-4ec9-b188-e6413a1f0b9a,ed32218f-9fb5-4d7f-b825-d148879d8c11,WAIVER,CANCELED,7,{430447A7-381F-4E40-AD53-6A9C1F157A25},0,ADD,3917792.0,Daniel Jones,0.0,7.0,2024-09-24
2024,4,deb3508b-bb28-4500-9557-b9f1890ab9c2,2f72d1b2-8a8f-4e21-ad21-44a27c9b02c8,WAIVER,EXECUTED,8,NightlyLeagueUpdateTaskProcessor,4,ADD,-16015.0,Dolphins D/ST,0.0,8.0,2024-09-25
2024,4,deb3508b-bb28-4500-9557-b9f1890ab9c2,2f72d1b2-8a8f-4e21-ad21-44a27c9b02c8,WAIVER,EXECUTED,8,NightlyLeagueUpdateTaskProcessor,4,DROP,-16027.0,Buccaneers D/ST,8.0,0.0,2024-09-25
2024,4,a8ddcf27-2eb2-4557-89d6-73ac0c25e127,c3a640ac-f4a9-4b3e-92c3-fe1e073827e9,TRADE_PROPOSAL,CANCELED,10,{C2BAB8A3-9ED5-425C-BAB8-A39ED5B25CC2},0,TRADE,4428331.0,Rashee Rice,10.0,14.0,2024-09-30
2024,4,a8ddcf27-2eb2-4557-89d6-73ac0c25e127,c3a640ac-f4a9-4b3e-92c3-fe1e073827e9,TRADE_PROPOSAL,CANCELED,10,{C2BAB8A3-9ED5-425C-BAB8-A39ED5B25CC2},0,TRADE,4366031.0,Tank Dell,14.0,10.0,2024-09-30
2024,4,a8ddcf27-2eb2-4557-89d6-73ac0c25e127,c3a640ac-f4a9-4b3e-92c3-fe1e073827e9,TRADE_PROPOSAL,CANCELED,10,{C2BAB8A3-9ED5-425C-BAB8-A39ED5B25CC2},0,TRADE,4697815.0,Rachaad White,14.0,10.0,2024-09-30
2024,4,a8ddcf27-2eb2-4557-89d6-73ac0c25e127,c3a640ac-f4a9-4b3e-92c3-fe1e073827e9,TRADE_PROPOSAL,CANCELED,10,{C2BAB8A3-9ED5-425C-BAB8-A39ED5B25CC2},0,DROP,2577327.0,Tyler Lockett,10.0,0.0,2024-09-30
2024,4,542a898d-63c5-415e-944b-2274ccf2d8e4,,ROSTER,EXECUTED,7,{430447A7-381F-4E40-AD53-6A9C1F157A25},0,DROP,2310331.0,Tyler Johnson,7.0,0.0,2024-09-24
2024,4,6555b470-0731-4c08-b456-f37b6a258071,,FREEAGENT,EXECUTED,12,{91D28B99-9234-408F-ACE7-32AEC03EE9E2},0,ADD,2980453.0,Jamaal Williams,0.0,12.0,2024-09-25
2024,4,6555b470-0731-4c08-b456-f37b6a258071,,FREEAGENT,EXECUTED,12,{91D28B99-9234-408F-ACE7-32AEC03EE9E2},0,DROP,4372561.0,Isaac Guerendo,12.0,0.0,2024-09-25
2024,4,abd57169-916c-43e4-b30b-d8e43b44917b,,FREEAGENT,EXECUTED,3,{C52D799E-6C1C-44B9-8371-9B6AF857D8E8},0,ADD,4368003.0,Andrei Iosivas,0.0,3.0,2024-09-25
2024,4,9f962ee2-4391-4d31-aa4e-c259a42cccab,,WAIVER,PENDING,10,{2C8A1B87-268B-45A5-A0E5-C4A3F61C9BC2},17,ADD,2577327.0,Tyler Lockett,0.0,10.0,2024-09-24
2024,4,9f962ee2-4391-4d31-aa4e-c259a42cccab,,WAIVER,PENDING,10,{2C8A1B87-268B-45A5-A0E5-C4A3F61C9BC2},17,DROP,4429013.0,Tank Bigsby,10.0,0.0,2024-09-24
2024,4,a117bb94-ffbd-43e0-8b1f-b8412848f5ac,,TRADE_PROPOSAL,PENDING,10,{2C8A1B87-268B-45A5-A0E5-C4A3F61C9BC2},0,TRADE,2577327.0,Tyler Lockett,10.0,6.0,2024-09-28
2024,4,a117bb94-ffbd-43e0-8b1f-b8412848f5ac,,TRADE_PROPOSAL,PENDING,10,{2C8A1B87-268B-45A5-A0E5-C4A3F61C9BC2},0,TRADE,4240021.0,Cam Akers,10.0,6.0,2024-09-28
2024,4,a117bb94-ffbd-43e0-8b1f-b8412848f5ac,,TRADE_PROPOSAL,PENDING,10,{2C8A1B87-268B-45A5-A0E5-C4A3F61C9BC2},0,TRADE,4426515.0,Puka Nacua,6.0,10.0,2024-09-28
2024,4,a117bb94-ffbd-43e0-8b1f-b8412848f5ac,,TRADE_PROPOSAL,PENDING,10,{2C8A1B87-268B-45A5-A0E5-C4A3F61C9BC2},0,TRADE,4241478.0,DeVonta Smith,6.0,10.0,2024-09-28
2024,4,49a3149a-4e5e-451c-b11f-ac5ede81f1fa,f6d5c571-9d29-40f3-8ba0-03aee77be542,TRADE_PROPOSAL,CANCELED,10,{FE8F6865-8A47-4C3A-8D66-0780982B48DD},0,TRADE,4241478.0,DeVonta Smith,6.0,10.0,2024-09-25
2024,4,49a3149a-4e5e-451c-b11f-ac5ede81f1fa,f6d5c571-9d29-40f3-8ba0-03aee77be542,TRADE_PROPOSAL,CANCELED,10,{FE8F6865-8A47-4C3A-8D66-0780982B48DD},0,TRADE,3895856.0,Christian Kirk,10.0,6.0,2024-09-25
2024,4,49a3149a-4e5e-451c-b11f-ac5ede81f1fa,f6d5c571-9d29-40f3-8ba0-03aee77be542,TRADE_PROPOSAL,CANCELED,10,{FE8F6865-8A47-4C3A-8D66-0780982B48DD},0,TRADE,4240021.0,Cam Akers,10.0,6.0,2024-09-25
2024,4,948780a5-3ff9-4925-ad1b-8370c0f07c1e,b79f8eee-ce65-4e1b-86cd-0afdcf17b02b,WAIVER,FAILED_INVALIDPLAYERSOURCE,13,NightlyLeagueUpdateTaskProcessor,5,ADD,2577327.0,Tyler Lockett,0.0,13.0,2024-09-25
2024,4,948780a5-3ff9-4925-ad1b-8370c0f07c1e,b79f8eee-ce65-4e1b-86cd-0afdcf17b02b,WAIVER,FAILED_INVALIDPLAYERSOURCE,13,NightlyLeagueUpdateTaskProcessor,5,DROP,4429023.0,MarShawn Lloyd,13.0,0.0,2024-09-25
2024,4,51a649e7-7ca5-4150-9bf1-4c5bbd009af8,70f630c6-74df-4b71-b914-c027567efa41,TRADE_PROPOSAL,CANCELED,10,{2C8A1B87-268B-45A5-A0E5-C4A3F61C9BC2},0,TRADE,2577327.0,Tyler Lockett,10.0,2.0,2024-09-26
2024,4,51a649e7-7ca5-4150-9bf1-4c5bbd009af8,70f630c6-74df-4b71-b914-c027567efa41,TRADE_PROPOSAL,CANCELED,10,{2C8A1B87-268B-45A5-A0E5-C4A3F61C9BC2},0,TRADE,4596448.0,Bucky Irving,2.0,10.0,2024-09-26
2024,4,beb98db0-dc5b-4496-b70b-2ea9333de4ba,8b454f9e-dced-436e-b178-4e03f6f1bd78,WAIVER,EXECUTED,7,NightlyLeagueUpdateTaskProcessor,11,ADD,15807.0,Cordarrelle Patterson,0.0,7.0,2024-09-25
2024,5,063dd4cf-a414-4c64-af00-27fe539e0c97,,ROSTER,EXECUTED,10,{2C8A1B87-268B-45A5-A0E5-C4A3F61C9BC2},0,DROP,2468609.0,Taysom Hill,10.0,0.0,2024-10-02
2024,5,063dd4cf-a414-4c64-af00-27fe539e0c97,,ROSTER,EXECUTED,10,{2C8A1B87-268B-45A5-A0E5-C4A3F61C9BC2},0,DROP,4240021.0,Cam Akers,10.0,0.0,2024-10-02
2024,5,a3e5f621-f32a-42cf-a29a-d8980f1a61ae,,FREEAGENT,EXECUTED,6,{FE8F6865-8A47-4C3A-8D66-0780982B48DD},0,ADD,4360078.0,Alec Pierce,0.0,6.0,2024-10-03
2024,5,a3e5f621-f32a-42cf-a29a-d8980f1a61ae,,FREEAGENT,EXECUTED,6,{FE8F6865-8A47-4C3A-8D66-0780982B48DD},0,DROP,4429501.0,Ray Davis,6.0,0.0,2024-10-03
2024,5,f8ef9f07-4661-40cd-ac5e-eaafab8a4b81,5bea033e-7669-45fd-8724-6ce50f1307a2,TRADE_PROPOSAL,CANCELED,10,{523D9B8F-8A3C-4523-BD9B-8F8A3C852321},0,TRADE,3116406.0,Tyreek Hill,13.0,10.0,2024-10-05
2024,5,f8ef9f07-4661-40cd-ac5e-eaafab8a4b81,5bea033e-7669-45fd-8724-6ce50f1307a2,TRADE_PROPOSAL,CANCELED,10,{523D9B8F-8A3C-4523-BD9B-8F8A3C852321},0,TRADE,4361579.0,Javonte Williams,10.0,13.0,2024-10-05
2024,5,f8ef9f07-4661-40cd-ac5e-eaafab8a4b81,5bea033e-7669-45fd-8724-6ce50f1307a2,TRADE_PROPOSAL,CANCELED,10,{523D9B8F-8A3C-4523-BD9B-8F8A3C852321},0,TRADE,3895856.0,Christian Kirk,10.0,13.0,2024-10-05
2024,5,0d3aaab1-89ad-4197-9e91-a02944a01b22,3b922cb5-9cb9-4627-befc-b56d006482d1,WAIVER,EXECUTED,8,NightlyLeagueUpdateTaskProcessor,10,ADD,4572680.0,Tucker Kraft,0.0,8.0,2024-10-02
2024,5,0d3aaab1-89ad-4197-9e91-a02944a01b22,3b922cb5-9cb9-4627-befc-b56d006482d1,WAIVER,EXECUTED,8,NightlyLeagueUpdateTaskProcessor,10,DROP,15835.0,Zach Ertz,8.0,0.0,2024-10-02
2024,5,dd607aac-01b6-4dab-9ad5-e3553f84125f,,FREEAGENT,EXECUTED,3,{C52D799E-6C1C-44B9-8371-9B6AF857D8E8},0,ADD,4036131.0,Noah Fant,0.0,3.0,2024-10-02
2024,5,dd607aac-01b6-4dab-9ad5-e3553f84125f,,FREEAGENT,EXECUTED,3,{C52D799E-6C1C-44B9-8371-9B6AF857D8E8},0,DROP,4243331.0,Cade Otton,3.0,0.0,2024-10-02
2024,5,63e30d5f-5d4d-41b9-92a8-b2626a83040f,,FREEAGENT,EXECUTED,2,{6AC115FA-3A0D-4948-8115-FA3A0DD94826},0,ADD,11252.0,Joe Flacco,0.0,2.0,2024-10-06
2024,5,63e30d5f-5d4d-41b9-92a8-b2626a83040f,,FREEAGENT,EXECUTED,2,{6AC115FA-3A0D-4948-8115-FA3A0DD94826},0,DROP,4360310.0,Trevor Lawrence,2.0,0.0,2024-10-06
2024,5,10f142ad-e1b5-455e-85fb-a5b339a0c9e4,,WAIVER,PENDING,10,{2C8A1B87-268B-45A5-A0E5-C4A3F61C9BC2},41,ADD,4428850.0,Dontayvion Wicks,0.0,10.0,2024-10-02
2024,5,10f142ad-e1b5-455e-85fb-a5b339a0c9e4,,WAIVER,PENDING,10,{2C8A1B87-268B-45A5-A0E5-C4A3F61C9BC2},41,DROP,-16016.0,Vikings D/ST,10.0,0.0,2024-10-02
2024,5,a265ba05-3bd5-4662-8507-36360f4dacd9,78e0bbd6-c212-43db-a895-d38c6fc499c5,WAIVER,FAILED_INVALIDPLAYERSOURCE,14,NightlyLeagueUpdateTaskProcessor,5,ADD,4688813.0,Josh Downs,0.0,14.0,2024-10-02
2024,5,a265ba05-3bd5-4662-8507-36360f4dacd9,78e0bbd6-c212-43db-a895-d38c6fc499c5,WAIVER,FAILED_INVALIDPLAYERSOURCE,14,NightlyLeagueUpdateTaskProcessor,5,DROP,4427095.0,DeMario Douglas,14.0,0.0,2024-10-02
2024,5,a265ba05-3bd5-4662-8507-36360f4dacd9,78e0bbd6-c212-43db-a895-d38c6fc499c5,WAIVER,FAILED_INVALIDPLAYERSOURCE,14,NightlyLeagueUpdateTaskProcessor,5,DROP,4714365.0,Carson Steele,14.0,0.0,2024-10-02
2024,5,6a86dc1e-1714-45c7-89d9-870e5dbcb45e,5bea033e-7669-45fd-8724-6ce50f1307a2,TRADE_DECLINE,EXECUTED,13,{523D9B8F-8A3C-4523-BD9B-8F8A3C852321},0,,,,,,2024-10-05
2024,5,3c7b0b65-1094-444f-b871-32166143dfe3,e560828d-1413-400f-9ae0-013ea137f485,WAIVER,CANCELED,10,{2C8A1B87-268B-45A5-A0E5-C4A3F61C9BC2},17,ADD,4242214.0,Clyde Edwards-Helaire,0.0,10.0,2024-10-02
2024,5,3c7b0b65-1094-444f-b871-32166143dfe3,e560828d-1413-400f-9ae0-013ea137f485,WAIVER,CANCELED,10,{2C8A1B87-268B-45A5-A0E5-C4A3F61C9BC2},17,DROP,4240021.0,Cam Akers,10.0,0.0,2024-10-02
2024,5,e560828d-1413-400f-9ae0-013ea137f485,,WAIVER,PENDING,10,{2C8A1B87-268B-45A5-A0E5-C4A3F61C9BC2},17,ADD,4242214.0,Clyde Edwards-Helaire,0.0,10.0,2024-10-02
2024,5,e560828d-1413-400f-9ae0-013ea137f485,,WAIVER,PENDING,10,{2C8A1B87-268B-45A5-A0E5-C4A3F61C9BC2},17,DROP,4240021.0,Cam Akers,10.0,0.0,2024-10-02
2024,5,3cc8026b-4ef9-40b4-9bd8-ed615945d192,b7bee32f-2813-4fb2-b6b5-888b5ff37b25,WAIVER,FAILED_INVALIDPLAYERSOURCE,7,NightlyLeagueUpdateTaskProcessor,4,ADD,-16007.0,Broncos D/ST,0.0,7.0,2024-10-02
2024,5,3cc8026b-4ef9-40b4-9bd8-ed615945d192,b7bee32f-2813-4fb2-b6b5-888b5ff37b25,WAIVER,FAILED_INVALIDPLAYERSOURCE,7,NightlyLeagueUpdateTaskProcessor,4,DROP,15807.0,Cordarrelle Patterson,7.0,0.0,2024-10-02
2024,5,aa6d2a81-b4a5-4cc2-827a-058d7017e572,,WAIVER,PENDING,10,{2C8A1B87-268B-45A5-A0E5-C4A3F61C9BC2},2,ADD,4036133.0,T.J. Hockenson,0.0,10.0,2024-10-02
2024,5,aa6d2a81-b4a5-4cc2-827a-058d7017e572,,WAIVER,PENDING,10,{2C8A1B87-268B-45A5-A0E5-C4A3F61C9BC2},2,DROP,2468609.0,Taysom Hill,10.0,0.0,2024-10-02
2024,5,d18e7b58-8ab5-4f81-9c7a-d6dc9db6e6eb,,WAIVER,PENDING,10,{2C8A1B87-268B-45A5-A0E5-C4A3F61C9BC2},39,ADD,4428850.0,Dontayvion Wicks,0.0,10.0,2024-10-02
2024,5,0c79f3da-41de-40eb-99b9-200093872f28,,FREEAGENT,EXECUTED,5,{77F704CF-0C76-4984-9A71-8BD39511C19F},0,ADD,15864.0,Geno Smith,0.0,5.0,2024-10-02
2024,5,0c79f3da-41de-40eb-99b9-200093872f28,,FREEAGENT,EXECUTED,5,{77F704CF-0C76-4984-9A71-8BD39511C19F},0,DROP,3116389.0,Samaje Perine,5.0,0.0,2024-10-02
2024,5,1024408a-f1b9-4603-a0e0-703de71af04f,,FREEAGENT,EXECUTED,5,{77F704CF-0C76-4984-9A71-8BD39511C19F},0,ADD,3886598.0,Jauan Jennings,0.0,5.0,2024-10-06
2024,5,1024408a-f1b9-4603-a0e0-703de71af04f,,FREEAGENT,EXECUTED,5,{77F704CF-0C76-4984-9A71-8BD39511C19F},0,DROP,4240021.0,Cam Akers,5.0,0.0,2024-10-06
2024,5,51c9b01e-1efb-4e96-b041-4ce7a2875016,bc79923b-1841-4a33-8ee5-ed7525fe63da,WAIVER,EXECUTED,13,NightlyLeagueUpdateTaskProcessor,10,ADD,4362887.0,Justin Fields,0.0,13.0,2024-10-02
2024,5,51c9b01e-1efb-4e96-b041-4ce7a2875016,bc79923b-1841-4a33-8ee5-ed7525fe63da,WAIVER,EXECUTED,13,NightlyLeagueUpdateTaskProcessor,10,DROP,14880.0,Kirk Cousins,13.0,0.0,2024-10-02
2024,5,9a8be1dd-fb4a-491c-bb5c-644cdf880417,,WAIVER,PENDING,10,{2C8A1B87-268B-45A5-A0E5-C4A3F61C9BC2},2,ADD,4036133.0,T.J. Hockenson,0.0,10.0,2024-10-02
2024,5,e4caa927-5dfb-47c7-be04-828e32840cd6,9efa19f9-254a-44b2-a257-82ed2e2741d7,WAIVER,FAILED_INVALIDPLAYERSOURCE,14,NightlyLeagueUpdateTaskProcessor,5,ADD,-16007.0,Broncos D/ST,0.0,14.0,2024-10-02
2024,5,e4caa927-5dfb-47c7-be04-828e32840cd6,9efa19f9-254a-44b2-a257-82ed2e2741d7,WAIVER,FAILED_INVALIDPLAYERSOURCE,14,NightlyLeagueUpdateTaskProcessor,5,DROP,-16005.0,Browns D/ST,14.0,0.0,2024-10-02
2024,5,16539226-f49e-45e4-b212-033ca1bc5ef6,799afba9-7fff-485a-8ce4-b32676bc817b,WAIVER,FAILED_INVALIDPLAYERSOURCE,3,NightlyLeagueUpdateTaskProcessor,9,ADD,4428850.0,Dontayvion Wicks,0.0,3.0,2024-10-02
2024,5,16539226-f49e-45e4-b212-033ca1bc5ef6,799afba9-7fff-485a-8ce4-b32676bc817b,WAIVER,FAILED_INVALIDPLAYERSOURCE,3,NightlyLeagueUpdateTaskProcessor,9,DROP,4368003.0,Andrei Iosivas,3.0,0.0,2024-10-02
2024,5,a2a8f032-c68d-413b-8d32-4f91a36375ee,,FREEAGENT,EXECUTED,14,{C2BAB8A3-9ED5-425C-BAB8-A39ED5B25CC2},0,ADD,-16026.0,Seahawks D/ST,0.0,14.0,2024-10-02
2024,5,a2a8f032-c68d-413b-8d32-4f91a36375ee,,FREEAGENT,EXECUTED,14,{C2BAB8A3-9ED5-425C-BAB8-A39ED5B25CC2},0,DROP,-16005.0,Browns D/ST,14.0,0.0,2024-10-02
2024,5,f667f2cb-2752-4718-8239-79b69f9534a1,fde83a89-9bb3-4ab9-a3a2-d08636c7d2dd,WAIVER,FAILED_INVALIDPLAYERSOURCE,7,NightlyLeagueUpdateTaskProcessor,11,ADD,4688813.0,Josh Downs,0.0,7.0,2024-10-02
2024,5,f667f2cb-2752-4718-8239-79b69f9534a1,fde83a89-9bb3-4ab9-a3a2-d08636c7d2dd,WAIVER,FAILED_INVALIDPLAYERSOURCE,7,NightlyLeagueUpdateTaskProcessor,11,DROP,3139477.0,Patrick Mahomes,7.0,0.0,2024-10-02
2024,5,a116abfb-be79-4261-8546-aa6f9fae4fc5,1127126f-32c2-4197-9758-d2c3ac233b37,WAIVER,EXECUTED,1,NightlyLeagueUpdateTaskProcessor,5,ADD,4360294.0,Antonio Gibson,0.0,1.0,2024-10-02
2024,5,a116abfb-be79-4261-8546-aa6f9fae4fc5,1127126f-32c2-4197-9758-d2c3ac233b37,WAIVER,EXECUTED,1,NightlyLeagueUpdateTaskProcessor,5,DROP,3051392.0,Ezekiel Elliott,1.0,0.0,2024-10-02
2024,5,928e2bbc-1e72-4131-8ced-10d94354043a,,FREEAGENT,EXECUTED,12,{91D28B99-9234-408F-ACE7-32AEC03EE9E2},0,ADD,4242557.0,Colby Parkinson,0.0,12.0,2024-10-02
2024,5,16df1dd0-5d2f-42e3-8ddf-c3a5e533a7d0,d6fa0cfc-6c74-4686-bc09-ca1ea339ecf4,WAIVER,CANCELED,8,{00408013-39CF-40FC-8080-1339CFD0FC06},0,ADD,4241401.0,Trey Sermon,0.0,8.0,2024-10-01
2024,5,16df1dd0-5d2f-42e3-8ddf-c3a5e533a7d0,d6fa0cfc-6c74-4686-bc09-ca1ea339ecf4,WAIVER,CANCELED,8,{00408013-39CF-40FC-8080-1339CFD0FC06},0,DROP,15835.0,Zach Ertz,8.0,0.0,2024-10-01
2024,5,eadddc9d-f9bc-4cbd-b4c7-307b3e366599,,TRADE_PROPOSAL,PENDING,10,{2C8A1B87-268B-45A5-A0E5-C4A3F61C9BC2},0,TRADE,4241478.0,DeVonta Smith,6.0,10.0,2024-10-04
2024,5,eadddc9d-f9bc-4cbd-b4c7-307b3e366599,,TRADE_PROPOSAL,PENDING,10,{2C8A1B87-268B-45A5-A0E5-C4A3F61C9BC2},0,TRADE,2577327.0,Tyler Lockett,10.0,6.0,2024-10-04
2024,5,eadddc9d-f9bc-4cbd-b4c7-307b3e366599,,TRADE_PROPOSAL,PENDING,10,{2C8A1B87-268B-45A5-A0E5-C4A3F61C9BC2},0,TRADE,4038815.0,Rico Dowdle,10.0,6.0,2024-10-04
2024,5,9db3fbd4-3b48-477a-bb6f-07aaf4c8be84,,FREEAGENT,EXECUTED,12,{91D28B99-9234-408F-ACE7-32AEC03EE9E2},0,ADD,-16017.0,Patriots D/ST,0.0,12.0,2024-10-02
2024,5,9db3fbd4-3b48-477a-bb6f-07aaf4c8be84,,FREEAGENT,EXECUTED,12,{91D28B99-9234-408F-ACE7-32AEC03EE9E2},0,DROP,2980453.0,Jamaal Williams,12.0,0.0,2024-10-02
2024,5,1e9851de-a5fb-4f6b-8e58-5fddc5635c6a,acb0c716-8b53-4f9c-9de0-7ba4f931b4c0,WAIVER,FAILED_INVALIDPLAYERSOURCE,12,NightlyLeagueUpdateTaskProcessor,1,ADD,4572680.0,Tucker Kraft,0.0,12.0,2024-10-02
2024,5,1e9851de-a5fb-4f6b-8e58-5fddc5635c6a,acb0c716-8b53-4f9c-9de0-7ba4f931b4c0,WAIVER,FAILED_INVALIDPLAYERSOURCE,12,NightlyLeagueUpdateTaskProcessor,1,DROP,2980453.0,Jamaal Williams,12.0,0.0,2024-10-02
2024,5,5a2d4b2e-926c-4786-944e-11b921595495,,ROSTER,EXECUTED,13,{523D9B8F-8A3C-4523-BD9B-8F8A3C852321},0,DROP,4429023.0,MarShawn Lloyd,13.0,0.0,2024-10-01
2024,5,55d7ff95-91e6-4417-b725-95260f564ada,,FREEAGENT,EXECUTED,4,{8242D4C8-FCD1-4A28-9373-CD282687A8E7},0,ADD,3916945.0,Darius Slayton,0.0,4.0,2024-10-03
2024,5,55d7ff95-91e6-4417-b725-95260f564ada,,FREEAGENT,EXECUTED,4,{8242D4C8-FCD1-4A28-9373-CD282687A8E7},0,DROP,3117256.0,Dalton Schultz,4.0,0.0,2024-10-03
2024,5,56ad5e74-9038-4f53-88f7-3d5bbdd3e96c,e6b3f6e4-886a-4648-8f81-ed3920932806,WAIVER,FAILED_PLAYERALREADYDROPPED,1,NightlyLeagueUpdateTaskProcessor,3,ADD,3045138.0,Mike Williams,0.0,1.0,2024-10-02
2024,5,56ad5e74-9038-4f53-88f7-3d5bbdd3e96c,e6b3f6e4-886a-4648-8f81-ed3920932806,WAIVER,FAILED_PLAYERALREADYDROPPED,1,NightlyLeagueUpdateTaskProcessor,3,DROP,3051392.0,Ezekiel Elliott,1.0,0.0,2024-10-02
2024,5,da61e060-ae1a-45a0-9de1-07553546dbe6,,WAIVER,PENDING,10,{2C8A1B87-268B-45A5-A0E5-C4A3F61C9BC2},18,ADD,4242214.0,Clyde Edwards-Helaire,0.0,10.0,2024-10-02
2024,5,5a23ed10-958d-4c7c-a7a5-72ac581890f1,495fefb7-4828-41f1-8ef0-980fdb8d3bd6,WAIVER,FAILED_INVALIDPLAYERSOURCE,5,NightlyLeagueUpdateTaskProcessor,9,ADD,4362887.0,Justin Fields,0.0,5.0,2024-10-02
2024,5,5a23ed10-958d-4c7c-a7a5-72ac581890f1,495fefb7-4828-41f1-8ef0-980fdb8d3bd6,WAIVER,FAILED_INVALIDPLAYERSOURCE,5,NightlyLeagueUpdateTaskProcessor,9,DROP,3116389.0,Samaje Perine,5.0,0.0,2024-10-02
2024,5,ed21f4e6-79ff-4487-86d7-a988a4c4aa6c,10f142ad-e1b5-455e-85fb-a5b339a0c9e4,WAIVER,CANCELED,10,{2C8A1B87-268B-45A5-A0E5-C4A3F61C9BC2},0,ADD,4428850.0,Dontayvion Wicks,0.0,10.0,2024-10-02
2024,5,ed21f4e6-79ff-4487-86d7-a988a4c4aa6c,10f142ad-e1b5-455e-85fb-a5b339a0c9e4,WAIVER,CANCELED,10,{2C8A1B87-268B-45A5-A0E5-C4A3F61C9BC2},0,DROP,-16016.0,Vikings D/ST,10.0,0.0,2024-10-02
2024,5,0256c6bd-f527-444d-9718-83ba673828b9,eadddc9d-f9bc-4cbd-b4c7-307b3e366599,TRADE_DECLINE,EXECUTED,6,{FE8F6865-8A47-4C3A-8D66-0780982B48DD},0,,,,,,2024-10-06
2024,5,1055f9ec-958e-4c46-85d1-1916fecfacb8,,ROSTER,EXECUTED,2,{6AC115FA-3A0D-4948-8115-FA3A0DD94826},0,DROP,4360078.0,Alec Pierce,2.0,0.0,2024-10-01
2024,5,87694ae1-560a-45eb-817e-555df7546fa8,,FREEAGENT,EXECUTED,6,{FE8F6865-8A47-4C3A-8D66-0780982B48DD},0,ADD,4429676.0,Tyler Goodson,0.0,6.0,2024-10-06
2024,5,87694ae1-560a-45eb-817e-555df7546fa8,,FREEAGENT,EXECUTED,6,{FE8F6865-8A47-4C3A-8D66-0780982B48DD},0,DROP,4242433.0,Joshua Palmer,6.0,0.0,2024-10-06
2024,5,923be090-694f-4f29-a6e7-85a297f7b7fd,40ef55ef-541c-4c32-a630-d545337fbe86,WAIVER,CANCELED,8,{00408013-39CF-40FC-8080-1339CFD0FC06},0,ADD,4036133.0,T.J. Hockenson,0.0,8.0,2024-10-01
2024,5,923be090-694f-4f29-a6e7-85a297f7b7fd,40ef55ef-541c-4c32-a630-d545337fbe86,WAIVER,CANCELED,8,{00408013-39CF-40FC-8080-1339CFD0FC06},0,DROP,15835.0,Zach Ertz,8.0,0.0,2024-10-01
2024,5,d711706d-39ad-4d6d-8901-8648ad06d1cd,34eb9444-fdad-4e37-8b37-768846bd6da8,WAIVER,CANCELED,1,{C1E09685-96D1-4750-BA21-8BE16D3BF7CA},0,ADD,4428850.0,Dontayvion Wicks,0.0,1.0,2024-10-02
2024,5,d711706d-39ad-4d6d-8901-8648ad06d1cd,34eb9444-fdad-4e37-8b37-768846bd6da8,WAIVER,CANCELED,1,{C1E09685-96D1-4750-BA21-8BE16D3BF7CA},0,DROP,4569987.0,Jaylen Warren,1.0,0.0,2024-10-02
2024,5,edb95bdd-1e66-4aad-93d5-64a57ce32ce6,58d11995-1c95-418c-94f8-679855be6d1f,WAIVER,FAILED_INVALIDPLAYERSOURCE,7,NightlyLeagueUpdateTaskProcessor,31,ADD,4428850.0,Dontayvion Wicks,0.0,7.0,2024-10-02
2024,5,edb95bdd-1e66-4aad-93d5-64a57ce32ce6,58d11995-1c95-418c-94f8-679855be6d1f,WAIVER,FAILED_INVALIDPLAYERSOURCE,7,NightlyLeagueUpdateTaskProcessor,31,DROP,3139477.0,Patrick Mahomes,7.0,0.0,2024-10-02
2024,5,100aac3a-7726-4db7-8937-f73e806ed972,eadddc9d-f9bc-4cbd-b4c7-307b3e366599,TRADE_PROPOSAL,CANCELED,10,{FE8F6865-8A47-4C3A-8D66-0780982B48DD},0,TRADE,4241478.0,DeVonta Smith,6.0,10.0,2024-10-06
2024,5,100aac3a-7726-4db7-8937-f73e806ed972,eadddc9d-f9bc-4cbd-b4c7-307b3e366599,TRADE_PROPOSAL,CANCELED,10,{FE8F6865-8A47-4C3A-8D66-0780982B48DD},0,TRADE,2577327.0,Tyler Lockett,10.0,6.0,2024-10-06
2024,5,100aac3a-7726-4db7-8937-f73e806ed972,eadddc9d-f9bc-4cbd-b4c7-307b3e366599,TRADE_PROPOSAL,CANCELED,10,{FE8F6865-8A47-4C3A-8D66-0780982B48DD},0,TRADE,4038815.0,Rico Dowdle,10.0,6.0,2024-10-06
2024,5,ed07bb05-dee0-4b8b-b254-769324d7452f,df145d29-f0f0-46fa-9876-e49bd4ed9d49,WAIVER,FAILED_INVALIDPLAYERSOURCE,7,NightlyLeagueUpdateTaskProcessor,4,ADD,4572680.0,Tucker Kraft,0.0,7.0,2024-10-02
2024,5,ed07bb05-dee0-4b8b-b254-769324d7452f,df145d29-f0f0-46fa-9876-e49bd4ed9d49,WAIVER,FAILED_INVALIDPLAYERSOURCE,7,NightlyLeagueUpdateTaskProcessor,4,DROP,4426386.0,Roschon Johnson,7.0,0.0,2024-10-02
2024,5,b77c0531-d236-45a8-801f-1b2d1098a522,023d76a5-bf95-444b-8169-2ad2e0e93556,WAIVER,CANCELED,8,{00408013-39CF-40FC-8080-1339CFD0FC06},0,ADD,3123076.0,David Njoku,0.0,8.0,2024-10-01
2024,5,b77c0531-d236-45a8-801f-1b2d1098a522,023d76a5-bf95-444b-8169-2ad2e0e93556,WAIVER,CANCELED,8,{00408013-39CF-40FC-8080-1339CFD0FC06},0,DROP,15835.0,Zach Ertz,8.0,0.0,2024-10-01
2024,5,c3888a42-0341-43d3-8bf6-a4fd8dc1d4a8,,FREEAGENT,EXECUTED,5,{77F704CF-0C76-4984-9A71-8BD39511C19F},0,ADD,4240021.0,Cam Akers,0.0,5.0,2024-10-04
2024,5,c3888a42-0341-43d3-8bf6-a4fd8dc1d4a8,,FREEAGENT,EXECUTED,5,{77F704CF-0C76-4984-9A71-8BD39511C19F},0,DROP,4360761.0,Michael Wilson,5.0,0.0,2024-10-04
2024,5,b37d031e-b425-4ebf-a287-eb92152260f3,,FREEAGENT,EXECUTED,14,{C2BAB8A3-9ED5-425C-BAB8-A39ED5B25CC2},0,ADD,4569382.0,Jordan Whittington,0.0,14.0,2024-10-02
2024,5,b37d031e-b425-4ebf-a287-eb92152260f3,,FREEAGENT,EXECUTED,14,{C2BAB8A3-9ED5-425C-BAB8-A39ED5B25CC2},0,DROP,4427095.0,DeMario Douglas,14.0,0.0,2024-10-02
2024,5,e4872b3c-3bc1-4b2e-af2c-61a016d1da4c,f6c3ef4b-727f-491b-a4c5-05474bb6e1ce,WAIVER,EXECUTED,4,NightlyLeagueUpdateTaskProcessor,1,ADD,4426386.0,Roschon Johnson,0.0,4.0,2024-10-03
2024,5,e4872b3c-3bc1-4b2e-af2c-61a016d1da4c,f6c3ef4b-727f-491b-a4c5-05474bb6e1ce,WAIVER,EXECUTED,4,NightlyLeagueUpdateTaskProcessor,1,DROP,4429275.0,Trey Benson,4.0,0.0,2024-10-03
2024,5,f8a0045d-6e89-4f62-8e2d-73ac26570736,,FREEAGENT,EXECUTED,2,{6AC115FA-3A0D-4948-8115-FA3A0DD94826},0,ADD,3045138.0,Mike Williams,0.0,2.0,2024-10-04
2024,5,f8a0045d-6e89-4f62-8e2d-73ac26570736,,FREEAGENT,EXECUTED,2,{6AC115FA-3A0D-4948-8115-FA3A0DD94826},0,DROP,4360939.0,Rashod Bateman,2.0,0.0,2024-10-04
2024,5,96b0319c-06a6-4d0a-bf4f-702b2a5a5a69,,ROSTER,EXECUTED,3,{C52D799E-6C1C-44B9-8371-9B6AF857D8E8},0,LINEUP,3068267.0,Austin Ekeler,0.0,0.0,2024-10-05
2024,5,96b0319c-06a6-4d0a-bf4f-702b2a5a5a69,,ROSTER,EXECUTED,3,{C52D799E-6C1C-44B9-8371-9B6AF857D8E8},0,DROP,4368003.0,Andrei Iosivas,3.0,0.0,2024-10-05
2024,5,28a8f341-d8f2-4bb5-acdc-2ea07d386854,bb41bd4c-4873-4092-a2b6-5278a393b784,WAIVER,EXECUTED,13,NightlyLeagueUpdateTaskProcessor,10,ADD,4722893.0,Jaleel McLaughlin,0.0,13.0,2024-10-02
2024,5,6fe26c2e-4805-4832-b8ba-15f24dbc43db,d18e7b58-8ab5-4f81-9c7a-d6dc9db6e6eb,WAIVER,EXECUTED,10,NightlyLeagueUpdateTaskProcessor,39,ADD,4428850.0,Dontayvion Wicks,0.0,10.0,2024-10-02
2024,5,f95812a3-7516-4514-8b74-b32738a9a1f3,6a4c084e-80b0-460a-a15f-5a6b33980552,WAIVER,FAILED_PLAYERALREADYDROPPED,8,NightlyLeagueUpdateTaskProcessor,10,ADD,4036133.0,T.J. Hockenson,0.0,8.0,2024-10-02
2024,5,f95812a3-7516-4514-8b74-b32738a9a1f3,6a4c084e-80b0-460a-a15f-5a6b33980552,WAIVER,FAILED_PLAYERALREADYDROPPED,8,NightlyLeagueUpdateTaskProcessor,10,DROP,4361050.0,Isaiah Likely,8.0,0.0,2024-10-02
2024,5,61cbcd21-eada-4a5f-85a1-2bcbc6a751d2,da6dbe75-acab-499c-a6e3-7f58a7cb5069,WAIVER,EXECUTED,3,NightlyLeagueUpdateTaskProcessor,13,ADD,-16007.0,Broncos D/ST,0.0,3.0,2024-10-02
2024,5,61cbcd21-eada-4a5f-85a1-2bcbc6a751d2,da6dbe75-acab-499c-a6e3-7f58a7cb5069,WAIVER,EXECUTED,3,NightlyLeagueUpdateTaskProcessor,13,DROP,-16034.0,Texans D/ST,3.0,0.0,2024-10-02
2024,5,5bea033e-7669-45fd-8724-6ce50f1307a2,,TRADE_PROPOSAL,PENDING,10,{2C8A1B87-268B-45A5-A0E5-C4A3F61C9BC2},0,TRADE,3116406.0,Tyreek Hill,13.0,10.0,2024-10-05
2024,5,5bea033e-7669-45fd-8724-6ce50f1307a2,,TRADE_PROPOSAL,PENDING,10,{2C8A1B87-268B-45A5-A0E5-C4A3F61C9BC2},0,TRADE,4361579.0,Javonte Williams,10.0,13.0,2024-10-05
2024,5,5bea033e-7669-45fd-8724-6ce50f1307a2,,TRADE_PROPOSAL,PENDING,10,{2C8A1B87-268B-45A5-A0E5-C4A3F61C9BC2},0,TRADE,3895856.0,Christian Kirk,10.0,13.0,2024-10-05
2024,5,42f0eb27-9e90-492a-ad36-7fc594ad68fe,1bbeca41-6c39-4d6c-a015-59b603b0e08d,WAIVER,FAILED_PLAYERALREADYDROPPED,1,NightlyLeagueUpdateTaskProcessor,5,ADD,3120348.0,JuJu Smith-Schuster,0.0,1.0,2024-10-02
2024,5,42f0eb27-9e90-492a-ad36-7fc594ad68fe,1bbeca41-6c39-4d6c-a015-59b603b0e08d,WAIVER,FAILED_PLAYERALREADYDROPPED,1,NightlyLeagueUpdateTaskProcessor,5,DROP,3125116.0,D'Onta Foreman,1.0,0.0,2024-10-02
2024,5,4bf74c03-a8b7-46d7-a153-c316606f8cfb,d30f421f-739f-467f-a27d-73ea6a169f75,WAIVER,FAILED_INVALIDPLAYERSOURCE,5,NightlyLeagueUpdateTaskProcessor,10,ADD,4688813.0,Josh Downs,0.0,5.0,2024-10-02
2024,5,4bf74c03-a8b7-46d7-a153-c316606f8cfb,d30f421f-739f-467f-a27d-73ea6a169f75,WAIVER,FAILED_INVALIDPLAYERSOURCE,5,NightlyLeagueUpdateTaskProcessor,10,DROP,3116389.0,Samaje Perine,5.0,0.0,2024-10-02
2024,5,72db5032-2ded-4076-bcac-9d55520fcec0,0c473076-2df2-4ba0-b69c-4986b1df7b38,WAIVER,CANCELED,1,{C1E09685-96D1-4750-BA21-8BE16D3BF7CA},0,ADD,4688813.0,Josh Downs,0.0,1.0,2024-10-02
2024,5,72db5032-2ded-4076-bcac-9d55520fcec0,0c473076-2df2-4ba0-b69c-4986b1df7b38,WAIVER,CANCELED,1,{C1E09685-96D1-4750-BA21-8BE16D3BF7CA},0,DROP,4569987.0,Jaylen Warren,1.0,0.0,2024-10-02
2024,5,5cb69284-a808-4f96-80dc-af4690911ee6,3c9443eb-5a0c-4d9c-be37-f24f0e8b4013,WAIVER,FAILED_INVALIDPLAYERSOURCE,1,NightlyLeagueUpdateTaskProcessor,29,ADD,4428850.0,Dontayvion Wicks,0.0,1.0,2024-10-02
2024,5,5cb69284-a808-4f96-80dc-af4690911ee6,3c9443eb-5a0c-4d9c-be37-f24f0e8b4013,WAIVER,FAILED_INVALIDPLAYERSOURCE,1,NightlyLeagueUpdateTaskProcessor,29,DROP,3125116.0,D'Onta Foreman,1.0,0.0,2024-10-02
2024,5,722e9e92-6f6a-47cf-807d-0d78805b2966,,FREEAGENT,EXECUTED,3,{C52D799E-6C1C-44B9-8371-9B6AF857D8E8},0,ADD,4361050.0,Isaiah Likely,0.0,3.0,2024-10-04
2024,5,722e9e92-6f6a-47cf-807d-0d78805b2966,,FREEAGENT,EXECUTED,3,{C52D799E-6C1C-44B9-8371-9B6AF857D8E8},0,DROP,4036131.0,Noah Fant,3.0,0.0,2024-10-04
2024,5,a4982088-bf6c-46a3-87f8-3253dccc935f,,FREEAGENT,EXECUTED,3,{C52D799E-6C1C-44B9-8371-9B6AF857D8E8},0,ADD,4036131.0,Noah Fant,0.0,3.0,2024-10-06
2024,5,5c09b142-ea20-4b9a-9dd1-66045bcabca6,,ROSTER,EXECUTED,7,{430447A7-381F-4E40-AD53-6A9C1F157A25},0,DROP,-16006.0,Cowboys D/ST,7.0,0.0,2024-10-01
2024,5,af26834f-06ab-4e50-9d20-1d5e0391b1ac,,FREEAGENT,EXECUTED,7,{430447A7-381F-4E40-AD53-6A9C1F157A25},0,ADD,-16024.0,Chargers D/ST,0.0,7.0,2024-10-02
2024,5,af26834f-06ab-4e50-9d20-1d5e0391b1ac,,FREEAGENT,EXECUTED,7,{430447A7-381F-4E40-AD53-6A9C1F157A25},0,DROP,3139477.0,Patrick Mahomes,7.0,0.0,2024-10-02
2024,5,776fa3a1-40f1-4c50-84b5-c48bde015105,9a8be1dd-fb4a-491c-bb5c-644cdf880417,WAIVER,EXECUTED,10,NightlyLeagueUpdateTaskProcessor,2,ADD,4036133.0,T.J. Hockenson,0.0,10.0,2024-10-02
2024,5,62db7aa1-d0b7-4af8-92cb-2cdcfe2f7a67,,FREEAGENT,EXECUTED,14,{C2BAB8A3-9ED5-425C-BAB8-A39ED5B25CC2},0,ADD,4360516.0,Tyrone Tracy Jr.,0.0,14.0,2024-10-04
2024,5,62db7aa1-d0b7-4af8-92cb-2cdcfe2f7a67,,FREEAGENT,EXECUTED,14,{C2BAB8A3-9ED5-425C-BAB8-A39ED5B25CC2},0,DROP,4714365.0,Carson Steele,14.0,0.0,2024-10-04
2024,5,fdc2ed30-81a4-4815-a272-f8e4922f26a7,,FREEAGENT,EXECUTED,12,{91D28B99-9234-408F-ACE7-32AEC03EE9E2},0,ADD,3139477.0,Patrick Mahomes,0.0,12.0,2024-10-04
2024,5,fdc2ed30-81a4-4815-a272-f8e4922f26a7,,FREEAGENT,EXECUTED,12,{91D28B99-9234-408F-ACE7-32AEC03EE9E2},0,DROP,3886598.0,Jauan Jennings,12.0,0.0,2024-10-04
2024,5,62be448f-b031-49d2-8a8f-2e5a48becd60,126f6ff7-784f-4f4b-a6fa-e3373dcde72a,WAIVER,FAILED_INVALIDPLAYERSOURCE,1,NightlyLeagueUpdateTaskProcessor,2,ADD,-16007.0,Broncos D/ST,0.0,1.0,2024-10-02
2024,5,62be448f-b031-49d2-8a8f-2e5a48becd60,126f6ff7-784f-4f4b-a6fa-e3373dcde72a,WAIVER,FAILED_INVALIDPLAYERSOURCE,1,NightlyLeagueUpdateTaskProcessor,2,DROP,-16013.0,Raiders D/ST,1.0,0.0,2024-10-02
2024,5,f239b39c-06c5-4d77-bbea-2add83ccc672,aa6d2a81-b4a5-4cc2-827a-058d7017e572,WAIVER,CANCELED,10,{2C8A1B87-268B-45A5-A0E5-C4A3F61C9BC2},2,ADD,4036133.0,T.J. Hockenson,0.0,10.0,2024-10-02
2024,5,f239b39c-06c5-4d77-bbea-2add83ccc672,aa6d2a81-b4a5-4cc2-827a-058d7017e572,WAIVER,CANCELED,10,{2C8A1B87-268B-45A5-A0E5-C4A3F61C9BC2},2,DROP,2468609.0,Taysom Hill,10.0,0.0,2024-10-02
2024,5,51ca595a-b755-4776-a2a8-364ca71b0c3a,,ROSTER,EXECUTED,12,{91D28B99-9234-408F-ACE7-32AEC03EE9E2},0,DROP,-16021.0,Eagles D/ST,12.0,0.0,2024-10-01
2024,5,e5a1ea86-8af2-48fc-a7bd-3ecabc648ec8,,FREEAGENT,EXECUTED,7,{430447A7-381F-4E40-AD53-6A9C1F157A25},0,ADD,-16028.0,Commanders D/ST,0.0,7.0,2024-10-02
2024,5,e5a1ea86-8af2-48fc-a7bd-3ecabc648ec8,,FREEAGENT,EXECUTED,7,{430447A7-381F-4E40-AD53-6A9C1F157A25},0,DROP,15807.0,Cordarrelle Patterson,7.0,0.0,2024-10-02
2024,5,5292dffe-f16b-4920-9500-7039ad058cf8,360fa508-cdda-422a-944d-fa5d0a8f0b5b,WAIVER,FAILED_INVALIDPLAYERSOURCE,5,NightlyLeagueUpdateTaskProcessor,11,ADD,4428850.0,Dontayvion Wicks,0.0,5.0,2024-10-02
2024,5,5292dffe-f16b-4920-9500-7039ad058cf8,360fa508-cdda-422a-944d-fa5d0a8f0b5b,WAIVER,FAILED_INVALIDPLAYERSOURCE,5,NightlyLeagueUpdateTaskProcessor,11,DROP,3116389.0,Samaje Perine,5.0,0.0,2024-10-02
2024,5,d365f82a-d810-4b32-94f0-3f8b32192793,6a5c7f6d-9893-46bc-85f5-8329c48e96c9,WAIVER,EXECUTED,7,NightlyLeagueUpdateTaskProcessor,12,ADD,3123076.0,David Njoku,0.0,7.0,2024-10-02
2024,5,d365f82a-d810-4b32-94f0-3f8b32192793,6a5c7f6d-9893-46bc-85f5-8329c48e96c9,WAIVER,EXECUTED,7,NightlyLeagueUpdateTaskProcessor,12,DROP,4426386.0,Roschon Johnson,7.0,0.0,2024-10-02
2024,5,7a3bc6ec-edca-4a63-baa9-df73647a58ab,90622e7e-af8d-44e2-8729-a5347c4571da,WAIVER,FAILED_INVALIDPLAYERSOURCE,12,NightlyLeagueUpdateTaskProcessor,1,ADD,-16007.0,Broncos D/ST,0.0,12.0,2024-10-02
2024,5,e8f6187e-f772-4a55-ada3-353f8bdad187,a5ec3c40-799e-4fbe-8f0b-e9f446281f3e,WAIVER,EXECUTED,8,NightlyLeagueUpdateTaskProcessor,14,ADD,4241401.0,Trey Sermon,0.0,8.0,2024-10-02
2024,5,e8f6187e-f772-4a55-ada3-353f8bdad187,a5ec3c40-799e-4fbe-8f0b-e9f446281f3e,WAIVER,EXECUTED,8,NightlyLeagueUpdateTaskProcessor,14,DROP,4361050.0,Isaiah Likely,8.0,0.0,2024-10-02
2024,5,a01b772b-4962-4f4c-9570-34b5148090d8,,FREEAGENT,EXECUTED,3,{C52D799E-6C1C-44B9-8371-9B6AF857D8E8},0,ADD,4243331.0,Cade Otton,0.0,3.0,2024-10-02
2024,5,a01b772b-4962-4f4c-9570-34b5148090d8,,FREEAGENT,EXECUTED,3,{C52D799E-6C1C-44B9-8371-9B6AF857D8E8},0,DROP,3116164.0,Mike Gesicki,3.0,0.0,2024-10-02
2024,5,eba3f453-4e0a-41b1-a4f7-9b27f9401bb4,da61e060-ae1a-45a0-9de1-07553546dbe6,WAIVER,EXECUTED,10,NightlyLeagueUpdateTaskProcessor,18,ADD,4242214.0,Clyde Edwards-Helaire,0.0,10.0,2024-10-02
2024,5,8ee50614-54ab-44fb-836d-bd825516e3b9,1159c6c0-fa5b-4199-8dcb-2680a36a0ad2,WAIVER,EXECUTED,1,NightlyLeagueUpdateTaskProcessor,24,ADD,4688813.0,Josh Downs,0.0,1.0,2024-10-02
2024,5,8ee50614-54ab-44fb-836d-bd825516e3b9,1159c6c0-fa5b-4199-8dcb-2680a36a0ad2,WAIVER,EXECUTED,1,NightlyLeagueUpdateTaskProcessor,24,DROP,3125116.0,D'Onta Foreman,1.0,0.0,2024-10-02
2024,5,a1e4c88a-2242-4eaf-813e-1ab6c6f016b1,,FREEAGENT,EXECUTED,2,{6AC115FA-3A0D-4948-8115-FA3A0DD94826},0,ADD,4360310.0,Trevor Lawrence,0.0,2.0,2024-10-02
2024,6,1f758aca-8e00-46da-8061-3e2d64aa9874,380e685a-7d2e-4461-a232-2cb60a878fea,TRADE_VETO,EXECUTED,3,{C52D799E-6C1C-44B9-8371-9B6AF857D8E8},0,,,,,,2024-10-08
2024,6,51e00fc4-ace7-495c-b9d3-8ebca16f616c,b59f8c36-12ff-44da-b1f3-7c8ec3d8245a,TRADE_DECLINE,EXECUTED,4,{8242D4C8-FCD1-4A28-9373-CD282687A8E7},0,,,,,,2024-10-09
2024,6,a0d4deb7-47b3-4c52-a7db-d2c2a317a20a,,FREEAGENT,EXECUTED,8,{00408013-39CF-40FC-8080-1339CFD0FC06},0,ADD,-16001.0,Falcons D/ST,0.0,8.0,2024-10-09
2024,6,a0d4deb7-47b3-4c52-a7db-d2c2a317a20a,,FREEAGENT,EXECUTED,8,{00408013-39CF-40FC-8080-1339CFD0FC06},0,DROP,-16015.0,Dolphins D/ST,8.0,0.0,2024-10-09
2024,6,0558b292-9f80-43f2-b030-47adfa9729cd,82522241-47a2-4fea-baf8-031786b3b35c,TRADE_DECLINE,EXECUTED,14,{C2BAB8A3-9ED5-425C-BAB8-A39ED5B25CC2},0,,,,,,2024-10-11
2024,6,5109b5bc-b878-4733-8ddb-c9c043e7ce9d,,ROSTER,EXECUTED,3,{C52D799E-6C1C-44B9-8371-9B6AF857D8E8},0,DROP,4036131.0,Noah Fant,3.0,0.0,2024-10-08
2024,6,9ec989d4-9477-456e-a6b2-d4c9520feae0,,FREEAGENT,EXECUTED,5,{77F704CF-0C76-4984-9A71-8BD39511C19F},0,ADD,4241463.0,Jerry Jeudy,0.0,5.0,2024-10-10
2024,6,9ec989d4-9477-456e-a6b2-d4c9520feae0,,FREEAGENT,EXECUTED,5,{77F704CF-0C76-4984-9A71-8BD39511C19F},0,DROP,15864.0,Geno Smith,5.0,0.0,2024-10-10
2024,6,0911aaee-af6b-4387-9182-745d346b061e,a97663c1-54bd-4814-b4bb-cb587366034f,TRADE_PROPOSAL,CANCELED,10,{77F704CF-0C76-4984-9A71-8BD39511C19F},0,TRADE,3121422.0,Terry McLaurin,5.0,10.0,2024-10-13
2024,6,0911aaee-af6b-4387-9182-745d346b061e,a97663c1-54bd-4814-b4bb-cb587366034f,TRADE_PROPOSAL,CANCELED,10,{77F704CF-0C76-4984-9A71-8BD39511C19F},0,TRADE,4040761.0,Devin Singletary,10.0,5.0,2024-10-13
2024,6,0911aaee-af6b-4387-9182-745d346b061e,a97663c1-54bd-4814-b4bb-cb587366034f,TRADE_PROPOSAL,CANCELED,10,{77F704CF-0C76-4984-9A71-8BD39511C19F},0,TRADE,4360516.0,Tyrone Tracy Jr.,10.0,5.0,2024-10-13
2024,6,532b425c-4a2b-4a58-b1e8-b658f818cad6,,FREEAGENT,EXECUTED,2,{6AC115FA-3A0D-4948-8115-FA3A0DD94826},0,ADD,3728262.0,Ray-Ray McCloud III,0.0,2.0,2024-10-09
2024,6,6b9dc747-4ce5-4ca8-b401-affcee6c0683,,FREEAGENT,EXECUTED,6,{FE8F6865-8A47-4C3A-8D66-0780982B48DD},0,ADD,-16002.0,Bills D/ST,0.0,6.0,2024-10-10
2024,6,6b9dc747-4ce5-4ca8-b401-affcee6c0683,,FREEAGENT,EXECUTED,6,{FE8F6865-8A47-4C3A-8D66-0780982B48DD},0,DROP,4429676.0,Tyler Goodson,6.0,0.0,2024-10-10
2024,6,15873c7d-1732-4eb6-bd06-d8d547345a01,,TRADE_PROPOSAL,PENDING,10,{2C8A1B87-268B-45A5-A0E5-C4A3F61C9BC2},0,TRADE,4374302.0,Amon-Ra St. Brown,3.0,10.0,2024-10-10
2024,6,15873c7d-1732-4eb6-bd06-d8d547345a01,,TRADE_PROPOSAL,PENDING,10,{2C8A1B87-268B-45A5-A0E5-C4A3F61C9BC2},0,TRADE,4428850.0,Dontayvion Wicks,10.0,3.0,2024-10-10
2024,6,15873c7d-1732-4eb6-bd06-d8d547345a01,,TRADE_PROPOSAL,PENDING,10,{2C8A1B87-268B-45A5-A0E5-C4A3F61C9BC2},0,TRADE,2976499.0,Amari Cooper,3.0,10.0,2024-10-10
2024,6,15873c7d-1732-4eb6-bd06-d8d547345a01,,TRADE_PROPOSAL,PENDING,10,{2C8A1B87-268B-45A5-A0E5-C4A3F61C9BC2},0,TRADE,4361370.0,Chris Olave,10.0,3.0,2024-10-10
2024,6,15873c7d-1732-4eb6-bd06-d8d547345a01,,TRADE_PROPOSAL,PENDING,10,{2C8A1B87-268B-45A5-A0E5-C4A3F61C9BC2},0,TRADE,4361579.0,Javonte Williams,10.0,3.0,2024-10-10
2024,6,f8b2abed-a87d-4af6-8766-1a54b36ff12f,de235d98-366b-4e0c-bb06-bad46194e87d,WAIVER,EXECUTED,13,NightlyLeagueUpdateTaskProcessor,5,ADD,-16034.0,Texans D/ST,0.0,13.0,2024-10-09
2024,6,f8b2abed-a87d-4af6-8766-1a54b36ff12f,de235d98-366b-4e0c-bb06-bad46194e87d,WAIVER,EXECUTED,13,NightlyLeagueUpdateTaskProcessor,5,DROP,-16018.0,Saints D/ST,13.0,0.0,2024-10-09
2024,6,68b03023-21a1-45e8-baeb-4717bcdd8563,ed55a285-54aa-47ed-8cab-065bc577b04b,WAIVER,CANCELED,8,{00408013-39CF-40FC-8080-1339CFD0FC06},0,ADD,4429013.0,Tank Bigsby,0.0,8.0,2024-10-09
2024,6,68b03023-21a1-45e8-baeb-4717bcdd8563,ed55a285-54aa-47ed-8cab-065bc577b04b,WAIVER,CANCELED,8,{00408013-39CF-40FC-8080-1339CFD0FC06},0,DROP,4430034.0,Xavier Legette,8.0,0.0,2024-10-09
2024,6,6a86d9b0-39b3-4e95-81e0-6f7138970f8b,0bde26b8-cb18-42f9-8b26-43981de70699,TRADE_UPHOLD,EXECUTED,1,{C1E09685-96D1-4750-BA21-8BE16D3BF7CA},0,,,,,,2024-10-09
2024,6,9f0062b4-fe23-4d36-91b8-8ed1eb9d62fa,7ad75dea-9606-44bc-b5e3-836b661b30bf,TRADE_DECLINE,EXECUTED,14,{C2BAB8A3-9ED5-425C-BAB8-A39ED5B25CC2},0,,,,,,2024-10-08
2024,6,55bb964d-49b1-44f1-a7e9-0339c3db8029,219b7a17-d4e1-4678-8a20-f02318fd591e,WAIVER,FAILED_INVALIDPLAYERSOURCE,8,NightlyLeagueUpdateTaskProcessor,16,ADD,3120348.0,JuJu Smith-Schuster,0.0,8.0,2024-10-09
2024,6,55bb964d-49b1-44f1-a7e9-0339c3db8029,219b7a17-d4e1-4678-8a20-f02318fd591e,WAIVER,FAILED_INVALIDPLAYERSOURCE,8,NightlyLeagueUpdateTaskProcessor,16,DROP,4241401.0,Trey Sermon,8.0,0.0,2024-10-09
2024,6,7e3ed55a-b2e9-4f78-8e11-23d2f2cbd36f,,TRADE_PROPOSAL,PENDING,14,{C2BAB8A3-9ED5-425C-BAB8-A39ED5B25CC2},0,TRADE,4360516.0,Tyrone Tracy Jr.,14.0,10.0,2024-10-11
2024,6,7e3ed55a-b2e9-4f78-8e11-23d2f2cbd36f,,TRADE_PROPOSAL,PENDING,14,{C2BAB8A3-9ED5-425C-BAB8-A39ED5B25CC2},0,TRADE,3895856.0,Christian Kirk,10.0,14.0,2024-10-11
2024,6,8b70b373-3e28-42af-be08-ad6c41be8b32,7e3ed55a-b2e9-4f78-8e11-23d2f2cbd36f,TRADE_DECLINE,EXECUTED,10,{2C8A1B87-268B-45A5-A0E5-C4A3F61C9BC2},0,,,,,,2024-10-11
2024,6,a97663c1-54bd-4814-b4bb-cb587366034f,,TRADE_PROPOSAL,PENDING,10,{2C8A1B87-268B-45A5-A0E5-C4A3F61C9BC2},0,TRADE,3121422.0,Terry McLaurin,5.0,10.0,2024-10-13
2024,6,a97663c1-54bd-4814-b4bb-cb587366034f,,TRADE_PROPOSAL,PENDING,10,{2C8A1B87-268B-45A5-A0E5-C4A3F61C9BC2},0,TRADE,4040761.0,Devin Singletary,10.0,5.0,2024-10-13
2024,6,a97663c1-54bd-4814-b4bb-cb587366034f,,TRADE_PROPOSAL,PENDING,10,{2C8A1B87-268B-45A5-A0E5-C4A3F61C9BC2},0,TRADE,4360516.0,Tyrone Tracy Jr.,10.0,5.0,2024-10-13
2024,6,8e7d469a-0e0e-4bf8-83ca-0ecd80e308a8,2c2c7a87-3433-47d5-8cb5-49726fb39b99,WAIVER,EXECUTED,3,NightlyLeagueUpdateTaskProcessor,7,ADD,14880.0,Kirk Cousins,0.0,3.0,2024-10-09
2024,6,8e7d469a-0e0e-4bf8-83ca-0ecd80e308a8,2c2c7a87-3433-47d5-8cb5-49726fb39b99,WAIVER,EXECUTED,3,NightlyLeagueUpdateTaskProcessor,7,DROP,4241463.0,Jerry Jeudy,3.0,0.0,2024-10-09
2024,6,4cd6d064-c25c-423b-af80-49978c7e9816,09bf24e9-2ee8-4093-8f20-2a156bf2c00c,TRADE_DECLINE,EXECUTED,10,{2C8A1B87-268B-45A5-A0E5-C4A3F61C9BC2},0,,,,,,2024-10-14
2024,6,74084779-3ce7-4437-b38b-7e3d64db5b50,4e6da571-0774-43a7-9de4-afb777188de8,WAIVER,EXECUTED,1,NightlyLeagueUpdateTaskProcessor,5,ADD,-16011.0,Colts D/ST,0.0,1.0,2024-10-09
2024,6,74084779-3ce7-4437-b38b-7e3d64db5b50,4e6da571-0774-43a7-9de4-afb777188de8,WAIVER,EXECUTED,1,NightlyLeagueUpdateTaskProcessor,5,DROP,-16013.0,Raiders D/ST,1.0,0.0,2024-10-09
2024,6,33d94266-fc09-490d-8c86-8ceb33e025aa,7e3ed55a-b2e9-4f78-8e11-23d2f2cbd36f,TRADE_PROPOSAL,CANCELED,14,{2C8A1B87-268B-45A5-A0E5-C4A3F61C9BC2},0,TRADE,4360516.0,Tyrone Tracy Jr.,14.0,10.0,2024-10-11
2024,6,33d94266-fc09-490d-8c86-8ceb33e025aa,7e3ed55a-b2e9-4f78-8e11-23d2f2cbd36f,TRADE_PROPOSAL,CANCELED,14,{2C8A1B87-268B-45A5-A0E5-C4A3F61C9BC2},0,TRADE,3895856.0,Christian Kirk,10.0,14.0,2024-10-11
2024,6,bc0eb9c8-90bd-411d-b4be-60a5b1090ec8,bedf1d94-5e62-49a2-9b69-ef5c23c15905,TRADE_ACCEPT,,10,{2C8A1B87-268B-45A5-A0E5-C4A3F61C9BC2},0,,,,,,2024-10-12
2024,6,5bb368a2-537a-4e5e-a5a1-3b208b1ecc34,380e685a-7d2e-4461-a232-2cb60a878fea,TRADE_VETO,EXECUTED,2,{6AC115FA-3A0D-4948-8115-FA3A0DD94826},0,,,,,,2024-10-08
2024,6,ca274be9-cb17-4d79-9319-f15435269d6b,07f868f7-508f-4056-8f6a-d1b92431434b,WAIVER,EXECUTED,12,NightlyLeagueUpdateTaskProcessor,2,ADD,-16021.0,Eagles D/ST,0.0,12.0,2024-10-09
2024,6,ca274be9-cb17-4d79-9319-f15435269d6b,07f868f7-508f-4056-8f6a-d1b92431434b,WAIVER,EXECUTED,12,NightlyLeagueUpdateTaskProcessor,2,DROP,-16017.0,Patriots D/ST,12.0,0.0,2024-10-09
2024,6,e96d17ab-ea91-42af-a5b2-6a5a26e2534c,09bf24e9-2ee8-4093-8f20-2a156bf2c00c,TRADE_PROPOSAL,CANCELED,8,{2C8A1B87-268B-45A5-A0E5-C4A3F61C9BC2},0,TRADE,4429795.0,Jahmyr Gibbs,8.0,10.0,2024-10-14
2024,6,e96d17ab-ea91-42af-a5b2-6a5a26e2534c,09bf24e9-2ee8-4093-8f20-2a156bf2c00c,TRADE_PROPOSAL,CANCELED,8,{2C8A1B87-268B-45A5-A0E5-C4A3F61C9BC2},0,TRADE,4362628.0,Ja'Marr Chase,10.0,8.0,2024-10-14
2024,6,c8e9d50c-9c75-42c1-ae2b-b16c643ad8eb,,FREEAGENT,EXECUTED,13,{523D9B8F-8A3C-4523-BD9B-8F8A3C852321},0,ADD,3127586.0,Jeremy McNichols,0.0,13.0,2024-10-11
2024,6,c8e9d50c-9c75-42c1-ae2b-b16c643ad8eb,,FREEAGENT,EXECUTED,13,{523D9B8F-8A3C-4523-BD9B-8F8A3C852321},0,DROP,4362887.0,Justin Fields,13.0,0.0,2024-10-11
2024,6,088a510d-0267-44ac-b633-770310a0d17a,,FREEAGENT,EXECUTED,10,{2C8A1B87-268B-45A5-A0E5-C4A3F61C9BC2},0,ADD,4241401.0,Trey Sermon,0.0,10.0,2024-10-11
2024,6,72453719-c070-44ca-9995-45e5d206721f,82522241-47a2-4fea-baf8-031786b3b35c,TRADE_PROPOSAL,CANCELED,10,{C2BAB8A3-9ED5-425C-BAB8-A39ED5B25CC2},0,TRADE,4366031.0,Tank Dell,14.0,10.0,2024-10-11
2024,6,72453719-c070-44ca-9995-45e5d206721f,82522241-47a2-4fea-baf8-031786b3b35c,TRADE_PROPOSAL,CANCELED,10,{C2BAB8A3-9ED5-425C-BAB8-A39ED5B25CC2},0,TRADE,4360516.0,Tyrone Tracy Jr.,14.0,10.0,2024-10-11
2024,6,72453719-c070-44ca-9995-45e5d206721f,82522241-47a2-4fea-baf8-031786b3b35c,TRADE_PROPOSAL,CANCELED,10,{C2BAB8A3-9ED5-425C-BAB8-A39ED5B25CC2},0,TRADE,3895856.0,Christian Kirk,10.0,14.0,2024-10-11
2024,6,b31fb43d-8d7f-40fb-9db2-be00b84f07ed,0bde26b8-cb18-42f9-8b26-43981de70699,TRADE_ACCEPT,,6,{FE8F6865-8A47-4C3A-8D66-0780982B48DD},0,DROP,4248528.0,Christian Watson,6.0,0.0,2024-10-09
2024,6,334427f1-6d2e-4a08-a1b2-cb1ac4420dd3,,FREEAGENT,EXECUTED,8,{00408013-39CF-40FC-8080-1339CFD0FC06},0,ADD,4597500.0,Adonai Mitchell,0.0,8.0,2024-10-10
2024,6,334427f1-6d2e-4a08-a1b2-cb1ac4420dd3,,FREEAGENT,EXECUTED,8,{00408013-39CF-40FC-8080-1339CFD0FC06},0,DROP,4430637.0,Ja'Lynn Polk,8.0,0.0,2024-10-10
2024,6,af837866-36cc-409a-a98a-6df82580918b,60bbfb40-d904-4085-83fc-d002e90a2683,TRADE_PROPOSAL,CANCELED,5,{2C8A1B87-268B-45A5-A0E5-C4A3F61C9BC2},0,TRADE,2977187.0,Cooper Kupp,5.0,10.0,2024-10-14
2024,6,af837866-36cc-409a-a98a-6df82580918b,60bbfb40-d904-4085-83fc-d002e90a2683,TRADE_PROPOSAL,CANCELED,5,{2C8A1B87-268B-45A5-A0E5-C4A3F61C9BC2},0,TRADE,3042519.0,Aaron Jones,5.0,10.0,2024-10-14
2024,6,af837866-36cc-409a-a98a-6df82580918b,60bbfb40-d904-4085-83fc-d002e90a2683,TRADE_PROPOSAL,CANCELED,5,{2C8A1B87-268B-45A5-A0E5-C4A3F61C9BC2},0,TRADE,4362628.0,Ja'Marr Chase,10.0,5.0,2024-10-14
2024,6,d2534604-c6cf-4492-a670-82833d5ad197,12a4382d-d4fd-46c9-a530-8fceb1338fb5,WAIVER,FAILED_INVALIDPLAYERSOURCE,13,NightlyLeagueUpdateTaskProcessor,5,ADD,4249417.0,Jalen Tolbert,0.0,13.0,2024-10-09
2024,6,d2534604-c6cf-4492-a670-82833d5ad197,12a4382d-d4fd-46c9-a530-8fceb1338fb5,WAIVER,FAILED_INVALIDPLAYERSOURCE,13,NightlyLeagueUpdateTaskProcessor,5,DROP,4426485.0,Jonathan Mingo,13.0,0.0,2024-10-09
2024,6,3c1c6add-9546-448a-831c-6b9522f44ebe,,TRADE_PROPOSAL,PENDING,10,{2C8A1B87-268B-45A5-A0E5-C4A3F61C9BC2},0,TRADE,4429795.0,Jahmyr Gibbs,8.0,10.0,2024-10-13
2024,6,3c1c6add-9546-448a-831c-6b9522f44ebe,,TRADE_PROPOSAL,PENDING,10,{2C8A1B87-268B-45A5-A0E5-C4A3F61C9BC2},0,TRADE,3895856.0,Christian Kirk,10.0,8.0,2024-10-13
2024,6,3c1c6add-9546-448a-831c-6b9522f44ebe,,TRADE_PROPOSAL,PENDING,10,{2C8A1B87-268B-45A5-A0E5-C4A3F61C9BC2},0,TRADE,4040761.0,Devin Singletary,10.0,8.0,2024-10-13
2024,6,3c1c6add-9546-448a-831c-6b9522f44ebe,,TRADE_PROPOSAL,PENDING,10,{2C8A1B87-268B-45A5-A0E5-C4A3F61C9BC2},0,TRADE,4360516.0,Tyrone Tracy Jr.,10.0,8.0,2024-10-13
2024,6,b01403d1-1727-4e7f-9a2b-27c06b4865ce,13d30e2b-a34a-499b-872b-45326d16b3c5,TRADE_DECLINE,EXECUTED,14,{C2BAB8A3-9ED5-425C-BAB8-A39ED5B25CC2},0,,,,,,2024-10-09
2024,6,380e685a-7d2e-4461-a232-2cb60a878fea,,TRADE_PROPOSAL,PENDING,6,{FE8F6865-8A47-4C3A-8D66-0780982B48DD},0,TRADE,4426515.0,Puka Nacua,6.0,10.0,2024-10-08
2024,6,380e685a-7d2e-4461-a232-2cb60a878fea,,TRADE_PROPOSAL,PENDING,6,{FE8F6865-8A47-4C3A-8D66-0780982B48DD},0,TRADE,2577327.0,Tyler Lockett,10.0,6.0,2024-10-08
2024,6,380e685a-7d2e-4461-a232-2cb60a878fea,,TRADE_PROPOSAL,PENDING,6,{FE8F6865-8A47-4C3A-8D66-0780982B48DD},0,DROP,4248528.0,Christian Watson,6.0,0.0,2024-10-08
2024,6,057424ed-a574-4d40-8c34-6d081e5ddb15,fcfb70c6-6850-42ec-8b50-434ffa447a68,WAIVER,FAILED_INVALIDPLAYERSOURCE,8,NightlyLeagueUpdateTaskProcessor,33,ADD,4429013.0,Tank Bigsby,0.0,8.0,2024-10-09
2024,6,057424ed-a574-4d40-8c34-6d081e5ddb15,fcfb70c6-6850-42ec-8b50-434ffa447a68,WAIVER,FAILED_INVALIDPLAYERSOURCE,8,NightlyLeagueUpdateTaskProcessor,33,DROP,4241401.0,Trey Sermon,8.0,0.0,2024-10-09
2024,6,13423134-63fd-423e-8dcd-46c1cab9e0db,08ec0bfe-2b4f-43a4-8e57-975c98e97622,WAIVER,FAILED_INVALIDPLAYERSOURCE,13,NightlyLeagueUpdateTaskProcessor,5,ADD,14880.0,Kirk Cousins,0.0,13.0,2024-10-09
2024,6,13423134-63fd-423e-8dcd-46c1cab9e0db,08ec0bfe-2b4f-43a4-8e57-975c98e97622,WAIVER,FAILED_INVALIDPLAYERSOURCE,13,NightlyLeagueUpdateTaskProcessor,5,DROP,4362887.0,Justin Fields,13.0,0.0,2024-10-09
2024,6,37605351-8028-4e9a-801a-b71fe6e3575e,,FREEAGENT,EXECUTED,12,{91D28B99-9234-408F-ACE7-32AEC03EE9E2},0,ADD,4360761.0,Michael Wilson,0.0,12.0,2024-10-10
2024,6,f0bfd92a-09cb-4607-8131-eda0d4d806d0,48af4d15-7388-4fc8-bc7a-d73de0a05657,WAIVER,FAILED_INVALIDPLAYERSOURCE,7,NightlyLeagueUpdateTaskProcessor,16,ADD,4249417.0,Jalen Tolbert,0.0,7.0,2024-10-09
2024,6,f0bfd92a-09cb-4607-8131-eda0d4d806d0,48af4d15-7388-4fc8-bc7a-d73de0a05657,WAIVER,FAILED_INVALIDPLAYERSOURCE,7,NightlyLeagueUpdateTaskProcessor,16,DROP,-16028.0,Commanders D/ST,7.0,0.0,2024-10-09
2024,6,7b006444-c42e-49ba-95c8-1d3daed06b32,55c6586b-74d5-43db-b08a-b4da97d9d2c6,WAIVER,EXECUTED,2,NightlyLeagueUpdateTaskProcessor,30,ADD,4249417.0,Jalen Tolbert,0.0,2.0,2024-10-09
2024,6,7b006444-c42e-49ba-95c8-1d3daed06b32,55c6586b-74d5-43db-b08a-b4da97d9d2c6,WAIVER,EXECUTED,2,NightlyLeagueUpdateTaskProcessor,30,DROP,4243537.0,Gabe Davis,2.0,0.0,2024-10-09
2024,6,bbd075cb-99d1-448b-92ff-7407f5498936,cab5c14e-fd21-4186-b265-8d49f6eab6ef,WAIVER,FAILED_INVALIDPLAYERSOURCE,12,NightlyLeagueUpdateTaskProcessor,6,ADD,4429013.0,Tank Bigsby,0.0,12.0,2024-10-09
2024,6,f26b55a6-b4a5-4e33-a523-6d3f1d84086f,,FREEAGENT,EXECUTED,7,{430447A7-381F-4E40-AD53-6A9C1F157A25},0,ADD,4887558.0,Emanuel Wilson,0.0,7.0,2024-10-09
2024,6,f26b55a6-b4a5-4e33-a523-6d3f1d84086f,,FREEAGENT,EXECUTED,7,{430447A7-381F-4E40-AD53-6A9C1F157A25},0,DROP,-16028.0,Commanders D/ST,7.0,0.0,2024-10-09
2024,6,b5f942aa-03a0-4c5e-af7f-0ea3cdbe7a0e,3c8e5c87-7515-4e8a-a469-585441d529dc,WAIVER,CANCELED,8,{00408013-39CF-40FC-8080-1339CFD0FC06},0,ADD,4429013.0,Tank Bigsby,0.0,8.0,2024-10-09
2024,6,b5f942aa-03a0-4c5e-af7f-0ea3cdbe7a0e,3c8e5c87-7515-4e8a-a469-585441d529dc,WAIVER,CANCELED,8,{00408013-39CF-40FC-8080-1339CFD0FC06},0,DROP,4241401.0,Trey Sermon,8.0,0.0,2024-10-09
2024,6,2166c30f-c73b-43b4-a56c-4cff44865a28,380e685a-7d2e-4461-a232-2cb60a878fea,TRADE_ACCEPT,CANCELED,6,{C52D799E-6C1C-44B9-8371-9B6AF857D8E8},0,TRADE,4426515.0,Puka Nacua,6.0,10.0,2024-10-08
2024,6,2166c30f-c73b-43b4-a56c-4cff44865a28,380e685a-7d2e-4461-a232-2cb60a878fea,TRADE_ACCEPT,CANCELED,6,{C52D799E-6C1C-44B9-8371-9B6AF857D8E8},0,TRADE,2577327.0,Tyler Lockett,10.0,6.0,2024-10-08
2024,6,2166c30f-c73b-43b4-a56c-4cff44865a28,380e685a-7d2e-4461-a232-2cb60a878fea,TRADE_ACCEPT,CANCELED,6,{C52D799E-6C1C-44B9-8371-9B6AF857D8E8},0,DROP,4248528.0,Christian Watson,6.0,0.0,2024-10-08
2024,6,d4500d61-2fa2-4bb7-8f63-519e0cb30fb7,,ROSTER,EXECUTED,12,{91D28B99-9234-408F-ACE7-32AEC03EE9E2},0,DROP,4242557.0,Colby Parkinson,12.0,0.0,2024-10-08
2024,6,33a149c9-e2e2-405b-b5da-58bd824bfb3f,6f77079b-ac61-4b95-87c8-a705669fd222,WAIVER,FAILED_INVALIDPLAYERSOURCE,6,NightlyLeagueUpdateTaskProcessor,15,ADD,4249417.0,Jalen Tolbert,0.0,6.0,2024-10-09
2024,6,33a149c9-e2e2-405b-b5da-58bd824bfb3f,6f77079b-ac61-4b95-87c8-a705669fd222,WAIVER,FAILED_INVALIDPLAYERSOURCE,6,NightlyLeagueUpdateTaskProcessor,15,DROP,4429676.0,Tyler Goodson,6.0,0.0,2024-10-09
2024,6,706781a4-0329-4146-b193-ed3bb4ffbdd9,bedf1d94-5e62-49a2-9b69-ef5c23c15905,TRADE_ACCEPT,EXECUTED,14,{C1E09685-96D1-4750-BA21-8BE16D3BF7CA},0,TRADE,4360516.0,Tyrone Tracy Jr.,14.0,10.0,2024-10-13
2024,6,706781a4-0329-4146-b193-ed3bb4ffbdd9,bedf1d94-5e62-49a2-9b69-ef5c23c15905,TRADE_ACCEPT,EXECUTED,14,{C1E09685-96D1-4750-BA21-8BE16D3BF7CA},0,TRADE,4241401.0,Trey Sermon,10.0,14.0,2024-10-13
2024,6,5b01da75-b199-43b9-87d4-11691bc3bffb,34ebefb0-4524-49da-88ac-9efee15e205b,TRADE_DECLINE,EXECUTED,14,{C2BAB8A3-9ED5-425C-BAB8-A39ED5B25CC2},0,,,,,,2024-10-08
2024,6,09bf24e9-2ee8-4093-8f20-2a156bf2c00c,,TRADE_PROPOSAL,PENDING,8,{00408013-39CF-40FC-8080-1339CFD0FC06},0,TRADE,4429795.0,Jahmyr Gibbs,8.0,10.0,2024-10-13
2024,6,09bf24e9-2ee8-4093-8f20-2a156bf2c00c,,TRADE_PROPOSAL,PENDING,8,{00408013-39CF-40FC-8080-1339CFD0FC06},0,TRADE,4362628.0,Ja'Marr Chase,10.0,8.0,2024-10-13
2024,6,69e95540-20d4-4246-9098-752805af6ff1,,TRADE_PROPOSAL,PENDING,1,{C1E09685-96D1-4750-BA21-8BE16D3BF7CA},0,TRADE,4373678.0,Khalil Shakir,1.0,10.0,2024-10-11
2024,6,69e95540-20d4-4246-9098-752805af6ff1,,TRADE_PROPOSAL,PENDING,1,{C1E09685-96D1-4750-BA21-8BE16D3BF7CA},0,TRADE,4241401.0,Trey Sermon,10.0,1.0,2024-10-11
2024,6,eabecef6-7d19-400c-afd8-6d62e5ec22c0,8ed38522-1cdf-452f-83af-1302675f73b5,TRADE_PROPOSAL,CANCELED,14,{2C8A1B87-268B-45A5-A0E5-C4A3F61C9BC2},0,TRADE,3116365.0,Mark Andrews,14.0,10.0,2024-10-12
2024,6,eabecef6-7d19-400c-afd8-6d62e5ec22c0,8ed38522-1cdf-452f-83af-1302675f73b5,TRADE_PROPOSAL,CANCELED,14,{2C8A1B87-268B-45A5-A0E5-C4A3F61C9BC2},0,TRADE,4697815.0,Rachaad White,14.0,10.0,2024-10-12
2024,6,eabecef6-7d19-400c-afd8-6d62e5ec22c0,8ed38522-1cdf-452f-83af-1302675f73b5,TRADE_PROPOSAL,CANCELED,14,{2C8A1B87-268B-45A5-A0E5-C4A3F61C9BC2},0,TRADE,4360516.0,Tyrone Tracy Jr.,14.0,10.0,2024-10-12
2024,6,eabecef6-7d19-400c-afd8-6d62e5ec22c0,8ed38522-1cdf-452f-83af-1302675f73b5,TRADE_PROPOSAL,CANCELED,14,{2C8A1B87-268B-45A5-A0E5-C4A3F61C9BC2},0,TRADE,4241401.0,Trey Sermon,10.0,14.0,2024-10-12
2024,6,eabecef6-7d19-400c-afd8-6d62e5ec22c0,8ed38522-1cdf-452f-83af-1302675f73b5,TRADE_PROPOSAL,CANCELED,14,{2C8A1B87-268B-45A5-A0E5-C4A3F61C9BC2},0,TRADE,3895856.0,Christian Kirk,10.0,14.0,2024-10-12
2024,6,336ff700-73b8-48c3-86a2-5a5da7e3edca,3313eeaf-bc0d-4c45-9063-ea8996b348b9,TRADE_DECLINE,EXECUTED,1,{C1E09685-96D1-4750-BA21-8BE16D3BF7CA},0,,,,,,2024-10-09
2024,6,10780439-391e-4c09-a3ed-20b6727208a2,,ROSTER,EXECUTED,10,{2C8A1B87-268B-45A5-A0E5-C4A3F61C9BC2},0,DROP,4428331.0,Rashee Rice,10.0,0.0,2024-10-08
2024,6,5b6e3b09-2eba-4b5b-b63f-0a1e2d9247d2,,ROSTER,EXECUTED,2,{6AC115FA-3A0D-4948-8115-FA3A0DD94826},0,DROP,11252.0,Joe Flacco,2.0,0.0,2024-10-08
2024,6,40167a15-0bc2-4874-a095-9904cb3191c0,f7eccd86-14f5-4379-873f-ae3f7eb2db0b,TRADE_PROPOSAL,CANCELED,10,{523D9B8F-8A3C-4523-BD9B-8F8A3C852321},0,TRADE,3116406.0,Tyreek Hill,13.0,10.0,2024-10-09
2024,6,40167a15-0bc2-4874-a095-9904cb3191c0,f7eccd86-14f5-4379-873f-ae3f7eb2db0b,TRADE_PROPOSAL,CANCELED,10,{523D9B8F-8A3C-4523-BD9B-8F8A3C852321},0,TRADE,4361370.0,Chris Olave,10.0,13.0,2024-10-09
2024,6,40167a15-0bc2-4874-a095-9904cb3191c0,f7eccd86-14f5-4379-873f-ae3f7eb2db0b,TRADE_PROPOSAL,CANCELED,10,{523D9B8F-8A3C-4523-BD9B-8F8A3C852321},0,TRADE,4040761.0,Devin Singletary,10.0,13.0,2024-10-09
2024,6,7273624d-8645-4024-86d0-e6179624d94a,3c1c6add-9546-448a-831c-6b9522f44ebe,TRADE_PROPOSAL,CANCELED,10,{00408013-39CF-40FC-8080-1339CFD0FC06},0,TRADE,4429795.0,Jahmyr Gibbs,8.0,10.0,2024-10-13
2024,6,7273624d-8645-4024-86d0-e6179624d94a,3c1c6add-9546-448a-831c-6b9522f44ebe,TRADE_PROPOSAL,CANCELED,10,{00408013-39CF-40FC-8080-1339CFD0FC06},0,TRADE,3895856.0,Christian Kirk,10.0,8.0,2024-10-13
2024,6,7273624d-8645-4024-86d0-e6179624d94a,3c1c6add-9546-448a-831c-6b9522f44ebe,TRADE_PROPOSAL,CANCELED,10,{00408013-39CF-40FC-8080-1339CFD0FC06},0,TRADE,4040761.0,Devin Singletary,10.0,8.0,2024-10-13
2024,6,7273624d-8645-4024-86d0-e6179624d94a,3c1c6add-9546-448a-831c-6b9522f44ebe,TRADE_PROPOSAL,CANCELED,10,{00408013-39CF-40FC-8080-1339CFD0FC06},0,TRADE,4360516.0,Tyrone Tracy Jr.,10.0,8.0,2024-10-13
2024,6,7edc3093-c456-44a5-8024-0fb60d170de1,97416447-2b89-40b8-ab80-3629225ff8ca,WAIVER,EXECUTED,1,NightlyLeagueUpdateTaskProcessor,20,ADD,3120348.0,JuJu Smith-Schuster,0.0,1.0,2024-10-09
2024,6,7edc3093-c456-44a5-8024-0fb60d170de1,97416447-2b89-40b8-ab80-3629225ff8ca,WAIVER,EXECUTED,1,NightlyLeagueUpdateTaskProcessor,20,DROP,4569987.0,Jaylen Warren,1.0,0.0,2024-10-09
2024,6,a0e36afb-b569-49b1-92c5-d32cb70750a2,,FREEAGENT,EXECUTED,8,{00408013-39CF-40FC-8080-1339CFD0FC06},0,ADD,4597500.0,Adonai Mitchell,0.0,8.0,2024-10-09
2024,6,a0e36afb-b569-49b1-92c5-d32cb70750a2,,FREEAGENT,EXECUTED,8,{00408013-39CF-40FC-8080-1339CFD0FC06},0,DROP,4241401.0,Trey Sermon,8.0,0.0,2024-10-09
2024,6,5f118150-7e5c-4e58-8311-616a544d238f,f7eccd86-14f5-4379-873f-ae3f7eb2db0b,TRADE_DECLINE,EXECUTED,13,{523D9B8F-8A3C-4523-BD9B-8F8A3C852321},0,,,,,,2024-10-09
2024,6,1fd062cc-0c2a-4855-bda3-f0fe8169bba8,248fb281-0cf9-44dd-bc7a-3d4a4468b87e,TRADE_UPHOLD,EXECUTED,1,{C1E09685-96D1-4750-BA21-8BE16D3BF7CA},0,,,,,,2024-10-09
2024,6,7edd89ab-695d-469e-b08a-237971f3f154,,FREEAGENT,EXECUTED,8,{00408013-39CF-40FC-8080-1339CFD0FC06},0,ADD,4569987.0,Jaylen Warren,0.0,8.0,2024-10-12
2024,6,7edd89ab-695d-469e-b08a-237971f3f154,,FREEAGENT,EXECUTED,8,{00408013-39CF-40FC-8080-1339CFD0FC06},0,DROP,4597500.0,Adonai Mitchell,8.0,0.0,2024-10-12
2024,6,1865fcdb-26ce-4400-831f-2a24684839ee,a97663c1-54bd-4814-b4bb-cb587366034f,TRADE_DECLINE,EXECUTED,5,{77F704CF-0C76-4984-9A71-8BD39511C19F},0,,,,,,2024-10-13
2024,6,d4899ebd-4527-4427-9a88-4a6271c39cd1,4f898415-c5e4-4557-a506-a9c5744c8e1d,WAIVER,FAILED_INVALIDPLAYERSOURCE,8,NightlyLeagueUpdateTaskProcessor,16,ADD,3120348.0,JuJu Smith-Schuster,0.0,8.0,2024-10-09
2024,6,d4899ebd-4527-4427-9a88-4a6271c39cd1,4f898415-c5e4-4557-a506-a9c5744c8e1d,WAIVER,FAILED_INVALIDPLAYERSOURCE,8,NightlyLeagueUpdateTaskProcessor,16,DROP,4430034.0,Xavier Legette,8.0,0.0,2024-10-09
2024,6,2bcf5d27-ac5f-4358-999a-8462215b2baa,953848c7-7ce0-4580-a5b1-35f3a21d1136,TRADE_DECLINE,EXECUTED,5,{77F704CF-0C76-4984-9A71-8BD39511C19F},0,,,,,,2024-10-10
2024,6,3f8bebea-dbce-4d67-99d2-a4adad863c3c,248fb281-0cf9-44dd-bc7a-3d4a4468b87e,TRADE_ACCEPT,,7,{430447A7-381F-4E40-AD53-6A9C1F157A25},0,,,,,,2024-10-09
2024,6,6ce90e24-73d9-4934-a0d3-7cf0c2d3e8de,e953906a-de73-4b81-8019-95c2bd8f9065,TRADE_ACCEPT,,4,{8242D4C8-FCD1-4A28-9373-CD282687A8E7},0,,,,,,2024-10-09
2024,6,953848c7-7ce0-4580-a5b1-35f3a21d1136,,TRADE_PROPOSAL,PENDING,10,{2C8A1B87-268B-45A5-A0E5-C4A3F61C9BC2},0,TRADE,4047646.0,A.J. Brown,5.0,10.0,2024-10-10
2024,6,953848c7-7ce0-4580-a5b1-35f3a21d1136,,TRADE_PROPOSAL,PENDING,10,{2C8A1B87-268B-45A5-A0E5-C4A3F61C9BC2},0,TRADE,3895856.0,Christian Kirk,10.0,5.0,2024-10-10
2024,6,953848c7-7ce0-4580-a5b1-35f3a21d1136,,TRADE_PROPOSAL,PENDING,10,{2C8A1B87-268B-45A5-A0E5-C4A3F61C9BC2},0,TRADE,4361579.0,Javonte Williams,10.0,5.0,2024-10-10
2024,6,7c0eb199-6a7a-423d-8a29-d1acdfb9d3e4,8014eb37-eb90-4247-b5d3-5009b09940e7,WAIVER,FAILED_INVALIDPLAYERSOURCE,8,NightlyLeagueUpdateTaskProcessor,1,ADD,-16021.0,Eagles D/ST,0.0,8.0,2024-10-09
2024,6,7c0eb199-6a7a-423d-8a29-d1acdfb9d3e4,8014eb37-eb90-4247-b5d3-5009b09940e7,WAIVER,FAILED_INVALIDPLAYERSOURCE,8,NightlyLeagueUpdateTaskProcessor,1,DROP,-16015.0,Dolphins D/ST,8.0,0.0,2024-10-09
2024,6,bf1fdb41-4043-4a0f-b547-269dfb51d184,0ebcc0e3-d498-4a11-a757-58b8c5958d71,WAIVER,FAILED_INVALIDPLAYERSOURCE,4,NightlyLeagueUpdateTaskProcessor,13,ADD,4249417.0,Jalen Tolbert,0.0,4.0,2024-10-09
2024,6,bf1fdb41-4043-4a0f-b547-269dfb51d184,0ebcc0e3-d498-4a11-a757-58b8c5958d71,WAIVER,FAILED_INVALIDPLAYERSOURCE,4,NightlyLeagueUpdateTaskProcessor,13,DROP,4429025.0,Quentin Johnston,4.0,0.0,2024-10-09
2024,6,3b3c885f-0458-47c9-b594-52bdefd6f311,c467e7b0-2267-458c-9e76-9aae73bf1eb1,WAIVER,FAILED_INVALIDPLAYERSOURCE,5,NightlyLeagueUpdateTaskProcessor,17,ADD,4429013.0,Tank Bigsby,0.0,5.0,2024-10-09
2024,6,3b3c885f-0458-47c9-b594-52bdefd6f311,c467e7b0-2267-458c-9e76-9aae73bf1eb1,WAIVER,FAILED_INVALIDPLAYERSOURCE,5,NightlyLeagueUpdateTaskProcessor,17,DROP,3886598.0,Jauan Jennings,5.0,0.0,2024-10-09
2024,6,8bf16a09-c969-42f4-b921-781c43d3aa93,,FREEAGENT,EXECUTED,14,{C2BAB8A3-9ED5-425C-BAB8-A39ED5B25CC2},0,ADD,-16027.0,Buccaneers D/ST,0.0,14.0,2024-10-09
2024,6,8bf16a09-c969-42f4-b921-781c43d3aa93,,FREEAGENT,EXECUTED,14,{C2BAB8A3-9ED5-425C-BAB8-A39ED5B25CC2},0,DROP,-16026.0,Seahawks D/ST,14.0,0.0,2024-10-09
2024,6,9896706b-1f7c-49f7-be02-4248fb9cf2b9,dc6d5e5f-2d15-41d0-8aa8-3f1eed5be1ed,WAIVER,FAILED_INVALIDPLAYERSOURCE,7,NightlyLeagueUpdateTaskProcessor,27,ADD,4429013.0,Tank Bigsby,0.0,7.0,2024-10-09
2024,6,9896706b-1f7c-49f7-be02-4248fb9cf2b9,dc6d5e5f-2d15-41d0-8aa8-3f1eed5be1ed,WAIVER,FAILED_INVALIDPLAYERSOURCE,7,NightlyLeagueUpdateTaskProcessor,27,DROP,4038441.0,Justice Hill,7.0,0.0,2024-10-09
2024,6,7e4c1934-2cd4-4283-b52c-69c307d89a0b,,FREEAGENT,EXECUTED,8,{00408013-39CF-40FC-8080-1339CFD0FC06},0,ADD,4430637.0,Ja'Lynn Polk,0.0,8.0,2024-10-10
2024,6,7e4c1934-2cd4-4283-b52c-69c307d89a0b,,FREEAGENT,EXECUTED,8,{00408013-39CF-40FC-8080-1339CFD0FC06},0,DROP,4597500.0,Adonai Mitchell,8.0,0.0,2024-10-10
2024,6,b976f5ad-f105-4eea-94d1-be37c6601893,,FREEAGENT,EXECUTED,14,{C2BAB8A3-9ED5-425C-BAB8-A39ED5B25CC2},0,ADD,4429501.0,Ray Davis,0.0,14.0,2024-10-10
2024,6,b976f5ad-f105-4eea-94d1-be37c6601893,,FREEAGENT,EXECUTED,14,{C2BAB8A3-9ED5-425C-BAB8-A39ED5B25CC2},0,DROP,16731.0,Brandin Cooks,14.0,0.0,2024-10-10
2024,6,f7a2485d-3dbc-49d2-9ab5-7099e931699a,99ca1db2-d345-4526-b0c4-b0ccf0c7905f,TRADE_PROPOSAL,CANCELED,10,{2C8A1B87-268B-45A5-A0E5-C4A3F61C9BC2},0,TRADE,4360516.0,Tyrone Tracy Jr.,10.0,13.0,2024-10-14
2024,6,f7a2485d-3dbc-49d2-9ab5-7099e931699a,99ca1db2-d345-4526-b0c4-b0ccf0c7905f,TRADE_PROPOSAL,CANCELED,10,{2C8A1B87-268B-45A5-A0E5-C4A3F61C9BC2},0,TRADE,4040761.0,Devin Singletary,10.0,13.0,2024-10-14
2024,6,f7a2485d-3dbc-49d2-9ab5-7099e931699a,99ca1db2-d345-4526-b0c4-b0ccf0c7905f,TRADE_PROPOSAL,CANCELED,10,{2C8A1B87-268B-45A5-A0E5-C4A3F61C9BC2},0,TRADE,4239993.0,Tee Higgins,13.0,10.0,2024-10-14
2024,6,5879b114-e1fd-4b6e-8895-7885e99b0d5e,e953906a-de73-4b81-8019-95c2bd8f9065,TRADE_UPHOLD,EXECUTED,1,{C1E09685-96D1-4750-BA21-8BE16D3BF7CA},0,,,,,,2024-10-09
2024,6,a6fb908e-3cb4-41b8-b304-4efbea890921,41109520-2df2-4811-abef-857fc9d484b8,TRADE_PROPOSAL,CANCELED,4,{2C8A1B87-268B-45A5-A0E5-C4A3F61C9BC2},0,TRADE,-16003.0,Bears D/ST,4.0,10.0,2024-10-12
2024,6,a6fb908e-3cb4-41b8-b304-4efbea890921,41109520-2df2-4811-abef-857fc9d484b8,TRADE_PROPOSAL,CANCELED,4,{2C8A1B87-268B-45A5-A0E5-C4A3F61C9BC2},0,TRADE,4241401.0,Trey Sermon,10.0,4.0,2024-10-12
2024,6,b9e2b268-35f3-44d1-acff-ef499c780638,69e95540-20d4-4246-9098-752805af6ff1,TRADE_PROPOSAL,CANCELED,1,{2C8A1B87-268B-45A5-A0E5-C4A3F61C9BC2},0,TRADE,4373678.0,Khalil Shakir,1.0,10.0,2024-10-12
2024,6,b9e2b268-35f3-44d1-acff-ef499c780638,69e95540-20d4-4246-9098-752805af6ff1,TRADE_PROPOSAL,CANCELED,1,{2C8A1B87-268B-45A5-A0E5-C4A3F61C9BC2},0,TRADE,4241401.0,Trey Sermon,10.0,1.0,2024-10-12
2024,6,5cd794d3-0405-40a9-82ae-12df3b130aee,,FREEAGENT,EXECUTED,7,{430447A7-381F-4E40-AD53-6A9C1F157A25},0,ADD,-16018.0,Saints D/ST,0.0,7.0,2024-10-12
2024,6,b444299a-f183-4c02-b0c4-cd821da0e284,84a4ba75-b775-4db3-8bce-fbebf71c231a,WAIVER,CANCELED,8,{00408013-39CF-40FC-8080-1339CFD0FC06},0,ADD,3120348.0,JuJu Smith-Schuster,0.0,8.0,2024-10-09
2024,6,b444299a-f183-4c02-b0c4-cd821da0e284,84a4ba75-b775-4db3-8bce-fbebf71c231a,WAIVER,CANCELED,8,{00408013-39CF-40FC-8080-1339CFD0FC06},0,DROP,4430034.0,Xavier Legette,8.0,0.0,2024-10-09
2024,6,ef4af46c-ac67-4a1b-a640-de2c7c2cfe20,953848c7-7ce0-4580-a5b1-35f3a21d1136,TRADE_PROPOSAL,CANCELED,10,{77F704CF-0C76-4984-9A71-8BD39511C19F},0,TRADE,4047646.0,A.J. Brown,5.0,10.0,2024-10-10
2024,6,ef4af46c-ac67-4a1b-a640-de2c7c2cfe20,953848c7-7ce0-4580-a5b1-35f3a21d1136,TRADE_PROPOSAL,CANCELED,10,{77F704CF-0C76-4984-9A71-8BD39511C19F},0,TRADE,3895856.0,Christian Kirk,10.0,5.0,2024-10-10
2024,6,ef4af46c-ac67-4a1b-a640-de2c7c2cfe20,953848c7-7ce0-4580-a5b1-35f3a21d1136,TRADE_PROPOSAL,CANCELED,10,{77F704CF-0C76-4984-9A71-8BD39511C19F},0,TRADE,4361579.0,Javonte Williams,10.0,5.0,2024-10-10
2024,6,0bde26b8-cb18-42f9-8b26-43981de70699,,TRADE_PROPOSAL,PENDING,10,{2C8A1B87-268B-45A5-A0E5-C4A3F61C9BC2},0,TRADE,2577327.0,Tyler Lockett,10.0,6.0,2024-10-08
2024,6,0bde26b8-cb18-42f9-8b26-43981de70699,,TRADE_PROPOSAL,PENDING,10,{2C8A1B87-268B-45A5-A0E5-C4A3F61C9BC2},0,TRADE,4426515.0,Puka Nacua,6.0,10.0,2024-10-08
2024,6,41109520-2df2-4811-abef-857fc9d484b8,,TRADE_PROPOSAL,PENDING,4,{8242D4C8-FCD1-4A28-9373-CD282687A8E7},0,TRADE,-16003.0,Bears D/ST,4.0,10.0,2024-10-11
2024,6,41109520-2df2-4811-abef-857fc9d484b8,,TRADE_PROPOSAL,PENDING,4,{8242D4C8-FCD1-4A28-9373-CD282687A8E7},0,TRADE,4241401.0,Trey Sermon,10.0,4.0,2024-10-11
2024,6,6a76443f-a733-4e8e-a7a7-5a53e6b93a9b,bdc32ecf-bd08-46bf-b689-d835e1087ca4,TRADE_DECLINE,EXECUTED,14,{C2BAB8A3-9ED5-425C-BAB8-A39ED5B25CC2},0,,,,,,2024-10-09
2024,6,97d41e48-228a-4116-b524-6d8005a56e2c,5dcdb4ba-22ed-4d4d-bc27-2c3939dd2548,TRADE_DECLINE,EXECUTED,5,{77F704CF-0C76-4984-9A71-8BD39511C19F},0,,,,,,2024-10-10
2024,6,557d3e78-6111-4247-a09f-bb692dbd93d6,b623fa1a-0f62-48b6-9bdd-4b2060c62e7e,TRADE_DECLINE,EXECUTED,3,{C52D799E-6C1C-44B9-8371-9B6AF857D8E8},0,,,,,,2024-10-09
2024,6,0b46834d-b9a0-4469-a05e-7511c5b9377c,e720c18d-c19b-44a9-8814-6ee52241ab5d,TRADE_DECLINE,EXECUTED,8,{00408013-39CF-40FC-8080-1339CFD0FC06},0,,,,,,2024-10-09
2024,6,fb1eb922-5d1f-4d30-9d94-defacde679d5,423b662b-6928-4eff-8c6e-836eb95c1c84,WAIVER,CANCELED,14,{C2BAB8A3-9ED5-425C-BAB8-A39ED5B25CC2},0,ADD,3886598.0,Jauan Jennings,0.0,14.0,2024-10-10
2024,6,fb1eb922-5d1f-4d30-9d94-defacde679d5,423b662b-6928-4eff-8c6e-836eb95c1c84,WAIVER,CANCELED,14,{C2BAB8A3-9ED5-425C-BAB8-A39ED5B25CC2},0,DROP,4360516.0,Tyrone Tracy Jr.,14.0,0.0,2024-10-10
2024,6,a7b58595-17dd-46cd-9138-434a026dd498,,ROSTER,EXECUTED,10,{2C8A1B87-268B-45A5-A0E5-C4A3F61C9BC2},0,DROP,4242214.0,Clyde Edwards-Helaire,10.0,0.0,2024-10-10
2024,6,3a15b89c-709c-4644-b30f-fbff229b5c78,380e685a-7d2e-4461-a232-2cb60a878fea,TRADE_VETO,EXECUTED,7,{430447A7-381F-4E40-AD53-6A9C1F157A25},0,,,,,,2024-10-08
2024,6,d9d14420-5e04-47f6-b8da-fcf899bc1524,f4396c4d-76bf-481d-b3c8-672b578f6bae,WAIVER,EXECUTED,2,NightlyLeagueUpdateTaskProcessor,41,ADD,4429013.0,Tank Bigsby,0.0,2.0,2024-10-09
2024,6,d9d14420-5e04-47f6-b8da-fcf899bc1524,f4396c4d-76bf-481d-b3c8-672b578f6bae,WAIVER,EXECUTED,2,NightlyLeagueUpdateTaskProcessor,41,DROP,3045138.0,Mike Williams,2.0,0.0,2024-10-09
2024,6,519e2632-c576-442a-9e60-f05e5e3dcf42,be2ae879-921e-4d7c-a69f-3dd821ad11f0,WAIVER,FAILED_INVALIDPLAYERSOURCE,8,NightlyLeagueUpdateTaskProcessor,2,ADD,-16034.0,Texans D/ST,0.0,8.0,2024-10-09
2024,6,519e2632-c576-442a-9e60-f05e5e3dcf42,be2ae879-921e-4d7c-a69f-3dd821ad11f0,WAIVER,FAILED_INVALIDPLAYERSOURCE,8,NightlyLeagueUpdateTaskProcessor,2,DROP,-16015.0,Dolphins D/ST,8.0,0.0,2024-10-09
2024,6,6ee89cae-1fd0-4f84-836c-9a72c4490206,60bbfb40-d904-4085-83fc-d002e90a2683,TRADE_DECLINE,EXECUTED,10,{2C8A1B87-268B-45A5-A0E5-C4A3F61C9BC2},0,,,,,,2024-10-14
2024,6,8c4c0b25-1872-40f8-9f4b-6782a8df95af,15873c7d-1732-4eb6-bd06-d8d547345a01,TRADE_PROPOSAL,CANCELED,10,{2C8A1B87-268B-45A5-A0E5-C4A3F61C9BC2},0,TRADE,4374302.0,Amon-Ra St. Brown,3.0,10.0,2024-10-11
2024,6,8c4c0b25-1872-40f8-9f4b-6782a8df95af,15873c7d-1732-4eb6-bd06-d8d547345a01,TRADE_PROPOSAL,CANCELED,10,{2C8A1B87-268B-45A5-A0E5-C4A3F61C9BC2},0,TRADE,4428850.0,Dontayvion Wicks,10.0,3.0,2024-10-11
2024,6,8c4c0b25-1872-40f8-9f4b-6782a8df95af,15873c7d-1732-4eb6-bd06-d8d547345a01,TRADE_PROPOSAL,CANCELED,10,{2C8A1B87-268B-45A5-A0E5-C4A3F61C9BC2},0,TRADE,2976499.0,Amari Cooper,3.0,10.0,2024-10-11
2024,6,8c4c0b25-1872-40f8-9f4b-6782a8df95af,15873c7d-1732-4eb6-bd06-d8d547345a01,TRADE_PROPOSAL,CANCELED,10,{2C8A1B87-268B-45A5-A0E5-C4A3F61C9BC2},0,TRADE,4361370.0,Chris Olave,10.0,3.0,2024-10-11
2024,6,8c4c0b25-1872-40f8-9f4b-6782a8df95af,15873c7d-1732-4eb6-bd06-d8d547345a01,TRADE_PROPOSAL,CANCELED,10,{2C8A1B87-268B-45A5-A0E5-C4A3F61C9BC2},0,TRADE,4361579.0,Javonte Williams,10.0,3.0,2024-10-11
2024,6,8ed38522-1cdf-452f-83af-1302675f73b5,,TRADE_PROPOSAL,PENDING,14,{C2BAB8A3-9ED5-425C-BAB8-A39ED5B25CC2},0,TRADE,3116365.0,Mark Andrews,14.0,10.0,2024-10-11
2024,6,8ed38522-1cdf-452f-83af-1302675f73b5,,TRADE_PROPOSAL,PENDING,14,{C2BAB8A3-9ED5-425C-BAB8-A39ED5B25CC2},0,TRADE,4697815.0,Rachaad White,14.0,10.0,2024-10-11
2024,6,8ed38522-1cdf-452f-83af-1302675f73b5,,TRADE_PROPOSAL,PENDING,14,{C2BAB8A3-9ED5-425C-BAB8-A39ED5B25CC2},0,TRADE,4360516.0,Tyrone Tracy Jr.,14.0,10.0,2024-10-11
2024,6,8ed38522-1cdf-452f-83af-1302675f73b5,,TRADE_PROPOSAL,PENDING,14,{C2BAB8A3-9ED5-425C-BAB8-A39ED5B25CC2},0,TRADE,4241401.0,Trey Sermon,10.0,14.0,2024-10-11
2024,6,8ed38522-1cdf-452f-83af-1302675f73b5,,TRADE_PROPOSAL,PENDING,14,{C2BAB8A3-9ED5-425C-BAB8-A39ED5B25CC2},0,TRADE,3895856.0,Christian Kirk,10.0,14.0,2024-10-11
2024,6,f7eccd86-14f5-4379-873f-ae3f7eb2db0b,,TRADE_PROPOSAL,PENDING,10,{2C8A1B87-268B-45A5-A0E5-C4A3F61C9BC2},0,TRADE,3116406.0,Tyreek Hill,13.0,10.0,2024-10-09
2024,6,f7eccd86-14f5-4379-873f-ae3f7eb2db0b,,TRADE_PROPOSAL,PENDING,10,{2C8A1B87-268B-45A5-A0E5-C4A3F61C9BC2},0,TRADE,4361370.0,Chris Olave,10.0,13.0,2024-10-09
2024,6,f7eccd86-14f5-4379-873f-ae3f7eb2db0b,,TRADE_PROPOSAL,PENDING,10,{2C8A1B87-268B-45A5-A0E5-C4A3F61C9BC2},0,TRADE,4040761.0,Devin Singletary,10.0,13.0,2024-10-09
2024,6,9677f9bb-87c0-4704-b13d-b3feeeddc84f,3c1c6add-9546-448a-831c-6b9522f44ebe,TRADE_DECLINE,EXECUTED,8,{00408013-39CF-40FC-8080-1339CFD0FC06},0,,,,,,2024-10-13
2024,6,35e00106-eb3b-4103-a776-7cdb389448b2,,FREEAGENT,EXECUTED,6,{FE8F6865-8A47-4C3A-8D66-0780982B48DD},0,ADD,4635008.0,Keon Coleman,0.0,6.0,2024-10-13
2024,6,a3269a9a-fbc5-4008-85d1-3ea427974d3f,b2bda013-721a-45ae-bcbe-587c1948144d,WAIVER,CANCELED,1,{C1E09685-96D1-4750-BA21-8BE16D3BF7CA},0,ADD,-16021.0,Eagles D/ST,0.0,1.0,2024-10-08
2024,6,a3269a9a-fbc5-4008-85d1-3ea427974d3f,b2bda013-721a-45ae-bcbe-587c1948144d,WAIVER,CANCELED,1,{C1E09685-96D1-4750-BA21-8BE16D3BF7CA},0,DROP,-16013.0,Raiders D/ST,1.0,0.0,2024-10-08
2024,6,b8263c14-2011-48d9-8f99-8f7d3324b750,380e685a-7d2e-4461-a232-2cb60a878fea,TRADE_ACCEPT,,10,{2C8A1B87-268B-45A5-A0E5-C4A3F61C9BC2},0,,,,,,2024-10-08
2024,6,b0a5d28b-0229-4bc7-a21b-6be45f4c9e6c,,FREEAGENT,EXECUTED,14,{C2BAB8A3-9ED5-425C-BAB8-A39ED5B25CC2},0,ADD,15835.0,Zach Ertz,0.0,14.0,2024-10-12
2024,6,b0a5d28b-0229-4bc7-a21b-6be45f4c9e6c,,FREEAGENT,EXECUTED,14,{C2BAB8A3-9ED5-425C-BAB8-A39ED5B25CC2},0,DROP,3052587.0,Baker Mayfield,14.0,0.0,2024-10-12
2024,6,cd4a5447-c58c-46fb-bb7c-2ebf4280a66a,e41c5df6-f3b9-4873-a62b-ee5a7506b8f8,TRADE_DECLINE,EXECUTED,6,{FE8F6865-8A47-4C3A-8D66-0780982B48DD},0,,,,,,2024-10-08
2024,6,4bda5f16-c55a-44ab-b6f9-bb924cd72ef9,20ad09c5-2609-4cb8-889d-6ff16443feff,TRADE_DECLINE,EXECUTED,13,{523D9B8F-8A3C-4523-BD9B-8F8A3C852321},0,,,,,,2024-10-09
2024,6,ac29d922-5eea-471e-97d1-b1a9c043add7,,FREEAGENT,EXECUTED,10,{2C8A1B87-268B-45A5-A0E5-C4A3F61C9BC2},0,ADD,-16009.0,Packers D/ST,0.0,10.0,2024-10-10
2024,6,e34513c7-727c-4193-86bf-a9e743de9788,8811393e-b0ad-404c-b3c1-d435c8fbcc12,WAIVER,CANCELED,2,{6AC115FA-3A0D-4948-8115-FA3A0DD94826},0,ADD,3728262.0,Ray-Ray McCloud III,0.0,2.0,2024-10-08
2024,6,e34513c7-727c-4193-86bf-a9e743de9788,8811393e-b0ad-404c-b3c1-d435c8fbcc12,WAIVER,CANCELED,2,{6AC115FA-3A0D-4948-8115-FA3A0DD94826},0,DROP,4243537.0,Gabe Davis,2.0,0.0,2024-10-08
2024,6,7d48017e-cd5a-4112-9e5e-4914103f1a5e,0bde26b8-cb18-42f9-8b26-43981de70699,TRADE_ACCEPT,EXECUTED,10,{C1E09685-96D1-4750-BA21-8BE16D3BF7CA},0,TRADE,2577327.0,Tyler Lockett,10.0,6.0,2024-10-09
2024,6,7d48017e-cd5a-4112-9e5e-4914103f1a5e,0bde26b8-cb18-42f9-8b26-43981de70699,TRADE_ACCEPT,EXECUTED,10,{C1E09685-96D1-4750-BA21-8BE16D3BF7CA},0,TRADE,4426515.0,Puka Nacua,6.0,10.0,2024-10-09
2024,6,7d48017e-cd5a-4112-9e5e-4914103f1a5e,0bde26b8-cb18-42f9-8b26-43981de70699,TRADE_ACCEPT,EXECUTED,10,{C1E09685-96D1-4750-BA21-8BE16D3BF7CA},0,DROP,4248528.0,Christian Watson,6.0,0.0,2024-10-09
2024,6,16885be0-6868-4e93-afc1-c5e4110cafdb,78eff296-a943-49ae-be9c-4327b4c239a6,WAIVER,FAILED_INVALIDPLAYERSOURCE,1,NightlyLeagueUpdateTaskProcessor,5,ADD,-16034.0,Texans D/ST,0.0,1.0,2024-10-09
2024,6,16885be0-6868-4e93-afc1-c5e4110cafdb,78eff296-a943-49ae-be9c-4327b4c239a6,WAIVER,FAILED_INVALIDPLAYERSOURCE,1,NightlyLeagueUpdateTaskProcessor,5,DROP,-16013.0,Raiders D/ST,1.0,0.0,2024-10-09
2024,6,9db83309-39f8-47db-a8ed-3e30a63a97e7,bedf1d94-5e62-49a2-9b69-ef5c23c15905,TRADE_UPHOLD,EXECUTED,1,{C1E09685-96D1-4750-BA21-8BE16D3BF7CA},0,,,,,,2024-10-13
2024,6,82522241-47a2-4fea-baf8-031786b3b35c,,TRADE_PROPOSAL,PENDING,10,{2C8A1B87-268B-45A5-A0E5-C4A3F61C9BC2},0,TRADE,4366031.0,Tank Dell,14.0,10.0,2024-10-11
2024,6,82522241-47a2-4fea-baf8-031786b3b35c,,TRADE_PROPOSAL,PENDING,10,{2C8A1B87-268B-45A5-A0E5-C4A3F61C9BC2},0,TRADE,4360516.0,Tyrone Tracy Jr.,14.0,10.0,2024-10-11
2024,6,82522241-47a2-4fea-baf8-031786b3b35c,,TRADE_PROPOSAL,PENDING,10,{2C8A1B87-268B-45A5-A0E5-C4A3F61C9BC2},0,TRADE,3895856.0,Christian Kirk,10.0,14.0,2024-10-11
2024,6,60bbfb40-d904-4085-83fc-d002e90a2683,,TRADE_PROPOSAL,PENDING,5,{77F704CF-0C76-4984-9A71-8BD39511C19F},0,TRADE,2977187.0,Cooper Kupp,5.0,10.0,2024-10-13
2024,6,60bbfb40-d904-4085-83fc-d002e90a2683,,TRADE_PROPOSAL,PENDING,5,{77F704CF-0C76-4984-9A71-8BD39511C19F},0,TRADE,3042519.0,Aaron Jones,5.0,10.0,2024-10-13
2024,6,60bbfb40-d904-4085-83fc-d002e90a2683,,TRADE_PROPOSAL,PENDING,5,{77F704CF-0C76-4984-9A71-8BD39511C19F},0,TRADE,4362628.0,Ja'Marr Chase,10.0,5.0,2024-10-13
2024,6,99ca1db2-d345-4526-b0c4-b0ccf0c7905f,,TRADE_PROPOSAL,PENDING,10,{2C8A1B87-268B-45A5-A0E5-C4A3F61C9BC2},0,TRADE,4360516.0,Tyrone Tracy Jr.,10.0,13.0,2024-10-13
2024,6,99ca1db2-d345-4526-b0c4-b0ccf0c7905f,,TRADE_PROPOSAL,PENDING,10,{2C8A1B87-268B-45A5-A0E5-C4A3F61C9BC2},0,TRADE,4040761.0,Devin Singletary,10.0,13.0,2024-10-13
2024,6,99ca1db2-d345-4526-b0c4-b0ccf0c7905f,,TRADE_PROPOSAL,PENDING,10,{2C8A1B87-268B-45A5-A0E5-C4A3F61C9BC2},0,TRADE,4239993.0,Tee Higgins,13.0,10.0,2024-10-13
2024,6,bedf1d94-5e62-49a2-9b69-ef5c23c15905,,TRADE_PROPOSAL,PENDING,14,{C2BAB8A3-9ED5-425C-BAB8-A39ED5B25CC2},0,TRADE,4360516.0,Tyrone Tracy Jr.,14.0,10.0,2024-10-12
2024,6,bedf1d94-5e62-49a2-9b69-ef5c23c15905,,TRADE_PROPOSAL,PENDING,14,{C2BAB8A3-9ED5-425C-BAB8-A39ED5B25CC2},0,TRADE,4241401.0,Trey Sermon,10.0,14.0,2024-10-12
2024,6,cde952a5-a699-4e55-bb3c-7cdefdf63bfa,380e685a-7d2e-4461-a232-2cb60a878fea,TRADE_VETO,EXECUTED,5,{77F704CF-0C76-4984-9A71-8BD39511C19F},0,,,,,,2024-10-08
2024,6,ef54f295-32ac-4aae-b17f-aa24f9698dbd,,FREEAGENT,EXECUTED,5,{77F704CF-0C76-4984-9A71-8BD39511C19F},0,ADD,4682745.0,Jaylen Wright,0.0,5.0,2024-10-09
2024,6,ef54f295-32ac-4aae-b17f-aa24f9698dbd,,FREEAGENT,EXECUTED,5,{77F704CF-0C76-4984-9A71-8BD39511C19F},0,DROP,3886598.0,Jauan Jennings,5.0,0.0,2024-10-09
2024,7,51c50b75-7094-4c6b-8aba-ef663317b2fc,23017a6d-eb2f-4b23-b58f-7af816cb15a3,TRADE_PROPOSAL,CANCELED,8,{00408013-39CF-40FC-8080-1339CFD0FC06},0,TRADE,4429795.0,Jahmyr Gibbs,8.0,7.0,2024-10-15
2024,7,51c50b75-7094-4c6b-8aba-ef663317b2fc,23017a6d-eb2f-4b23-b58f-7af816cb15a3,TRADE_PROPOSAL,CANCELED,8,{00408013-39CF-40FC-8080-1339CFD0FC06},0,TRADE,4262921.0,Justin Jefferson,7.0,8.0,2024-10-15
2024,7,8c1bf792-c894-4615-8d85-e039c28ecaa9,8ee15b9d-4a9a-43d2-bd38-c8fb381ed09f,WAIVER,CANCELED,5,{77F704CF-0C76-4984-9A71-8BD39511C19F},0,ADD,3052587.0,Baker Mayfield,0.0,5.0,2024-10-15
2024,7,66ce0572-4308-4588-9323-66eea7f081b3,a2f7d031-596c-4963-900a-8522cfa8aa66,TRADE_DECLINE,EXECUTED,1,{C1E09685-96D1-4750-BA21-8BE16D3BF7CA},0,,,,,,2024-10-17
2024,7,49d385fa-259a-4260-817c-d9011177a741,cca56546-02ba-4764-a110-3dd8e1383aad,WAIVER,CANCELED,12,{91D28B99-9234-408F-ACE7-32AEC03EE9E2},0,ADD,4241463.0,Jerry Jeudy,0.0,12.0,2024-10-17
2024,7,49d385fa-259a-4260-817c-d9011177a741,cca56546-02ba-4764-a110-3dd8e1383aad,WAIVER,CANCELED,12,{91D28B99-9234-408F-ACE7-32AEC03EE9E2},0,DROP,4360761.0,Michael Wilson,12.0,0.0,2024-10-17
2024,7,3fcfb98b-f513-45b5-9c3f-64bac9981d72,28e2b80c-7c48-442f-b623-aa62f6ae647f,WAIVER,FAILED_INVALIDPLAYERSOURCE,4,NightlyLeagueUpdateTaskProcessor,19,ADD,4430871.0,Sean Tucker,0.0,4.0,2024-10-16
2024,7,3fcfb98b-f513-45b5-9c3f-64bac9981d72,28e2b80c-7c48-442f-b623-aa62f6ae647f,WAIVER,FAILED_INVALIDPLAYERSOURCE,4,NightlyLeagueUpdateTaskProcessor,19,DROP,4430539.0,Brenton Strange,4.0,0.0,2024-10-16
2024,7,a2a0145d-c94b-433e-b921-41938a1111a8,e5865feb-684b-4c40-a498-b1a3420889f9,WAIVER,CANCELED,14,{C2BAB8A3-9ED5-425C-BAB8-A39ED5B25CC2},0,ADD,4431452.0,Drake Maye,0.0,14.0,2024-10-16
2024,7,a2a0145d-c94b-433e-b921-41938a1111a8,e5865feb-684b-4c40-a498-b1a3420889f9,WAIVER,CANCELED,14,{C2BAB8A3-9ED5-425C-BAB8-A39ED5B25CC2},0,DROP,4429501.0,Ray Davis,14.0,0.0,2024-10-16
2024,7,65326711-42f8-4011-8b1e-64dbb6839524,,ROSTER,EXECUTED,5,{77F704CF-0C76-4984-9A71-8BD39511C19F},22,DROP,4241463.0,Jerry Jeudy,5.0,0.0,2024-10-15
2024,7,0983485a-2c87-426a-82ca-2d093354d570,3c00abba-d15a-434f-b910-43d0b34dc8f7,WAIVER,EXECUTED,13,NightlyLeagueUpdateTaskProcessor,5,ADD,4373678.0,Khalil Shakir,0.0,13.0,2024-10-19
2024,7,0983485a-2c87-426a-82ca-2d093354d570,3c00abba-d15a-434f-b910-43d0b34dc8f7,WAIVER,EXECUTED,13,NightlyLeagueUpdateTaskProcessor,5,DROP,4426485.0,Jonathan Mingo,13.0,0.0,2024-10-19
2024,7,b262f570-c433-4700-98d7-e4e7e2d13669,719c15ed-eb5c-4d91-bc78-a320d54f660a,TRADE_DECLINE,EXECUTED,1,{C1E09685-96D1-4750-BA21-8BE16D3BF7CA},0,,,,,,2024-10-16
2024,7,7604e448-f693-4371-add3-57648fc09f67,ceac4099-27af-4a44-822c-82342f8877fc,TRADE_DECLINE,EXECUTED,1,{C1E09685-96D1-4750-BA21-8BE16D3BF7CA},0,,,,,,2024-10-16
2024,7,0aa841fa-43c1-4733-8cb3-427af8d7cd1f,,FREEAGENT,EXECUTED,8,{00408013-39CF-40FC-8080-1339CFD0FC06},10,ADD,4429084.0,Anthony Richardson,0.0,8.0,2024-10-18
2024,7,0aa841fa-43c1-4733-8cb3-427af8d7cd1f,,FREEAGENT,EXECUTED,8,{00408013-39CF-40FC-8080-1339CFD0FC06},10,DROP,4242431.0,Ty Chandler,8.0,0.0,2024-10-18
2024,7,7cafbd6f-7fef-4ebe-8afb-b84a456fb6eb,35c101f6-b4db-47b8-8d8a-6283b7bc0009,WAIVER,EXECUTED,4,NightlyLeagueUpdateTaskProcessor,1,ADD,-16018.0,Saints D/ST,0.0,4.0,2024-10-17
2024,7,7cafbd6f-7fef-4ebe-8afb-b84a456fb6eb,35c101f6-b4db-47b8-8d8a-6283b7bc0009,WAIVER,EXECUTED,4,NightlyLeagueUpdateTaskProcessor,1,DROP,4430539.0,Brenton Strange,4.0,0.0,2024-10-17
2024,7,9cbb178b-8cb1-42c4-905c-3d293da3d534,,FREEAGENT,EXECUTED,14,{C2BAB8A3-9ED5-425C-BAB8-A39ED5B25CC2},0,ADD,4362887.0,Justin Fields,0.0,14.0,2024-10-16
2024,7,9cbb178b-8cb1-42c4-905c-3d293da3d534,,FREEAGENT,EXECUTED,14,{C2BAB8A3-9ED5-425C-BAB8-A39ED5B25CC2},0,DROP,2577417.0,Dak Prescott,14.0,0.0,2024-10-16
2024,7,be622cfa-e41e-4da6-a998-fc8c3db4023f,,FREEAGENT,EXECUTED,6,{FE8F6865-8A47-4C3A-8D66-0780982B48DD},0,ADD,3139602.0,D'Ernest Johnson,0.0,6.0,2024-10-19
2024,7,ec2795bf-a1cd-468c-9b0d-f5f53b79c4e9,2eb31ea9-0a7f-4732-8dbc-d0985831e42c,WAIVER,FAILED_INVALIDPLAYERSOURCE,3,NightlyLeagueUpdateTaskProcessor,22,ADD,3052587.0,Baker Mayfield,0.0,3.0,2024-10-16
2024,7,ec2795bf-a1cd-468c-9b0d-f5f53b79c4e9,2eb31ea9-0a7f-4732-8dbc-d0985831e42c,WAIVER,FAILED_INVALIDPLAYERSOURCE,3,NightlyLeagueUpdateTaskProcessor,22,DROP,3912547.0,Sam Darnold,3.0,0.0,2024-10-16
2024,7,6301b4e8-6367-4891-b402-da9b9fd8af6a,3b1fae87-9855-4b1e-8d28-38087c38ba49,WAIVER,CANCELED,7,{430447A7-381F-4E40-AD53-6A9C1F157A25},0,ADD,4241401.0,Trey Sermon,0.0,7.0,2024-10-17
2024,7,6301b4e8-6367-4891-b402-da9b9fd8af6a,3b1fae87-9855-4b1e-8d28-38087c38ba49,WAIVER,CANCELED,7,{430447A7-381F-4E40-AD53-6A9C1F157A25},0,DROP,4427095.0,DeMario Douglas,7.0,0.0,2024-10-17
2024,7,6c2e2573-bd9a-4a80-8059-1228da9a051a,c3a8f676-bf0f-410a-85d7-00ef4b21aa06,WAIVER,FAILED_INVALIDPLAYERSOURCE,8,NightlyLeagueUpdateTaskProcessor,3,ADD,-16004.0,Bengals D/ST,0.0,8.0,2024-10-16
2024,7,6c2e2573-bd9a-4a80-8059-1228da9a051a,c3a8f676-bf0f-410a-85d7-00ef4b21aa06,WAIVER,FAILED_INVALIDPLAYERSOURCE,8,NightlyLeagueUpdateTaskProcessor,3,DROP,-16001.0,Falcons D/ST,8.0,0.0,2024-10-16
2024,7,86648373-cd29-4da1-8f21-443c1036d348,08fc4aa1-bc7e-49e9-a1fc-df4502b85c57,WAIVER,CANCELED,8,{00408013-39CF-40FC-8080-1339CFD0FC06},0,ADD,4429084.0,Anthony Richardson,0.0,8.0,2024-10-17
2024,7,86648373-cd29-4da1-8f21-443c1036d348,08fc4aa1-bc7e-49e9-a1fc-df4502b85c57,WAIVER,CANCELED,8,{00408013-39CF-40FC-8080-1339CFD0FC06},0,DROP,4427985.0,Bub Means,8.0,0.0,2024-10-17
2024,7,b79f6f3e-1722-4ec4-8dcc-1be659a33f02,,TRADE_PROPOSAL,PENDING,10,{2C8A1B87-268B-45A5-A0E5-C4A3F61C9BC2},0,TRADE,4040761.0,Devin Singletary,10.0,5.0,2024-10-16
2024,7,b79f6f3e-1722-4ec4-8dcc-1be659a33f02,,TRADE_PROPOSAL,PENDING,10,{2C8A1B87-268B-45A5-A0E5-C4A3F61C9BC2},0,TRADE,4360516.0,Tyrone Tracy Jr.,10.0,5.0,2024-10-16
2024,7,b79f6f3e-1722-4ec4-8dcc-1be659a33f02,,TRADE_PROPOSAL,PENDING,10,{2C8A1B87-268B-45A5-A0E5-C4A3F61C9BC2},0,TRADE,3121422.0,Terry McLaurin,5.0,10.0,2024-10-16
2024,7,1c25b0e9-2cb8-405a-88f9-abb9adc6557a,ed290046-dbb3-4752-8bb8-e72d5d4ca64d,WAIVER,CANCELED,8,{00408013-39CF-40FC-8080-1339CFD0FC06},0,ADD,4242431.0,Ty Chandler,0.0,8.0,2024-10-16
2024,7,1c25b0e9-2cb8-405a-88f9-abb9adc6557a,ed290046-dbb3-4752-8bb8-e72d5d4ca64d,WAIVER,CANCELED,8,{00408013-39CF-40FC-8080-1339CFD0FC06},0,DROP,4685247.0,Braelon Allen,8.0,0.0,2024-10-16
2024,7,58b7b2e6-c184-4fb5-8f9b-f901d3284f00,,FREEAGENT,EXECUTED,14,{C2BAB8A3-9ED5-425C-BAB8-A39ED5B25CC2},0,ADD,4360761.0,Michael Wilson,0.0,14.0,2024-10-18
2024,7,58b7b2e6-c184-4fb5-8f9b-f901d3284f00,,FREEAGENT,EXECUTED,14,{C2BAB8A3-9ED5-425C-BAB8-A39ED5B25CC2},0,DROP,4431452.0,Drake Maye,14.0,0.0,2024-10-18
2024,7,009255e9-b7c0-4a93-801d-b386fb5a2d16,,FREEAGENT,EXECUTED,1,{C1E09685-96D1-4750-BA21-8BE16D3BF7CA},0,ADD,3117256.0,Dalton Schultz,0.0,1.0,2024-10-17
2024,7,009255e9-b7c0-4a93-801d-b386fb5a2d16,,FREEAGENT,EXECUTED,1,{C1E09685-96D1-4750-BA21-8BE16D3BF7CA},0,DROP,4373678.0,Khalil Shakir,1.0,0.0,2024-10-17
2024,7,54682db2-637b-4bf3-a029-292286179288,,FREEAGENT,EXECUTED,8,{00408013-39CF-40FC-8080-1339CFD0FC06},0,ADD,-16024.0,Chargers D/ST,0.0,8.0,2024-10-20
2024,7,54682db2-637b-4bf3-a029-292286179288,,FREEAGENT,EXECUTED,8,{00408013-39CF-40FC-8080-1339CFD0FC06},0,DROP,-16033.0,Ravens D/ST,8.0,0.0,2024-10-20
2024,7,ddb6e236-8d1c-4bf0-aa99-54b719cb8647,adcb32a6-7928-4f26-86dd-c1414bec60ed,WAIVER,EXECUTED,14,NightlyLeagueUpdateTaskProcessor,2,ADD,4429501.0,Ray Davis,0.0,14.0,2024-10-17
2024,7,ddb6e236-8d1c-4bf0-aa99-54b719cb8647,adcb32a6-7928-4f26-86dd-c1414bec60ed,WAIVER,EXECUTED,14,NightlyLeagueUpdateTaskProcessor,2,DROP,4241401.0,Trey Sermon,14.0,0.0,2024-10-17
2024,7,682dd17e-17d4-4338-b5e8-0a0fb7d36e68,85f49836-3ae5-4927-a172-d69d450d35c2,TRADE_DECLINE,EXECUTED,4,{8242D4C8-FCD1-4A28-9373-CD282687A8E7},0,,,,,,2024-10-15
2024,7,8a979b94-7178-402e-9867-b5cb322adf0e,9dec1c43-34b3-49bc-803d-8a487e030fba,WAIVER,EXECUTED,5,NightlyLeagueUpdateTaskProcessor,42,ADD,3052587.0,Baker Mayfield,0.0,5.0,2024-10-16
2024,7,8a979b94-7178-402e-9867-b5cb322adf0e,9dec1c43-34b3-49bc-803d-8a487e030fba,WAIVER,EXECUTED,5,NightlyLeagueUpdateTaskProcessor,42,DROP,4682745.0,Jaylen Wright,5.0,0.0,2024-10-16
2024,7,80629e88-3ea0-4820-9195-4db5d81d4f83,c23e0389-6ef7-43ed-91a3-54a792eef683,TRADE_ACCEPT,,7,{430447A7-381F-4E40-AD53-6A9C1F157A25},0,,,,,,2024-10-15
2024,7,8886ad51-8c35-4590-a11f-074d75fa7319,,FREEAGENT,EXECUTED,14,{C2BAB8A3-9ED5-425C-BAB8-A39ED5B25CC2},0,ADD,4428718.0,Tre Tucker,0.0,14.0,2024-10-19
2024,7,8886ad51-8c35-4590-a11f-074d75fa7319,,FREEAGENT,EXECUTED,14,{C2BAB8A3-9ED5-425C-BAB8-A39ED5B25CC2},0,DROP,4360761.0,Michael Wilson,14.0,0.0,2024-10-19
2024,7,bb23ff2b-9aa0-4a39-8c46-8e86a22df5d4,,FREEAGENT,EXECUTED,14,{C2BAB8A3-9ED5-425C-BAB8-A39ED5B25CC2},0,ADD,4431452.0,Drake Maye,0.0,14.0,2024-10-16
2024,7,bb23ff2b-9aa0-4a39-8c46-8e86a22df5d4,,FREEAGENT,EXECUTED,14,{C2BAB8A3-9ED5-425C-BAB8-A39ED5B25CC2},0,DROP,4362887.0,Justin Fields,14.0,0.0,2024-10-16
2024,7,95784bb6-d623-47e7-8da1-dab95ca3c256,2e5b3428-1218-4fbb-b4db-81f678453ea5,TRADE_PROPOSAL,CANCELED,1,{C1E09685-96D1-4750-BA21-8BE16D3BF7CA},0,TRADE,4242355.0,Jake Ferguson,1.0,10.0,2024-10-16
2024,7,95784bb6-d623-47e7-8da1-dab95ca3c256,2e5b3428-1218-4fbb-b4db-81f678453ea5,TRADE_PROPOSAL,CANCELED,1,{C1E09685-96D1-4750-BA21-8BE16D3BF7CA},0,TRADE,4373678.0,Khalil Shakir,1.0,10.0,2024-10-16
2024,7,95784bb6-d623-47e7-8da1-dab95ca3c256,2e5b3428-1218-4fbb-b4db-81f678453ea5,TRADE_PROPOSAL,CANCELED,1,{C1E09685-96D1-4750-BA21-8BE16D3BF7CA},0,TRADE,4361307.0,Trey McBride,10.0,1.0,2024-10-16
2024,7,ee89e429-4f2e-4906-b17a-c307237e2f7c,,FREEAGENT,EXECUTED,8,{00408013-39CF-40FC-8080-1339CFD0FC06},0,ADD,4429676.0,Tyler Goodson,0.0,8.0,2024-10-17
2024,7,ee89e429-4f2e-4906-b17a-c307237e2f7c,,FREEAGENT,EXECUTED,8,{00408013-39CF-40FC-8080-1339CFD0FC06},0,DROP,4242431.0,Ty Chandler,8.0,0.0,2024-10-17
2024,7,5dc90bef-4387-4e7c-8892-f4884f295332,,FREEAGENT,EXECUTED,10,{2C8A1B87-268B-45A5-A0E5-C4A3F61C9BC2},0,ADD,-16030.0,Jaguars D/ST,0.0,10.0,2024-10-17
2024,7,5dc90bef-4387-4e7c-8892-f4884f295332,,FREEAGENT,EXECUTED,10,{2C8A1B87-268B-45A5-A0E5-C4A3F61C9BC2},0,DROP,-16009.0,Packers D/ST,10.0,0.0,2024-10-17
2024,7,a666b4f6-ad10-47a9-a61a-1bc6619e2197,be17e42b-bc1e-4258-ae90-20febe8226d6,TRADE_PROPOSAL,CANCELED,8,{00408013-39CF-40FC-8080-1339CFD0FC06},0,TRADE,4430034.0,Xavier Legette,8.0,7.0,2024-10-16
2024,7,a666b4f6-ad10-47a9-a61a-1bc6619e2197,be17e42b-bc1e-4258-ae90-20febe8226d6,TRADE_PROPOSAL,CANCELED,8,{00408013-39CF-40FC-8080-1339CFD0FC06},0,TRADE,4685247.0,Braelon Allen,8.0,7.0,2024-10-16
2024,7,a666b4f6-ad10-47a9-a61a-1bc6619e2197,be17e42b-bc1e-4258-ae90-20febe8226d6,TRADE_PROPOSAL,CANCELED,8,{00408013-39CF-40FC-8080-1339CFD0FC06},0,TRADE,4430968.0,Kimani Vidal,7.0,8.0,2024-10-16
2024,7,a666b4f6-ad10-47a9-a61a-1bc6619e2197,be17e42b-bc1e-4258-ae90-20febe8226d6,TRADE_PROPOSAL,CANCELED,8,{00408013-39CF-40FC-8080-1339CFD0FC06},0,TRADE,3123076.0,David Njoku,7.0,8.0,2024-10-16
2024,7,b9dd67ee-8e9a-4903-9515-639692927446,,FREEAGENT,EXECUTED,8,{00408013-39CF-40FC-8080-1339CFD0FC06},0,ADD,4427985.0,Bub Means,0.0,8.0,2024-10-16
2024,7,b9dd67ee-8e9a-4903-9515-639692927446,,FREEAGENT,EXECUTED,8,{00408013-39CF-40FC-8080-1339CFD0FC06},0,DROP,4032473.0,Rashid Shaheed,8.0,0.0,2024-10-16
2024,7,aa46555b-6228-4ab2-bb9f-dbd474ef27c5,d9cc182b-fde0-4092-af52-659b12c65f2c,WAIVER,FAILED_PLAYERALREADYDROPPED,7,NightlyLeagueUpdateTaskProcessor,3,ADD,3125116.0,D'Onta Foreman,0.0,7.0,2024-10-16
2024,7,aa46555b-6228-4ab2-bb9f-dbd474ef27c5,d9cc182b-fde0-4092-af52-659b12c65f2c,WAIVER,FAILED_PLAYERALREADYDROPPED,7,NightlyLeagueUpdateTaskProcessor,3,DROP,-16024.0,Chargers D/ST,7.0,0.0,2024-10-16
2024,7,30a1c206-915d-423e-a4ba-b89724b723bf,,FREEAGENT,EXECUTED,8,{00408013-39CF-40FC-8080-1339CFD0FC06},0,ADD,-16033.0,Ravens D/ST,0.0,8.0,2024-10-16
2024,7,30a1c206-915d-423e-a4ba-b89724b723bf,,FREEAGENT,EXECUTED,8,{00408013-39CF-40FC-8080-1339CFD0FC06},0,DROP,-16001.0,Falcons D/ST,8.0,0.0,2024-10-16
2024,7,1391e0d0-e9da-4963-9e30-5e16e3158206,897e0ff2-86a2-4d2f-9d83-5307b519c8b8,WAIVER,EXECUTED,12,NightlyLeagueUpdateTaskProcessor,7,ADD,4241401.0,Trey Sermon,0.0,12.0,2024-10-18
2024,7,1391e0d0-e9da-4963-9e30-5e16e3158206,897e0ff2-86a2-4d2f-9d83-5307b519c8b8,WAIVER,EXECUTED,12,NightlyLeagueUpdateTaskProcessor,7,DROP,3139477.0,Patrick Mahomes,12.0,0.0,2024-10-18
2024,7,17cc4147-1807-4a4f-ad0d-94e0362611c9,05d27b59-a55c-4ab9-a6a1-ef76dc7bdcfc,WAIVER,EXECUTED,7,NightlyLeagueUpdateTaskProcessor,6,ADD,4430968.0,Kimani Vidal,0.0,7.0,2024-10-16
2024,7,17cc4147-1807-4a4f-ad0d-94e0362611c9,05d27b59-a55c-4ab9-a6a1-ef76dc7bdcfc,WAIVER,EXECUTED,7,NightlyLeagueUpdateTaskProcessor,6,DROP,-16024.0,Chargers D/ST,7.0,0.0,2024-10-16
2024,7,8b715b98-b155-46a0-b533-582fd8c84824,8f4dfeb7-a82b-4333-b391-ab9c1852dbab,WAIVER,EXECUTED,14,NightlyLeagueUpdateTaskProcessor,26,ADD,4430871.0,Sean Tucker,0.0,14.0,2024-10-16
2024,7,8b715b98-b155-46a0-b533-582fd8c84824,8f4dfeb7-a82b-4333-b391-ab9c1852dbab,WAIVER,EXECUTED,14,NightlyLeagueUpdateTaskProcessor,26,DROP,4429501.0,Ray Davis,14.0,0.0,2024-10-16
2024,7,01f9cae8-a5ca-418c-8a1e-04cfa9097441,4fef88ed-8d96-4941-9c73-d373b9f22e55,WAIVER,FAILED_INVALIDPLAYERSOURCE,7,NightlyLeagueUpdateTaskProcessor,17,ADD,3052587.0,Baker Mayfield,0.0,7.0,2024-10-16
2024,7,01f9cae8-a5ca-418c-8a1e-04cfa9097441,4fef88ed-8d96-4941-9c73-d373b9f22e55,WAIVER,FAILED_INVALIDPLAYERSOURCE,7,NightlyLeagueUpdateTaskProcessor,17,DROP,-16024.0,Chargers D/ST,7.0,0.0,2024-10-16
2024,7,23f936c4-e06e-4da4-a228-6b06d7451969,b60393df-bc74-4b2f-888a-799131d48531,TRADE_DECLINE,EXECUTED,8,{00408013-39CF-40FC-8080-1339CFD0FC06},0,,,,,,2024-10-15
2024,7,25664f47-07c5-4afa-bb77-02870a1152e8,,ROSTER,EXECUTED,7,{430447A7-381F-4E40-AD53-6A9C1F157A25},0,DROP,4887558.0,Emanuel Wilson,7.0,0.0,2024-10-15
2024,7,9632c767-96ad-423c-b0f2-adee3d5551f0,8d7a7e57-0dd6-458a-ae29-b96cab5bd240,TRADE_DECLINE,EXECUTED,1,{C1E09685-96D1-4750-BA21-8BE16D3BF7CA},0,,,,,,2024-10-16
2024,7,29809605-9901-47cc-a78d-a6dfafdc6afc,68f18531-6177-4da2-898e-83422a7fc907,WAIVER,CANCELED,1,{C1E09685-96D1-4750-BA21-8BE16D3BF7CA},0,ADD,4372561.0,Isaac Guerendo,0.0,1.0,2024-10-15
2024,7,29809605-9901-47cc-a78d-a6dfafdc6afc,68f18531-6177-4da2-898e-83422a7fc907,WAIVER,CANCELED,1,{C1E09685-96D1-4750-BA21-8BE16D3BF7CA},0,DROP,4048244.0,Alexander Mattison,1.0,0.0,2024-10-15
2024,7,5fde72bf-eeb6-4722-ad08-9812b3b0f943,26922947-03f3-4ba8-bdcc-cc2bf91f3807,TRADE_PROPOSAL,CANCELED,8,{00408013-39CF-40FC-8080-1339CFD0FC06},0,TRADE,4035687.0,Michael Pittman Jr.,8.0,1.0,2024-10-15
2024,7,5fde72bf-eeb6-4722-ad08-9812b3b0f943,26922947-03f3-4ba8-bdcc-cc2bf91f3807,TRADE_PROPOSAL,CANCELED,8,{00408013-39CF-40FC-8080-1339CFD0FC06},0,TRADE,4362238.0,Chase Brown,8.0,1.0,2024-10-15
2024,7,5fde72bf-eeb6-4722-ad08-9812b3b0f943,26922947-03f3-4ba8-bdcc-cc2bf91f3807,TRADE_PROPOSAL,CANCELED,8,{00408013-39CF-40FC-8080-1339CFD0FC06},0,TRADE,4569618.0,Garrett Wilson,1.0,8.0,2024-10-15
2024,7,1750cbaf-52e3-4e74-9e15-0fc7b70e4bd4,d75443e9-c54f-403e-9cb0-7cef7d3b9184,TRADE_PROPOSAL,CANCELED,7,{430447A7-381F-4E40-AD53-6A9C1F157A25},0,TRADE,3123076.0,David Njoku,7.0,14.0,2024-10-16
2024,7,1750cbaf-52e3-4e74-9e15-0fc7b70e4bd4,d75443e9-c54f-403e-9cb0-7cef7d3b9184,TRADE_PROPOSAL,CANCELED,7,{430447A7-381F-4E40-AD53-6A9C1F157A25},0,TRADE,3128720.0,Nick Chubb,14.0,7.0,2024-10-16
2024,7,f9abd0d7-fbb9-497b-8aba-2489c71bff95,,TRADE_PROPOSAL,PENDING,8,{00408013-39CF-40FC-8080-1339CFD0FC06},0,TRADE,4427366.0,Breece Hall,8.0,10.0,2024-10-15
2024,7,f9abd0d7-fbb9-497b-8aba-2489c71bff95,,TRADE_PROPOSAL,PENDING,8,{00408013-39CF-40FC-8080-1339CFD0FC06},0,TRADE,4362628.0,Ja'Marr Chase,10.0,8.0,2024-10-15
2024,7,e7914e96-3d11-449b-b6d8-d0ec3022d28d,90b5060a-4e7e-456c-b64d-10024200418a,TRADE_PROPOSAL,CANCELED,8,{00408013-39CF-40FC-8080-1339CFD0FC06},0,TRADE,3123076.0,David Njoku,7.0,8.0,2024-10-16
2024,7,e7914e96-3d11-449b-b6d8-d0ec3022d28d,90b5060a-4e7e-456c-b64d-10024200418a,TRADE_PROPOSAL,CANCELED,8,{00408013-39CF-40FC-8080-1339CFD0FC06},0,TRADE,4430034.0,Xavier Legette,8.0,7.0,2024-10-16
2024,7,39d5ec6f-76e9-4cb1-b4fa-ea845cebfe66,46f17a5a-8a86-4952-9ec7-011ab2fcc13f,WAIVER,EXECUTED,7,NightlyLeagueUpdateTaskProcessor,9,ADD,-16004.0,Bengals D/ST,0.0,7.0,2024-10-16
2024,7,39d5ec6f-76e9-4cb1-b4fa-ea845cebfe66,46f17a5a-8a86-4952-9ec7-011ab2fcc13f,WAIVER,EXECUTED,7,NightlyLeagueUpdateTaskProcessor,9,DROP,-16018.0,Saints D/ST,7.0,0.0,2024-10-16
2024,7,13f24ecf-89d4-49fc-a26c-35ddbfb57d03,a161e279-a0bc-495c-8869-41a7d0ad17d7,TRADE_DECLINE,EXECUTED,1,{C1E09685-96D1-4750-BA21-8BE16D3BF7CA},0,,,,,,2024-10-15
2024,7,5dc2e446-e7c0-435c-b5e1-aa1a60cb6d40,3c99bfd9-4cc4-492a-a007-6447195e433d,WAIVER,FAILED_INVALIDPLAYERSOURCE,14,NightlyLeagueUpdateTaskProcessor,2,ADD,4241463.0,Jerry Jeudy,0.0,14.0,2024-10-17
2024,7,5dc2e446-e7c0-435c-b5e1-aa1a60cb6d40,3c99bfd9-4cc4-492a-a007-6447195e433d,WAIVER,FAILED_INVALIDPLAYERSOURCE,14,NightlyLeagueUpdateTaskProcessor,2,DROP,15835.0,Zach Ertz,14.0,0.0,2024-10-17
2024,7,a830f81b-f32a-4a1d-9322-f19313ca074e,,ROSTER,EXECUTED,2,{6AC115FA-3A0D-4948-8115-FA3A0DD94826},0,DROP,4428718.0,Tre Tucker,2.0,0.0,2024-10-16
2024,7,214ce34f-6566-46a8-9769-390ce8938e14,e03ad302-c920-4d54-a8ef-d069007f126a,WAIVER,EXECUTED,8,NightlyLeagueUpdateTaskProcessor,10,ADD,4242431.0,Ty Chandler,0.0,8.0,2024-10-17
2024,7,214ce34f-6566-46a8-9769-390ce8938e14,e03ad302-c920-4d54-a8ef-d069007f126a,WAIVER,EXECUTED,8,NightlyLeagueUpdateTaskProcessor,10,DROP,4685247.0,Braelon Allen,8.0,0.0,2024-10-17
2024,7,be300f11-55d9-45b9-934c-9dc7e6f1fd12,8464d585-9790-411d-8032-9eb7211d8063,WAIVER,FAILED_INVALIDPLAYERSOURCE,7,NightlyLeagueUpdateTaskProcessor,4,ADD,4241401.0,Trey Sermon,0.0,7.0,2024-10-18
2024,7,be300f11-55d9-45b9-934c-9dc7e6f1fd12,8464d585-9790-411d-8032-9eb7211d8063,WAIVER,FAILED_INVALIDPLAYERSOURCE,7,NightlyLeagueUpdateTaskProcessor,4,DROP,4427095.0,DeMario Douglas,7.0,0.0,2024-10-18
2024,7,99540e8a-a98a-469c-91ac-f6ec84360a82,,FREEAGENT,EXECUTED,3,{C52D799E-6C1C-44B9-8371-9B6AF857D8E8},0,ADD,15864.0,Geno Smith,0.0,3.0,2024-10-16
2024,7,99540e8a-a98a-469c-91ac-f6ec84360a82,,FREEAGENT,EXECUTED,3,{C52D799E-6C1C-44B9-8371-9B6AF857D8E8},0,DROP,3912547.0,Sam Darnold,3.0,0.0,2024-10-16
2024,7,d0bf4543-dc9d-4b5d-a13a-d209891ff224,,FREEAGENT,EXECUTED,14,{C2BAB8A3-9ED5-425C-BAB8-A39ED5B25CC2},0,ADD,8439.0,Aaron Rodgers,0.0,14.0,2024-10-17
2024,7,d0bf4543-dc9d-4b5d-a13a-d209891ff224,,FREEAGENT,EXECUTED,14,{C2BAB8A3-9ED5-425C-BAB8-A39ED5B25CC2},0,DROP,15835.0,Zach Ertz,14.0,0.0,2024-10-17
2024,7,1b678df9-2d1f-4fb0-956b-4fd24c9c9853,9d4a7528-d854-419c-ad68-0f0584a21fb5,TRADE_DECLINE,EXECUTED,8,{00408013-39CF-40FC-8080-1339CFD0FC06},0,,,,,,2024-10-15
2024,7,c4310342-7dae-43ea-a9b1-834d7be74be0,35cd94fe-8627-4bcc-9044-ead57e3e0a24,WAIVER,EXECUTED,3,NightlyLeagueUpdateTaskProcessor,4,ADD,4241463.0,Jerry Jeudy,0.0,3.0,2024-10-17
2024,7,c4310342-7dae-43ea-a9b1-834d7be74be0,35cd94fe-8627-4bcc-9044-ead57e3e0a24,WAIVER,EXECUTED,3,NightlyLeagueUpdateTaskProcessor,4,DROP,4429084.0,Anthony Richardson,3.0,0.0,2024-10-17
2024,7,bd2c1046-d53f-4c72-ad95-6d5fa26d2e83,,ROSTER,EXECUTED,4,{8242D4C8-FCD1-4A28-9373-CD282687A8E7},0,LINEUP,4595348.0,Malik Nabers,0.0,0.0,2024-10-17
2024,7,bd2c1046-d53f-4c72-ad95-6d5fa26d2e83,,ROSTER,EXECUTED,4,{8242D4C8-FCD1-4A28-9373-CD282687A8E7},0,DROP,3916945.0,Darius Slayton,4.0,0.0,2024-10-17
2024,7,18b861e2-dfce-4976-8d40-e86b693d5ec3,d348fdc0-b823-45ff-9bce-79ff7899162f,TRADE_PROPOSAL,CANCELED,4,{8242D4C8-FCD1-4A28-9373-CD282687A8E7},0,TRADE,3916945.0,Darius Slayton,4.0,2.0,2024-10-15
2024,7,18b861e2-dfce-4976-8d40-e86b693d5ec3,d348fdc0-b823-45ff-9bce-79ff7899162f,TRADE_PROPOSAL,CANCELED,4,{8242D4C8-FCD1-4A28-9373-CD282687A8E7},0,TRADE,2576414.0,Raheem Mostert,2.0,4.0,2024-10-15
2024,7,18b861e2-dfce-4976-8d40-e86b693d5ec3,d348fdc0-b823-45ff-9bce-79ff7899162f,TRADE_PROPOSAL,CANCELED,4,{8242D4C8-FCD1-4A28-9373-CD282687A8E7},0,TRADE,4429025.0,Quentin Johnston,4.0,2.0,2024-10-15
2024,7,6a817184-673b-48fe-b60c-1c36e785b25b,5a971d4b-5099-46c5-a4dc-9710f5762686,WAIVER,FAILED_INVALIDPLAYERSOURCE,14,NightlyLeagueUpdateTaskProcessor,5,ADD,3052587.0,Baker Mayfield,0.0,14.0,2024-10-16
2024,7,6a817184-673b-48fe-b60c-1c36e785b25b,5a971d4b-5099-46c5-a4dc-9710f5762686,WAIVER,FAILED_INVALIDPLAYERSOURCE,14,NightlyLeagueUpdateTaskProcessor,5,DROP,2577417.0,Dak Prescott,14.0,0.0,2024-10-16
2024,7,790c5475-fef9-42d3-9546-49a487955770,0947f6e7-ae9f-4c51-9e12-933f6f35eb4a,WAIVER,CANCELED,10,{2C8A1B87-268B-45A5-A0E5-C4A3F61C9BC2},0,ADD,4427985.0,Bub Means,0.0,10.0,2024-10-20
2024,7,790c5475-fef9-42d3-9546-49a487955770,0947f6e7-ae9f-4c51-9e12-933f6f35eb4a,WAIVER,CANCELED,10,{2C8A1B87-268B-45A5-A0E5-C4A3F61C9BC2},0,DROP,-16030.0,Jaguars D/ST,10.0,0.0,2024-10-20
2024,7,45f86c13-0308-4c13-b5f4-3f460ee30bf6,00ee16dc-3840-4dbc-be53-bf809b8e82c8,TRADE_PROPOSAL,CANCELED,8,{00408013-39CF-40FC-8080-1339CFD0FC06},0,TRADE,4430034.0,Xavier Legette,8.0,7.0,2024-10-16
2024,7,45f86c13-0308-4c13-b5f4-3f460ee30bf6,00ee16dc-3840-4dbc-be53-bf809b8e82c8,TRADE_PROPOSAL,CANCELED,8,{00408013-39CF-40FC-8080-1339CFD0FC06},0,TRADE,3123076.0,David Njoku,7.0,8.0,2024-10-16
2024,7,540c1902-3c1f-4fe7-b9af-f809e932ae34,c23e0389-6ef7-43ed-91a3-54a792eef683,TRADE_UPHOLD,EXECUTED,7,{430447A7-381F-4E40-AD53-6A9C1F157A25},0,,,,,,2024-10-16
2024,7,0947f6e7-ae9f-4c51-9e12-933f6f35eb4a,,WAIVER,PENDING,10,{2C8A1B87-268B-45A5-A0E5-C4A3F61C9BC2},1,ADD,4427985.0,Bub Means,0.0,10.0,2024-10-17
2024,7,0947f6e7-ae9f-4c51-9e12-933f6f35eb4a,,WAIVER,PENDING,10,{2C8A1B87-268B-45A5-A0E5-C4A3F61C9BC2},1,DROP,-16030.0,Jaguars D/ST,10.0,0.0,2024-10-17
2024,7,0e03c169-373c-4313-8307-2f8420e4e458,b79f6f3e-1722-4ec4-8dcc-1be659a33f02,TRADE_DECLINE,EXECUTED,5,{77F704CF-0C76-4984-9A71-8BD39511C19F},0,,,,,,2024-10-16
2024,7,34fcfc5e-3f7c-44fe-b3b7-4121c2451cc5,d5cec609-e35c-4815-bdff-6f6bcfc6ec41,WAIVER,EXECUTED,12,NightlyLeagueUpdateTaskProcessor,7,ADD,4248528.0,Christian Watson,0.0,12.0,2024-10-16
2024,7,34fcfc5e-3f7c-44fe-b3b7-4121c2451cc5,d5cec609-e35c-4815-bdff-6f6bcfc6ec41,WAIVER,EXECUTED,12,NightlyLeagueUpdateTaskProcessor,7,DROP,4360761.0,Michael Wilson,12.0,0.0,2024-10-16
2024,7,5ddb5ccd-d75a-4bef-a9aa-d27bb461c256,ff5068af-736b-40e3-b8dc-e271b6f79052,TRADE_DECLINE,EXECUTED,14,{C2BAB8A3-9ED5-425C-BAB8-A39ED5B25CC2},0,,,,,,2024-10-16
2024,7,89a25f56-dd4c-4214-872f-1b28e9c96738,,FREEAGENT,EXECUTED,7,{430447A7-381F-4E40-AD53-6A9C1F157A25},0,ADD,4427095.0,DeMario Douglas,0.0,7.0,2024-10-16
2024,7,89a25f56-dd4c-4214-872f-1b28e9c96738,,FREEAGENT,EXECUTED,7,{430447A7-381F-4E40-AD53-6A9C1F157A25},0,DROP,4372019.0,Jerome Ford,7.0,0.0,2024-10-16
2024,7,477d764c-0c40-44e3-8d31-48273f12d6dd,,FREEAGENT,EXECUTED,14,{C2BAB8A3-9ED5-425C-BAB8-A39ED5B25CC2},0,ADD,-16008.0,Lions D/ST,0.0,14.0,2024-10-16
2024,7,477d764c-0c40-44e3-8d31-48273f12d6dd,,FREEAGENT,EXECUTED,14,{C2BAB8A3-9ED5-425C-BAB8-A39ED5B25CC2},0,DROP,-16027.0,Buccaneers D/ST,14.0,0.0,2024-10-16
2024,7,3a55d1e1-db8e-4c0a-b0f0-6fbd7b456715,fd5683a0-e483-43a0-b674-ad916fcd0235,TRADE_DECLINE,EXECUTED,7,{430447A7-381F-4E40-AD53-6A9C1F157A25},0,,,,,,2024-10-18
2024,7,070e1d74-e89c-46fb-b427-3d5a08956450,f9abd0d7-fbb9-497b-8aba-2489c71bff95,TRADE_PROPOSAL,CANCELED,8,{00408013-39CF-40FC-8080-1339CFD0FC06},0,TRADE,4427366.0,Breece Hall,8.0,10.0,2024-10-15
2024,7,070e1d74-e89c-46fb-b427-3d5a08956450,f9abd0d7-fbb9-497b-8aba-2489c71bff95,TRADE_PROPOSAL,CANCELED,8,{00408013-39CF-40FC-8080-1339CFD0FC06},0,TRADE,4362628.0,Ja'Marr Chase,10.0,8.0,2024-10-15
2024,7,88c0c46a-2076-413e-9f10-2e507e001b0c,,FREEAGENT,EXECUTED,8,{00408013-39CF-40FC-8080-1339CFD0FC06},0,ADD,4242431.0,Ty Chandler,0.0,8.0,2024-10-17
2024,7,88c0c46a-2076-413e-9f10-2e507e001b0c,,FREEAGENT,EXECUTED,8,{00408013-39CF-40FC-8080-1339CFD0FC06},0,DROP,4427985.0,Bub Means,8.0,0.0,2024-10-17
2024,7,86816bee-6c63-425c-bd35-cefe31fd911b,e9e2d60c-0d85-44b1-bec5-d852e9f02f11,TRADE_PROPOSAL,CANCELED,8,{00408013-39CF-40FC-8080-1339CFD0FC06},0,TRADE,4429795.0,Jahmyr Gibbs,8.0,7.0,2024-10-15
2024,7,86816bee-6c63-425c-bd35-cefe31fd911b,e9e2d60c-0d85-44b1-bec5-d852e9f02f11,TRADE_PROPOSAL,CANCELED,8,{00408013-39CF-40FC-8080-1339CFD0FC06},0,TRADE,4262921.0,Justin Jefferson,7.0,8.0,2024-10-15
2024,7,2e5b3428-1218-4fbb-b4db-81f678453ea5,,TRADE_PROPOSAL,PENDING,1,{C1E09685-96D1-4750-BA21-8BE16D3BF7CA},0,TRADE,4242355.0,Jake Ferguson,1.0,10.0,2024-10-15
2024,7,2e5b3428-1218-4fbb-b4db-81f678453ea5,,TRADE_PROPOSAL,PENDING,1,{C1E09685-96D1-4750-BA21-8BE16D3BF7CA},0,TRADE,4373678.0,Khalil Shakir,1.0,10.0,2024-10-15
2024,7,2e5b3428-1218-4fbb-b4db-81f678453ea5,,TRADE_PROPOSAL,PENDING,1,{C1E09685-96D1-4750-BA21-8BE16D3BF7CA},0,TRADE,4361307.0,Trey McBride,10.0,1.0,2024-10-15
2024,7,49e16a66-8e1e-4e9f-94ce-1fc5e173f909,,FREEAGENT,EXECUTED,5,{77F704CF-0C76-4984-9A71-8BD39511C19F},0,ADD,-16014.0,Rams D/ST,0.0,5.0,2024-10-20
2024,7,08223901-acc5-4d29-aaea-9158b91cc1f6,b79f6f3e-1722-4ec4-8dcc-1be659a33f02,TRADE_PROPOSAL,CANCELED,10,{77F704CF-0C76-4984-9A71-8BD39511C19F},0,TRADE,4040761.0,Devin Singletary,10.0,5.0,2024-10-16
2024,7,08223901-acc5-4d29-aaea-9158b91cc1f6,b79f6f3e-1722-4ec4-8dcc-1be659a33f02,TRADE_PROPOSAL,CANCELED,10,{77F704CF-0C76-4984-9A71-8BD39511C19F},0,TRADE,4360516.0,Tyrone Tracy Jr.,10.0,5.0,2024-10-16
2024,7,08223901-acc5-4d29-aaea-9158b91cc1f6,b79f6f3e-1722-4ec4-8dcc-1be659a33f02,TRADE_PROPOSAL,CANCELED,10,{77F704CF-0C76-4984-9A71-8BD39511C19F},0,TRADE,3121422.0,Terry McLaurin,5.0,10.0,2024-10-16
2024,7,ed6aa318-bd23-4384-9035-ef960f6d0f66,,FREEAGENT,EXECUTED,12,{91D28B99-9234-408F-ACE7-32AEC03EE9E2},0,ADD,4243331.0,Cade Otton,0.0,12.0,2024-10-18
2024,7,ed6aa318-bd23-4384-9035-ef960f6d0f66,,FREEAGENT,EXECUTED,12,{91D28B99-9234-408F-ACE7-32AEC03EE9E2},0,DROP,3121023.0,Dallas Goedert,12.0,0.0,2024-10-18
2024,7,416ea4c0-893a-4273-bf06-8a0509398c93,,ROSTER,EXECUTED,14,{C2BAB8A3-9ED5-425C-BAB8-A39ED5B25CC2},0,LINEUP,3128720.0,Nick Chubb,0.0,0.0,2024-10-19
2024,7,416ea4c0-893a-4273-bf06-8a0509398c93,,ROSTER,EXECUTED,14,{C2BAB8A3-9ED5-425C-BAB8-A39ED5B25CC2},0,DROP,4429501.0,Ray Davis,14.0,0.0,2024-10-19
2024,7,1935486c-af29-4b3e-8c2f-011952463f5a,4b416258-b854-4538-992b-ae53224864f7,TRADE_DECLINE,EXECUTED,8,{00408013-39CF-40FC-8080-1339CFD0FC06},0,,,,,,2024-10-15
2024,7,fd712c54-29d4-4ec1-bfdf-339a7bcd10c2,,FREEAGENT,EXECUTED,2,{6AC115FA-3A0D-4948-8115-FA3A0DD94826},0,ADD,3046439.0,Hunter Henry,0.0,2.0,2024-10-16
2024,7,fd712c54-29d4-4ec1-bfdf-339a7bcd10c2,,FREEAGENT,EXECUTED,2,{6AC115FA-3A0D-4948-8115-FA3A0DD94826},0,DROP,3915486.0,Tyler Conklin,2.0,0.0,2024-10-16
2024,7,df8c83c2-18e4-4fa3-9e22-4166143a3713,8eb94b67-b3f6-412c-b744-827b50b46eae,TRADE_PROPOSAL,CANCELED,8,{00408013-39CF-40FC-8080-1339CFD0FC06},0,TRADE,4427366.0,Breece Hall,8.0,14.0,2024-10-17
2024,7,df8c83c2-18e4-4fa3-9e22-4166143a3713,8eb94b67-b3f6-412c-b744-827b50b46eae,TRADE_PROPOSAL,CANCELED,8,{00408013-39CF-40FC-8080-1339CFD0FC06},0,TRADE,4241389.0,CeeDee Lamb,14.0,8.0,2024-10-17
2024,7,e25b3bcf-b8f4-406d-94e4-a080fb8cfdeb,,ROSTER,EXECUTED,6,{FE8F6865-8A47-4C3A-8D66-0780982B48DD},0,DROP,4242431.0,Ty Chandler,6.0,0.0,2024-10-15
2024,7,04153a30-f197-4f46-9630-79c7195ea82a,bc3e8e8c-d397-4c56-8147-ac840ef20e9f,WAIVER,CANCELED,12,{91D28B99-9234-408F-ACE7-32AEC03EE9E2},0,ADD,4248528.0,Christian Watson,0.0,12.0,2024-10-15
2024,7,04153a30-f197-4f46-9630-79c7195ea82a,bc3e8e8c-d397-4c56-8147-ac840ef20e9f,WAIVER,CANCELED,12,{91D28B99-9234-408F-ACE7-32AEC03EE9E2},0,DROP,4360761.0,Michael Wilson,12.0,0.0,2024-10-15
2024,7,8e01b953-ad8a-4c00-bd77-c3605ff657b2,c23e0389-6ef7-43ed-91a3-54a792eef683,TRADE_UPHOLD,EXECUTED,1,{C1E09685-96D1-4750-BA21-8BE16D3BF7CA},0,,,,,,2024-10-16
2024,8,a94aec98-a802-4c15-971f-519b9defc155,,TRADE_PROPOSAL,PENDING,1,{C1E09685-96D1-4750-BA21-8BE16D3BF7CA},0,TRADE,4361529.0,Isiah Pacheco,1.0,10.0,2024-10-24
2024,8,a94aec98-a802-4c15-971f-519b9defc155,,TRADE_PROPOSAL,PENDING,1,{C1E09685-96D1-4750-BA21-8BE16D3BF7CA},0,TRADE,4361370.0,Chris Olave,10.0,1.0,2024-10-24
2024,8,a94aec98-a802-4c15-971f-519b9defc155,,TRADE_PROPOSAL,PENDING,1,{C1E09685-96D1-4750-BA21-8BE16D3BF7CA},0,DROP,3120348.0,JuJu Smith-Schuster,1.0,0.0,2024-10-24
2024,8,773215c8-03fc-4c1f-8469-9c8fb4df5e5f,0aab7aae-ab8a-40e6-9798-daf1eeffca1e,TRADE_PROPOSAL,CANCELED,14,{C2BAB8A3-9ED5-425C-BAB8-A39ED5B25CC2},0,TRADE,3116365.0,Mark Andrews,14.0,10.0,2024-10-23
2024,8,773215c8-03fc-4c1f-8469-9c8fb4df5e5f,0aab7aae-ab8a-40e6-9798-daf1eeffca1e,TRADE_PROPOSAL,CANCELED,14,{C2BAB8A3-9ED5-425C-BAB8-A39ED5B25CC2},0,TRADE,4366031.0,Tank Dell,14.0,10.0,2024-10-23
2024,8,773215c8-03fc-4c1f-8469-9c8fb4df5e5f,0aab7aae-ab8a-40e6-9798-daf1eeffca1e,TRADE_PROPOSAL,CANCELED,14,{C2BAB8A3-9ED5-425C-BAB8-A39ED5B25CC2},0,TRADE,4379399.0,James Cook,14.0,10.0,2024-10-23
2024,8,773215c8-03fc-4c1f-8469-9c8fb4df5e5f,0aab7aae-ab8a-40e6-9798-daf1eeffca1e,TRADE_PROPOSAL,CANCELED,14,{C2BAB8A3-9ED5-425C-BAB8-A39ED5B25CC2},0,TRADE,4362628.0,Ja'Marr Chase,10.0,14.0,2024-10-23
2024,8,13113640-b779-4ef4-95ac-a492a26f421f,9291081f-63cc-4321-8c9a-8db7951a0095,TRADE_PROPOSAL,CANCELED,3,{C52D799E-6C1C-44B9-8371-9B6AF857D8E8},0,TRADE,4035676.0,Zack Moss,3.0,10.0,2024-10-24
2024,8,13113640-b779-4ef4-95ac-a492a26f421f,9291081f-63cc-4321-8c9a-8db7951a0095,TRADE_PROPOSAL,CANCELED,3,{C52D799E-6C1C-44B9-8371-9B6AF857D8E8},0,TRADE,4567048.0,Kenneth Walker III,3.0,10.0,2024-10-24
2024,8,13113640-b779-4ef4-95ac-a492a26f421f,9291081f-63cc-4321-8c9a-8db7951a0095,TRADE_PROPOSAL,CANCELED,3,{C52D799E-6C1C-44B9-8371-9B6AF857D8E8},0,TRADE,4362628.0,Ja'Marr Chase,10.0,3.0,2024-10-24
2024,8,97b5dad5-4505-4a98-adb8-2d2554807367,,FREEAGENT,EXECUTED,8,{00408013-39CF-40FC-8080-1339CFD0FC06},0,ADD,4369863.0,Cedric Tillman,0.0,8.0,2024-10-23
2024,8,97b5dad5-4505-4a98-adb8-2d2554807367,,FREEAGENT,EXECUTED,8,{00408013-39CF-40FC-8080-1339CFD0FC06},0,DROP,4429084.0,Anthony Richardson,8.0,0.0,2024-10-23
2024,8,09677b35-a3cb-4740-98b1-e7c64d4da75a,358cee49-346e-4eb6-a618-9d1739cc77aa,WAIVER,FAILED_INVALIDPLAYERSOURCE,4,NightlyLeagueUpdateTaskProcessor,22,ADD,3886598.0,Jauan Jennings,0.0,4.0,2024-10-23
2024,8,09677b35-a3cb-4740-98b1-e7c64d4da75a,358cee49-346e-4eb6-a618-9d1739cc77aa,WAIVER,FAILED_INVALIDPLAYERSOURCE,4,NightlyLeagueUpdateTaskProcessor,22,DROP,4429025.0,Quentin Johnston,4.0,0.0,2024-10-23
2024,8,0a129404-7e16-4ea0-8d94-a5381dd3df41,f70e4cb9-7a10-49de-a714-b098224ee672,WAIVER,FAILED_INVALIDPLAYERSOURCE,7,NightlyLeagueUpdateTaskProcessor,8,ADD,-16012.0,Chiefs D/ST,0.0,7.0,2024-10-23
2024,8,0a129404-7e16-4ea0-8d94-a5381dd3df41,f70e4cb9-7a10-49de-a714-b098224ee672,WAIVER,FAILED_INVALIDPLAYERSOURCE,7,NightlyLeagueUpdateTaskProcessor,8,DROP,-16004.0,Bengals D/ST,7.0,0.0,2024-10-23
2024,8,41409741-3f29-4409-a43a-8bac55d48ecc,5d87ae21-6355-438a-a392-d452eb1d6012,WAIVER,EXECUTED,7,NightlyLeagueUpdateTaskProcessor,3,ADD,-16009.0,Packers D/ST,0.0,7.0,2024-10-23
2024,8,41409741-3f29-4409-a43a-8bac55d48ecc,5d87ae21-6355-438a-a392-d452eb1d6012,WAIVER,EXECUTED,7,NightlyLeagueUpdateTaskProcessor,3,DROP,-16004.0,Bengals D/ST,7.0,0.0,2024-10-23
2024,8,f72c601c-a637-4f9a-9529-dbc48516248b,,ROSTER,EXECUTED,12,{91D28B99-9234-408F-ACE7-32AEC03EE9E2},0,DROP,4241401.0,Trey Sermon,12.0,0.0,2024-10-22
2024,8,49750e18-cbc6-4bc2-82b0-90347ff33299,,TRADE_PROPOSAL,PENDING,10,{2C8A1B87-268B-45A5-A0E5-C4A3F61C9BC2},0,TRADE,3895856.0,Christian Kirk,10.0,13.0,2024-10-24
2024,8,49750e18-cbc6-4bc2-82b0-90347ff33299,,TRADE_PROPOSAL,PENDING,10,{2C8A1B87-268B-45A5-A0E5-C4A3F61C9BC2},0,TRADE,4038815.0,Rico Dowdle,10.0,13.0,2024-10-24
2024,8,49750e18-cbc6-4bc2-82b0-90347ff33299,,TRADE_PROPOSAL,PENDING,10,{2C8A1B87-268B-45A5-A0E5-C4A3F61C9BC2},0,TRADE,4241474.0,Brian Robinson Jr.,13.0,10.0,2024-10-24
2024,8,26618481-ad34-4ede-b06f-82e002980bf7,,FREEAGENT,EXECUTED,7,{430447A7-381F-4E40-AD53-6A9C1F157A25},0,ADD,4429501.0,Ray Davis,0.0,7.0,2024-10-23
2024,8,26618481-ad34-4ede-b06f-82e002980bf7,,FREEAGENT,EXECUTED,7,{430447A7-381F-4E40-AD53-6A9C1F157A25},0,DROP,4427095.0,DeMario Douglas,7.0,0.0,2024-10-23
2024,8,8cbb4b23-a298-4c80-8c6c-9b06489bd824,74360258-bf6b-4470-b732-bfde72352238,TRADE_DECLINE,EXECUTED,6,{FE8F6865-8A47-4C3A-8D66-0780982B48DD},0,,,,,,2024-10-24
2024,8,c25fcc93-5e18-43d9-b108-40c6e36ebf02,96aa9f6b-e366-4b33-be33-f2c301de65e7,TRADE_UPHOLD,EXECUTED,1,{C1E09685-96D1-4750-BA21-8BE16D3BF7CA},0,,,,,,2024-10-23
2024,8,217b7a31-eab5-42d9-b35f-467d331571ad,,FREEAGENT,EXECUTED,14,{C2BAB8A3-9ED5-425C-BAB8-A39ED5B25CC2},0,ADD,4369863.0,Cedric Tillman,0.0,14.0,2024-10-23
2024,8,217b7a31-eab5-42d9-b35f-467d331571ad,,FREEAGENT,EXECUTED,14,{C2BAB8A3-9ED5-425C-BAB8-A39ED5B25CC2},0,DROP,4569382.0,Jordan Whittington,14.0,0.0,2024-10-23
2024,8,2e6ae788-c98e-47d3-9bd9-9b03d20d6dfd,,ROSTER,EXECUTED,5,{77F704CF-0C76-4984-9A71-8BD39511C19F},0,DROP,4373626.0,Tyler Allgeier,5.0,0.0,2024-10-22
2024,8,256de2f6-fbd6-4ab7-a374-3917b832f137,,FREEAGENT,EXECUTED,14,{C2BAB8A3-9ED5-425C-BAB8-A39ED5B25CC2},0,ADD,14881.0,Russell Wilson,0.0,14.0,2024-10-23
2024,8,256de2f6-fbd6-4ab7-a374-3917b832f137,,FREEAGENT,EXECUTED,14,{C2BAB8A3-9ED5-425C-BAB8-A39ED5B25CC2},0,DROP,2577417.0,Dak Prescott,14.0,0.0,2024-10-23
2024,8,cf917d2a-2315-4b34-a921-5cff835b32bc,7f49f44a-ff61-4f05-be1f-a41cf18c5e95,WAIVER,FAILED_INVALIDPLAYERSOURCE,7,NightlyLeagueUpdateTaskProcessor,25,ADD,3886598.0,Jauan Jennings,0.0,7.0,2024-10-23
2024,8,cf917d2a-2315-4b34-a921-5cff835b32bc,7f49f44a-ff61-4f05-be1f-a41cf18c5e95,WAIVER,FAILED_INVALIDPLAYERSOURCE,7,NightlyLeagueUpdateTaskProcessor,25,DROP,4360294.0,Antonio Gibson,7.0,0.0,2024-10-23
2024,8,ea025ee2-4398-4bc2-857b-fc11eb5d212f,502ecab3-04c9-4fc1-8b74-cf882874ef38,TRADE_DECLINE,EXECUTED,13,{523D9B8F-8A3C-4523-BD9B-8F8A3C852321},0,,,,,,2024-10-25
2024,8,481fdaff-f389-495c-bc68-294fddeeda41,f5d8073c-d63d-4f16-9b1a-c15f359886c2,WAIVER,FAILED_INVALIDPLAYERSOURCE,12,NightlyLeagueUpdateTaskProcessor,15,ADD,3886598.0,Jauan Jennings,0.0,12.0,2024-10-23
2024,8,1f99bf04-b2b3-44aa-97b1-6b5ce84e2283,,TRADE_PROPOSAL,PENDING,14,{C2BAB8A3-9ED5-425C-BAB8-A39ED5B25CC2},0,TRADE,4366031.0,Tank Dell,14.0,10.0,2024-10-23
2024,8,1f99bf04-b2b3-44aa-97b1-6b5ce84e2283,,TRADE_PROPOSAL,PENDING,14,{C2BAB8A3-9ED5-425C-BAB8-A39ED5B25CC2},0,TRADE,3128720.0,Nick Chubb,14.0,10.0,2024-10-23
2024,8,1f99bf04-b2b3-44aa-97b1-6b5ce84e2283,,TRADE_PROPOSAL,PENDING,14,{C2BAB8A3-9ED5-425C-BAB8-A39ED5B25CC2},0,TRADE,4379399.0,James Cook,14.0,10.0,2024-10-23
2024,8,1f99bf04-b2b3-44aa-97b1-6b5ce84e2283,,TRADE_PROPOSAL,PENDING,14,{C2BAB8A3-9ED5-425C-BAB8-A39ED5B25CC2},0,TRADE,4362628.0,Ja'Marr Chase,10.0,14.0,2024-10-23
2024,8,6e42de09-e5bc-43b2-aa6a-2e3d539c9b40,2dcdbee8-1581-4e10-b652-e1ab454743bb,WAIVER,FAILED_INVALIDPLAYERSOURCE,1,NightlyLeagueUpdateTaskProcessor,10,ADD,4430834.0,Jalen McMillan,0.0,1.0,2024-10-23
2024,8,6e42de09-e5bc-43b2-aa6a-2e3d539c9b40,2dcdbee8-1581-4e10-b652-e1ab454743bb,WAIVER,FAILED_INVALIDPLAYERSOURCE,1,NightlyLeagueUpdateTaskProcessor,10,DROP,15795.0,DeAndre Hopkins,1.0,0.0,2024-10-23
2024,8,07147dba-0886-42a7-b5af-01406ff22ed8,,FREEAGENT,EXECUTED,14,{C2BAB8A3-9ED5-425C-BAB8-A39ED5B25CC2},0,ADD,2577417.0,Dak Prescott,0.0,14.0,2024-10-23
2024,8,07147dba-0886-42a7-b5af-01406ff22ed8,,FREEAGENT,EXECUTED,14,{C2BAB8A3-9ED5-425C-BAB8-A39ED5B25CC2},0,DROP,8439.0,Aaron Rodgers,14.0,0.0,2024-10-23
2024,8,694e8b9a-06df-4dba-add1-7877e7f13946,f632b8c4-1248-4ba9-81b6-1fe148370160,TRADE_PROPOSAL,CANCELED,6,{FE8F6865-8A47-4C3A-8D66-0780982B48DD},0,TRADE,4426354.0,George Pickens,6.0,13.0,2024-10-23
2024,8,694e8b9a-06df-4dba-add1-7877e7f13946,f632b8c4-1248-4ba9-81b6-1fe148370160,TRADE_PROPOSAL,CANCELED,6,{FE8F6865-8A47-4C3A-8D66-0780982B48DD},0,TRADE,4241474.0,Brian Robinson Jr.,13.0,6.0,2024-10-23
2024,8,d4e2f9a4-78b5-47a7-a461-dae6b6f2146c,e8adefd8-26ba-4cb9-b4b3-b5ee1a3cd684,WAIVER,EXECUTED,6,NightlyLeagueUpdateTaskProcessor,40,ADD,3886598.0,Jauan Jennings,0.0,6.0,2024-10-23
2024,8,d4e2f9a4-78b5-47a7-a461-dae6b6f2146c,e8adefd8-26ba-4cb9-b4b3-b5ee1a3cd684,WAIVER,EXECUTED,6,NightlyLeagueUpdateTaskProcessor,40,DROP,-16002.0,Bills D/ST,6.0,0.0,2024-10-23
2024,8,4bb7fd91-605b-453e-b792-2981f735422f,b2bc72f2-32b5-42ef-9c48-f62ff513eeb0,TRADE_DECLINE,EXECUTED,7,{430447A7-381F-4E40-AD53-6A9C1F157A25},0,,,,,,2024-10-23
2024,8,e196c58d-7e51-48cb-b837-34b786937f43,9e4f979b-bd58-4c22-8073-d955742b2adc,TRADE_DECLINE,EXECUTED,13,{523D9B8F-8A3C-4523-BD9B-8F8A3C852321},0,,,,,,2024-10-25
2024,8,6fe55ef2-9745-4edd-8253-7608cee2a1c6,3faf01db-d835-4665-a573-418f6a2d72fd,TRADE_PROPOSAL,CANCELED,8,{00408013-39CF-40FC-8080-1339CFD0FC06},0,TRADE,4372016.0,Jaylen Waddle,2.0,8.0,2024-10-23
2024,8,6fe55ef2-9745-4edd-8253-7608cee2a1c6,3faf01db-d835-4665-a573-418f6a2d72fd,TRADE_PROPOSAL,CANCELED,8,{00408013-39CF-40FC-8080-1339CFD0FC06},0,TRADE,4362238.0,Chase Brown,8.0,2.0,2024-10-23
2024,8,bf186e1d-da00-4083-beda-8d1ef1d6ff68,,TRADE_PROPOSAL,PENDING,8,{00408013-39CF-40FC-8080-1339CFD0FC06},0,TRADE,4678008.0,Jonathon Brooks,8.0,10.0,2024-10-23
2024,8,bf186e1d-da00-4083-beda-8d1ef1d6ff68,,TRADE_PROPOSAL,PENDING,8,{00408013-39CF-40FC-8080-1339CFD0FC06},0,TRADE,4426515.0,Puka Nacua,10.0,8.0,2024-10-23
2024,8,bf186e1d-da00-4083-beda-8d1ef1d6ff68,,TRADE_PROPOSAL,PENDING,8,{00408013-39CF-40FC-8080-1339CFD0FC06},0,DROP,3121023.0,Dallas Goedert,8.0,0.0,2024-10-23
2024,8,9291081f-63cc-4321-8c9a-8db7951a0095,,TRADE_PROPOSAL,PENDING,3,{C52D799E-6C1C-44B9-8371-9B6AF857D8E8},0,TRADE,4035676.0,Zack Moss,3.0,10.0,2024-10-23
2024,8,9291081f-63cc-4321-8c9a-8db7951a0095,,TRADE_PROPOSAL,PENDING,3,{C52D799E-6C1C-44B9-8371-9B6AF857D8E8},0,TRADE,4567048.0,Kenneth Walker III,3.0,10.0,2024-10-23
2024,8,9291081f-63cc-4321-8c9a-8db7951a0095,,TRADE_PROPOSAL,PENDING,3,{C52D799E-6C1C-44B9-8371-9B6AF857D8E8},0,TRADE,4362628.0,Ja'Marr Chase,10.0,3.0,2024-10-23
2024,8,afce4351-8051-43de-8088-d0bab2a33fb6,70d53dae-8396-46ef-89d7-1859d45db953,WAIVER,EXECUTED,1,NightlyLeagueUpdateTaskProcessor,8,ADD,-16033.0,Ravens D/ST,0.0,1.0,2024-10-23
2024,8,afce4351-8051-43de-8088-d0bab2a33fb6,70d53dae-8396-46ef-89d7-1859d45db953,WAIVER,EXECUTED,1,NightlyLeagueUpdateTaskProcessor,8,DROP,-16011.0,Colts D/ST,1.0,0.0,2024-10-23
2024,8,daaf8054-36fe-4c46-989c-9a21d993e7a9,,FREEAGENT,EXECUTED,4,{8242D4C8-FCD1-4A28-9373-CD282687A8E7},0,ADD,3139477.0,Patrick Mahomes,0.0,4.0,2024-10-23
2024,8,daaf8054-36fe-4c46-989c-9a21d993e7a9,,FREEAGENT,EXECUTED,4,{8242D4C8-FCD1-4A28-9373-CD282687A8E7},0,DROP,14881.0,Russell Wilson,4.0,0.0,2024-10-23
2024,8,e318c935-a96b-4e2b-ba32-e0bef27aaa4e,fe4040fb-3c23-4c85-ba53-7a00badb7393,TRADE_DECLINE,EXECUTED,13,{523D9B8F-8A3C-4523-BD9B-8F8A3C852321},0,,,,,,2024-10-23
2024,8,1bbd1d2a-ba77-4866-ab39-c4fe07bf2e12,96aa9f6b-e366-4b33-be33-f2c301de65e7,TRADE_ACCEPT,EXECUTED,10,{C1E09685-96D1-4750-BA21-8BE16D3BF7CA},0,TRADE,4040761.0,Devin Singletary,10.0,1.0,2024-10-23
2024,8,1bbd1d2a-ba77-4866-ab39-c4fe07bf2e12,96aa9f6b-e366-4b33-be33-f2c301de65e7,TRADE_ACCEPT,EXECUTED,10,{C1E09685-96D1-4750-BA21-8BE16D3BF7CA},0,TRADE,4360516.0,Tyrone Tracy Jr.,10.0,1.0,2024-10-23
2024,8,1bbd1d2a-ba77-4866-ab39-c4fe07bf2e12,96aa9f6b-e366-4b33-be33-f2c301de65e7,TRADE_ACCEPT,EXECUTED,10,{C1E09685-96D1-4750-BA21-8BE16D3BF7CA},0,TRADE,15795.0,DeAndre Hopkins,1.0,10.0,2024-10-23
2024,8,1bbd1d2a-ba77-4866-ab39-c4fe07bf2e12,96aa9f6b-e366-4b33-be33-f2c301de65e7,TRADE_ACCEPT,EXECUTED,10,{C1E09685-96D1-4750-BA21-8BE16D3BF7CA},0,DROP,3117256.0,Dalton Schultz,1.0,0.0,2024-10-23
2024,8,b4ae2552-b4aa-4c8c-b970-b3a5caecfb37,,FREEAGENT,EXECUTED,6,{FE8F6865-8A47-4C3A-8D66-0780982B48DD},0,ADD,4243537.0,Gabe Davis,0.0,6.0,2024-10-27
2024,8,0aab7aae-ab8a-40e6-9798-daf1eeffca1e,,TRADE_PROPOSAL,PENDING,14,{C2BAB8A3-9ED5-425C-BAB8-A39ED5B25CC2},0,TRADE,3116365.0,Mark Andrews,14.0,10.0,2024-10-23
2024,8,0aab7aae-ab8a-40e6-9798-daf1eeffca1e,,TRADE_PROPOSAL,PENDING,14,{C2BAB8A3-9ED5-425C-BAB8-A39ED5B25CC2},0,TRADE,4366031.0,Tank Dell,14.0,10.0,2024-10-23
2024,8,0aab7aae-ab8a-40e6-9798-daf1eeffca1e,,TRADE_PROPOSAL,PENDING,14,{C2BAB8A3-9ED5-425C-BAB8-A39ED5B25CC2},0,TRADE,4379399.0,James Cook,14.0,10.0,2024-10-23
2024,8,0aab7aae-ab8a-40e6-9798-daf1eeffca1e,,TRADE_PROPOSAL,PENDING,14,{C2BAB8A3-9ED5-425C-BAB8-A39ED5B25CC2},0,TRADE,4362628.0,Ja'Marr Chase,10.0,14.0,2024-10-23
2024,8,c3b8f060-d435-4918-8261-791464b64da9,1f99bf04-b2b3-44aa-97b1-6b5ce84e2283,TRADE_PROPOSAL,CANCELED,14,TradeTaskProcessor,0,TRADE,4366031.0,Tank Dell,14.0,10.0,2024-10-25
2024,8,c3b8f060-d435-4918-8261-791464b64da9,1f99bf04-b2b3-44aa-97b1-6b5ce84e2283,TRADE_PROPOSAL,CANCELED,14,TradeTaskProcessor,0,TRADE,3128720.0,Nick Chubb,14.0,10.0,2024-10-25
2024,8,c3b8f060-d435-4918-8261-791464b64da9,1f99bf04-b2b3-44aa-97b1-6b5ce84e2283,TRADE_PROPOSAL,CANCELED,14,TradeTaskProcessor,0,TRADE,4379399.0,James Cook,14.0,10.0,2024-10-25
2024,8,c3b8f060-d435-4918-8261-791464b64da9,1f99bf04-b2b3-44aa-97b1-6b5ce84e2283,TRADE_PROPOSAL,CANCELED,14,TradeTaskProcessor,0,TRADE,4362628.0,Ja'Marr Chase,10.0,14.0,2024-10-25
2024,8,f91b3ffe-0dca-4d87-89df-7e976d44e558,da35624b-b6e2-4155-8ffb-ea3ca672cd6c,TRADE_PROPOSAL,CANCELED,8,{00408013-39CF-40FC-8080-1339CFD0FC06},0,TRADE,4572680.0,Tucker Kraft,8.0,6.0,2024-10-25
2024,8,f91b3ffe-0dca-4d87-89df-7e976d44e558,da35624b-b6e2-4155-8ffb-ea3ca672cd6c,TRADE_PROPOSAL,CANCELED,8,{00408013-39CF-40FC-8080-1339CFD0FC06},0,TRADE,4362238.0,Chase Brown,8.0,6.0,2024-10-25
2024,8,f91b3ffe-0dca-4d87-89df-7e976d44e558,da35624b-b6e2-4155-8ffb-ea3ca672cd6c,TRADE_PROPOSAL,CANCELED,8,{00408013-39CF-40FC-8080-1339CFD0FC06},0,TRADE,4385690.0,Dalton Kincaid,6.0,8.0,2024-10-25
2024,8,f91b3ffe-0dca-4d87-89df-7e976d44e558,da35624b-b6e2-4155-8ffb-ea3ca672cd6c,TRADE_PROPOSAL,CANCELED,8,{00408013-39CF-40FC-8080-1339CFD0FC06},0,TRADE,4241478.0,DeVonta Smith,6.0,8.0,2024-10-25
2024,8,779e3b60-5a7b-4a47-adcc-fdb847def8bf,,FREEAGENT,EXECUTED,12,{91D28B99-9234-408F-ACE7-32AEC03EE9E2},0,ADD,4427095.0,DeMario Douglas,0.0,12.0,2024-10-27
2024,8,779e3b60-5a7b-4a47-adcc-fdb847def8bf,,FREEAGENT,EXECUTED,12,{91D28B99-9234-408F-ACE7-32AEC03EE9E2},0,DROP,4248528.0,Christian Watson,12.0,0.0,2024-10-27
2024,8,d47fe558-a47b-4c24-8a54-d49986a6fefa,,FREEAGENT,EXECUTED,8,{00408013-39CF-40FC-8080-1339CFD0FC06},0,ADD,4430034.0,Xavier Legette,0.0,8.0,2024-10-27
2024,8,d47fe558-a47b-4c24-8a54-d49986a6fefa,,FREEAGENT,EXECUTED,8,{00408013-39CF-40FC-8080-1339CFD0FC06},0,DROP,3121023.0,Dallas Goedert,8.0,0.0,2024-10-27
2024,8,c4960294-349b-4a80-8b11-7da5ecdb259f,,FREEAGENT,EXECUTED,6,{FE8F6865-8A47-4C3A-8D66-0780982B48DD},0,ADD,4685247.0,Braelon Allen,0.0,6.0,2024-10-25
2024,8,c4960294-349b-4a80-8b11-7da5ecdb259f,,FREEAGENT,EXECUTED,6,{FE8F6865-8A47-4C3A-8D66-0780982B48DD},0,DROP,4426338.0,Bo Nix,6.0,0.0,2024-10-25
2024,8,5a53961b-b3b7-474b-abbd-b70230d3d528,,ROSTER,EXECUTED,5,{77F704CF-0C76-4984-9A71-8BD39511C19F},0,DROP,-16014.0,Rams D/ST,5.0,0.0,2024-10-22
2024,8,e2e308ab-ff16-4bb5-a02e-494f22f35288,,FREEAGENT,EXECUTED,8,{00408013-39CF-40FC-8080-1339CFD0FC06},0,ADD,4241479.0,Tua Tagovailoa,0.0,8.0,2024-10-23
2024,8,e2e308ab-ff16-4bb5-a02e-494f22f35288,,FREEAGENT,EXECUTED,8,{00408013-39CF-40FC-8080-1339CFD0FC06},0,DROP,4430034.0,Xavier Legette,8.0,0.0,2024-10-23
2024,8,07783286-f9ef-4af4-8d2a-ea30ab113514,d6fa5356-c80f-443f-9160-7f09bc209c0d,TRADE_PROPOSAL,CANCELED,8,{00408013-39CF-40FC-8080-1339CFD0FC06},0,TRADE,4572680.0,Tucker Kraft,8.0,6.0,2024-10-23
2024,8,07783286-f9ef-4af4-8d2a-ea30ab113514,d6fa5356-c80f-443f-9160-7f09bc209c0d,TRADE_PROPOSAL,CANCELED,8,{00408013-39CF-40FC-8080-1339CFD0FC06},0,TRADE,4362238.0,Chase Brown,8.0,6.0,2024-10-23
2024,8,07783286-f9ef-4af4-8d2a-ea30ab113514,d6fa5356-c80f-443f-9160-7f09bc209c0d,TRADE_PROPOSAL,CANCELED,8,{00408013-39CF-40FC-8080-1339CFD0FC06},0,TRADE,4385690.0,Dalton Kincaid,6.0,8.0,2024-10-23
2024,8,07783286-f9ef-4af4-8d2a-ea30ab113514,d6fa5356-c80f-443f-9160-7f09bc209c0d,TRADE_PROPOSAL,CANCELED,8,{00408013-39CF-40FC-8080-1339CFD0FC06},0,TRADE,4241478.0,DeVonta Smith,6.0,8.0,2024-10-23
2024,8,2e7d4691-a5c8-4b73-8cae-e590fd9e0d0a,871ced4a-6d88-41ab-a313-a2cd526d09cf,TRADE_PROPOSAL,CANCELED,8,{00408013-39CF-40FC-8080-1339CFD0FC06},0,TRADE,4569987.0,Jaylen Warren,8.0,7.0,2024-10-25
2024,8,2e7d4691-a5c8-4b73-8cae-e590fd9e0d0a,871ced4a-6d88-41ab-a313-a2cd526d09cf,TRADE_PROPOSAL,CANCELED,8,{00408013-39CF-40FC-8080-1339CFD0FC06},0,TRADE,3128429.0,Courtland Sutton,7.0,8.0,2024-10-25
2024,8,8eeccbce-a041-4016-96ea-b200d7ba1cf8,c0115446-be0f-4bb8-b628-5f7ef93cd2cc,TRADE_DECLINE,EXECUTED,3,{C52D799E-6C1C-44B9-8371-9B6AF857D8E8},0,,,,,,2024-10-23
2024,8,cf8d3b2f-bc3e-478c-b557-54ec61c6519a,,FREEAGENT,EXECUTED,8,{00408013-39CF-40FC-8080-1339CFD0FC06},0,ADD,3121023.0,Dallas Goedert,0.0,8.0,2024-10-23
2024,8,cf8d3b2f-bc3e-478c-b557-54ec61c6519a,,FREEAGENT,EXECUTED,8,{00408013-39CF-40FC-8080-1339CFD0FC06},0,DROP,4369863.0,Cedric Tillman,8.0,0.0,2024-10-23
2024,8,fbb31989-5e7a-4db1-a9dc-8ad339c1deac,0deb3bf0-e4f8-45fd-91c7-20f6f9da3cda,WAIVER,FAILED_INVALIDPLAYERSOURCE,3,NightlyLeagueUpdateTaskProcessor,21,ADD,4430834.0,Jalen McMillan,0.0,3.0,2024-10-23
2024,8,d3bc4ba1-741f-4d97-9206-c7d8b029ad9f,,FREEAGENT,EXECUTED,7,{430447A7-381F-4E40-AD53-6A9C1F157A25},0,ADD,4431611.0,Caleb Williams,0.0,7.0,2024-10-24
2024,8,d3bc4ba1-741f-4d97-9206-c7d8b029ad9f,,FREEAGENT,EXECUTED,7,{430447A7-381F-4E40-AD53-6A9C1F157A25},0,DROP,4360294.0,Antonio Gibson,7.0,0.0,2024-10-24
2024,8,77655d79-d3e1-4e87-9d0a-2a414c551e84,6092a8e1-7324-41dc-a4f7-e5f27d9e0884,TRADE_DECLINE,EXECUTED,1,{C1E09685-96D1-4750-BA21-8BE16D3BF7CA},0,,,,,,2024-10-23
2024,8,71fed1c0-7d9a-4880-8263-4c1244f84d4f,,TRADE_PROPOSAL,PENDING,10,{2C8A1B87-268B-45A5-A0E5-C4A3F61C9BC2},0,TRADE,4567048.0,Kenneth Walker III,3.0,10.0,2024-10-23
2024,8,b4204fc4-a9cd-4cc6-8ebb-e667720818d8,,FREEAGENT,EXECUTED,10,{2C8A1B87-268B-45A5-A0E5-C4A3F61C9BC2},0,ADD,3912547.0,Sam Darnold,0.0,10.0,2024-10-23
2024,8,da9962ef-5c81-4c00-be72-52f29d7a9217,,ROSTER,EXECUTED,10,{2C8A1B87-268B-45A5-A0E5-C4A3F61C9BC2},0,DROP,-16030.0,Jaguars D/ST,10.0,0.0,2024-10-23
2024,8,ecd0d981-cf35-4d14-9618-d3d6389b4ae1,8f0b4831-c2a7-4981-ac0f-1d706dbd0720,WAIVER,CANCELED,5,{77F704CF-0C76-4984-9A71-8BD39511C19F},0,ADD,-16012.0,Chiefs D/ST,0.0,5.0,2024-10-22
2024,8,ecd0d981-cf35-4d14-9618-d3d6389b4ae1,8f0b4831-c2a7-4981-ac0f-1d706dbd0720,WAIVER,CANCELED,5,{77F704CF-0C76-4984-9A71-8BD39511C19F},0,DROP,-16014.0,Rams D/ST,5.0,0.0,2024-10-22
2024,8,895691d5-2910-46d3-9e94-2ae13dbc1f40,b34f5394-4266-4694-84bb-15b4be4d18dc,WAIVER,EXECUTED,4,NightlyLeagueUpdateTaskProcessor,25,ADD,4430834.0,Jalen McMillan,0.0,4.0,2024-10-23
2024,8,384be40f-2650-4b12-988b-bac2d2f44a7d,712d1786-67ae-45ae-86df-7ef621733827,WAIVER,FAILED_INVALIDPLAYERSOURCE,5,NightlyLeagueUpdateTaskProcessor,8,ADD,4360939.0,Rashod Bateman,0.0,5.0,2024-10-23
2024,8,d0e39de7-2942-4f44-b7ef-a4cfec31fcff,c494c7f4-0642-446f-afd1-fd4a543f0971,WAIVER,FAILED_INVALIDPLAYERSOURCE,8,NightlyLeagueUpdateTaskProcessor,11,ADD,4430834.0,Jalen McMillan,0.0,8.0,2024-10-23
2024,8,d0e39de7-2942-4f44-b7ef-a4cfec31fcff,c494c7f4-0642-446f-afd1-fd4a543f0971,WAIVER,FAILED_INVALIDPLAYERSOURCE,8,NightlyLeagueUpdateTaskProcessor,11,DROP,4429676.0,Tyler Goodson,8.0,0.0,2024-10-23
2024,8,13589dd8-4da1-49d7-b865-fae9a504018d,f364f85c-9b60-4739-bcdd-02f021ab5ae9,WAIVER,FAILED_INVALIDPLAYERSOURCE,14,NightlyLeagueUpdateTaskProcessor,5,ADD,14881.0,Russell Wilson,0.0,14.0,2024-10-23
2024,8,13589dd8-4da1-49d7-b865-fae9a504018d,f364f85c-9b60-4739-bcdd-02f021ab5ae9,WAIVER,FAILED_INVALIDPLAYERSOURCE,14,NightlyLeagueUpdateTaskProcessor,5,DROP,8439.0,Aaron Rodgers,14.0,0.0,2024-10-23
2024,8,73aa1dad-8500-4f2c-aee9-95da380911e0,bf186e1d-da00-4083-beda-8d1ef1d6ff68,TRADE_PROPOSAL,CANCELED,8,{00408013-39CF-40FC-8080-1339CFD0FC06},0,TRADE,4678008.0,Jonathon Brooks,8.0,10.0,2024-10-24
2024,8,73aa1dad-8500-4f2c-aee9-95da380911e0,bf186e1d-da00-4083-beda-8d1ef1d6ff68,TRADE_PROPOSAL,CANCELED,8,{00408013-39CF-40FC-8080-1339CFD0FC06},0,TRADE,4426515.0,Puka Nacua,10.0,8.0,2024-10-24
2024,8,73aa1dad-8500-4f2c-aee9-95da380911e0,bf186e1d-da00-4083-beda-8d1ef1d6ff68,TRADE_PROPOSAL,CANCELED,8,{00408013-39CF-40FC-8080-1339CFD0FC06},0,DROP,3121023.0,Dallas Goedert,8.0,0.0,2024-10-24
2024,8,aa3d060b-4a38-48fa-8c97-33e3ed3d2a4f,,FREEAGENT,EXECUTED,6,{FE8F6865-8A47-4C3A-8D66-0780982B48DD},0,ADD,4426338.0,Bo Nix,0.0,6.0,2024-10-23
2024,8,e273ef0c-75b8-403a-92a6-1b48ed8a975d,0c5767bf-8b7b-46ea-b458-98d8994abbc9,TRADE_DECLINE,EXECUTED,8,{00408013-39CF-40FC-8080-1339CFD0FC06},0,,,,,,2024-10-22
2024,8,52a14eb2-adbb-4d16-8c6a-b4f132017ddd,22faa26e-8695-4ad7-9544-b88cc3183c79,WAIVER,FAILED_POSITIONLIMIT,6,NightlyLeagueUpdateTaskProcessor,30,ADD,4430834.0,Jalen McMillan,0.0,6.0,2024-10-23
2024,8,42b20af2-679c-4384-9409-37132a2c0875,8efd7223-6e37-4a4a-9d02-8ed38322782e,WAIVER,FAILED_INVALIDPLAYERSOURCE,8,NightlyLeagueUpdateTaskProcessor,26,ADD,3886598.0,Jauan Jennings,0.0,8.0,2024-10-23
2024,8,42b20af2-679c-4384-9409-37132a2c0875,8efd7223-6e37-4a4a-9d02-8ed38322782e,WAIVER,FAILED_INVALIDPLAYERSOURCE,8,NightlyLeagueUpdateTaskProcessor,26,DROP,4429676.0,Tyler Goodson,8.0,0.0,2024-10-23
2024,8,8d28ba35-3d0b-45a6-a79b-f5df48d29323,6c0ae602-7465-48c0-a20c-f001868387f5,WAIVER,FAILED_INVALIDPLAYERSOURCE,1,NightlyLeagueUpdateTaskProcessor,30,ADD,3886598.0,Jauan Jennings,0.0,1.0,2024-10-23
2024,8,8d28ba35-3d0b-45a6-a79b-f5df48d29323,6c0ae602-7465-48c0-a20c-f001868387f5,WAIVER,FAILED_INVALIDPLAYERSOURCE,1,NightlyLeagueUpdateTaskProcessor,30,DROP,15795.0,DeAndre Hopkins,1.0,0.0,2024-10-23
2024,8,5de058e1-c5c1-46b2-ba09-c9545b31090c,0fdddca0-84ab-4cb7-acb9-f5add4824690,WAIVER,FAILED_INVALIDPLAYERSOURCE,1,NightlyLeagueUpdateTaskProcessor,8,ADD,-16012.0,Chiefs D/ST,0.0,1.0,2024-10-23
2024,8,5de058e1-c5c1-46b2-ba09-c9545b31090c,0fdddca0-84ab-4cb7-acb9-f5add4824690,WAIVER,FAILED_INVALIDPLAYERSOURCE,1,NightlyLeagueUpdateTaskProcessor,8,DROP,-16011.0,Colts D/ST,1.0,0.0,2024-10-23
2024,8,b2bc72f2-32b5-42ef-9c48-f62ff513eeb0,,TRADE_PROPOSAL,PENDING,10,{2C8A1B87-268B-45A5-A0E5-C4A3F61C9BC2},0,TRADE,4036378.0,Jordan Love,7.0,10.0,2024-10-23
2024,8,9ea0ca68-2f73-4dda-b4bc-501b624ee6be,71fed1c0-7d9a-4880-8263-4c1244f84d4f,TRADE_PROPOSAL,CANCELED,10,{C52D799E-6C1C-44B9-8371-9B6AF857D8E8},0,TRADE,4567048.0,Kenneth Walker III,3.0,10.0,2024-10-23
2024,8,85fcc3b6-087e-4beb-9539-44a9669548dd,b2bc72f2-32b5-42ef-9c48-f62ff513eeb0,TRADE_PROPOSAL,CANCELED,10,{430447A7-381F-4E40-AD53-6A9C1F157A25},0,TRADE,4036378.0,Jordan Love,7.0,10.0,2024-10-23
2024,8,dca3d9d3-a352-41d1-978c-bfeb1c238390,,ROSTER,EXECUTED,4,{8242D4C8-FCD1-4A28-9373-CD282687A8E7},0,DROP,3116165.0,Chris Godwin,4.0,0.0,2024-10-23
2024,8,3f0e549e-f32c-4ab3-821b-5e59761ab26f,1ed6ab87-d447-48a3-ab9c-9d25822c376c,WAIVER,FAILED_INVALIDPLAYERSOURCE,3,NightlyLeagueUpdateTaskProcessor,30,ADD,3886598.0,Jauan Jennings,0.0,3.0,2024-10-23
2024,8,3f0e549e-f32c-4ab3-821b-5e59761ab26f,1ed6ab87-d447-48a3-ab9c-9d25822c376c,WAIVER,FAILED_INVALIDPLAYERSOURCE,3,NightlyLeagueUpdateTaskProcessor,30,DROP,3068267.0,Austin Ekeler,3.0,0.0,2024-10-23
2024,8,058a7144-5c9e-4b5e-bacc-53e069b2d39d,56194e72-1eae-4a81-af90-83834e64f458,WAIVER,FAILED_INVALIDPLAYERSOURCE,7,NightlyLeagueUpdateTaskProcessor,11,ADD,4430834.0,Jalen McMillan,0.0,7.0,2024-10-23
2024,8,058a7144-5c9e-4b5e-bacc-53e069b2d39d,56194e72-1eae-4a81-af90-83834e64f458,WAIVER,FAILED_INVALIDPLAYERSOURCE,7,NightlyLeagueUpdateTaskProcessor,11,DROP,4360294.0,Antonio Gibson,7.0,0.0,2024-10-23
2024,8,89513eaa-1647-4ecf-a17d-b3f68876dfbe,a7ebf890-045e-416f-842f-acc432d768dd,WAIVER,FAILED_INVALIDPLAYERSOURCE,2,NightlyLeagueUpdateTaskProcessor,3,ADD,4360939.0,Rashod Bateman,0.0,2.0,2024-10-23
2024,8,89513eaa-1647-4ecf-a17d-b3f68876dfbe,a7ebf890-045e-416f-842f-acc432d768dd,WAIVER,FAILED_INVALIDPLAYERSOURCE,2,NightlyLeagueUpdateTaskProcessor,3,DROP,3728262.0,Ray-Ray McCloud III,2.0,0.0,2024-10-23
2024,8,f6c2e85a-58e7-41cf-a71d-04f0e16dc310,4fa06916-893a-4b26-a0c8-d3958f9ca030,WAIVER,EXECUTED,3,NightlyLeagueUpdateTaskProcessor,7,ADD,15835.0,Zach Ertz,0.0,3.0,2024-10-23
2024,8,f6c2e85a-58e7-41cf-a71d-04f0e16dc310,4fa06916-893a-4b26-a0c8-d3958f9ca030,WAIVER,EXECUTED,3,NightlyLeagueUpdateTaskProcessor,7,DROP,4361050.0,Isaiah Likely,3.0,0.0,2024-10-23
2024,8,300bd16e-7374-4267-ac81-637132f98029,dc5e6962-6dce-44f0-b195-608be08e6183,WAIVER,CANCELED,14,{C2BAB8A3-9ED5-425C-BAB8-A39ED5B25CC2},0,ADD,2577417.0,Dak Prescott,0.0,14.0,2024-10-23
2024,8,300bd16e-7374-4267-ac81-637132f98029,dc5e6962-6dce-44f0-b195-608be08e6183,WAIVER,CANCELED,14,{C2BAB8A3-9ED5-425C-BAB8-A39ED5B25CC2},0,DROP,8439.0,Aaron Rodgers,14.0,0.0,2024-10-23
2024,8,64d58074-f49f-40e7-933b-2ba63cde80c3,bd16681b-e953-4431-91e7-767532e2729c,TRADE_DECLINE,EXECUTED,7,{430447A7-381F-4E40-AD53-6A9C1F157A25},0,,,,,,2024-10-23
2024,8,1961a681-b4a7-4b7a-8df9-f4dfa28963d8,71fed1c0-7d9a-4880-8263-4c1244f84d4f,TRADE_DECLINE,EXECUTED,3,{C52D799E-6C1C-44B9-8371-9B6AF857D8E8},0,,,,,,2024-10-23
2024,8,0d6ef9ee-b80e-41ac-9b2c-d9d5a66f31e1,96aa9f6b-e366-4b33-be33-f2c301de65e7,TRADE_ACCEPT,,1,{C1E09685-96D1-4750-BA21-8BE16D3BF7CA},0,DROP,3117256.0,Dalton Schultz,1.0,0.0,2024-10-23
2024,8,00f3f0ad-349b-496c-be43-c03a16ff235e,49750e18-cbc6-4bc2-82b0-90347ff33299,TRADE_DECLINE,EXECUTED,13,{523D9B8F-8A3C-4523-BD9B-8F8A3C852321},0,,,,,,2024-10-24
2024,8,246b350c-dd61-40c5-8e85-b76d73e8cde6,6b6a2592-8dc6-4d14-8630-1367e1531be7,WAIVER,EXECUTED,7,NightlyLeagueUpdateTaskProcessor,11,ADD,4360939.0,Rashod Bateman,0.0,7.0,2024-10-23
2024,8,96aa9f6b-e366-4b33-be33-f2c301de65e7,,TRADE_PROPOSAL,PENDING,10,{2C8A1B87-268B-45A5-A0E5-C4A3F61C9BC2},0,TRADE,4040761.0,Devin Singletary,10.0,1.0,2024-10-23
2024,8,96aa9f6b-e366-4b33-be33-f2c301de65e7,,TRADE_PROPOSAL,PENDING,10,{2C8A1B87-268B-45A5-A0E5-C4A3F61C9BC2},0,TRADE,4360516.0,Tyrone Tracy Jr.,10.0,1.0,2024-10-23
2024,8,96aa9f6b-e366-4b33-be33-f2c301de65e7,,TRADE_PROPOSAL,PENDING,10,{2C8A1B87-268B-45A5-A0E5-C4A3F61C9BC2},0,TRADE,15795.0,DeAndre Hopkins,1.0,10.0,2024-10-23
2024,8,b2028e0e-55d2-4401-9940-3571516470ce,f235aa9d-b4f2-42ae-8c69-24ee29d5ee6d,WAIVER,EXECUTED,4,NightlyLeagueUpdateTaskProcessor,8,ADD,14881.0,Russell Wilson,0.0,4.0,2024-10-23
2024,8,b2028e0e-55d2-4401-9940-3571516470ce,f235aa9d-b4f2-42ae-8c69-24ee29d5ee6d,WAIVER,EXECUTED,4,NightlyLeagueUpdateTaskProcessor,8,DROP,-16018.0,Saints D/ST,4.0,0.0,2024-10-23
2024,8,4d0b494e-7ff4-472e-967d-99be1b96c595,e217d459-238b-43ed-b960-239dd9bc43fa,WAIVER,EXECUTED,5,NightlyLeagueUpdateTaskProcessor,11,ADD,-16012.0,Chiefs D/ST,0.0,5.0,2024-10-23
2024,8,557a0af9-0b6d-41f1-8003-7cc7f82ebab6,fcbbd35a-64a6-4182-9725-df1ccfe39a99,TRADE_DECLINE,EXECUTED,1,{C1E09685-96D1-4750-BA21-8BE16D3BF7CA},0,,,,,,2024-10-24
2024,8,b18f2f99-29ca-4648-a722-8d821f9d88e9,,FREEAGENT,EXECUTED,12,{91D28B99-9234-408F-ACE7-32AEC03EE9E2},0,ADD,4373626.0,Tyler Allgeier,0.0,12.0,2024-10-24
2024,8,81879547-e53f-457b-b6cb-28d267ee5b3c,45009a7f-1202-4a36-8130-510ae125843b,WAIVER,EXECUTED,8,NightlyLeagueUpdateTaskProcessor,16,ADD,4428209.0,Ricky Pearsall,0.0,8.0,2024-10-23
2024,8,81879547-e53f-457b-b6cb-28d267ee5b3c,45009a7f-1202-4a36-8130-510ae125843b,WAIVER,EXECUTED,8,NightlyLeagueUpdateTaskProcessor,16,DROP,4429676.0,Tyler Goodson,8.0,0.0,2024-10-23
2024,8,7fd67904-0807-4295-9929-e9659d160e4a,c8e78f35-e72e-4227-b3f9-211d718b9a27,TRADE_DECLINE,EXECUTED,6,{FE8F6865-8A47-4C3A-8D66-0780982B48DD},0,,,,,,2024-10-25
2024,8,07232309-36d7-423f-9a91-2192c9ff406b,59a4b127-4a84-49ed-94f0-0ed72720197c,TRADE_DECLINE,EXECUTED,6,{FE8F6865-8A47-4C3A-8D66-0780982B48DD},0,,,,,,2024-10-25
2024,8,15155956-b664-48c2-9f91-49ae3812848d,,FREEAGENT,EXECUTED,4,{8242D4C8-FCD1-4A28-9373-CD282687A8E7},0,ADD,4372063.0,Ronnie Bell,0.0,4.0,2024-10-24
2024,8,15155956-b664-48c2-9f91-49ae3812848d,,FREEAGENT,EXECUTED,4,{8242D4C8-FCD1-4A28-9373-CD282687A8E7},0,DROP,4429025.0,Quentin Johnston,4.0,0.0,2024-10-24
2024,8,04796c2d-a07e-4834-87b6-def626a8a565,c6475776-9fab-4d19-bd56-17bec7d1d420,TRADE_DECLINE,EXECUTED,5,{77F704CF-0C76-4984-9A71-8BD39511C19F},0,,,,,,2024-10-22
2024,8,3fca0185-82e4-4fb7-8af5-c6f2205c1b2c,60d78eaf-3a64-4c03-bf68-8107d9addebe,TRADE_PROPOSAL,CANCELED,6,{FE8F6865-8A47-4C3A-8D66-0780982B48DD},0,TRADE,4429205.0,Jordan Addison,6.0,3.0,2024-10-24
2024,8,3fca0185-82e4-4fb7-8af5-c6f2205c1b2c,60d78eaf-3a64-4c03-bf68-8107d9addebe,TRADE_PROPOSAL,CANCELED,6,{FE8F6865-8A47-4C3A-8D66-0780982B48DD},0,TRADE,3068267.0,Austin Ekeler,3.0,6.0,2024-10-24
2024,8,0b96ec49-b7e9-43a0-a39a-676b3e849c98,49750e18-cbc6-4bc2-82b0-90347ff33299,TRADE_PROPOSAL,CANCELED,10,{523D9B8F-8A3C-4523-BD9B-8F8A3C852321},0,TRADE,3895856.0,Christian Kirk,10.0,13.0,2024-10-24
2024,8,0b96ec49-b7e9-43a0-a39a-676b3e849c98,49750e18-cbc6-4bc2-82b0-90347ff33299,TRADE_PROPOSAL,CANCELED,10,{523D9B8F-8A3C-4523-BD9B-8F8A3C852321},0,TRADE,4038815.0,Rico Dowdle,10.0,13.0,2024-10-24
2024,8,0b96ec49-b7e9-43a0-a39a-676b3e849c98,49750e18-cbc6-4bc2-82b0-90347ff33299,TRADE_PROPOSAL,CANCELED,10,{523D9B8F-8A3C-4523-BD9B-8F8A3C852321},0,TRADE,4241474.0,Brian Robinson Jr.,13.0,10.0,2024-10-24
2024,8,4e9d220b-851b-440e-9c1a-25e4f1745d47,,ROSTER,EXECUTED,6,{FE8F6865-8A47-4C3A-8D66-0780982B48DD},0,DROP,4428557.0,Tyjae Spears,6.0,0.0,2024-10-22
2024,8,ee8a27d6-8e0a-43a2-ac19-e20d3b0e3b95,,FREEAGENT,EXECUTED,4,{8242D4C8-FCD1-4A28-9373-CD282687A8E7},0,ADD,4426407.0,Trey Palmer,0.0,4.0,2024-10-23
2024,8,f7db6a19-3752-43fe-8102-75ff8b3fe3d5,,FREEAGENT,EXECUTED,3,{C52D799E-6C1C-44B9-8371-9B6AF857D8E8},0,ADD,2976592.0,Sterling Shepard,0.0,3.0,2024-10-23
2024,8,6d215323-0678-421d-b94c-f0ecd0574a97,,ROSTER,EXECUTED,6,{FE8F6865-8A47-4C3A-8D66-0780982B48DD},0,DROP,3139602.0,D'Ernest Johnson,6.0,0.0,2024-10-22
2024,8,12754a67-e414-4ceb-8b53-cdc1c1248b35,5c40e270-848b-4fa1-a97e-5841b6050d40,WAIVER,FAILED_INVALIDPLAYERSOURCE,7,NightlyLeagueUpdateTaskProcessor,4,ADD,-16033.0,Ravens D/ST,0.0,7.0,2024-10-23
2024,8,12754a67-e414-4ceb-8b53-cdc1c1248b35,5c40e270-848b-4fa1-a97e-5841b6050d40,WAIVER,FAILED_INVALIDPLAYERSOURCE,7,NightlyLeagueUpdateTaskProcessor,4,DROP,-16004.0,Bengals D/ST,7.0,0.0,2024-10-23
2024,8,763ffafa-b84c-4282-b5b3-ae1bce90a954,a94aec98-a802-4c15-971f-519b9defc155,TRADE_PROPOSAL,CANCELED,1,{C1E09685-96D1-4750-BA21-8BE16D3BF7CA},0,TRADE,4361529.0,Isiah Pacheco,1.0,10.0,2024-10-24
2024,8,763ffafa-b84c-4282-b5b3-ae1bce90a954,a94aec98-a802-4c15-971f-519b9defc155,TRADE_PROPOSAL,CANCELED,1,{C1E09685-96D1-4750-BA21-8BE16D3BF7CA},0,TRADE,4361370.0,Chris Olave,10.0,1.0,2024-10-24
2024,8,763ffafa-b84c-4282-b5b3-ae1bce90a954,a94aec98-a802-4c15-971f-519b9defc155,TRADE_PROPOSAL,CANCELED,1,{C1E09685-96D1-4750-BA21-8BE16D3BF7CA},0,DROP,3120348.0,JuJu Smith-Schuster,1.0,0.0,2024-10-24
2024,9,84d19854-4058-4f29-b3aa-e9c01a130282,,ROSTER,EXECUTED,10,{2C8A1B87-268B-45A5-A0E5-C4A3F61C9BC2},0,DROP,3895856.0,Christian Kirk,10.0,0.0,2024-10-29
2024,9,2e88b564-9e70-4622-b83b-551a1b5f677a,,FREEAGENT,EXECUTED,3,{C52D799E-6C1C-44B9-8371-9B6AF857D8E8},0,ADD,4429025.0,Quentin Johnston,0.0,3.0,2024-11-01
2024,9,2e88b564-9e70-4622-b83b-551a1b5f677a,,FREEAGENT,EXECUTED,3,{C52D799E-6C1C-44B9-8371-9B6AF857D8E8},0,DROP,3121023.0,Dallas Goedert,3.0,0.0,2024-11-01
2024,9,73d0ce47-df7d-42ba-9b06-573a29d441b8,094c8318-3660-456a-b589-9eb8559406dc,TRADE_DECLINE,EXECUTED,8,{00408013-39CF-40FC-8080-1339CFD0FC06},0,,,,,,2024-11-05
2024,9,e4bac531-685d-4f69-acf9-ef6c654ea4d2,7933a96c-ad50-4300-bff0-ba1682e7e118,WAIVER,FAILED_INVALIDPLAYERSOURCE,14,NightlyLeagueUpdateTaskProcessor,5,ADD,-16028.0,Commanders D/ST,0.0,14.0,2024-10-30
2024,9,e4bac531-685d-4f69-acf9-ef6c654ea4d2,7933a96c-ad50-4300-bff0-ba1682e7e118,WAIVER,FAILED_INVALIDPLAYERSOURCE,14,NightlyLeagueUpdateTaskProcessor,5,DROP,-16008.0,Lions D/ST,14.0,0.0,2024-10-30
2024,9,fd9493c4-b5a5-4e3a-8928-ea15995e05bc,,FREEAGENT,EXECUTED,10,{2C8A1B87-268B-45A5-A0E5-C4A3F61C9BC2},0,ADD,4429096.0,Blake Corum,0.0,10.0,2024-10-30
2024,9,c42e0655-dcf0-4c9c-a403-46256c202f12,7d357253-1108-4b9d-b840-9718cf1f2475,TRADE_PROPOSAL,CANCELED,10,{FE8F6865-8A47-4C3A-8D66-0780982B48DD},0,TRADE,3912547.0,Sam Darnold,10.0,6.0,2024-10-31
2024,9,c42e0655-dcf0-4c9c-a403-46256c202f12,7d357253-1108-4b9d-b840-9718cf1f2475,TRADE_PROPOSAL,CANCELED,10,{FE8F6865-8A47-4C3A-8D66-0780982B48DD},0,TRADE,4361579.0,Javonte Williams,10.0,6.0,2024-10-31
2024,9,c42e0655-dcf0-4c9c-a403-46256c202f12,7d357253-1108-4b9d-b840-9718cf1f2475,TRADE_PROPOSAL,CANCELED,10,{FE8F6865-8A47-4C3A-8D66-0780982B48DD},0,TRADE,4036133.0,T.J. Hockenson,10.0,6.0,2024-10-31
2024,9,c42e0655-dcf0-4c9c-a403-46256c202f12,7d357253-1108-4b9d-b840-9718cf1f2475,TRADE_PROPOSAL,CANCELED,10,{FE8F6865-8A47-4C3A-8D66-0780982B48DD},0,TRADE,4685247.0,Braelon Allen,6.0,10.0,2024-10-31
2024,9,c42e0655-dcf0-4c9c-a403-46256c202f12,7d357253-1108-4b9d-b840-9718cf1f2475,TRADE_PROPOSAL,CANCELED,10,{FE8F6865-8A47-4C3A-8D66-0780982B48DD},0,TRADE,4241478.0,DeVonta Smith,6.0,10.0,2024-10-31
2024,9,e5a7d7a9-d5f9-45c8-a9ca-d5fcf728d12e,,ROSTER,EXECUTED,2,{6AC115FA-3A0D-4948-8115-FA3A0DD94826},0,DROP,3728262.0,Ray-Ray McCloud III,2.0,0.0,2024-10-30
2024,9,1881e967-64be-40b7-91c8-c552cd92bf08,,FREEAGENT,EXECUTED,13,{523D9B8F-8A3C-4523-BD9B-8F8A3C852321},0,ADD,3051392.0,Ezekiel Elliott,0.0,13.0,2024-11-01
2024,9,4fd7cf3b-34e4-4471-8894-a5395bf8ce3c,9072067a-9a32-4fb6-a9a9-4c7e84dbf85c,WAIVER,FAILED_INVALIDPLAYERSOURCE,7,NightlyLeagueUpdateTaskProcessor,12,ADD,4426338.0,Bo Nix,0.0,7.0,2024-10-30
2024,9,4fd7cf3b-34e4-4471-8894-a5395bf8ce3c,9072067a-9a32-4fb6-a9a9-4c7e84dbf85c,WAIVER,FAILED_INVALIDPLAYERSOURCE,7,NightlyLeagueUpdateTaskProcessor,12,DROP,4431611.0,Caleb Williams,7.0,0.0,2024-10-30
2024,9,4ff5d409-9ed8-4d91-8ab6-c91bef9984a4,8af20ae6-c380-46ac-a577-27e1d0bbecaf,WAIVER,CANCELED,7,{430447A7-381F-4E40-AD53-6A9C1F157A25},0,ADD,-16010.0,Titans D/ST,0.0,7.0,2024-10-30
2024,9,ddaaeae9-ebcd-4821-a2e0-6b248b69bf35,cf230265-fb25-40ab-a4bf-c233dba34d20,TRADE_DECLINE,EXECUTED,2,{6AC115FA-3A0D-4948-8115-FA3A0DD94826},0,,,,,,2024-10-29
2024,9,ad6f39aa-351f-4e87-80a2-a9ab86638818,7d357253-1108-4b9d-b840-9718cf1f2475,TRADE_DECLINE,EXECUTED,6,{FE8F6865-8A47-4C3A-8D66-0780982B48DD},0,,,,,,2024-10-31
2024,9,b9134b95-558a-4b62-aa9c-069d6f28aef9,088c523b-d4d3-488f-b687-ddb0a5b56ccb,WAIVER,FAILED_ROSTERLIMIT,7,NightlyLeagueUpdateTaskProcessor,1,ADD,-16018.0,Saints D/ST,0.0,7.0,2024-10-30
2024,9,8e5565dd-cfaa-403f-95c4-9344591bdc35,,TRADE_PROPOSAL,PENDING,10,{2C8A1B87-268B-45A5-A0E5-C4A3F61C9BC2},0,TRADE,15795.0,DeAndre Hopkins,10.0,1.0,2024-11-03
2024,9,8e5565dd-cfaa-403f-95c4-9344591bdc35,,TRADE_PROPOSAL,PENDING,10,{2C8A1B87-268B-45A5-A0E5-C4A3F61C9BC2},0,TRADE,4360516.0,Tyrone Tracy Jr.,1.0,10.0,2024-11-03
2024,9,e50bf73a-dacd-4be4-8e9b-125f399391f3,,FREEAGENT,EXECUTED,3,{C52D799E-6C1C-44B9-8371-9B6AF857D8E8},0,ADD,3121023.0,Dallas Goedert,0.0,3.0,2024-10-31
2024,9,e50bf73a-dacd-4be4-8e9b-125f399391f3,,FREEAGENT,EXECUTED,3,{C52D799E-6C1C-44B9-8371-9B6AF857D8E8},0,DROP,2976592.0,Sterling Shepard,3.0,0.0,2024-10-31
2024,9,7ff781b9-9825-47f7-a64c-523bc31d2246,4603378b-6398-4d71-9c3e-ab3904712af0,TRADE_PROPOSAL,CANCELED,6,{2C8A1B87-268B-45A5-A0E5-C4A3F61C9BC2},0,TRADE,4685247.0,Braelon Allen,6.0,10.0,2024-10-31
2024,9,7ff781b9-9825-47f7-a64c-523bc31d2246,4603378b-6398-4d71-9c3e-ab3904712af0,TRADE_PROPOSAL,CANCELED,6,{2C8A1B87-268B-45A5-A0E5-C4A3F61C9BC2},0,TRADE,4635008.0,Keon Coleman,6.0,10.0,2024-10-31
2024,9,7ff781b9-9825-47f7-a64c-523bc31d2246,4603378b-6398-4d71-9c3e-ab3904712af0,TRADE_PROPOSAL,CANCELED,6,{2C8A1B87-268B-45A5-A0E5-C4A3F61C9BC2},0,TRADE,4036133.0,T.J. Hockenson,10.0,6.0,2024-10-31
2024,9,7ff781b9-9825-47f7-a64c-523bc31d2246,4603378b-6398-4d71-9c3e-ab3904712af0,TRADE_PROPOSAL,CANCELED,6,{2C8A1B87-268B-45A5-A0E5-C4A3F61C9BC2},0,TRADE,4038815.0,Rico Dowdle,10.0,6.0,2024-10-31
2024,9,499a09ca-9a31-49db-8b59-74c9b20aad00,,ROSTER,EXECUTED,5,{77F704CF-0C76-4984-9A71-8BD39511C19F},0,DROP,2976212.0,Stefon Diggs,5.0,0.0,2024-10-29
2024,9,f2217d3e-feb9-41a9-9461-85788a8f0236,cf230265-fb25-40ab-a4bf-c233dba34d20,TRADE_PROPOSAL,CANCELED,10,{6AC115FA-3A0D-4948-8115-FA3A0DD94826},0,TRADE,4036133.0,T.J. Hockenson,10.0,2.0,2024-10-29
2024,9,f2217d3e-feb9-41a9-9461-85788a8f0236,cf230265-fb25-40ab-a4bf-c233dba34d20,TRADE_PROPOSAL,CANCELED,10,{6AC115FA-3A0D-4948-8115-FA3A0DD94826},0,TRADE,15795.0,DeAndre Hopkins,10.0,2.0,2024-10-29
2024,9,f2217d3e-feb9-41a9-9461-85788a8f0236,cf230265-fb25-40ab-a4bf-c233dba34d20,TRADE_PROPOSAL,CANCELED,10,{6AC115FA-3A0D-4948-8115-FA3A0DD94826},0,TRADE,4259545.0,D'Andre Swift,2.0,10.0,2024-10-29
2024,9,9f0be7fe-c6cc-4ad8-a4b6-36ae584ce284,,FREEAGENT,EXECUTED,6,{FE8F6865-8A47-4C3A-8D66-0780982B48DD},0,ADD,-16010.0,Titans D/ST,0.0,6.0,2024-10-31
2024,9,9f0be7fe-c6cc-4ad8-a4b6-36ae584ce284,,FREEAGENT,EXECUTED,6,{FE8F6865-8A47-4C3A-8D66-0780982B48DD},0,DROP,-16020.0,Jets D/ST,6.0,0.0,2024-10-31
2024,9,1cc8c1a7-d9cf-4195-96ff-e847da520157,,FREEAGENT,EXECUTED,6,{FE8F6865-8A47-4C3A-8D66-0780982B48DD},0,ADD,2577417.0,Dak Prescott,0.0,6.0,2024-10-31
2024,9,1cc8c1a7-d9cf-4195-96ff-e847da520157,,FREEAGENT,EXECUTED,6,{FE8F6865-8A47-4C3A-8D66-0780982B48DD},0,DROP,4360078.0,Alec Pierce,6.0,0.0,2024-10-31
2024,9,ec4f1598-d824-4172-aaf1-777257d0a71a,,FREEAGENT,EXECUTED,13,{523D9B8F-8A3C-4523-BD9B-8F8A3C852321},0,ADD,3916945.0,Darius Slayton,0.0,13.0,2024-10-30
2024,9,ec4f1598-d824-4172-aaf1-777257d0a71a,,FREEAGENT,EXECUTED,13,{523D9B8F-8A3C-4523-BD9B-8F8A3C852321},0,DROP,3127586.0,Jeremy McNichols,13.0,0.0,2024-10-30
2024,9,7643fc64-d085-426a-a5eb-88d76ac80ebf,,FREEAGENT,EXECUTED,7,{430447A7-381F-4E40-AD53-6A9C1F157A25},0,ADD,4360761.0,Michael Wilson,0.0,7.0,2024-11-02
2024,9,7643fc64-d085-426a-a5eb-88d76ac80ebf,,FREEAGENT,EXECUTED,7,{430447A7-381F-4E40-AD53-6A9C1F157A25},0,DROP,4360939.0,Rashod Bateman,7.0,0.0,2024-11-02
2024,9,153d3cd1-4e6a-4af5-ba94-3d8fbd8624ae,d40410e5-7ae6-44d4-a9c0-956b40632da1,WAIVER,FAILED_INVALIDPLAYERSOURCE,7,NightlyLeagueUpdateTaskProcessor,1,ADD,-16028.0,Commanders D/ST,0.0,7.0,2024-10-30
2024,9,44da4970-2748-4f67-8834-b773ced4553c,d2e306a1-b040-4629-b9ae-4dda5ed1c214,TRADE_DECLINE,EXECUTED,7,{430447A7-381F-4E40-AD53-6A9C1F157A25},0,,,,,,2024-11-03
2024,9,c924d7d8-2f45-4104-9961-513952f9b0b4,88465e9e-a3c0-4684-b3dd-5967aaa45359,TRADE_PROPOSAL,CANCELED,10,{FE8F6865-8A47-4C3A-8D66-0780982B48DD},0,TRADE,4036133.0,T.J. Hockenson,10.0,6.0,2024-10-29
2024,9,c924d7d8-2f45-4104-9961-513952f9b0b4,88465e9e-a3c0-4684-b3dd-5967aaa45359,TRADE_PROPOSAL,CANCELED,10,{FE8F6865-8A47-4C3A-8D66-0780982B48DD},0,TRADE,3912547.0,Sam Darnold,10.0,6.0,2024-10-29
2024,9,c924d7d8-2f45-4104-9961-513952f9b0b4,88465e9e-a3c0-4684-b3dd-5967aaa45359,TRADE_PROPOSAL,CANCELED,10,{FE8F6865-8A47-4C3A-8D66-0780982B48DD},0,TRADE,4685247.0,Braelon Allen,6.0,10.0,2024-10-29
2024,9,c924d7d8-2f45-4104-9961-513952f9b0b4,88465e9e-a3c0-4684-b3dd-5967aaa45359,TRADE_PROPOSAL,CANCELED,10,{FE8F6865-8A47-4C3A-8D66-0780982B48DD},0,TRADE,4635008.0,Keon Coleman,6.0,10.0,2024-10-29
2024,9,4cec030e-7ddf-4536-a368-c714e8ab2717,1595a251-47a6-4175-a6f8-0ed780f42711,TRADE_PROPOSAL,CANCELED,8,{00408013-39CF-40FC-8080-1339CFD0FC06},0,TRADE,4430034.0,Xavier Legette,8.0,12.0,2024-11-01
2024,9,4cec030e-7ddf-4536-a368-c714e8ab2717,1595a251-47a6-4175-a6f8-0ed780f42711,TRADE_PROPOSAL,CANCELED,8,{00408013-39CF-40FC-8080-1339CFD0FC06},0,TRADE,4362238.0,Chase Brown,8.0,12.0,2024-11-01
2024,9,4cec030e-7ddf-4536-a368-c714e8ab2717,1595a251-47a6-4175-a6f8-0ed780f42711,TRADE_PROPOSAL,CANCELED,8,{00408013-39CF-40FC-8080-1339CFD0FC06},0,TRADE,4258173.0,Nico Collins,12.0,8.0,2024-11-01
2024,9,79426d3e-0e82-416a-b484-87e290b0cb74,,ROSTER,EXECUTED,13,{523D9B8F-8A3C-4523-BD9B-8F8A3C852321},0,DROP,4361777.0,Zamir White,13.0,0.0,2024-11-01
2024,9,0fee1225-58e8-4a6a-bab6-888ec9c2ea80,,FREEAGENT,EXECUTED,2,{6AC115FA-3A0D-4948-8115-FA3A0DD94826},0,ADD,-16018.0,Saints D/ST,0.0,2.0,2024-10-30
2024,9,962c1a5e-11a2-41b6-8589-5cd76e98efdd,1de7f99b-fbaa-40bb-b896-8011db526df3,WAIVER,FAILED_INVALIDPLAYERSOURCE,1,NightlyLeagueUpdateTaskProcessor,5,ADD,-16028.0,Commanders D/ST,0.0,1.0,2024-10-30
2024,9,962c1a5e-11a2-41b6-8589-5cd76e98efdd,1de7f99b-fbaa-40bb-b896-8011db526df3,WAIVER,FAILED_INVALIDPLAYERSOURCE,1,NightlyLeagueUpdateTaskProcessor,5,DROP,-16033.0,Ravens D/ST,1.0,0.0,2024-10-30
2024,9,cf230265-fb25-40ab-a4bf-c233dba34d20,,TRADE_PROPOSAL,PENDING,10,{2C8A1B87-268B-45A5-A0E5-C4A3F61C9BC2},0,TRADE,4036133.0,T.J. Hockenson,10.0,2.0,2024-10-29
2024,9,cf230265-fb25-40ab-a4bf-c233dba34d20,,TRADE_PROPOSAL,PENDING,10,{2C8A1B87-268B-45A5-A0E5-C4A3F61C9BC2},0,TRADE,15795.0,DeAndre Hopkins,10.0,2.0,2024-10-29
2024,9,cf230265-fb25-40ab-a4bf-c233dba34d20,,TRADE_PROPOSAL,PENDING,10,{2C8A1B87-268B-45A5-A0E5-C4A3F61C9BC2},0,TRADE,4259545.0,D'Andre Swift,2.0,10.0,2024-10-29
2024,9,818cce05-931c-4de7-a05f-322e773bbd05,d2e306a1-b040-4629-b9ae-4dda5ed1c214,TRADE_PROPOSAL,CANCELED,10,{430447A7-381F-4E40-AD53-6A9C1F157A25},0,TRADE,4430968.0,Kimani Vidal,10.0,7.0,2024-11-03
2024,9,818cce05-931c-4de7-a05f-322e773bbd05,d2e306a1-b040-4629-b9ae-4dda5ed1c214,TRADE_PROPOSAL,CANCELED,10,{430447A7-381F-4E40-AD53-6A9C1F157A25},0,TRADE,4429501.0,Ray Davis,7.0,10.0,2024-11-03
2024,9,8632ee5a-5383-4b03-8f82-882f4e0fd00c,,FREEAGENT,EXECUTED,3,{C52D799E-6C1C-44B9-8371-9B6AF857D8E8},0,ADD,4887558.0,Emanuel Wilson,0.0,3.0,2024-11-03
2024,9,8632ee5a-5383-4b03-8f82-882f4e0fd00c,,FREEAGENT,EXECUTED,3,{C52D799E-6C1C-44B9-8371-9B6AF857D8E8},0,DROP,4035676.0,Zack Moss,3.0,0.0,2024-11-03
2024,9,4b71dd01-0620-47f8-89a5-adc5e0339b22,4603378b-6398-4d71-9c3e-ab3904712af0,TRADE_DECLINE,EXECUTED,10,{2C8A1B87-268B-45A5-A0E5-C4A3F61C9BC2},0,,,,,,2024-10-31
2024,9,7a68e555-bbad-433b-b108-f51ad4d24f22,645e70ea-43bf-4981-a69c-9153fa8dfa59,WAIVER,EXECUTED,14,NightlyLeagueUpdateTaskProcessor,20,ADD,4426338.0,Bo Nix,0.0,14.0,2024-10-30
2024,9,7a68e555-bbad-433b-b108-f51ad4d24f22,645e70ea-43bf-4981-a69c-9153fa8dfa59,WAIVER,EXECUTED,14,NightlyLeagueUpdateTaskProcessor,20,DROP,4430871.0,Sean Tucker,14.0,0.0,2024-10-30
2024,9,f0232b48-a905-43b6-b6c0-5e2864a629f6,,FREEAGENT,EXECUTED,7,{430447A7-381F-4E40-AD53-6A9C1F157A25},0,ADD,-16019.0,Giants D/ST,0.0,7.0,2024-11-01
2024,9,f0232b48-a905-43b6-b6c0-5e2864a629f6,,FREEAGENT,EXECUTED,7,{430447A7-381F-4E40-AD53-6A9C1F157A25},0,DROP,4431611.0,Caleb Williams,7.0,0.0,2024-11-01
2024,9,61e2e482-8490-43ee-93b8-72525e915d26,,TRADE_PROPOSAL,PENDING,10,{2C8A1B87-268B-45A5-A0E5-C4A3F61C9BC2},0,TRADE,3912547.0,Sam Darnold,10.0,7.0,2024-11-01
2024,9,61e2e482-8490-43ee-93b8-72525e915d26,,TRADE_PROPOSAL,PENDING,10,{2C8A1B87-268B-45A5-A0E5-C4A3F61C9BC2},0,TRADE,4430968.0,Kimani Vidal,7.0,10.0,2024-11-01
2024,9,561cd53e-7d07-4220-8059-137901e1c8e4,81be5adf-9c46-4e93-9d1a-b2aeefc81fba,WAIVER,CANCELED,7,{430447A7-381F-4E40-AD53-6A9C1F157A25},0,ADD,-16028.0,Commanders D/ST,0.0,7.0,2024-10-30
2024,9,e1d24c92-f0be-49c3-beac-fb6360e98832,,FREEAGENT,EXECUTED,8,{00408013-39CF-40FC-8080-1339CFD0FC06},0,ADD,4248528.0,Christian Watson,0.0,8.0,2024-10-30
2024,9,e1d24c92-f0be-49c3-beac-fb6360e98832,,FREEAGENT,EXECUTED,8,{00408013-39CF-40FC-8080-1339CFD0FC06},0,DROP,4241479.0,Tua Tagovailoa,8.0,0.0,2024-10-30
2024,9,5425cfab-2771-4fbc-88a6-15afcce216e1,,FREEAGENT,EXECUTED,3,{C52D799E-6C1C-44B9-8371-9B6AF857D8E8},0,ADD,4431611.0,Caleb Williams,0.0,3.0,2024-11-03
2024,9,5425cfab-2771-4fbc-88a6-15afcce216e1,,FREEAGENT,EXECUTED,3,{C52D799E-6C1C-44B9-8371-9B6AF857D8E8},0,DROP,4887558.0,Emanuel Wilson,3.0,0.0,2024-11-03
2024,9,b0629f98-c11a-49cf-85b1-b106a8c9d4bb,f13dbf6e-512c-4201-8441-c6149155bd7b,WAIVER,CANCELED,7,{430447A7-381F-4E40-AD53-6A9C1F157A25},0,ADD,4426338.0,Bo Nix,0.0,7.0,2024-10-30
2024,9,60feb2c5-1233-4f08-aa5b-3ada9f55143a,,FREEAGENT,EXECUTED,10,{2C8A1B87-268B-45A5-A0E5-C4A3F61C9BC2},0,ADD,4372414.0,Elijah Moore,0.0,10.0,2024-10-30
2024,9,60feb2c5-1233-4f08-aa5b-3ada9f55143a,,FREEAGENT,EXECUTED,10,{2C8A1B87-268B-45A5-A0E5-C4A3F61C9BC2},0,DROP,4428850.0,Dontayvion Wicks,10.0,0.0,2024-10-30
2024,9,cd16c275-8b72-4771-8eb8-0d3cec7f2ef5,61e2e482-8490-43ee-93b8-72525e915d26,TRADE_ACCEPT,EXECUTED,10,{C1E09685-96D1-4750-BA21-8BE16D3BF7CA},0,TRADE,3912547.0,Sam Darnold,10.0,7.0,2024-11-01
2024,9,cd16c275-8b72-4771-8eb8-0d3cec7f2ef5,61e2e482-8490-43ee-93b8-72525e915d26,TRADE_ACCEPT,EXECUTED,10,{C1E09685-96D1-4750-BA21-8BE16D3BF7CA},0,TRADE,4430968.0,Kimani Vidal,7.0,10.0,2024-11-01
2024,9,ff027569-dbbc-4a67-aedb-a9a5f7271e80,,ROSTER,EXECUTED,7,{430447A7-381F-4E40-AD53-6A9C1F157A25},0,DROP,-16009.0,Packers D/ST,7.0,0.0,2024-10-29
2024,9,095e210d-09d5-4172-8110-53387e6274ed,61e2e482-8490-43ee-93b8-72525e915d26,TRADE_ACCEPT,,7,{430447A7-381F-4E40-AD53-6A9C1F157A25},0,,,,,,2024-11-01
2024,9,88465e9e-a3c0-4684-b3dd-5967aaa45359,,TRADE_PROPOSAL,PENDING,10,{2C8A1B87-268B-45A5-A0E5-C4A3F61C9BC2},0,TRADE,4036133.0,T.J. Hockenson,10.0,6.0,2024-10-29
2024,9,88465e9e-a3c0-4684-b3dd-5967aaa45359,,TRADE_PROPOSAL,PENDING,10,{2C8A1B87-268B-45A5-A0E5-C4A3F61C9BC2},0,TRADE,3912547.0,Sam Darnold,10.0,6.0,2024-10-29
2024,9,88465e9e-a3c0-4684-b3dd-5967aaa45359,,TRADE_PROPOSAL,PENDING,10,{2C8A1B87-268B-45A5-A0E5-C4A3F61C9BC2},0,TRADE,4685247.0,Braelon Allen,6.0,10.0,2024-10-29
2024,9,88465e9e-a3c0-4684-b3dd-5967aaa45359,,TRADE_PROPOSAL,PENDING,10,{2C8A1B87-268B-45A5-A0E5-C4A3F61C9BC2},0,TRADE,4635008.0,Keon Coleman,6.0,10.0,2024-10-29
2024,9,4143df37-7d19-497e-bd58-1323baf0fe4a,8e5565dd-cfaa-403f-95c4-9344591bdc35,TRADE_PROPOSAL,CANCELED,10,{C1E09685-96D1-4750-BA21-8BE16D3BF7CA},0,TRADE,15795.0,DeAndre Hopkins,10.0,1.0,2024-11-03
2024,9,4143df37-7d19-497e-bd58-1323baf0fe4a,8e5565dd-cfaa-403f-95c4-9344591bdc35,TRADE_PROPOSAL,CANCELED,10,{C1E09685-96D1-4750-BA21-8BE16D3BF7CA},0,TRADE,4360516.0,Tyrone Tracy Jr.,1.0,10.0,2024-11-03
2024,9,d2e306a1-b040-4629-b9ae-4dda5ed1c214,,TRADE_PROPOSAL,PENDING,10,{2C8A1B87-268B-45A5-A0E5-C4A3F61C9BC2},0,TRADE,4430968.0,Kimani Vidal,10.0,7.0,2024-11-03
2024,9,d2e306a1-b040-4629-b9ae-4dda5ed1c214,,TRADE_PROPOSAL,PENDING,10,{2C8A1B87-268B-45A5-A0E5-C4A3F61C9BC2},0,TRADE,4429501.0,Ray Davis,7.0,10.0,2024-11-03
2024,9,e723c9e3-32fa-460a-b4ac-92313509d844,8e5565dd-cfaa-403f-95c4-9344591bdc35,TRADE_DECLINE,EXECUTED,1,{C1E09685-96D1-4750-BA21-8BE16D3BF7CA},0,,,,,,2024-11-03
2024,9,01415af1-6850-4b02-ba86-c6bbb08d7c37,,FREEAGENT,EXECUTED,14,{C2BAB8A3-9ED5-425C-BAB8-A39ED5B25CC2},0,ADD,-16002.0,Bills D/ST,0.0,14.0,2024-10-31
2024,9,01415af1-6850-4b02-ba86-c6bbb08d7c37,,FREEAGENT,EXECUTED,14,{C2BAB8A3-9ED5-425C-BAB8-A39ED5B25CC2},0,DROP,-16008.0,Lions D/ST,14.0,0.0,2024-10-31
2024,9,dd6979e3-67e3-4fd1-a30d-c2440439ffa3,61e2e482-8490-43ee-93b8-72525e915d26,TRADE_UPHOLD,EXECUTED,1,{C1E09685-96D1-4750-BA21-8BE16D3BF7CA},0,,,,,,2024-11-01
2024,9,19a5e093-eb5d-4428-947a-cdb5d7327d5c,88465e9e-a3c0-4684-b3dd-5967aaa45359,TRADE_DECLINE,EXECUTED,6,{FE8F6865-8A47-4C3A-8D66-0780982B48DD},0,,,,,,2024-10-29
2024,9,1254d272-35a8-44e1-bb5e-66495f0cc738,9ce9714a-0a9d-4e39-bec5-13c320efc7ce,WAIVER,CANCELED,7,{430447A7-381F-4E40-AD53-6A9C1F157A25},0,ADD,-16004.0,Bengals D/ST,0.0,7.0,2024-10-30
2024,9,7998423c-5f79-4ad9-934a-31d399b52ac4,0f9d09d0-37f7-4f25-8d2a-9ca2212c2689,WAIVER,EXECUTED,7,NightlyLeagueUpdateTaskProcessor,1,ADD,-16004.0,Bengals D/ST,0.0,7.0,2024-10-30
2024,9,7d357253-1108-4b9d-b840-9718cf1f2475,,TRADE_PROPOSAL,PENDING,10,{2C8A1B87-268B-45A5-A0E5-C4A3F61C9BC2},0,TRADE,3912547.0,Sam Darnold,10.0,6.0,2024-10-31
2024,9,7d357253-1108-4b9d-b840-9718cf1f2475,,TRADE_PROPOSAL,PENDING,10,{2C8A1B87-268B-45A5-A0E5-C4A3F61C9BC2},0,TRADE,4361579.0,Javonte Williams,10.0,6.0,2024-10-31
2024,9,7d357253-1108-4b9d-b840-9718cf1f2475,,TRADE_PROPOSAL,PENDING,10,{2C8A1B87-268B-45A5-A0E5-C4A3F61C9BC2},0,TRADE,4036133.0,T.J. Hockenson,10.0,6.0,2024-10-31
2024,9,7d357253-1108-4b9d-b840-9718cf1f2475,,TRADE_PROPOSAL,PENDING,10,{2C8A1B87-268B-45A5-A0E5-C4A3F61C9BC2},0,TRADE,4685247.0,Braelon Allen,6.0,10.0,2024-10-31
2024,9,7d357253-1108-4b9d-b840-9718cf1f2475,,TRADE_PROPOSAL,PENDING,10,{2C8A1B87-268B-45A5-A0E5-C4A3F61C9BC2},0,TRADE,4241478.0,DeVonta Smith,6.0,10.0,2024-10-31
2024,9,4603378b-6398-4d71-9c3e-ab3904712af0,,TRADE_PROPOSAL,PENDING,6,{FE8F6865-8A47-4C3A-8D66-0780982B48DD},0,TRADE,4685247.0,Braelon Allen,6.0,10.0,2024-10-29
2024,9,4603378b-6398-4d71-9c3e-ab3904712af0,,TRADE_PROPOSAL,PENDING,6,{FE8F6865-8A47-4C3A-8D66-0780982B48DD},0,TRADE,4635008.0,Keon Coleman,6.0,10.0,2024-10-29
2024,9,4603378b-6398-4d71-9c3e-ab3904712af0,,TRADE_PROPOSAL,PENDING,6,{FE8F6865-8A47-4C3A-8D66-0780982B48DD},0,TRADE,4036133.0,T.J. Hockenson,10.0,6.0,2024-10-29
2024,9,4603378b-6398-4d71-9c3e-ab3904712af0,,TRADE_PROPOSAL,PENDING,6,{FE8F6865-8A47-4C3A-8D66-0780982B48DD},0,TRADE,4038815.0,Rico Dowdle,10.0,6.0,2024-10-29
2024,9,53ad17b8-0738-4199-9ce9-f5def0b198c4,b0045703-7734-46ca-9f2d-c82fc46b0eb8,WAIVER,FAILED_INVALIDPLAYERSOURCE,6,NightlyLeagueUpdateTaskProcessor,10,ADD,4426338.0,Bo Nix,0.0,6.0,2024-10-30
2024,9,53ad17b8-0738-4199-9ce9-f5def0b198c4,b0045703-7734-46ca-9f2d-c82fc46b0eb8,WAIVER,FAILED_INVALIDPLAYERSOURCE,6,NightlyLeagueUpdateTaskProcessor,10,DROP,4360078.0,Alec Pierce,6.0,0.0,2024-10-30
2024,9,b91e40be-2909-47af-ac88-d4ff582039a3,ecc4d609-7f89-41b7-8598-4d3cf8f2e669,WAIVER,FAILED_ROSTERLIMIT,7,NightlyLeagueUpdateTaskProcessor,1,ADD,-16010.0,Titans D/ST,0.0,7.0,2024-10-30
2024,9,f9755e67-364b-4637-8a8d-3147d069de38,930cd120-cd4a-43a0-b318-ca9a87840155,WAIVER,EXECUTED,5,NightlyLeagueUpdateTaskProcessor,7,ADD,-16028.0,Commanders D/ST,0.0,5.0,2024-10-30
2024,10,ebef435d-fe57-4e9d-b5d9-dfdb0ea029d0,,ROSTER,EXECUTED,7,{430447A7-381F-4E40-AD53-6A9C1F157A25},0,DROP,-16004.0,Bengals D/ST,7.0,0.0,2024-11-05
2024,10,12089603-0c86-4c61-b5ad-2f30ab053e7e,,ROSTER,EXECUTED,2,{6AC115FA-3A0D-4948-8115-FA3A0DD94826},0,DROP,-16018.0,Saints D/ST,2.0,0.0,2024-11-05
2024,10,070396d0-73ad-4d05-9bf6-b7965b3a57ba,0e8fcd78-263d-4fad-90b3-1770e43521c1,WAIVER,FAILED_INVALIDPLAYERSOURCE,5,NightlyLeagueUpdateTaskProcessor,1,ADD,2468609.0,Taysom Hill,0.0,5.0,2024-11-06
2024,10,e7a427a3-c6af-4598-a284-b61bfd5540f5,,ROSTER,EXECUTED,7,{430447A7-381F-4E40-AD53-6A9C1F157A25},0,DROP,4360761.0,Michael Wilson,7.0,0.0,2024-11-05
2024,10,3c993c27-fd16-4163-97a8-6abbcce2caa0,,FREEAGENT,EXECUTED,13,{523D9B8F-8A3C-4523-BD9B-8F8A3C852321},0,ADD,4432620.0,Parker Washington,0.0,13.0,2024-11-08
2024,10,3c993c27-fd16-4163-97a8-6abbcce2caa0,,FREEAGENT,EXECUTED,13,{523D9B8F-8A3C-4523-BD9B-8F8A3C852321},0,DROP,4722893.0,Jaleel McLaughlin,13.0,0.0,2024-11-08
2024,10,642f9b84-29a8-47dc-b2f3-3102bf5fe61f,,FREEAGENT,EXECUTED,14,{C2BAB8A3-9ED5-425C-BAB8-A39ED5B25CC2},0,ADD,3045138.0,Mike Williams,0.0,14.0,2024-11-07
2024,10,642f9b84-29a8-47dc-b2f3-3102bf5fe61f,,FREEAGENT,EXECUTED,14,{C2BAB8A3-9ED5-425C-BAB8-A39ED5B25CC2},0,DROP,3728262.0,Ray-Ray McCloud III,14.0,0.0,2024-11-07
2024,10,43ba9ec3-35a3-4464-802c-6c175c34c310,d6fe522d-e081-4b08-a069-2f901cdf0968,TRADE_DECLINE,EXECUTED,14,{C2BAB8A3-9ED5-425C-BAB8-A39ED5B25CC2},0,,,,,,2024-11-06
2024,10,0d3aae61-90a8-417d-9064-f8594127f00a,21d56980-ba76-4e86-9f0f-bf2628fceaa4,TRADE_DECLINE,EXECUTED,2,{6AC115FA-3A0D-4948-8115-FA3A0DD94826},0,,,,,,2024-11-06
2024,10,c2018073-31b2-40a5-abf2-012ae1ab6f81,9ca97970-3b1f-492f-a7ae-bd916c097e16,TRADE_DECLINE,EXECUTED,13,{523D9B8F-8A3C-4523-BD9B-8F8A3C852321},0,,,,,,2024-11-06
2024,10,efaf4ab6-f29a-4915-a2a3-0aa3c6df53e1,,FREEAGENT,EXECUTED,13,{523D9B8F-8A3C-4523-BD9B-8F8A3C852321},0,ADD,4695883.0,Jalen Coker,0.0,13.0,2024-11-08
2024,10,efaf4ab6-f29a-4915-a2a3-0aa3c6df53e1,,FREEAGENT,EXECUTED,13,{523D9B8F-8A3C-4523-BD9B-8F8A3C852321},0,DROP,3916945.0,Darius Slayton,13.0,0.0,2024-11-08
2024,10,49802868-bb56-4d51-9c34-057ffb5dd9ed,23284af2-8a7e-4b57-bb22-378fbc7ea85a,WAIVER,FAILED_INVALIDPLAYERSOURCE,3,NightlyLeagueUpdateTaskProcessor,1,ADD,3054212.0,Jonnu Smith,0.0,3.0,2024-11-06
2024,10,e73d710a-a97d-4c5b-9afa-54babbe06a63,42f4d174-c12f-4f8a-a25e-f72c8f74c9de,WAIVER,EXECUTED,13,NightlyLeagueUpdateTaskProcessor,15,ADD,2468609.0,Taysom Hill,0.0,13.0,2024-11-06
2024,10,e73d710a-a97d-4c5b-9afa-54babbe06a63,42f4d174-c12f-4f8a-a25e-f72c8f74c9de,WAIVER,EXECUTED,13,NightlyLeagueUpdateTaskProcessor,15,DROP,4361411.0,Pat Freiermuth,13.0,0.0,2024-11-06
2024,10,4ba6fa50-08da-4441-8e06-80d1ebce8668,,FREEAGENT,EXECUTED,3,{C52D799E-6C1C-44B9-8371-9B6AF857D8E8},0,ADD,4360078.0,Alec Pierce,0.0,3.0,2024-11-08
2024,10,4ba6fa50-08da-4441-8e06-80d1ebce8668,,FREEAGENT,EXECUTED,3,{C52D799E-6C1C-44B9-8371-9B6AF857D8E8},0,DROP,3043116.0,Demarcus Robinson,3.0,0.0,2024-11-08
2024,10,58b5c2bb-84f8-48aa-981a-642128f1e427,665112e7-d85b-4c01-aee7-9f326cde1ca7,WAIVER,EXECUTED,7,NightlyLeagueUpdateTaskProcessor,2,ADD,4429275.0,Trey Benson,0.0,7.0,2024-11-06
2024,10,98ad0c01-afcd-425e-a28f-4581327646e0,d6345f53-13fe-4add-b04b-2b1cb6da7508,TRADE_ACCEPT,,13,{523D9B8F-8A3C-4523-BD9B-8F8A3C852321},0,,,,,,2024-11-05
2024,10,4f0d8690-6598-4d55-869f-4ee4f5b2b300,7359147f-3313-446f-9fd3-ec54329d2bca,WAIVER,EXECUTED,14,NightlyLeagueUpdateTaskProcessor,10,ADD,3121409.0,Noah Brown,0.0,14.0,2024-11-06
2024,10,4f0d8690-6598-4d55-869f-4ee4f5b2b300,7359147f-3313-446f-9fd3-ec54329d2bca,WAIVER,EXECUTED,14,NightlyLeagueUpdateTaskProcessor,10,DROP,4360797.0,Tutu Atwell,14.0,0.0,2024-11-06
2024,10,e3a6d605-638c-4394-8c08-9a2f9ea93ef4,51ba204f-2814-4f27-a9ef-10c5a361b26e,TRADE_DECLINE,EXECUTED,1,{C1E09685-96D1-4750-BA21-8BE16D3BF7CA},0,,,,,,2024-11-05
2024,10,4ed89dc6-4d2e-446e-8c06-d2d8f02f4084,3e4c5f89-f202-417d-a0cc-50ed65d61663,TRADE_PROPOSAL,CANCELED,8,{00408013-39CF-40FC-8080-1339CFD0FC06},0,TRADE,4427366.0,Breece Hall,8.0,13.0,2024-11-05
2024,10,4ed89dc6-4d2e-446e-8c06-d2d8f02f4084,3e4c5f89-f202-417d-a0cc-50ed65d61663,TRADE_PROPOSAL,CANCELED,8,{00408013-39CF-40FC-8080-1339CFD0FC06},0,TRADE,3116406.0,Tyreek Hill,13.0,8.0,2024-11-05
2024,10,f0a66d91-4a6a-46a4-acd3-65fe9135f2d6,9c8f44d8-489e-439f-bd4f-d60cff782076,WAIVER,FAILED_INVALIDPLAYERSOURCE,14,NightlyLeagueUpdateTaskProcessor,8,ADD,3054212.0,Jonnu Smith,0.0,14.0,2024-11-06
2024,10,f0a66d91-4a6a-46a4-acd3-65fe9135f2d6,9c8f44d8-489e-439f-bd4f-d60cff782076,WAIVER,FAILED_INVALIDPLAYERSOURCE,14,NightlyLeagueUpdateTaskProcessor,8,DROP,4258595.0,Cole Kmet,14.0,0.0,2024-11-06
2024,10,fb10d42b-6813-4f9f-b2fb-2328772890e8,01ed7530-e5a0-46b3-994a-60fa320e3440,WAIVER,FAILED_PLAYERALREADYDROPPED,14,NightlyLeagueUpdateTaskProcessor,5,ADD,4427095.0,DeMario Douglas,0.0,14.0,2024-11-07
2024,10,fb10d42b-6813-4f9f-b2fb-2328772890e8,01ed7530-e5a0-46b3-994a-60fa320e3440,WAIVER,FAILED_PLAYERALREADYDROPPED,14,NightlyLeagueUpdateTaskProcessor,5,DROP,4428718.0,Tre Tucker,14.0,0.0,2024-11-07
2024,10,36d9dffc-2f63-483b-933c-9d6c3965004e,9ca97970-3b1f-492f-a7ae-bd916c097e16,TRADE_PROPOSAL,CANCELED,10,{523D9B8F-8A3C-4523-BD9B-8F8A3C852321},0,TRADE,4036133.0,T.J. Hockenson,10.0,13.0,2024-11-06
2024,10,36d9dffc-2f63-483b-933c-9d6c3965004e,9ca97970-3b1f-492f-a7ae-bd916c097e16,TRADE_PROPOSAL,CANCELED,10,{523D9B8F-8A3C-4523-BD9B-8F8A3C852321},0,TRADE,4241474.0,Brian Robinson Jr.,13.0,10.0,2024-11-06
2024,10,a3743b1e-67f6-45e2-8e85-798441e96a23,b750ac80-b278-4ca0-9b5d-861d76d58822,WAIVER,FAILED_INVALIDPLAYERSOURCE,7,NightlyLeagueUpdateTaskProcessor,6,ADD,3121409.0,Noah Brown,0.0,7.0,2024-11-06
2024,10,a4b9315a-a07c-4387-bd71-5a70dad3cd9f,,FREEAGENT,EXECUTED,5,{77F704CF-0C76-4984-9A71-8BD39511C19F},0,ADD,3121023.0,Dallas Goedert,0.0,5.0,2024-11-06
2024,10,00b35e7a-55f3-451d-b23c-db1ce5131a43,,FREEAGENT,EXECUTED,8,{00408013-39CF-40FC-8080-1339CFD0FC06},0,ADD,3043116.0,Demarcus Robinson,0.0,8.0,2024-11-10
2024,10,00b35e7a-55f3-451d-b23c-db1ce5131a43,,FREEAGENT,EXECUTED,8,{00408013-39CF-40FC-8080-1339CFD0FC06},0,DROP,4428209.0,Ricky Pearsall,8.0,0.0,2024-11-10
2024,10,b0e0bebb-1022-4e73-99fe-59f714049cc4,d6345f53-13fe-4add-b04b-2b1cb6da7508,TRADE_UPHOLD,EXECUTED,1,{C1E09685-96D1-4750-BA21-8BE16D3BF7CA},0,,,,,,2024-11-05
2024,10,47ff2c64-5d29-4474-bf94-b495e80a8d8e,cdda0df3-8b81-429e-8e76-de7ca38d1126,WAIVER,EXECUTED,8,NightlyLeagueUpdateTaskProcessor,8,ADD,3054212.0,Jonnu Smith,0.0,8.0,2024-11-06
2024,10,47ff2c64-5d29-4474-bf94-b495e80a8d8e,cdda0df3-8b81-429e-8e76-de7ca38d1126,WAIVER,EXECUTED,8,NightlyLeagueUpdateTaskProcessor,8,DROP,4248528.0,Christian Watson,8.0,0.0,2024-11-06
2024,10,d64db904-8889-4733-b336-1e38b3b47a16,,ROSTER,EXECUTED,3,{C52D799E-6C1C-44B9-8371-9B6AF857D8E8},0,DROP,4431611.0,Caleb Williams,3.0,0.0,2024-11-05
2024,10,2c91c91e-f857-41a6-b747-fb775b758087,,FREEAGENT,EXECUTED,3,{C52D799E-6C1C-44B9-8371-9B6AF857D8E8},0,ADD,3043116.0,Demarcus Robinson,0.0,3.0,2024-11-06
2024,10,2c91c91e-f857-41a6-b747-fb775b758087,,FREEAGENT,EXECUTED,3,{C52D799E-6C1C-44B9-8371-9B6AF857D8E8},0,DROP,4695883.0,Jalen Coker,3.0,0.0,2024-11-06
2024,10,25dd4584-4a7d-4751-b473-97fc50c25f4f,,FREEAGENT,EXECUTED,10,{2C8A1B87-268B-45A5-A0E5-C4A3F61C9BC2},0,ADD,4428557.0,Tyjae Spears,0.0,10.0,2024-11-08
2024,10,0eb56992-0fc8-4341-9987-a1e2b99f4d85,1fb097f6-614a-431a-b46b-0ccaf4b5e08d,WAIVER,EXECUTED,14,NightlyLeagueUpdateTaskProcessor,5,ADD,4035886.0,Khalil Herbert,0.0,14.0,2024-11-06
2024,10,0eb56992-0fc8-4341-9987-a1e2b99f4d85,1fb097f6-614a-431a-b46b-0ccaf4b5e08d,WAIVER,EXECUTED,14,NightlyLeagueUpdateTaskProcessor,5,DROP,4428718.0,Tre Tucker,14.0,0.0,2024-11-06
2024,10,a232fc4b-b746-4970-9547-760da02737d5,,FREEAGENT,EXECUTED,10,{2C8A1B87-268B-45A5-A0E5-C4A3F61C9BC2},0,ADD,4597500.0,Adonai Mitchell,0.0,10.0,2024-11-10
2024,10,a232fc4b-b746-4970-9547-760da02737d5,,FREEAGENT,EXECUTED,10,{2C8A1B87-268B-45A5-A0E5-C4A3F61C9BC2},0,DROP,4372414.0,Elijah Moore,10.0,0.0,2024-11-10
2024,10,31d446fb-e566-427f-8615-69610d18b218,f8e2899b-959e-48d6-ba42-eed44863154f,WAIVER,FAILED_INVALIDPLAYERSOURCE,8,NightlyLeagueUpdateTaskProcessor,5,ADD,2468609.0,Taysom Hill,0.0,8.0,2024-11-06
2024,10,31d446fb-e566-427f-8615-69610d18b218,f8e2899b-959e-48d6-ba42-eed44863154f,WAIVER,FAILED_INVALIDPLAYERSOURCE,8,NightlyLeagueUpdateTaskProcessor,5,DROP,4248528.0,Christian Watson,8.0,0.0,2024-11-06
2024,10,13db06be-eea8-45f0-b548-35234801f19e,5b28e568-ccb7-43eb-932f-9f745fc6e5c0,WAIVER,FAILED_INVALIDPLAYERSOURCE,3,NightlyLeagueUpdateTaskProcessor,1,ADD,2468609.0,Taysom Hill,0.0,3.0,2024-11-06
2024,10,767409db-87f8-47f3-8d62-b5f4d61e0d72,,FREEAGENT,EXECUTED,6,{FE8F6865-8A47-4C3A-8D66-0780982B48DD},0,ADD,-16001.0,Falcons D/ST,0.0,6.0,2024-11-10
2024,10,767409db-87f8-47f3-8d62-b5f4d61e0d72,,FREEAGENT,EXECUTED,6,{FE8F6865-8A47-4C3A-8D66-0780982B48DD},0,DROP,-16010.0,Titans D/ST,6.0,0.0,2024-11-10
2024,10,6ffeb4a6-3111-4cbb-aa10-a7b76beceb7e,,FREEAGENT,EXECUTED,7,{430447A7-381F-4E40-AD53-6A9C1F157A25},0,ADD,3116164.0,Mike Gesicki,0.0,7.0,2024-11-06
2024,10,9ca97970-3b1f-492f-a7ae-bd916c097e16,,TRADE_PROPOSAL,PENDING,10,{2C8A1B87-268B-45A5-A0E5-C4A3F61C9BC2},0,TRADE,4036133.0,T.J. Hockenson,10.0,13.0,2024-11-06
2024,10,9ca97970-3b1f-492f-a7ae-bd916c097e16,,TRADE_PROPOSAL,PENDING,10,{2C8A1B87-268B-45A5-A0E5-C4A3F61C9BC2},0,TRADE,4241474.0,Brian Robinson Jr.,13.0,10.0,2024-11-06
2024,10,311c308f-207e-4d84-bb3e-f5ae3361364e,ec413910-3717-4abf-9be3-199c1d6d239e,WAIVER,FAILED_ROSTERLIMIT,3,NightlyLeagueUpdateTaskProcessor,1,ADD,3121023.0,Dallas Goedert,0.0,3.0,2024-11-06
2024,10,8b8bd45d-331f-4870-b6ee-543588c7b175,5756c51c-56ad-40a3-90bb-2ed8ce896227,WAIVER,FAILED_INVALIDPLAYERSOURCE,5,NightlyLeagueUpdateTaskProcessor,1,ADD,3054212.0,Jonnu Smith,0.0,5.0,2024-11-06
2024,10,3bc13cb1-c800-4c60-a617-e487fe41ded6,,ROSTER,EXECUTED,12,{91D28B99-9234-408F-ACE7-32AEC03EE9E2},0,DROP,4427095.0,DeMario Douglas,12.0,0.0,2024-11-05
2024,10,38b0ec70-2235-4324-a553-b9eb553ddb2c,4bc0c56a-3512-4ca4-9e6a-57261c05c657,WAIVER,FAILED_PLAYERALREADYDROPPED,8,NightlyLeagueUpdateTaskProcessor,4,ADD,3121023.0,Dallas Goedert,0.0,8.0,2024-11-06
2024,10,38b0ec70-2235-4324-a553-b9eb553ddb2c,4bc0c56a-3512-4ca4-9e6a-57261c05c657,WAIVER,FAILED_PLAYERALREADYDROPPED,8,NightlyLeagueUpdateTaskProcessor,4,DROP,4248528.0,Christian Watson,8.0,0.0,2024-11-06
2024,10,62f48ee7-ca3b-4fec-97f2-11cd0d8e4a19,a0d11d40-ebf5-443c-b2e1-ab48d135e064,WAIVER,FAILED_INVALIDPLAYERSOURCE,1,NightlyLeagueUpdateTaskProcessor,5,ADD,4035886.0,Khalil Herbert,0.0,1.0,2024-11-06
2024,10,62f48ee7-ca3b-4fec-97f2-11cd0d8e4a19,a0d11d40-ebf5-443c-b2e1-ab48d135e064,WAIVER,FAILED_INVALIDPLAYERSOURCE,1,NightlyLeagueUpdateTaskProcessor,5,DROP,3120348.0,JuJu Smith-Schuster,1.0,0.0,2024-11-06
2024,10,5210336c-97b1-4fd8-a12d-6f3a9170d92e,,FREEAGENT,EXECUTED,2,{6AC115FA-3A0D-4948-8115-FA3A0DD94826},0,ADD,4360939.0,Rashod Bateman,0.0,2.0,2024-11-07
2024,10,4ff23311-b15e-45f1-9790-d6194c878aa5,,FREEAGENT,EXECUTED,13,{523D9B8F-8A3C-4523-BD9B-8F8A3C852321},0,ADD,4240021.0,Cam Akers,0.0,13.0,2024-11-08
2024,10,4ff23311-b15e-45f1-9790-d6194c878aa5,,FREEAGENT,EXECUTED,13,{523D9B8F-8A3C-4523-BD9B-8F8A3C852321},0,DROP,3051392.0,Ezekiel Elliott,13.0,0.0,2024-11-08
2024,10,fd4f7918-21ec-446e-9c18-e30333c2f8e1,,ROSTER,EXECUTED,5,{77F704CF-0C76-4984-9A71-8BD39511C19F},0,DROP,-16028.0,Commanders D/ST,5.0,0.0,2024-11-05
2024,10,5f097d9c-eef5-4589-a44b-d28ffcc8dc0f,94126d20-aeae-4fb3-843d-b74de7a24c5c,WAIVER,EXECUTED,3,NightlyLeagueUpdateTaskProcessor,1,ADD,4695883.0,Jalen Coker,0.0,3.0,2024-11-06
2024,10,b7df1624-7e25-479a-af5a-1add09b2140c,01595af3-5172-4e3a-a316-58b84785008b,TRADE_DECLINE,EXECUTED,1,{C1E09685-96D1-4750-BA21-8BE16D3BF7CA},0,,,,,,2024-11-06
2024,10,de602e52-34b0-4d8f-8422-77a873565fa8,2b5a1099-5e9b-441a-a4cc-3f43e87be9be,WAIVER,FAILED_INVALIDPLAYERSOURCE,3,NightlyLeagueUpdateTaskProcessor,1,ADD,3121409.0,Noah Brown,0.0,3.0,2024-11-06
2024,10,80c3a70a-7231-49d1-b3e6-80fe25a97c6a,a98fc603-8b10-45fa-bee4-e0cd4954534b,WAIVER,EXECUTED,1,NightlyLeagueUpdateTaskProcessor,9,ADD,-16008.0,Lions D/ST,0.0,1.0,2024-11-06
2024,10,80c3a70a-7231-49d1-b3e6-80fe25a97c6a,a98fc603-8b10-45fa-bee4-e0cd4954534b,WAIVER,EXECUTED,1,NightlyLeagueUpdateTaskProcessor,9,DROP,-16033.0,Ravens D/ST,1.0,0.0,2024-11-06
2024,10,75025071-75c3-4da8-9a05-c5045f5016a7,,FREEAGENT,EXECUTED,14,{C2BAB8A3-9ED5-425C-BAB8-A39ED5B25CC2},0,ADD,3728262.0,Ray-Ray McCloud III,0.0,14.0,2024-11-06
2024,10,75025071-75c3-4da8-9a05-c5045f5016a7,,FREEAGENT,EXECUTED,14,{C2BAB8A3-9ED5-425C-BAB8-A39ED5B25CC2},0,DROP,4258595.0,Cole Kmet,14.0,0.0,2024-11-06
2024,11,003c7292-6d09-4754-bcae-f260ba25f1e3,4c7cfa16-3201-47cf-a1db-caf4949e7273,WAIVER,CANCELED,3,{C52D799E-6C1C-44B9-8371-9B6AF857D8E8},0,ADD,4426338.0,Bo Nix,0.0,3.0,2024-11-15
2024,11,17a0d2c2-7735-4a14-8857-d16873f29001,e841f1ae-52e4-4c8c-9b9a-028ef99651ce,WAIVER,FAILED_AUCTIONBUDGETEXCEEDED,7,NightlyLeagueUpdateTaskProcessor,7,ADD,-16009.0,Packers D/ST,0.0,7.0,2024-11-13
2024,11,17a0d2c2-7735-4a14-8857-d16873f29001,e841f1ae-52e4-4c8c-9b9a-028ef99651ce,WAIVER,FAILED_AUCTIONBUDGETEXCEEDED,7,NightlyLeagueUpdateTaskProcessor,7,DROP,3912547.0,Sam Darnold,7.0,0.0,2024-11-13
2024,11,c562c06e-8c34-4102-8b69-e0fb6eed63f2,,FREEAGENT,EXECUTED,3,{C52D799E-6C1C-44B9-8371-9B6AF857D8E8},0,ADD,3117256.0,Dalton Schultz,0.0,3.0,2024-11-17
2024,11,c562c06e-8c34-4102-8b69-e0fb6eed63f2,,FREEAGENT,EXECUTED,3,{C52D799E-6C1C-44B9-8371-9B6AF857D8E8},0,DROP,3912547.0,Sam Darnold,3.0,0.0,2024-11-17
2024,11,4afd11dc-14fe-439a-a5d1-ff97edf24066,2bd8575b-cdb3-475b-8a64-39ae431dbf51,TRADE_PROPOSAL,CANCELED,1,{C1E09685-96D1-4750-BA21-8BE16D3BF7CA},0,TRADE,3045147.0,James Conner,1.0,5.0,2024-11-14
2024,11,4afd11dc-14fe-439a-a5d1-ff97edf24066,2bd8575b-cdb3-475b-8a64-39ae431dbf51,TRADE_PROPOSAL,CANCELED,1,{C1E09685-96D1-4750-BA21-8BE16D3BF7CA},0,TRADE,3121422.0,Terry McLaurin,5.0,1.0,2024-11-14
2024,11,91d18292-e674-40d0-8978-c45558acd71e,d37bef12-856c-4828-96b2-523c7da3c76a,WAIVER,FAILED_INVALIDPLAYERSOURCE,8,NightlyLeagueUpdateTaskProcessor,15,ADD,4569682.0,Audric Estime,0.0,8.0,2024-11-13
2024,11,91d18292-e674-40d0-8978-c45558acd71e,d37bef12-856c-4828-96b2-523c7da3c76a,WAIVER,FAILED_INVALIDPLAYERSOURCE,8,NightlyLeagueUpdateTaskProcessor,15,DROP,3043116.0,Demarcus Robinson,8.0,0.0,2024-11-13
2024,11,cf52878b-ab75-43b1-87bb-9b4ef952a013,a50aa4f2-e7e9-4d40-8705-f5b2fbf04fb8,TRADE_DECLINE,EXECUTED,1,{C1E09685-96D1-4750-BA21-8BE16D3BF7CA},0,,,,,,2024-11-13
2024,11,13dbdbc7-6e58-40b4-8569-6fc1bcb85563,,ROSTER,EXECUTED,3,{C52D799E-6C1C-44B9-8371-9B6AF857D8E8},0,DROP,14880.0,Kirk Cousins,3.0,0.0,2024-11-13
2024,11,17d2c274-0e5e-4690-9e58-f8c93ff9e2eb,250b09b6-55b6-4a51-a1dd-98afb0d7e876,TRADE_UPHOLD,EXECUTED,3,{C52D799E-6C1C-44B9-8371-9B6AF857D8E8},0,,,,,,2024-11-13
2024,11,fb9d1d3e-6eb4-4238-aed5-723a00e195ac,,FREEAGENT,EXECUTED,2,{6AC115FA-3A0D-4948-8115-FA3A0DD94826},0,ADD,-16018.0,Saints D/ST,0.0,2.0,2024-11-15
2024,11,e7a6777e-2ad9-4055-b251-2f2ff522d8a6,,FREEAGENT,EXECUTED,13,{523D9B8F-8A3C-4523-BD9B-8F8A3C852321},0,ADD,4427095.0,DeMario Douglas,0.0,13.0,2024-11-13
2024,11,4eff9f4e-bc36-4956-8610-8db665c0223e,b091c89f-6a9e-4bf1-8216-e4ba24ba703b,WAIVER,CANCELED,3,{C52D799E-6C1C-44B9-8371-9B6AF857D8E8},0,ADD,4038941.0,Justin Herbert,0.0,3.0,2024-11-12
2024,11,4eff9f4e-bc36-4956-8610-8db665c0223e,b091c89f-6a9e-4bf1-8216-e4ba24ba703b,WAIVER,CANCELED,3,{C52D799E-6C1C-44B9-8371-9B6AF857D8E8},0,DROP,14880.0,Kirk Cousins,3.0,0.0,2024-11-12
2024,11,1cbc42c9-1adc-4b5c-bc19-cab72601f6c7,cd042474-b5c1-48d4-9aea-5cb2a3358af2,WAIVER,FAILED_INVALIDPLAYERSOURCE,12,NightlyLeagueUpdateTaskProcessor,1,ADD,-16015.0,Dolphins D/ST,0.0,12.0,2024-11-13
2024,11,1cbc42c9-1adc-4b5c-bc19-cab72601f6c7,cd042474-b5c1-48d4-9aea-5cb2a3358af2,WAIVER,FAILED_INVALIDPLAYERSOURCE,12,NightlyLeagueUpdateTaskProcessor,1,DROP,-16021.0,Eagles D/ST,12.0,0.0,2024-11-13
2024,11,dadae9ec-c35e-4212-af70-b3d172bda8d5,,FREEAGENT,EXECUTED,3,{C52D799E-6C1C-44B9-8371-9B6AF857D8E8},0,ADD,4258595.0,Cole Kmet,0.0,3.0,2024-11-17
2024,11,dadae9ec-c35e-4212-af70-b3d172bda8d5,,FREEAGENT,EXECUTED,3,{C52D799E-6C1C-44B9-8371-9B6AF857D8E8},0,DROP,3117256.0,Dalton Schultz,3.0,0.0,2024-11-17
2024,11,6ba8e6f6-0ee5-46bf-860c-0d76fd425a89,ad13f4b6-19a6-4b3b-8714-57f184fa73d9,TRADE_PROPOSAL,CANCELED,10,{430447A7-381F-4E40-AD53-6A9C1F157A25},0,TRADE,4426348.0,Jayden Daniels,10.0,7.0,2024-11-14
2024,11,6ba8e6f6-0ee5-46bf-860c-0d76fd425a89,ad13f4b6-19a6-4b3b-8714-57f184fa73d9,TRADE_PROPOSAL,CANCELED,10,{430447A7-381F-4E40-AD53-6A9C1F157A25},0,TRADE,4262921.0,Justin Jefferson,7.0,10.0,2024-11-14
2024,11,c1b178df-29ad-4529-9609-f9f168e4a66f,,ROSTER,EXECUTED,7,{430447A7-381F-4E40-AD53-6A9C1F157A25},0,DROP,4429275.0,Trey Benson,7.0,0.0,2024-11-16
2024,11,baf616c6-b1a0-43d1-9a77-99294de44cbe,,FREEAGENT,EXECUTED,4,{8242D4C8-FCD1-4A28-9373-CD282687A8E7},0,ADD,3116164.0,Mike Gesicki,0.0,4.0,2024-11-15
2024,11,baf616c6-b1a0-43d1-9a77-99294de44cbe,,FREEAGENT,EXECUTED,4,{8242D4C8-FCD1-4A28-9373-CD282687A8E7},0,DROP,4426386.0,Roschon Johnson,4.0,0.0,2024-11-15
2024,11,bdeed687-5e15-4e01-bad0-cacdc663e348,c52559be-6b76-4d0c-95a4-2542b34ddbc2,WAIVER,CANCELED,12,{91D28B99-9234-408F-ACE7-32AEC03EE9E2},0,ADD,4428209.0,Ricky Pearsall,0.0,12.0,2024-11-12
2024,11,bdeed687-5e15-4e01-bad0-cacdc663e348,c52559be-6b76-4d0c-95a4-2542b34ddbc2,WAIVER,CANCELED,12,{91D28B99-9234-408F-ACE7-32AEC03EE9E2},0,DROP,15818.0,Keenan Allen,12.0,0.0,2024-11-12
2024,11,1009fc2e-2c85-470b-8e92-d5f51871ec37,35bba072-7f45-469c-b64d-81250a467e7a,WAIVER,FAILED_INVALIDPLAYERSOURCE,8,NightlyLeagueUpdateTaskProcessor,11,ADD,4038941.0,Justin Herbert,0.0,8.0,2024-11-13
2024,11,1009fc2e-2c85-470b-8e92-d5f51871ec37,35bba072-7f45-469c-b64d-81250a467e7a,WAIVER,FAILED_INVALIDPLAYERSOURCE,8,NightlyLeagueUpdateTaskProcessor,11,DROP,3043116.0,Demarcus Robinson,8.0,0.0,2024-11-13
2024,11,5746d155-ce99-41b7-bdd8-3bbf0f5048b6,01976954-4a4f-4f85-a1ce-c280dd06b7a3,WAIVER,FAILED_INVALIDPLAYERSOURCE,14,NightlyLeagueUpdateTaskProcessor,5,ADD,4569682.0,Audric Estime,0.0,14.0,2024-11-13
2024,11,5746d155-ce99-41b7-bdd8-3bbf0f5048b6,01976954-4a4f-4f85-a1ce-c280dd06b7a3,WAIVER,FAILED_INVALIDPLAYERSOURCE,14,NightlyLeagueUpdateTaskProcessor,5,DROP,3121409.0,Noah Brown,14.0,0.0,2024-11-13
2024,11,b767af21-498b-4c9a-8435-4283bc6eed2d,bab08a1c-07ba-49c5-9cb8-a3ad238516a3,TRADE_DECLINE,EXECUTED,10,{2C8A1B87-268B-45A5-A0E5-C4A3F61C9BC2},0,,,,,,2024-11-15
2024,11,ad13f4b6-19a6-4b3b-8714-57f184fa73d9,,TRADE_PROPOSAL,PENDING,10,{2C8A1B87-268B-45A5-A0E5-C4A3F61C9BC2},0,TRADE,4426348.0,Jayden Daniels,10.0,7.0,2024-11-14
2024,11,ad13f4b6-19a6-4b3b-8714-57f184fa73d9,,TRADE_PROPOSAL,PENDING,10,{2C8A1B87-268B-45A5-A0E5-C4A3F61C9BC2},0,TRADE,4262921.0,Justin Jefferson,7.0,10.0,2024-11-14
2024,11,e07cf6ae-40ec-401f-bd58-d16a68bfcd1a,05d893f6-168a-458b-8ceb-70b8218218f2,WAIVER,EXECUTED,8,NightlyLeagueUpdateTaskProcessor,7,ADD,-16015.0,Dolphins D/ST,0.0,8.0,2024-11-13
2024,11,e07cf6ae-40ec-401f-bd58-d16a68bfcd1a,05d893f6-168a-458b-8ceb-70b8218218f2,WAIVER,EXECUTED,8,NightlyLeagueUpdateTaskProcessor,7,DROP,-16024.0,Chargers D/ST,8.0,0.0,2024-11-13
2024,11,0e06a6d7-3348-4fba-a816-4fb00ed94a8d,767d8a84-bcf0-40df-855c-267384db4666,WAIVER,CANCELED,8,{00408013-39CF-40FC-8080-1339CFD0FC06},0,ADD,3121023.0,Dallas Goedert,0.0,8.0,2024-11-14
2024,11,0e06a6d7-3348-4fba-a816-4fb00ed94a8d,767d8a84-bcf0-40df-855c-267384db4666,WAIVER,CANCELED,8,{00408013-39CF-40FC-8080-1339CFD0FC06},0,DROP,3054212.0,Jonnu Smith,8.0,0.0,2024-11-14
2024,11,ccfb43d5-3b46-4929-a8ad-82f96f5a4b88,9759cd04-b265-407c-b517-3b39ea5488d0,WAIVER,FAILED_INVALIDPLAYERSOURCE,5,NightlyLeagueUpdateTaskProcessor,4,ADD,4426338.0,Bo Nix,0.0,5.0,2024-11-15
2024,11,ccfb43d5-3b46-4929-a8ad-82f96f5a4b88,9759cd04-b265-407c-b517-3b39ea5488d0,WAIVER,FAILED_INVALIDPLAYERSOURCE,5,NightlyLeagueUpdateTaskProcessor,4,DROP,4431452.0,Drake Maye,5.0,0.0,2024-11-15
2024,11,dc692d79-78f3-4c5e-a404-fe625b78117f,,TRADE_PROPOSAL,PENDING,8,{00408013-39CF-40FC-8080-1339CFD0FC06},0,TRADE,3043116.0,Demarcus Robinson,8.0,10.0,2024-11-14
2024,11,dc692d79-78f3-4c5e-a404-fe625b78117f,,TRADE_PROPOSAL,PENDING,8,{00408013-39CF-40FC-8080-1339CFD0FC06},0,TRADE,4428557.0,Tyjae Spears,10.0,8.0,2024-11-14
2024,11,ece608b7-4556-4a04-8e0d-3ca22c7fd307,9a8a58de-539d-4731-9da9-2a7261ccf1e1,TRADE_PROPOSAL,CANCELED,7,{2C8A1B87-268B-45A5-A0E5-C4A3F61C9BC2},0,TRADE,4248528.0,Christian Watson,7.0,10.0,2024-11-17
2024,11,ece608b7-4556-4a04-8e0d-3ca22c7fd307,9a8a58de-539d-4731-9da9-2a7261ccf1e1,TRADE_PROPOSAL,CANCELED,7,{2C8A1B87-268B-45A5-A0E5-C4A3F61C9BC2},0,TRADE,4432773.0,Brian Thomas Jr.,7.0,10.0,2024-11-17
2024,11,ece608b7-4556-4a04-8e0d-3ca22c7fd307,9a8a58de-539d-4731-9da9-2a7261ccf1e1,TRADE_PROPOSAL,CANCELED,7,{2C8A1B87-268B-45A5-A0E5-C4A3F61C9BC2},0,TRADE,4036378.0,Jordan Love,7.0,10.0,2024-11-17
2024,11,ece608b7-4556-4a04-8e0d-3ca22c7fd307,9a8a58de-539d-4731-9da9-2a7261ccf1e1,TRADE_PROPOSAL,CANCELED,7,{2C8A1B87-268B-45A5-A0E5-C4A3F61C9BC2},0,TRADE,4241416.0,Chuba Hubbard,7.0,10.0,2024-11-17
2024,11,ece608b7-4556-4a04-8e0d-3ca22c7fd307,9a8a58de-539d-4731-9da9-2a7261ccf1e1,TRADE_PROPOSAL,CANCELED,7,{2C8A1B87-268B-45A5-A0E5-C4A3F61C9BC2},0,TRADE,4429501.0,Ray Davis,7.0,10.0,2024-11-17
2024,11,ece608b7-4556-4a04-8e0d-3ca22c7fd307,9a8a58de-539d-4731-9da9-2a7261ccf1e1,TRADE_PROPOSAL,CANCELED,7,{2C8A1B87-268B-45A5-A0E5-C4A3F61C9BC2},0,TRADE,-16009.0,Packers D/ST,7.0,10.0,2024-11-17
2024,11,ece608b7-4556-4a04-8e0d-3ca22c7fd307,9a8a58de-539d-4731-9da9-2a7261ccf1e1,TRADE_PROPOSAL,CANCELED,7,{2C8A1B87-268B-45A5-A0E5-C4A3F61C9BC2},0,TRADE,3128429.0,Courtland Sutton,7.0,10.0,2024-11-17
2024,11,ece608b7-4556-4a04-8e0d-3ca22c7fd307,9a8a58de-539d-4731-9da9-2a7261ccf1e1,TRADE_PROPOSAL,CANCELED,7,{2C8A1B87-268B-45A5-A0E5-C4A3F61C9BC2},0,TRADE,3123076.0,David Njoku,7.0,10.0,2024-11-17
2024,11,ece608b7-4556-4a04-8e0d-3ca22c7fd307,9a8a58de-539d-4731-9da9-2a7261ccf1e1,TRADE_PROPOSAL,CANCELED,7,{2C8A1B87-268B-45A5-A0E5-C4A3F61C9BC2},0,TRADE,15847.0,Travis Kelce,7.0,10.0,2024-11-17
2024,11,ece608b7-4556-4a04-8e0d-3ca22c7fd307,9a8a58de-539d-4731-9da9-2a7261ccf1e1,TRADE_PROPOSAL,CANCELED,7,{2C8A1B87-268B-45A5-A0E5-C4A3F61C9BC2},0,TRADE,4047650.0,DK Metcalf,7.0,10.0,2024-11-17
2024,11,ece608b7-4556-4a04-8e0d-3ca22c7fd307,9a8a58de-539d-4731-9da9-2a7261ccf1e1,TRADE_PROPOSAL,CANCELED,7,{2C8A1B87-268B-45A5-A0E5-C4A3F61C9BC2},0,TRADE,4262921.0,Justin Jefferson,7.0,10.0,2024-11-17
2024,11,ece608b7-4556-4a04-8e0d-3ca22c7fd307,9a8a58de-539d-4731-9da9-2a7261ccf1e1,TRADE_PROPOSAL,CANCELED,7,{2C8A1B87-268B-45A5-A0E5-C4A3F61C9BC2},0,TRADE,4569173.0,Rhamondre Stevenson,7.0,10.0,2024-11-17
2024,11,ece608b7-4556-4a04-8e0d-3ca22c7fd307,9a8a58de-539d-4731-9da9-2a7261ccf1e1,TRADE_PROPOSAL,CANCELED,7,{2C8A1B87-268B-45A5-A0E5-C4A3F61C9BC2},0,TRADE,4239996.0,Travis Etienne Jr.,7.0,10.0,2024-11-17
2024,11,ece608b7-4556-4a04-8e0d-3ca22c7fd307,9a8a58de-539d-4731-9da9-2a7261ccf1e1,TRADE_PROPOSAL,CANCELED,7,{2C8A1B87-268B-45A5-A0E5-C4A3F61C9BC2},0,TRADE,4038941.0,Justin Herbert,7.0,10.0,2024-11-17
2024,11,ece608b7-4556-4a04-8e0d-3ca22c7fd307,9a8a58de-539d-4731-9da9-2a7261ccf1e1,TRADE_PROPOSAL,CANCELED,7,{2C8A1B87-268B-45A5-A0E5-C4A3F61C9BC2},0,TRADE,4430968.0,Kimani Vidal,10.0,7.0,2024-11-17
2024,11,ece608b7-4556-4a04-8e0d-3ca22c7fd307,9a8a58de-539d-4731-9da9-2a7261ccf1e1,TRADE_PROPOSAL,CANCELED,7,{2C8A1B87-268B-45A5-A0E5-C4A3F61C9BC2},0,TRADE,4428557.0,Tyjae Spears,10.0,7.0,2024-11-17
2024,11,ece608b7-4556-4a04-8e0d-3ca22c7fd307,9a8a58de-539d-4731-9da9-2a7261ccf1e1,TRADE_PROPOSAL,CANCELED,7,{2C8A1B87-268B-45A5-A0E5-C4A3F61C9BC2},0,TRADE,4597500.0,Adonai Mitchell,10.0,7.0,2024-11-17
2024,11,ece608b7-4556-4a04-8e0d-3ca22c7fd307,9a8a58de-539d-4731-9da9-2a7261ccf1e1,TRADE_PROPOSAL,CANCELED,7,{2C8A1B87-268B-45A5-A0E5-C4A3F61C9BC2},0,TRADE,4361307.0,Trey McBride,10.0,7.0,2024-11-17
2024,11,ece608b7-4556-4a04-8e0d-3ca22c7fd307,9a8a58de-539d-4731-9da9-2a7261ccf1e1,TRADE_PROPOSAL,CANCELED,7,{2C8A1B87-268B-45A5-A0E5-C4A3F61C9BC2},0,TRADE,4429096.0,Blake Corum,10.0,7.0,2024-11-17
2024,11,ece608b7-4556-4a04-8e0d-3ca22c7fd307,9a8a58de-539d-4731-9da9-2a7261ccf1e1,TRADE_PROPOSAL,CANCELED,7,{2C8A1B87-268B-45A5-A0E5-C4A3F61C9BC2},0,TRADE,-16016.0,Vikings D/ST,10.0,7.0,2024-11-17
2024,11,ece608b7-4556-4a04-8e0d-3ca22c7fd307,9a8a58de-539d-4731-9da9-2a7261ccf1e1,TRADE_PROPOSAL,CANCELED,7,{2C8A1B87-268B-45A5-A0E5-C4A3F61C9BC2},0,TRADE,4038815.0,Rico Dowdle,10.0,7.0,2024-11-17
2024,11,ece608b7-4556-4a04-8e0d-3ca22c7fd307,9a8a58de-539d-4731-9da9-2a7261ccf1e1,TRADE_PROPOSAL,CANCELED,7,{2C8A1B87-268B-45A5-A0E5-C4A3F61C9BC2},0,TRADE,4362628.0,Ja'Marr Chase,10.0,7.0,2024-11-17
2024,11,ece608b7-4556-4a04-8e0d-3ca22c7fd307,9a8a58de-539d-4731-9da9-2a7261ccf1e1,TRADE_PROPOSAL,CANCELED,7,{2C8A1B87-268B-45A5-A0E5-C4A3F61C9BC2},0,TRADE,4036133.0,T.J. Hockenson,10.0,7.0,2024-11-17
2024,11,ece608b7-4556-4a04-8e0d-3ca22c7fd307,9a8a58de-539d-4731-9da9-2a7261ccf1e1,TRADE_PROPOSAL,CANCELED,7,{2C8A1B87-268B-45A5-A0E5-C4A3F61C9BC2},0,TRADE,4426515.0,Puka Nacua,10.0,7.0,2024-11-17
2024,11,ece608b7-4556-4a04-8e0d-3ca22c7fd307,9a8a58de-539d-4731-9da9-2a7261ccf1e1,TRADE_PROPOSAL,CANCELED,7,{2C8A1B87-268B-45A5-A0E5-C4A3F61C9BC2},0,TRADE,15795.0,DeAndre Hopkins,10.0,7.0,2024-11-17
2024,11,ece608b7-4556-4a04-8e0d-3ca22c7fd307,9a8a58de-539d-4731-9da9-2a7261ccf1e1,TRADE_PROPOSAL,CANCELED,7,{2C8A1B87-268B-45A5-A0E5-C4A3F61C9BC2},0,TRADE,4361579.0,Javonte Williams,10.0,7.0,2024-11-17
2024,11,ece608b7-4556-4a04-8e0d-3ca22c7fd307,9a8a58de-539d-4731-9da9-2a7261ccf1e1,TRADE_PROPOSAL,CANCELED,7,{2C8A1B87-268B-45A5-A0E5-C4A3F61C9BC2},0,TRADE,4429160.0,De'Von Achane,10.0,7.0,2024-11-17
2024,11,ece608b7-4556-4a04-8e0d-3ca22c7fd307,9a8a58de-539d-4731-9da9-2a7261ccf1e1,TRADE_PROPOSAL,CANCELED,7,{2C8A1B87-268B-45A5-A0E5-C4A3F61C9BC2},0,TRADE,4426348.0,Jayden Daniels,10.0,7.0,2024-11-17
2024,11,51c63665-c3eb-42c4-ba5a-dd0ca516ab11,,FREEAGENT,EXECUTED,4,{8242D4C8-FCD1-4A28-9373-CD282687A8E7},0,ADD,4429022.0,Kayshon Boutte,0.0,4.0,2024-11-15
2024,11,51c63665-c3eb-42c4-ba5a-dd0ca516ab11,,FREEAGENT,EXECUTED,4,{8242D4C8-FCD1-4A28-9373-CD282687A8E7},0,DROP,4430834.0,Jalen McMillan,4.0,0.0,2024-11-15
2024,11,478a6b0b-f929-4b88-9ba9-580ca96f644b,9a8a58de-539d-4731-9da9-2a7261ccf1e1,TRADE_DECLINE,EXECUTED,10,{2C8A1B87-268B-45A5-A0E5-C4A3F61C9BC2},0,,,,,,2024-11-17
2024,11,f1076384-0a42-4567-ac40-0e85a02e8066,2bd9eace-94ee-4daa-a3c0-783e4286dcb9,TRADE_DECLINE,EXECUTED,8,{00408013-39CF-40FC-8080-1339CFD0FC06},0,,,,,,2024-11-13
2024,11,75180cd8-32bd-4997-9616-7e9ebf7215f8,8b937b48-4d4f-401f-ab39-3fef7d375d64,WAIVER,FAILED_INVALIDPLAYERSOURCE,5,NightlyLeagueUpdateTaskProcessor,9,ADD,4038941.0,Justin Herbert,0.0,5.0,2024-11-13
2024,11,75180cd8-32bd-4997-9616-7e9ebf7215f8,8b937b48-4d4f-401f-ab39-3fef7d375d64,WAIVER,FAILED_INVALIDPLAYERSOURCE,5,NightlyLeagueUpdateTaskProcessor,9,DROP,3121023.0,Dallas Goedert,5.0,0.0,2024-11-13
2024,11,a1d40e9d-f59d-4e53-b937-36a7a491a873,dc692d79-78f3-4c5e-a404-fe625b78117f,TRADE_PROPOSAL,CANCELED,8,NightlyLeagueUpdateTaskProcessor,0,TRADE,3043116.0,Demarcus Robinson,8.0,10.0,2024-11-15
2024,11,a1d40e9d-f59d-4e53-b937-36a7a491a873,dc692d79-78f3-4c5e-a404-fe625b78117f,TRADE_PROPOSAL,CANCELED,8,NightlyLeagueUpdateTaskProcessor,0,TRADE,4428557.0,Tyjae Spears,10.0,8.0,2024-11-15
2024,11,5a668be7-0496-40b0-8ecb-22acde40155e,,FREEAGENT,EXECUTED,3,{C52D799E-6C1C-44B9-8371-9B6AF857D8E8},0,ADD,8439.0,Aaron Rodgers,0.0,3.0,2024-11-15
2024,11,5a668be7-0496-40b0-8ecb-22acde40155e,,FREEAGENT,EXECUTED,3,{C52D799E-6C1C-44B9-8371-9B6AF857D8E8},0,DROP,-16018.0,Saints D/ST,3.0,0.0,2024-11-15
2024,11,a7e86063-7609-4856-906f-54f3315c79f8,dd16b388-f6e9-4cf7-8c5b-d646728dcf26,TRADE_DECLINE,EXECUTED,7,{430447A7-381F-4E40-AD53-6A9C1F157A25},0,,,,,,2024-11-13
2024,11,e30f3ee4-7f08-4970-8e5e-3f180c421e89,,FREEAGENT,EXECUTED,14,{C2BAB8A3-9ED5-425C-BAB8-A39ED5B25CC2},0,ADD,-16014.0,Rams D/ST,0.0,14.0,2024-11-13
2024,11,e30f3ee4-7f08-4970-8e5e-3f180c421e89,,FREEAGENT,EXECUTED,14,{C2BAB8A3-9ED5-425C-BAB8-A39ED5B25CC2},0,DROP,4426338.0,Bo Nix,14.0,0.0,2024-11-13
2024,11,2efe8157-f7d6-4cd2-bc82-ae8b5e5d682e,af2cf21d-634a-4ac4-8e5d-c44cdcce3fab,WAIVER,FAILED_INVALIDPLAYERSOURCE,13,NightlyLeagueUpdateTaskProcessor,5,ADD,4038941.0,Justin Herbert,0.0,13.0,2024-11-13
2024,11,2efe8157-f7d6-4cd2-bc82-ae8b5e5d682e,af2cf21d-634a-4ac4-8e5d-c44cdcce3fab,WAIVER,FAILED_INVALIDPLAYERSOURCE,13,NightlyLeagueUpdateTaskProcessor,5,DROP,4432620.0,Parker Washington,13.0,0.0,2024-11-13
2024,11,5dd3187f-9dec-4ef9-b514-a9fb1829f78c,,FREEAGENT,EXECUTED,6,{FE8F6865-8A47-4C3A-8D66-0780982B48DD},0,ADD,3930086.0,Dawson Knox,0.0,6.0,2024-11-15
2024,11,5dd3187f-9dec-4ef9-b514-a9fb1829f78c,,FREEAGENT,EXECUTED,6,{FE8F6865-8A47-4C3A-8D66-0780982B48DD},0,DROP,2577417.0,Dak Prescott,6.0,0.0,2024-11-15
2024,11,d3897a94-ccd5-4bd5-b3ff-2e99aea4592c,81fe8a4b-c6f8-459a-a6e3-03c6e2ed1445,WAIVER,EXECUTED,1,NightlyLeagueUpdateTaskProcessor,16,ADD,4569682.0,Audric Estime,0.0,1.0,2024-11-13
2024,11,d3897a94-ccd5-4bd5-b3ff-2e99aea4592c,81fe8a4b-c6f8-459a-a6e3-03c6e2ed1445,WAIVER,EXECUTED,1,NightlyLeagueUpdateTaskProcessor,16,DROP,3120348.0,JuJu Smith-Schuster,1.0,0.0,2024-11-13
2024,11,2c646821-fd2b-442a-a1cf-d52ed72b026a,8bb0379f-78fe-465a-bdf1-ff3c0f3d37b3,WAIVER,EXECUTED,7,NightlyLeagueUpdateTaskProcessor,31,ADD,4038941.0,Justin Herbert,0.0,7.0,2024-11-13
2024,11,2c646821-fd2b-442a-a1cf-d52ed72b026a,8bb0379f-78fe-465a-bdf1-ff3c0f3d37b3,WAIVER,EXECUTED,7,NightlyLeagueUpdateTaskProcessor,31,DROP,3912547.0,Sam Darnold,7.0,0.0,2024-11-13
2024,11,64f79959-6bea-4a70-b323-c5a6d50bec40,,ROSTER,EXECUTED,14,{C2BAB8A3-9ED5-425C-BAB8-A39ED5B25CC2},0,DROP,-16002.0,Bills D/ST,14.0,0.0,2024-11-13
2024,11,1da6057d-5420-4d2a-bb70-2e76a0654a52,de51efb4-d793-4f82-8c0b-23615ea3b7fc,TRADE_UPHOLD,EXECUTED,1,{C1E09685-96D1-4750-BA21-8BE16D3BF7CA},0,,,,,,2024-11-14
2024,11,bab08a1c-07ba-49c5-9cb8-a3ad238516a3,,TRADE_PROPOSAL,PENDING,1,{C1E09685-96D1-4750-BA21-8BE16D3BF7CA},0,TRADE,4569682.0,Audric Estime,1.0,10.0,2024-11-15
2024,11,bab08a1c-07ba-49c5-9cb8-a3ad238516a3,,TRADE_PROPOSAL,PENDING,1,{C1E09685-96D1-4750-BA21-8BE16D3BF7CA},0,TRADE,4036133.0,T.J. Hockenson,10.0,1.0,2024-11-15
2024,11,4b4d8c27-3d5d-4ced-b11e-c1a2f099621d,,FREEAGENT,EXECUTED,3,{C52D799E-6C1C-44B9-8371-9B6AF857D8E8},0,ADD,3912547.0,Sam Darnold,0.0,3.0,2024-11-15
2024,11,4b4d8c27-3d5d-4ced-b11e-c1a2f099621d,,FREEAGENT,EXECUTED,3,{C52D799E-6C1C-44B9-8371-9B6AF857D8E8},0,DROP,8439.0,Aaron Rodgers,3.0,0.0,2024-11-15
2024,11,1b725204-7bb1-4425-8866-000e8dfe6e4c,bab08a1c-07ba-49c5-9cb8-a3ad238516a3,TRADE_PROPOSAL,CANCELED,1,{2C8A1B87-268B-45A5-A0E5-C4A3F61C9BC2},0,TRADE,4569682.0,Audric Estime,1.0,10.0,2024-11-15
2024,11,1b725204-7bb1-4425-8866-000e8dfe6e4c,bab08a1c-07ba-49c5-9cb8-a3ad238516a3,TRADE_PROPOSAL,CANCELED,1,{2C8A1B87-268B-45A5-A0E5-C4A3F61C9BC2},0,TRADE,4036133.0,T.J. Hockenson,10.0,1.0,2024-11-15
2024,11,9a8a58de-539d-4731-9da9-2a7261ccf1e1,,TRADE_PROPOSAL,PENDING,7,{430447A7-381F-4E40-AD53-6A9C1F157A25},0,TRADE,4248528.0,Christian Watson,7.0,10.0,2024-11-17
2024,11,9a8a58de-539d-4731-9da9-2a7261ccf1e1,,TRADE_PROPOSAL,PENDING,7,{430447A7-381F-4E40-AD53-6A9C1F157A25},0,TRADE,4432773.0,Brian Thomas Jr.,7.0,10.0,2024-11-17
2024,11,9a8a58de-539d-4731-9da9-2a7261ccf1e1,,TRADE_PROPOSAL,PENDING,7,{430447A7-381F-4E40-AD53-6A9C1F157A25},0,TRADE,4036378.0,Jordan Love,7.0,10.0,2024-11-17
2024,11,9a8a58de-539d-4731-9da9-2a7261ccf1e1,,TRADE_PROPOSAL,PENDING,7,{430447A7-381F-4E40-AD53-6A9C1F157A25},0,TRADE,4241416.0,Chuba Hubbard,7.0,10.0,2024-11-17
2024,11,9a8a58de-539d-4731-9da9-2a7261ccf1e1,,TRADE_PROPOSAL,PENDING,7,{430447A7-381F-4E40-AD53-6A9C1F157A25},0,TRADE,4429501.0,Ray Davis,7.0,10.0,2024-11-17
2024,11,9a8a58de-539d-4731-9da9-2a7261ccf1e1,,TRADE_PROPOSAL,PENDING,7,{430447A7-381F-4E40-AD53-6A9C1F157A25},0,TRADE,-16009.0,Packers D/ST,7.0,10.0,2024-11-17
2024,11,9a8a58de-539d-4731-9da9-2a7261ccf1e1,,TRADE_PROPOSAL,PENDING,7,{430447A7-381F-4E40-AD53-6A9C1F157A25},0,TRADE,3128429.0,Courtland Sutton,7.0,10.0,2024-11-17
2024,11,9a8a58de-539d-4731-9da9-2a7261ccf1e1,,TRADE_PROPOSAL,PENDING,7,{430447A7-381F-4E40-AD53-6A9C1F157A25},0,TRADE,3123076.0,David Njoku,7.0,10.0,2024-11-17
2024,11,9a8a58de-539d-4731-9da9-2a7261ccf1e1,,TRADE_PROPOSAL,PENDING,7,{430447A7-381F-4E40-AD53-6A9C1F157A25},0,TRADE,15847.0,Travis Kelce,7.0,10.0,2024-11-17
2024,11,9a8a58de-539d-4731-9da9-2a7261ccf1e1,,TRADE_PROPOSAL,PENDING,7,{430447A7-381F-4E40-AD53-6A9C1F157A25},0,TRADE,4047650.0,DK Metcalf,7.0,10.0,2024-11-17
2024,11,9a8a58de-539d-4731-9da9-2a7261ccf1e1,,TRADE_PROPOSAL,PENDING,7,{430447A7-381F-4E40-AD53-6A9C1F157A25},0,TRADE,4262921.0,Justin Jefferson,7.0,10.0,2024-11-17
2024,11,9a8a58de-539d-4731-9da9-2a7261ccf1e1,,TRADE_PROPOSAL,PENDING,7,{430447A7-381F-4E40-AD53-6A9C1F157A25},0,TRADE,4569173.0,Rhamondre Stevenson,7.0,10.0,2024-11-17
2024,11,9a8a58de-539d-4731-9da9-2a7261ccf1e1,,TRADE_PROPOSAL,PENDING,7,{430447A7-381F-4E40-AD53-6A9C1F157A25},0,TRADE,4239996.0,Travis Etienne Jr.,7.0,10.0,2024-11-17
2024,11,9a8a58de-539d-4731-9da9-2a7261ccf1e1,,TRADE_PROPOSAL,PENDING,7,{430447A7-381F-4E40-AD53-6A9C1F157A25},0,TRADE,4038941.0,Justin Herbert,7.0,10.0,2024-11-17
2024,11,9a8a58de-539d-4731-9da9-2a7261ccf1e1,,TRADE_PROPOSAL,PENDING,7,{430447A7-381F-4E40-AD53-6A9C1F157A25},0,TRADE,4430968.0,Kimani Vidal,10.0,7.0,2024-11-17
2024,11,9a8a58de-539d-4731-9da9-2a7261ccf1e1,,TRADE_PROPOSAL,PENDING,7,{430447A7-381F-4E40-AD53-6A9C1F157A25},0,TRADE,4428557.0,Tyjae Spears,10.0,7.0,2024-11-17
2024,11,9a8a58de-539d-4731-9da9-2a7261ccf1e1,,TRADE_PROPOSAL,PENDING,7,{430447A7-381F-4E40-AD53-6A9C1F157A25},0,TRADE,4597500.0,Adonai Mitchell,10.0,7.0,2024-11-17
2024,11,9a8a58de-539d-4731-9da9-2a7261ccf1e1,,TRADE_PROPOSAL,PENDING,7,{430447A7-381F-4E40-AD53-6A9C1F157A25},0,TRADE,4361307.0,Trey McBride,10.0,7.0,2024-11-17
2024,11,9a8a58de-539d-4731-9da9-2a7261ccf1e1,,TRADE_PROPOSAL,PENDING,7,{430447A7-381F-4E40-AD53-6A9C1F157A25},0,TRADE,4429096.0,Blake Corum,10.0,7.0,2024-11-17
2024,11,9a8a58de-539d-4731-9da9-2a7261ccf1e1,,TRADE_PROPOSAL,PENDING,7,{430447A7-381F-4E40-AD53-6A9C1F157A25},0,TRADE,-16016.0,Vikings D/ST,10.0,7.0,2024-11-17
2024,11,9a8a58de-539d-4731-9da9-2a7261ccf1e1,,TRADE_PROPOSAL,PENDING,7,{430447A7-381F-4E40-AD53-6A9C1F157A25},0,TRADE,4038815.0,Rico Dowdle,10.0,7.0,2024-11-17
2024,11,9a8a58de-539d-4731-9da9-2a7261ccf1e1,,TRADE_PROPOSAL,PENDING,7,{430447A7-381F-4E40-AD53-6A9C1F157A25},0,TRADE,4362628.0,Ja'Marr Chase,10.0,7.0,2024-11-17
2024,11,9a8a58de-539d-4731-9da9-2a7261ccf1e1,,TRADE_PROPOSAL,PENDING,7,{430447A7-381F-4E40-AD53-6A9C1F157A25},0,TRADE,4036133.0,T.J. Hockenson,10.0,7.0,2024-11-17
2024,11,9a8a58de-539d-4731-9da9-2a7261ccf1e1,,TRADE_PROPOSAL,PENDING,7,{430447A7-381F-4E40-AD53-6A9C1F157A25},0,TRADE,4426515.0,Puka Nacua,10.0,7.0,2024-11-17
2024,11,9a8a58de-539d-4731-9da9-2a7261ccf1e1,,TRADE_PROPOSAL,PENDING,7,{430447A7-381F-4E40-AD53-6A9C1F157A25},0,TRADE,15795.0,DeAndre Hopkins,10.0,7.0,2024-11-17
2024,11,9a8a58de-539d-4731-9da9-2a7261ccf1e1,,TRADE_PROPOSAL,PENDING,7,{430447A7-381F-4E40-AD53-6A9C1F157A25},0,TRADE,4361579.0,Javonte Williams,10.0,7.0,2024-11-17
2024,11,9a8a58de-539d-4731-9da9-2a7261ccf1e1,,TRADE_PROPOSAL,PENDING,7,{430447A7-381F-4E40-AD53-6A9C1F157A25},0,TRADE,4429160.0,De'Von Achane,10.0,7.0,2024-11-17
2024,11,9a8a58de-539d-4731-9da9-2a7261ccf1e1,,TRADE_PROPOSAL,PENDING,7,{430447A7-381F-4E40-AD53-6A9C1F157A25},0,TRADE,4426348.0,Jayden Daniels,10.0,7.0,2024-11-17
2024,11,94c84ba0-5b5e-4ce0-b46f-3fee0098c9da,,FREEAGENT,EXECUTED,7,{430447A7-381F-4E40-AD53-6A9C1F157A25},0,ADD,-16009.0,Packers D/ST,0.0,7.0,2024-11-13
2024,11,c9b5fccd-de61-49ed-942f-8b793178b3cc,,TRADE_PROPOSAL,PENDING,10,{2C8A1B87-268B-45A5-A0E5-C4A3F61C9BC2},0,TRADE,4361307.0,Trey McBride,10.0,4.0,2024-11-15
2024,11,c9b5fccd-de61-49ed-942f-8b793178b3cc,,TRADE_PROPOSAL,PENDING,10,{2C8A1B87-268B-45A5-A0E5-C4A3F61C9BC2},0,TRADE,4595348.0,Malik Nabers,4.0,10.0,2024-11-15
2024,11,fbbd4148-fdec-4a0d-b4c6-91fcdc703241,e41d8927-4c15-4bf7-aeca-b8f2d2080e86,TRADE_PROPOSAL,CANCELED,3,{C52D799E-6C1C-44B9-8371-9B6AF857D8E8},0,TRADE,4360078.0,Alec Pierce,3.0,4.0,2024-11-12
2024,11,fbbd4148-fdec-4a0d-b4c6-91fcdc703241,e41d8927-4c15-4bf7-aeca-b8f2d2080e86,TRADE_PROPOSAL,CANCELED,3,{C52D799E-6C1C-44B9-8371-9B6AF857D8E8},0,TRADE,3068267.0,Austin Ekeler,3.0,4.0,2024-11-12
2024,11,fbbd4148-fdec-4a0d-b4c6-91fcdc703241,e41d8927-4c15-4bf7-aeca-b8f2d2080e86,TRADE_PROPOSAL,CANCELED,3,{C52D799E-6C1C-44B9-8371-9B6AF857D8E8},0,TRADE,4595348.0,Malik Nabers,4.0,3.0,2024-11-12
2024,11,1808c563-8677-4a58-af97-39e123d6fee6,923971ef-3dbe-49b1-8c86-1d2e3f65ff35,WAIVER,EXECUTED,12,NightlyLeagueUpdateTaskProcessor,1,ADD,3127292.0,Will Dissly,0.0,12.0,2024-11-13
2024,11,c23892f7-165a-487c-9a36-205784bdc0d8,efd416a5-a37a-481b-9966-38fd4d93a735,WAIVER,EXECUTED,8,NightlyLeagueUpdateTaskProcessor,12,ADD,4426338.0,Bo Nix,0.0,8.0,2024-11-15
2024,11,c23892f7-165a-487c-9a36-205784bdc0d8,efd416a5-a37a-481b-9966-38fd4d93a735,WAIVER,EXECUTED,8,NightlyLeagueUpdateTaskProcessor,12,DROP,3043116.0,Demarcus Robinson,8.0,0.0,2024-11-15
2024,11,0a1be908-ddcf-4e1b-9602-bf679f263898,feb27a25-9e98-4e64-855e-49d8c73bcce9,TRADE_PROPOSAL,CANCELED,1,{C1E09685-96D1-4750-BA21-8BE16D3BF7CA},0,TRADE,4426515.0,Puka Nacua,10.0,1.0,2024-11-13
2024,11,0a1be908-ddcf-4e1b-9602-bf679f263898,feb27a25-9e98-4e64-855e-49d8c73bcce9,TRADE_PROPOSAL,CANCELED,1,{C1E09685-96D1-4750-BA21-8BE16D3BF7CA},0,TRADE,4361529.0,Isiah Pacheco,1.0,10.0,2024-11-13
2024,11,0a1be908-ddcf-4e1b-9602-bf679f263898,feb27a25-9e98-4e64-855e-49d8c73bcce9,TRADE_PROPOSAL,CANCELED,1,{C1E09685-96D1-4750-BA21-8BE16D3BF7CA},0,TRADE,3915416.0,DJ Moore,1.0,10.0,2024-11-13
2024,11,822638d2-4014-4a65-904e-9f8934ba9edc,,FREEAGENT,EXECUTED,3,{C52D799E-6C1C-44B9-8371-9B6AF857D8E8},0,ADD,14880.0,Kirk Cousins,0.0,3.0,2024-11-17
2024,11,822638d2-4014-4a65-904e-9f8934ba9edc,,FREEAGENT,EXECUTED,3,{C52D799E-6C1C-44B9-8371-9B6AF857D8E8},0,DROP,4373626.0,Tyler Allgeier,3.0,0.0,2024-11-17
2024,11,a8fd910b-fa62-4101-81ac-901fb1b63eb7,34aaa8b3-c782-4ea8-a3bb-70402264f9ac,TRADE_PROPOSAL,CANCELED,1,{C1E09685-96D1-4750-BA21-8BE16D3BF7CA},0,TRADE,4361529.0,Isiah Pacheco,1.0,10.0,2024-11-14
2024,11,a8fd910b-fa62-4101-81ac-901fb1b63eb7,34aaa8b3-c782-4ea8-a3bb-70402264f9ac,TRADE_PROPOSAL,CANCELED,1,{C1E09685-96D1-4750-BA21-8BE16D3BF7CA},0,TRADE,3918298.0,Josh Allen,1.0,10.0,2024-11-14
2024,11,a8fd910b-fa62-4101-81ac-901fb1b63eb7,34aaa8b3-c782-4ea8-a3bb-70402264f9ac,TRADE_PROPOSAL,CANCELED,1,{C1E09685-96D1-4750-BA21-8BE16D3BF7CA},0,TRADE,4426515.0,Puka Nacua,10.0,1.0,2024-11-14
2024,11,a8fd910b-fa62-4101-81ac-901fb1b63eb7,34aaa8b3-c782-4ea8-a3bb-70402264f9ac,TRADE_PROPOSAL,CANCELED,1,{C1E09685-96D1-4750-BA21-8BE16D3BF7CA},0,TRADE,4426348.0,Jayden Daniels,10.0,1.0,2024-11-14
2024,11,a8fd910b-fa62-4101-81ac-901fb1b63eb7,34aaa8b3-c782-4ea8-a3bb-70402264f9ac,TRADE_PROPOSAL,CANCELED,1,{C1E09685-96D1-4750-BA21-8BE16D3BF7CA},0,DROP,4360569.0,Jordan Mason,1.0,0.0,2024-11-14
2024,11,0bf0a3cd-f2db-4c0f-85dc-5a00a8938a40,b5b5fb15-e4a7-408a-9e2c-059d07c094f9,WAIVER,FAILED_AUCTIONBUDGETEXCEEDED,7,NightlyLeagueUpdateTaskProcessor,16,ADD,4569682.0,Audric Estime,0.0,7.0,2024-11-13
2024,11,0bf0a3cd-f2db-4c0f-85dc-5a00a8938a40,b5b5fb15-e4a7-408a-9e2c-059d07c094f9,WAIVER,FAILED_AUCTIONBUDGETEXCEEDED,7,NightlyLeagueUpdateTaskProcessor,16,DROP,3912547.0,Sam Darnold,7.0,0.0,2024-11-13
2024,11,98a7bb73-e862-42c6-9fcb-3fbe29d5a8d8,5fe6ba72-39e7-4f15-9847-5258c1f57202,TRADE_DECLINE,EXECUTED,1,{C1E09685-96D1-4750-BA21-8BE16D3BF7CA},0,,,,,,2024-11-13
2024,11,3170c37e-a54d-4bc5-bb10-47395647b10b,01502f7a-1c75-4645-8ad6-90cfd3c8977a,WAIVER,CANCELED,6,{FE8F6865-8A47-4C3A-8D66-0780982B48DD},0,ADD,3121023.0,Dallas Goedert,0.0,6.0,2024-11-15
2024,11,3170c37e-a54d-4bc5-bb10-47395647b10b,01502f7a-1c75-4645-8ad6-90cfd3c8977a,WAIVER,CANCELED,6,{FE8F6865-8A47-4C3A-8D66-0780982B48DD},0,DROP,2577417.0,Dak Prescott,6.0,0.0,2024-11-15
2024,11,911d0e97-fa4e-4ce6-a2db-c1f188fcd7ed,37149c45-e29d-4b93-a442-daac3920ae03,WAIVER,EXECUTED,14,NightlyLeagueUpdateTaskProcessor,10,ADD,4428209.0,Ricky Pearsall,0.0,14.0,2024-11-13
2024,11,911d0e97-fa4e-4ce6-a2db-c1f188fcd7ed,37149c45-e29d-4b93-a442-daac3920ae03,WAIVER,EXECUTED,14,NightlyLeagueUpdateTaskProcessor,10,DROP,4035886.0,Khalil Herbert,14.0,0.0,2024-11-13
2024,11,34aaa8b3-c782-4ea8-a3bb-70402264f9ac,,TRADE_PROPOSAL,PENDING,1,{C1E09685-96D1-4750-BA21-8BE16D3BF7CA},0,TRADE,4361529.0,Isiah Pacheco,1.0,10.0,2024-11-13
2024,11,34aaa8b3-c782-4ea8-a3bb-70402264f9ac,,TRADE_PROPOSAL,PENDING,1,{C1E09685-96D1-4750-BA21-8BE16D3BF7CA},0,TRADE,3918298.0,Josh Allen,1.0,10.0,2024-11-13
2024,11,34aaa8b3-c782-4ea8-a3bb-70402264f9ac,,TRADE_PROPOSAL,PENDING,1,{C1E09685-96D1-4750-BA21-8BE16D3BF7CA},0,TRADE,4426515.0,Puka Nacua,10.0,1.0,2024-11-13
2024,11,34aaa8b3-c782-4ea8-a3bb-70402264f9ac,,TRADE_PROPOSAL,PENDING,1,{C1E09685-96D1-4750-BA21-8BE16D3BF7CA},0,TRADE,4426348.0,Jayden Daniels,10.0,1.0,2024-11-13
2024,11,34aaa8b3-c782-4ea8-a3bb-70402264f9ac,,TRADE_PROPOSAL,PENDING,1,{C1E09685-96D1-4750-BA21-8BE16D3BF7CA},0,DROP,4360569.0,Jordan Mason,1.0,0.0,2024-11-13
2024,11,d0db0bc2-f6db-48bb-8105-8cfd5c2149c7,,FREEAGENT,EXECUTED,4,{8242D4C8-FCD1-4A28-9373-CD282687A8E7},0,ADD,4372414.0,Elijah Moore,0.0,4.0,2024-11-13
2024,11,d0db0bc2-f6db-48bb-8105-8cfd5c2149c7,,FREEAGENT,EXECUTED,4,{8242D4C8-FCD1-4A28-9373-CD282687A8E7},0,DROP,4372063.0,Ronnie Bell,4.0,0.0,2024-11-13
2024,11,90b2b5c8-cf9e-4828-8370-289aac46c268,c9b5fccd-de61-49ed-942f-8b793178b3cc,TRADE_PROPOSAL,CANCELED,10,TradeTaskProcessor,0,TRADE,4361307.0,Trey McBride,10.0,4.0,2024-11-17
2024,11,90b2b5c8-cf9e-4828-8370-289aac46c268,c9b5fccd-de61-49ed-942f-8b793178b3cc,TRADE_PROPOSAL,CANCELED,10,TradeTaskProcessor,0,TRADE,4595348.0,Malik Nabers,4.0,10.0,2024-11-17
2024,11,2c9dd938-e77a-4dcb-89e6-e8a4945bc718,ad13f4b6-19a6-4b3b-8714-57f184fa73d9,TRADE_DECLINE,EXECUTED,7,{430447A7-381F-4E40-AD53-6A9C1F157A25},0,,,,,,2024-11-14
2024,11,68d6a89b-798a-459c-b0c5-50085554ccf6,014606b8-9a02-4f61-a987-4d02144b18d9,WAIVER,CANCELED,8,{00408013-39CF-40FC-8080-1339CFD0FC06},0,ADD,3121023.0,Dallas Goedert,0.0,8.0,2024-11-14
2024,11,68d6a89b-798a-459c-b0c5-50085554ccf6,014606b8-9a02-4f61-a987-4d02144b18d9,WAIVER,CANCELED,8,{00408013-39CF-40FC-8080-1339CFD0FC06},0,DROP,3054212.0,Jonnu Smith,8.0,0.0,2024-11-14
2024,11,ab26d22b-c7fd-4ab6-8ba3-fc02b35c4b94,,FREEAGENT,EXECUTED,1,{C1E09685-96D1-4750-BA21-8BE16D3BF7CA},0,ADD,2969939.0,Jameis Winston,0.0,1.0,2024-11-15
2024,11,8a1a92ff-18a4-4502-9a21-481a968a80dc,,TRADE_PROPOSAL,PENDING,1,{C1E09685-96D1-4750-BA21-8BE16D3BF7CA},0,TRADE,4360516.0,Tyrone Tracy Jr.,1.0,10.0,2024-11-13
2024,11,8a1a92ff-18a4-4502-9a21-481a968a80dc,,TRADE_PROPOSAL,PENDING,1,{C1E09685-96D1-4750-BA21-8BE16D3BF7CA},0,TRADE,4426515.0,Puka Nacua,10.0,1.0,2024-11-13
2024,11,70c3f2c9-1913-4cb1-bd00-674598cb0c00,cfd786f8-4fda-432d-b245-f231959fc139,WAIVER,CANCELED,8,{00408013-39CF-40FC-8080-1339CFD0FC06},0,ADD,4569682.0,Audric Estime,0.0,8.0,2024-11-12
2024,11,70c3f2c9-1913-4cb1-bd00-674598cb0c00,cfd786f8-4fda-432d-b245-f231959fc139,WAIVER,CANCELED,8,{00408013-39CF-40FC-8080-1339CFD0FC06},0,DROP,3054212.0,Jonnu Smith,8.0,0.0,2024-11-12
2024,11,feb27a25-9e98-4e64-855e-49d8c73bcce9,,TRADE_PROPOSAL,PENDING,1,{C1E09685-96D1-4750-BA21-8BE16D3BF7CA},0,TRADE,4426515.0,Puka Nacua,10.0,1.0,2024-11-12
2024,11,feb27a25-9e98-4e64-855e-49d8c73bcce9,,TRADE_PROPOSAL,PENDING,1,{C1E09685-96D1-4750-BA21-8BE16D3BF7CA},0,TRADE,4361529.0,Isiah Pacheco,1.0,10.0,2024-11-12
2024,11,feb27a25-9e98-4e64-855e-49d8c73bcce9,,TRADE_PROPOSAL,PENDING,1,{C1E09685-96D1-4750-BA21-8BE16D3BF7CA},0,TRADE,3915416.0,DJ Moore,1.0,10.0,2024-11-12
2024,11,c5b2b7b5-faff-489d-b976-4851d7bc2ab3,edfbe084-1523-4556-a929-6103dca49caf,TRADE_PROPOSAL,CANCELED,1,{C1E09685-96D1-4750-BA21-8BE16D3BF7CA},0,TRADE,4361529.0,Isiah Pacheco,1.0,7.0,2024-11-13
2024,11,c5b2b7b5-faff-489d-b976-4851d7bc2ab3,edfbe084-1523-4556-a929-6103dca49caf,TRADE_PROPOSAL,CANCELED,1,{C1E09685-96D1-4750-BA21-8BE16D3BF7CA},0,TRADE,4048244.0,Alexander Mattison,1.0,7.0,2024-11-13
2024,11,c5b2b7b5-faff-489d-b976-4851d7bc2ab3,edfbe084-1523-4556-a929-6103dca49caf,TRADE_PROPOSAL,CANCELED,1,{C1E09685-96D1-4750-BA21-8BE16D3BF7CA},0,TRADE,3918298.0,Josh Allen,1.0,7.0,2024-11-13
2024,11,c5b2b7b5-faff-489d-b976-4851d7bc2ab3,edfbe084-1523-4556-a929-6103dca49caf,TRADE_PROPOSAL,CANCELED,1,{C1E09685-96D1-4750-BA21-8BE16D3BF7CA},0,TRADE,4429275.0,Trey Benson,7.0,1.0,2024-11-13
2024,11,c5b2b7b5-faff-489d-b976-4851d7bc2ab3,edfbe084-1523-4556-a929-6103dca49caf,TRADE_PROPOSAL,CANCELED,1,{C1E09685-96D1-4750-BA21-8BE16D3BF7CA},0,TRADE,4038941.0,Justin Herbert,7.0,1.0,2024-11-13
2024,11,c5b2b7b5-faff-489d-b976-4851d7bc2ab3,edfbe084-1523-4556-a929-6103dca49caf,TRADE_PROPOSAL,CANCELED,1,{C1E09685-96D1-4750-BA21-8BE16D3BF7CA},0,TRADE,3123076.0,David Njoku,7.0,1.0,2024-11-13
2024,11,c5b2b7b5-faff-489d-b976-4851d7bc2ab3,edfbe084-1523-4556-a929-6103dca49caf,TRADE_PROPOSAL,CANCELED,1,{C1E09685-96D1-4750-BA21-8BE16D3BF7CA},0,TRADE,3128429.0,Courtland Sutton,7.0,1.0,2024-11-13
2024,11,c5b2b7b5-faff-489d-b976-4851d7bc2ab3,edfbe084-1523-4556-a929-6103dca49caf,TRADE_PROPOSAL,CANCELED,1,{C1E09685-96D1-4750-BA21-8BE16D3BF7CA},0,DROP,4360569.0,Jordan Mason,1.0,0.0,2024-11-13
2024,11,c5b2b7b5-faff-489d-b976-4851d7bc2ab3,edfbe084-1523-4556-a929-6103dca49caf,TRADE_PROPOSAL,CANCELED,1,{C1E09685-96D1-4750-BA21-8BE16D3BF7CA},0,DROP,4242355.0,Jake Ferguson,1.0,0.0,2024-11-13
2024,11,7c32d7e2-609d-4426-b3c8-25ffc96a5f79,d9c9e3b4-80dd-46de-9433-340ea8cf1789,WAIVER,FAILED_INVALIDPLAYERSOURCE,3,NightlyLeagueUpdateTaskProcessor,22,ADD,4038941.0,Justin Herbert,0.0,3.0,2024-11-13
2024,11,7c32d7e2-609d-4426-b3c8-25ffc96a5f79,d9c9e3b4-80dd-46de-9433-340ea8cf1789,WAIVER,FAILED_INVALIDPLAYERSOURCE,3,NightlyLeagueUpdateTaskProcessor,22,DROP,14880.0,Kirk Cousins,3.0,0.0,2024-11-13
2024,11,7ed9684c-83ef-4e33-b90f-b8ac86e92d2b,8831113e-eae8-4588-89d5-69f4fe35ed43,WAIVER,FAILED_INVALIDPLAYERSOURCE,3,NightlyLeagueUpdateTaskProcessor,11,ADD,4426338.0,Bo Nix,0.0,3.0,2024-11-15
2024,11,7ed9684c-83ef-4e33-b90f-b8ac86e92d2b,8831113e-eae8-4588-89d5-69f4fe35ed43,WAIVER,FAILED_INVALIDPLAYERSOURCE,3,NightlyLeagueUpdateTaskProcessor,11,DROP,-16018.0,Saints D/ST,3.0,0.0,2024-11-15
2024,11,0175b406-a794-4d2b-9062-b29889e7dbd0,8f35e4d2-e5eb-4901-831a-8957c2087d30,WAIVER,CANCELED,14,{C2BAB8A3-9ED5-425C-BAB8-A39ED5B25CC2},0,ADD,4428209.0,Ricky Pearsall,0.0,14.0,2024-11-12
2024,11,0175b406-a794-4d2b-9062-b29889e7dbd0,8f35e4d2-e5eb-4901-831a-8957c2087d30,WAIVER,CANCELED,14,{C2BAB8A3-9ED5-425C-BAB8-A39ED5B25CC2},0,DROP,3121409.0,Noah Brown,14.0,0.0,2024-11-12
2024,11,fef2ce9b-46d6-48e9-a4ce-642ad2b1d428,413ae6ac-9ec0-4f4c-ad36-fc95672a7fb1,WAIVER,CANCELED,3,{C52D799E-6C1C-44B9-8371-9B6AF857D8E8},0,ADD,3116164.0,Mike Gesicki,0.0,3.0,2024-11-14
2024,11,5cbc1263-b53e-4b30-a6f4-aaed42ff1b6a,bc50b04b-0b70-4bf0-b90d-8fc03e139d5a,WAIVER,EXECUTED,3,NightlyLeagueUpdateTaskProcessor,5,ADD,4373626.0,Tyler Allgeier,0.0,3.0,2024-11-14
2024,11,13977aba-aac0-4a8e-aaf0-516c8624e494,,ROSTER,EXECUTED,7,{430447A7-381F-4E40-AD53-6A9C1F157A25},0,DROP,-16019.0,Giants D/ST,7.0,0.0,2024-11-12
2024,11,1b331515-e856-4f9e-a764-b4338b7afbf1,,FREEAGENT,EXECUTED,3,{C52D799E-6C1C-44B9-8371-9B6AF857D8E8},0,ADD,-16020.0,Jets D/ST,0.0,3.0,2024-11-15
2024,11,6ef77552-0878-4593-b937-213066be35a6,,FREEAGENT,EXECUTED,2,{6AC115FA-3A0D-4948-8115-FA3A0DD94826},0,ADD,3051738.0,Marquez Valdes-Scantling,0.0,2.0,2024-11-17
2024,11,6ef77552-0878-4593-b937-213066be35a6,,FREEAGENT,EXECUTED,2,{6AC115FA-3A0D-4948-8115-FA3A0DD94826},0,DROP,2576414.0,Raheem Mostert,2.0,0.0,2024-11-17
2024,11,a2fa5b86-df97-4544-90e5-6c87e2e0ca68,,FREEAGENT,EXECUTED,3,{C52D799E-6C1C-44B9-8371-9B6AF857D8E8},0,ADD,-16018.0,Saints D/ST,0.0,3.0,2024-11-15
2024,11,c6ef21b3-fd30-4235-8d4b-dd33e8a15433,,ROSTER,EXECUTED,13,{523D9B8F-8A3C-4523-BD9B-8F8A3C852321},0,DROP,4432620.0,Parker Washington,13.0,0.0,2024-11-13
2024,11,f47b9106-aa6a-41a3-96c7-7a61a79f58e7,,FREEAGENT,EXECUTED,4,{8242D4C8-FCD1-4A28-9373-CD282687A8E7},0,ADD,-16024.0,Chargers D/ST,0.0,4.0,2024-11-15
2024,11,f47b9106-aa6a-41a3-96c7-7a61a79f58e7,,FREEAGENT,EXECUTED,4,{8242D4C8-FCD1-4A28-9373-CD282687A8E7},0,DROP,-16003.0,Bears D/ST,4.0,0.0,2024-11-15
2024,11,56a67aac-46c3-4389-8874-dffcdf0aaa8a,0b8053f1-5469-46b9-a4b7-5c86a36feb11,WAIVER,CANCELED,7,{430447A7-381F-4E40-AD53-6A9C1F157A25},0,ADD,-16009.0,Packers D/ST,0.0,7.0,2024-11-13
2024,11,a20c60b2-2b78-4b49-9c9a-3b1afd81f5a4,8a1a92ff-18a4-4502-9a21-481a968a80dc,TRADE_PROPOSAL,CANCELED,1,{C1E09685-96D1-4750-BA21-8BE16D3BF7CA},0,TRADE,4360516.0,Tyrone Tracy Jr.,1.0,10.0,2024-11-13
2024,11,a20c60b2-2b78-4b49-9c9a-3b1afd81f5a4,8a1a92ff-18a4-4502-9a21-481a968a80dc,TRADE_PROPOSAL,CANCELED,1,{C1E09685-96D1-4750-BA21-8BE16D3BF7CA},0,TRADE,4426515.0,Puka Nacua,10.0,1.0,2024-11-13
2024,11,1ec8d075-9cb8-4a78-87af-178e21495955,250b09b6-55b6-4a51-a1dd-98afb0d7e876,TRADE_ACCEPT,,4,{8242D4C8-FCD1-4A28-9373-CD282687A8E7},0,DROP,4426407.0,Trey Palmer,4.0,0.0,2024-11-12
2024,11,266e49f6-c403-4804-89a8-c0319a92add6,5320cbce-56af-48e4-a7b5-2b314a6d1442,WAIVER,CANCELED,1,{C1E09685-96D1-4750-BA21-8BE16D3BF7CA},0,ADD,3051926.0,Gus Edwards,0.0,1.0,2024-11-12
2024,11,266e49f6-c403-4804-89a8-c0319a92add6,5320cbce-56af-48e4-a7b5-2b314a6d1442,WAIVER,CANCELED,1,{C1E09685-96D1-4750-BA21-8BE16D3BF7CA},0,DROP,3120348.0,JuJu Smith-Schuster,1.0,0.0,2024-11-12
2024,11,9c8dc765-32e6-452a-83ee-4274c995a061,,ROSTER,EXECUTED,12,{91D28B99-9234-408F-ACE7-32AEC03EE9E2},0,DROP,4373626.0,Tyler Allgeier,12.0,0.0,2024-11-12
2024,11,50b6e78c-8a1a-4424-b804-c5752ade61fd,,ROSTER,EXECUTED,3,{C52D799E-6C1C-44B9-8371-9B6AF857D8E8},0,DROP,15835.0,Zach Ertz,3.0,0.0,2024-11-13
2024,11,ec7ac5a8-159c-4ed9-8a74-6e68ac61f7b8,de51efb4-d793-4f82-8c0b-23615ea3b7fc,TRADE_ACCEPT,,14,{C2BAB8A3-9ED5-425C-BAB8-A39ED5B25CC2},0,,,,,,2024-11-14
2024,11,c48ff5e5-acba-42fd-9f8b-4b1fe52f8d06,b652a206-22ae-4247-8a47-952402f76b9b,WAIVER,FAILED_AUCTIONBUDGETEXCEEDED,1,NightlyLeagueUpdateTaskProcessor,5,ADD,4248528.0,Christian Watson,0.0,1.0,2024-11-13
2024,11,c48ff5e5-acba-42fd-9f8b-4b1fe52f8d06,b652a206-22ae-4247-8a47-952402f76b9b,WAIVER,FAILED_AUCTIONBUDGETEXCEEDED,1,NightlyLeagueUpdateTaskProcessor,5,DROP,3120348.0,JuJu Smith-Schuster,1.0,0.0,2024-11-13
2024,11,5e8c845d-8522-466b-8e0b-dc6a45e89370,,FREEAGENT,EXECUTED,7,{430447A7-381F-4E40-AD53-6A9C1F157A25},0,ADD,4248528.0,Christian Watson,0.0,7.0,2024-11-13
2024,11,5e8c845d-8522-466b-8e0b-dc6a45e89370,,FREEAGENT,EXECUTED,7,{430447A7-381F-4E40-AD53-6A9C1F157A25},0,DROP,3116164.0,Mike Gesicki,7.0,0.0,2024-11-13
2024,11,c8033017-6af0-4003-9e92-00d066ffd63c,dd0c25bb-869c-46e5-887f-8a9c18cb2661,TRADE_DECLINE,EXECUTED,5,{77F704CF-0C76-4984-9A71-8BD39511C19F},0,,,,,,2024-11-13
2024,11,9f4e2f77-6c27-4036-9254-103dd363d649,95fda5f1-a91e-4d74-9159-01eaef6892b7,TRADE_PROPOSAL,CANCELED,1,{C1E09685-96D1-4750-BA21-8BE16D3BF7CA},0,TRADE,-16008.0,Lions D/ST,1.0,7.0,2024-11-14
2024,11,9f4e2f77-6c27-4036-9254-103dd363d649,95fda5f1-a91e-4d74-9159-01eaef6892b7,TRADE_PROPOSAL,CANCELED,1,{C1E09685-96D1-4750-BA21-8BE16D3BF7CA},0,TRADE,4569682.0,Audric Estime,1.0,7.0,2024-11-14
2024,11,9f4e2f77-6c27-4036-9254-103dd363d649,95fda5f1-a91e-4d74-9159-01eaef6892b7,TRADE_PROPOSAL,CANCELED,1,{C1E09685-96D1-4750-BA21-8BE16D3BF7CA},0,TRADE,-16009.0,Packers D/ST,7.0,1.0,2024-11-14
2024,11,9f4e2f77-6c27-4036-9254-103dd363d649,95fda5f1-a91e-4d74-9159-01eaef6892b7,TRADE_PROPOSAL,CANCELED,1,{C1E09685-96D1-4750-BA21-8BE16D3BF7CA},0,TRADE,3128429.0,Courtland Sutton,7.0,1.0,2024-11-14
2024,11,b41c4bbb-9630-4958-bc36-4e2794522e83,,FREEAGENT,EXECUTED,5,{77F704CF-0C76-4984-9A71-8BD39511C19F},0,ADD,4431452.0,Drake Maye,0.0,5.0,2024-11-13
2024,11,b41c4bbb-9630-4958-bc36-4e2794522e83,,FREEAGENT,EXECUTED,5,{77F704CF-0C76-4984-9A71-8BD39511C19F},0,DROP,3121023.0,Dallas Goedert,5.0,0.0,2024-11-13
2024,12,1b258434-7d90-4b5a-a850-46fd0eff1cb0,,TRADE_PROPOSAL,PENDING,1,{C1E09685-96D1-4750-BA21-8BE16D3BF7CA},0,TRADE,4361432.0,Romeo Doubs,1.0,10.0,2024-11-23
2024,12,1b258434-7d90-4b5a-a850-46fd0eff1cb0,,TRADE_PROPOSAL,PENDING,1,{C1E09685-96D1-4750-BA21-8BE16D3BF7CA},0,TRADE,4569618.0,Garrett Wilson,1.0,10.0,2024-11-23
2024,12,1b258434-7d90-4b5a-a850-46fd0eff1cb0,,TRADE_PROPOSAL,PENDING,1,{C1E09685-96D1-4750-BA21-8BE16D3BF7CA},0,TRADE,4361529.0,Isiah Pacheco,1.0,10.0,2024-11-23
2024,12,1b258434-7d90-4b5a-a850-46fd0eff1cb0,,TRADE_PROPOSAL,PENDING,1,{C1E09685-96D1-4750-BA21-8BE16D3BF7CA},0,TRADE,4426515.0,Puka Nacua,10.0,1.0,2024-11-23
2024,12,1b258434-7d90-4b5a-a850-46fd0eff1cb0,,TRADE_PROPOSAL,PENDING,1,{C1E09685-96D1-4750-BA21-8BE16D3BF7CA},0,TRADE,4361307.0,Trey McBride,10.0,1.0,2024-11-23
2024,12,d45a412f-7922-4ca6-b877-d7ed6d61ba10,8b0f2790-c8d0-4701-a470-132407791bee,TRADE_UPHOLD,EXECUTED,1,{C1E09685-96D1-4750-BA21-8BE16D3BF7CA},0,,,,,,2024-11-24
2024,12,41daefd1-dc4b-437b-ab55-25723e0ee313,5ab8b4ea-cc37-4caf-b817-067121beaeea,WAIVER,FAILED_INVALIDPLAYERSOURCE,3,NightlyLeagueUpdateTaskProcessor,3,ADD,4241479.0,Tua Tagovailoa,0.0,3.0,2024-11-20
2024,12,7b5f008f-1340-4749-b5a8-9e0829cb1f4f,,FREEAGENT,EXECUTED,4,{8242D4C8-FCD1-4A28-9373-CD282687A8E7},0,ADD,4242433.0,Joshua Palmer,0.0,4.0,2024-11-24
2024,12,7b5f008f-1340-4749-b5a8-9e0829cb1f4f,,FREEAGENT,EXECUTED,4,{8242D4C8-FCD1-4A28-9373-CD282687A8E7},0,DROP,4038441.0,Justice Hill,4.0,0.0,2024-11-24
2024,12,2a45556a-9f67-4067-8b00-e4002fc1b3fe,b8d3a253-a5b7-4981-b7cf-fc6f4659d8f0,WAIVER,FAILED_INVALIDPLAYERSOURCE,4,NightlyLeagueUpdateTaskProcessor,8,ADD,3121023.0,Dallas Goedert,0.0,4.0,2024-11-20
2024,12,2a45556a-9f67-4067-8b00-e4002fc1b3fe,b8d3a253-a5b7-4981-b7cf-fc6f4659d8f0,WAIVER,FAILED_INVALIDPLAYERSOURCE,4,NightlyLeagueUpdateTaskProcessor,8,DROP,3116164.0,Mike Gesicki,4.0,0.0,2024-11-20
2024,12,3c181f30-ebf5-4fe6-818a-784d12f31d3f,,FREEAGENT,EXECUTED,6,{FE8F6865-8A47-4C3A-8D66-0780982B48DD},0,ADD,-16015.0,Dolphins D/ST,0.0,6.0,2024-11-21
2024,12,3c181f30-ebf5-4fe6-818a-784d12f31d3f,,FREEAGENT,EXECUTED,6,{FE8F6865-8A47-4C3A-8D66-0780982B48DD},0,DROP,-16001.0,Falcons D/ST,6.0,0.0,2024-11-21
2024,12,33400a62-ed36-4a9d-9814-c46034ca6b2e,eb478273-8983-44e2-bca2-3de946a25675,WAIVER,EXECUTED,5,NightlyLeagueUpdateTaskProcessor,7,ADD,4426386.0,Roschon Johnson,0.0,5.0,2024-11-20
2024,12,33400a62-ed36-4a9d-9814-c46034ca6b2e,eb478273-8983-44e2-bca2-3de946a25675,WAIVER,EXECUTED,5,NightlyLeagueUpdateTaskProcessor,7,DROP,-16025.0,49ers D/ST,5.0,0.0,2024-11-20
2024,12,81fa106d-5362-45d5-ac66-1c05dff18e97,,ROSTER,EXECUTED,2,{6AC115FA-3A0D-4948-8115-FA3A0DD94826},0,DROP,-16018.0,Saints D/ST,2.0,0.0,2024-11-19
2024,12,d9ba4fff-0160-4c8e-ac27-b382ba957c08,,FREEAGENT,EXECUTED,6,{FE8F6865-8A47-4C3A-8D66-0780982B48DD},0,ADD,4240391.0,Tommy DeVito,0.0,6.0,2024-11-24
2024,12,d9ba4fff-0160-4c8e-ac27-b382ba957c08,,FREEAGENT,EXECUTED,6,{FE8F6865-8A47-4C3A-8D66-0780982B48DD},0,DROP,4243537.0,Gabe Davis,6.0,0.0,2024-11-24
2024,12,f670733e-68db-4973-9023-c47964ac13fc,ec407e5f-d3d5-4845-b7f0-188275ed601a,TRADE_PROPOSAL,CANCELED,5,{77F704CF-0C76-4984-9A71-8BD39511C19F},0,TRADE,3042519.0,Aaron Jones,5.0,6.0,2024-11-24
2024,12,f670733e-68db-4973-9023-c47964ac13fc,ec407e5f-d3d5-4845-b7f0-188275ed601a,TRADE_PROPOSAL,CANCELED,5,{77F704CF-0C76-4984-9A71-8BD39511C19F},0,TRADE,3052587.0,Baker Mayfield,5.0,6.0,2024-11-24
2024,12,f670733e-68db-4973-9023-c47964ac13fc,ec407e5f-d3d5-4845-b7f0-188275ed601a,TRADE_PROPOSAL,CANCELED,5,{77F704CF-0C76-4984-9A71-8BD39511C19F},0,TRADE,3116385.0,Joe Mixon,6.0,5.0,2024-11-24
2024,12,899288f0-438e-400b-a405-242f839476f6,,FREEAGENT,EXECUTED,10,{2C8A1B87-268B-45A5-A0E5-C4A3F61C9BC2},0,ADD,3051926.0,Gus Edwards,0.0,10.0,2024-11-20
2024,12,cd565295-18fc-4ade-b1be-88c6c7983616,f5162571-70d9-4ae0-8edb-a585840d5754,WAIVER,EXECUTED,14,NightlyLeagueUpdateTaskProcessor,5,ADD,4241479.0,Tua Tagovailoa,0.0,14.0,2024-11-20
2024,12,cd565295-18fc-4ade-b1be-88c6c7983616,f5162571-70d9-4ae0-8edb-a585840d5754,WAIVER,EXECUTED,14,NightlyLeagueUpdateTaskProcessor,5,DROP,3045138.0,Mike Williams,14.0,0.0,2024-11-20
2024,12,559f8be9-1b84-47f5-8568-8d0bcb101410,797d0bec-60ac-44b7-8815-cd14d8c91c2c,WAIVER,EXECUTED,3,NightlyLeagueUpdateTaskProcessor,12,ADD,3121023.0,Dallas Goedert,0.0,3.0,2024-11-20
2024,12,b80ea96d-8dff-4b7b-b87b-59d51eed8440,,FREEAGENT,EXECUTED,7,{430447A7-381F-4E40-AD53-6A9C1F157A25},0,ADD,-16028.0,Commanders D/ST,0.0,7.0,2024-11-20
2024,12,b80ea96d-8dff-4b7b-b87b-59d51eed8440,,FREEAGENT,EXECUTED,7,{430447A7-381F-4E40-AD53-6A9C1F157A25},0,DROP,-16009.0,Packers D/ST,7.0,0.0,2024-11-20
2024,12,9cada22d-4be6-450f-802d-a9702d33e352,8b0f2790-c8d0-4701-a470-132407791bee,TRADE_ACCEPT,,1,{C1E09685-96D1-4750-BA21-8BE16D3BF7CA},0,DROP,3117256.0,Dalton Schultz,1.0,0.0,2024-11-24
2024,12,1d16e26d-86c4-406a-8d1d-e2a1ea6c872a,f56783b1-362a-4abe-8392-308b51944a35,WAIVER,EXECUTED,5,NightlyLeagueUpdateTaskProcessor,8,ADD,4429275.0,Trey Benson,0.0,5.0,2024-11-20
2024,12,723d324c-9b6d-4860-a123-f8ff633044bf,c511064a-d87e-4ea1-bcbd-8a5f2d998ec6,WAIVER,FAILED_INVALIDPLAYERSOURCE,3,NightlyLeagueUpdateTaskProcessor,12,ADD,15835.0,Zach Ertz,0.0,3.0,2024-11-20
2024,12,269c90ec-c0e8-463f-bf20-646ba3a83e5b,c6ad698a-fecc-4723-a601-cb20ecce49ff,TRADE_PROPOSAL,CANCELED,7,{430447A7-381F-4E40-AD53-6A9C1F157A25},0,TRADE,4430027.0,Sam LaPorta,7.0,1.0,2024-11-21
2024,12,269c90ec-c0e8-463f-bf20-646ba3a83e5b,c6ad698a-fecc-4723-a601-cb20ecce49ff,TRADE_PROPOSAL,CANCELED,7,{430447A7-381F-4E40-AD53-6A9C1F157A25},0,TRADE,4038941.0,Justin Herbert,7.0,1.0,2024-11-21
2024,12,269c90ec-c0e8-463f-bf20-646ba3a83e5b,c6ad698a-fecc-4723-a601-cb20ecce49ff,TRADE_PROPOSAL,CANCELED,7,{430447A7-381F-4E40-AD53-6A9C1F157A25},0,TRADE,3918298.0,Josh Allen,1.0,7.0,2024-11-21
2024,12,13486731-83ab-414a-a0c0-97ff8020c5b5,acae05de-4d41-49c4-a705-04d9a586d0ed,TRADE_PROPOSAL,CANCELED,1,{C1E09685-96D1-4750-BA21-8BE16D3BF7CA},0,TRADE,4569618.0,Garrett Wilson,1.0,7.0,2024-11-23
2024,12,13486731-83ab-414a-a0c0-97ff8020c5b5,acae05de-4d41-49c4-a705-04d9a586d0ed,TRADE_PROPOSAL,CANCELED,1,{C1E09685-96D1-4750-BA21-8BE16D3BF7CA},0,TRADE,15847.0,Travis Kelce,7.0,1.0,2024-11-23
2024,12,13486731-83ab-414a-a0c0-97ff8020c5b5,acae05de-4d41-49c4-a705-04d9a586d0ed,TRADE_PROPOSAL,CANCELED,1,{C1E09685-96D1-4750-BA21-8BE16D3BF7CA},0,TRADE,4038941.0,Justin Herbert,7.0,1.0,2024-11-23
2024,12,13486731-83ab-414a-a0c0-97ff8020c5b5,acae05de-4d41-49c4-a705-04d9a586d0ed,TRADE_PROPOSAL,CANCELED,1,{C1E09685-96D1-4750-BA21-8BE16D3BF7CA},0,TRADE,4361529.0,Isiah Pacheco,1.0,7.0,2024-11-23
2024,12,13486731-83ab-414a-a0c0-97ff8020c5b5,acae05de-4d41-49c4-a705-04d9a586d0ed,TRADE_PROPOSAL,CANCELED,1,{C1E09685-96D1-4750-BA21-8BE16D3BF7CA},0,TRADE,3918298.0,Josh Allen,1.0,7.0,2024-11-23
2024,12,8761d429-0ed2-4dd9-a5b8-2bc142acb8bd,10f3af7b-7f2d-4ae7-9039-8e9a34572414,WAIVER,EXECUTED,8,NightlyLeagueUpdateTaskProcessor,3,ADD,-16027.0,Buccaneers D/ST,0.0,8.0,2024-11-20
2024,12,8761d429-0ed2-4dd9-a5b8-2bc142acb8bd,10f3af7b-7f2d-4ae7-9039-8e9a34572414,WAIVER,EXECUTED,8,NightlyLeagueUpdateTaskProcessor,3,DROP,-16015.0,Dolphins D/ST,8.0,0.0,2024-11-20
2024,12,9318e476-5337-4c1a-89f3-f2ef9494b1e8,,ROSTER,EXECUTED,10,{2C8A1B87-268B-45A5-A0E5-C4A3F61C9BC2},0,DROP,4430968.0,Kimani Vidal,10.0,0.0,2024-11-19
2024,12,d62b64a0-cb9f-48ce-a27c-4208b6e2656d,f0bb4b6a-5f7b-4750-8723-72f1d3b03bbd,TRADE_PROPOSAL,CANCELED,3,{C52D799E-6C1C-44B9-8371-9B6AF857D8E8},0,TRADE,3912547.0,Sam Darnold,3.0,2.0,2024-11-25
2024,12,d62b64a0-cb9f-48ce-a27c-4208b6e2656d,f0bb4b6a-5f7b-4750-8723-72f1d3b03bbd,TRADE_PROPOSAL,CANCELED,3,{C52D799E-6C1C-44B9-8371-9B6AF857D8E8},0,TRADE,2976499.0,Amari Cooper,3.0,2.0,2024-11-25
2024,12,d62b64a0-cb9f-48ce-a27c-4208b6e2656d,f0bb4b6a-5f7b-4750-8723-72f1d3b03bbd,TRADE_PROPOSAL,CANCELED,3,{C52D799E-6C1C-44B9-8371-9B6AF857D8E8},0,TRADE,3121023.0,Dallas Goedert,3.0,2.0,2024-11-25
2024,12,d62b64a0-cb9f-48ce-a27c-4208b6e2656d,f0bb4b6a-5f7b-4750-8723-72f1d3b03bbd,TRADE_PROPOSAL,CANCELED,3,{C52D799E-6C1C-44B9-8371-9B6AF857D8E8},0,TRADE,4241463.0,Jerry Jeudy,3.0,2.0,2024-11-25
2024,12,d62b64a0-cb9f-48ce-a27c-4208b6e2656d,f0bb4b6a-5f7b-4750-8723-72f1d3b03bbd,TRADE_PROPOSAL,CANCELED,3,{C52D799E-6C1C-44B9-8371-9B6AF857D8E8},0,TRADE,4040715.0,Jalen Hurts,2.0,3.0,2024-11-25
2024,12,a343086d-e24d-45d7-a53d-ae511e0b3e4a,,ROSTER,EXECUTED,3,{C52D799E-6C1C-44B9-8371-9B6AF857D8E8},0,DROP,-16020.0,Jets D/ST,3.0,0.0,2024-11-19
2024,12,6dd6e204-4e0a-4050-ae76-9ebc655e31b9,,FREEAGENT,EXECUTED,10,{2C8A1B87-268B-45A5-A0E5-C4A3F61C9BC2},0,ADD,2576336.0,Ameer Abdullah,0.0,10.0,2024-11-22
2024,12,6dd6e204-4e0a-4050-ae76-9ebc655e31b9,,FREEAGENT,EXECUTED,10,{2C8A1B87-268B-45A5-A0E5-C4A3F61C9BC2},0,DROP,4428557.0,Tyjae Spears,10.0,0.0,2024-11-22
2024,12,9bcfce7e-452d-4cda-bb4c-8ef20ad17a00,685e2d8a-6465-4e66-91ef-82609b378688,WAIVER,FAILED_AUCTIONBUDGETEXCEEDED,14,NightlyLeagueUpdateTaskProcessor,5,ADD,3912547.0,Sam Darnold,0.0,14.0,2024-11-20
2024,12,9bcfce7e-452d-4cda-bb4c-8ef20ad17a00,685e2d8a-6465-4e66-91ef-82609b378688,WAIVER,FAILED_AUCTIONBUDGETEXCEEDED,14,NightlyLeagueUpdateTaskProcessor,5,DROP,3045138.0,Mike Williams,14.0,0.0,2024-11-20
2024,12,f99fe9b2-41bd-46b1-b9d7-ec2f042ebfd6,ae7ee68d-7915-4ce5-aa8c-549be1c351d4,WAIVER,CANCELED,5,{77F704CF-0C76-4984-9A71-8BD39511C19F},0,ADD,4426386.0,Roschon Johnson,0.0,5.0,2024-11-20
2024,12,af59b066-e1d6-46e8-a915-7c00b55e2bf2,,FREEAGENT,EXECUTED,7,{430447A7-381F-4E40-AD53-6A9C1F157A25},0,ADD,-16025.0,49ers D/ST,0.0,7.0,2024-11-24
2024,12,3082f936-e6c7-427e-87cb-a3cd8035ed89,,FREEAGENT,EXECUTED,6,{FE8F6865-8A47-4C3A-8D66-0780982B48DD},0,ADD,4429148.0,Theo Johnson,0.0,6.0,2024-11-21
2024,12,3082f936-e6c7-427e-87cb-a3cd8035ed89,,FREEAGENT,EXECUTED,6,{FE8F6865-8A47-4C3A-8D66-0780982B48DD},0,DROP,4685247.0,Braelon Allen,6.0,0.0,2024-11-21
2024,12,355a4c73-8e6a-4609-a7df-18de3d9e3272,,FREEAGENT,EXECUTED,4,{8242D4C8-FCD1-4A28-9373-CD282687A8E7},0,ADD,4372096.0,Luke Schoonmaker,0.0,4.0,2024-11-22
2024,12,355a4c73-8e6a-4609-a7df-18de3d9e3272,,FREEAGENT,EXECUTED,4,{8242D4C8-FCD1-4A28-9373-CD282687A8E7},0,DROP,3116164.0,Mike Gesicki,4.0,0.0,2024-11-22
2024,12,17676997-3def-4f9a-982b-fdfd663db15e,,ROSTER,EXECUTED,10,{2C8A1B87-268B-45A5-A0E5-C4A3F61C9BC2},0,DROP,4597500.0,Adonai Mitchell,10.0,0.0,2024-11-19
2024,12,94c868b5-bd21-4223-9963-134962be25de,,FREEAGENT,EXECUTED,14,{C2BAB8A3-9ED5-425C-BAB8-A39ED5B25CC2},0,ADD,-16009.0,Packers D/ST,0.0,14.0,2024-11-23
2024,12,94c868b5-bd21-4223-9963-134962be25de,,FREEAGENT,EXECUTED,14,{C2BAB8A3-9ED5-425C-BAB8-A39ED5B25CC2},0,DROP,-16014.0,Rams D/ST,14.0,0.0,2024-11-23
2024,12,69c64861-639e-455c-8a86-aa04c8db8268,6abd1eb9-3018-4f75-aa77-493606213611,TRADE_PROPOSAL,CANCELED,3,{C52D799E-6C1C-44B9-8371-9B6AF857D8E8},0,TRADE,2976499.0,Amari Cooper,3.0,1.0,2024-11-22
2024,12,69c64861-639e-455c-8a86-aa04c8db8268,6abd1eb9-3018-4f75-aa77-493606213611,TRADE_PROPOSAL,CANCELED,3,{C52D799E-6C1C-44B9-8371-9B6AF857D8E8},0,TRADE,4241463.0,Jerry Jeudy,3.0,1.0,2024-11-22
2024,12,69c64861-639e-455c-8a86-aa04c8db8268,6abd1eb9-3018-4f75-aa77-493606213611,TRADE_PROPOSAL,CANCELED,3,{C52D799E-6C1C-44B9-8371-9B6AF857D8E8},0,TRADE,15864.0,Geno Smith,3.0,1.0,2024-11-22
2024,12,69c64861-639e-455c-8a86-aa04c8db8268,6abd1eb9-3018-4f75-aa77-493606213611,TRADE_PROPOSAL,CANCELED,3,{C52D799E-6C1C-44B9-8371-9B6AF857D8E8},0,TRADE,3918298.0,Josh Allen,1.0,3.0,2024-11-22
2024,12,a6e954c4-1500-43b6-98e2-36fc4af8e5b1,,FREEAGENT,EXECUTED,10,{2C8A1B87-268B-45A5-A0E5-C4A3F61C9BC2},0,ADD,2576414.0,Raheem Mostert,0.0,10.0,2024-11-20
2024,12,3d76bfcd-6733-4989-9acd-919abc36a65f,8fbd12b0-8762-4f54-a3c7-4c1f2140d2e5,TRADE_ACCEPT,,13,{523D9B8F-8A3C-4523-BD9B-8F8A3C852321},0,,,,,,2024-11-19
2024,12,b5d5d394-0565-41d5-9766-97670a30991f,8fbd12b0-8762-4f54-a3c7-4c1f2140d2e5,TRADE_UPHOLD,EXECUTED,1,{C1E09685-96D1-4750-BA21-8BE16D3BF7CA},0,,,,,,2024-11-19
2024,12,afeec4c3-4a2a-4801-9b40-fb1c00eb3073,d09ceedb-a25a-4a68-a788-69b7d5b303ba,TRADE_DECLINE,EXECUTED,3,{C52D799E-6C1C-44B9-8371-9B6AF857D8E8},0,,,,,,2024-11-24
2024,12,0d60ff8b-32cd-42ce-89ab-cd6976fa1091,58e3c239-37e0-4ee5-8c73-3d072099c1a3,TRADE_DECLINE,EXECUTED,1,{C1E09685-96D1-4750-BA21-8BE16D3BF7CA},0,,,,,,2024-11-23
2024,12,4a5de4ce-3de2-43b2-84ad-9c38f78d6f1c,,TRADE_PROPOSAL,PENDING,10,{2C8A1B87-268B-45A5-A0E5-C4A3F61C9BC2},0,TRADE,4036133.0,T.J. Hockenson,10.0,1.0,2024-11-23
2024,12,4a5de4ce-3de2-43b2-84ad-9c38f78d6f1c,,TRADE_PROPOSAL,PENDING,10,{2C8A1B87-268B-45A5-A0E5-C4A3F61C9BC2},0,TRADE,4361529.0,Isiah Pacheco,1.0,10.0,2024-11-23
2024,12,b495852f-b7e7-44be-853b-b5bba0951d3e,e4c42024-0a45-4d19-8459-b99fc4748dea,TRADE_DECLINE,EXECUTED,13,{523D9B8F-8A3C-4523-BD9B-8F8A3C852321},0,,,,,,2024-11-19
2024,12,d6b7ad50-a873-4ff8-aadc-42c36c11c98c,,FREEAGENT,EXECUTED,1,{C1E09685-96D1-4750-BA21-8BE16D3BF7CA},0,ADD,3117256.0,Dalton Schultz,0.0,1.0,2024-11-23
2024,12,d6b7ad50-a873-4ff8-aadc-42c36c11c98c,,FREEAGENT,EXECUTED,1,{C1E09685-96D1-4750-BA21-8BE16D3BF7CA},0,DROP,4242355.0,Jake Ferguson,1.0,0.0,2024-11-23
2024,12,0b2fded1-d90b-4554-9069-b925909bbaab,,ROSTER,EXECUTED,5,{77F704CF-0C76-4984-9A71-8BD39511C19F},0,DROP,4431452.0,Drake Maye,5.0,0.0,2024-11-19
2024,12,504d2efe-243e-444d-a6eb-4f899ed0a91a,,FREEAGENT,EXECUTED,4,{8242D4C8-FCD1-4A28-9373-CD282687A8E7},0,ADD,-16022.0,Cardinals D/ST,0.0,4.0,2024-11-20
2024,12,504d2efe-243e-444d-a6eb-4f899ed0a91a,,FREEAGENT,EXECUTED,4,{8242D4C8-FCD1-4A28-9373-CD282687A8E7},0,DROP,-16024.0,Chargers D/ST,4.0,0.0,2024-11-20
2024,12,b1bc4990-9b05-4ad8-9c00-e23fe0eedb62,4a5de4ce-3de2-43b2-84ad-9c38f78d6f1c,TRADE_PROPOSAL,CANCELED,10,{C1E09685-96D1-4750-BA21-8BE16D3BF7CA},0,TRADE,4036133.0,T.J. Hockenson,10.0,1.0,2024-11-24
2024,12,b1bc4990-9b05-4ad8-9c00-e23fe0eedb62,4a5de4ce-3de2-43b2-84ad-9c38f78d6f1c,TRADE_PROPOSAL,CANCELED,10,{C1E09685-96D1-4750-BA21-8BE16D3BF7CA},0,TRADE,4361529.0,Isiah Pacheco,1.0,10.0,2024-11-24
2024,12,00f439fa-d102-42f4-a4c6-f2b9743bc857,1989ab55-e4c5-4725-9a33-3b3cee2fe4a2,WAIVER,EXECUTED,13,NightlyLeagueUpdateTaskProcessor,15,ADD,15835.0,Zach Ertz,0.0,13.0,2024-11-20
2024,12,00f439fa-d102-42f4-a4c6-f2b9743bc857,1989ab55-e4c5-4725-9a33-3b3cee2fe4a2,WAIVER,EXECUTED,13,NightlyLeagueUpdateTaskProcessor,15,DROP,4430027.0,Sam LaPorta,13.0,0.0,2024-11-20
2024,12,f9a1035a-927f-41c1-a40f-f988ab050486,1b258434-7d90-4b5a-a850-46fd0eff1cb0,TRADE_PROPOSAL,CANCELED,1,{C1E09685-96D1-4750-BA21-8BE16D3BF7CA},0,TRADE,4361432.0,Romeo Doubs,1.0,10.0,2024-11-23
2024,12,f9a1035a-927f-41c1-a40f-f988ab050486,1b258434-7d90-4b5a-a850-46fd0eff1cb0,TRADE_PROPOSAL,CANCELED,1,{C1E09685-96D1-4750-BA21-8BE16D3BF7CA},0,TRADE,4569618.0,Garrett Wilson,1.0,10.0,2024-11-23
2024,12,f9a1035a-927f-41c1-a40f-f988ab050486,1b258434-7d90-4b5a-a850-46fd0eff1cb0,TRADE_PROPOSAL,CANCELED,1,{C1E09685-96D1-4750-BA21-8BE16D3BF7CA},0,TRADE,4361529.0,Isiah Pacheco,1.0,10.0,2024-11-23
2024,12,f9a1035a-927f-41c1-a40f-f988ab050486,1b258434-7d90-4b5a-a850-46fd0eff1cb0,TRADE_PROPOSAL,CANCELED,1,{C1E09685-96D1-4750-BA21-8BE16D3BF7CA},0,TRADE,4426515.0,Puka Nacua,10.0,1.0,2024-11-23
2024,12,f9a1035a-927f-41c1-a40f-f988ab050486,1b258434-7d90-4b5a-a850-46fd0eff1cb0,TRADE_PROPOSAL,CANCELED,1,{C1E09685-96D1-4750-BA21-8BE16D3BF7CA},0,TRADE,4361307.0,Trey McBride,10.0,1.0,2024-11-23
2024,12,11bad2e4-e816-468d-a058-17ca4df957d9,,ROSTER,EXECUTED,3,{C52D799E-6C1C-44B9-8371-9B6AF857D8E8},0,DROP,14880.0,Kirk Cousins,3.0,0.0,2024-11-19
2024,12,c0827679-20fb-4ae4-ae70-377d7bbef1bd,9f22a938-2110-429d-b3e8-2e48bf700cbc,TRADE_DECLINE,EXECUTED,1,{C1E09685-96D1-4750-BA21-8BE16D3BF7CA},0,,,,,,2024-11-23
2024,12,cdd63a5d-592f-47b1-9db0-019cb34e3c9c,,FREEAGENT,EXECUTED,7,{430447A7-381F-4E40-AD53-6A9C1F157A25},0,ADD,4430027.0,Sam LaPorta,0.0,7.0,2024-11-21
2024,12,cdd63a5d-592f-47b1-9db0-019cb34e3c9c,,FREEAGENT,EXECUTED,7,{430447A7-381F-4E40-AD53-6A9C1F157A25},0,DROP,4429501.0,Ray Davis,7.0,0.0,2024-11-21
2024,12,c9824668-15d3-41e9-9f09-a14f8fb639df,,FREEAGENT,EXECUTED,10,{2C8A1B87-268B-45A5-A0E5-C4A3F61C9BC2},0,ADD,4682745.0,Jaylen Wright,0.0,10.0,2024-11-20
2024,12,c9824668-15d3-41e9-9f09-a14f8fb639df,,FREEAGENT,EXECUTED,10,{2C8A1B87-268B-45A5-A0E5-C4A3F61C9BC2},0,DROP,2576414.0,Raheem Mostert,10.0,0.0,2024-11-20
2024,12,1b4aef6f-db09-4e5a-a751-5ace8e55d0cc,8d50b1cb-e541-4540-aee4-b049a04cdcf4,TRADE_DECLINE,EXECUTED,13,{523D9B8F-8A3C-4523-BD9B-8F8A3C852321},0,,,,,,2024-11-19
2024,12,fd915f1e-55a6-4591-94b9-7e886c902f87,,FREEAGENT,EXECUTED,2,{6AC115FA-3A0D-4948-8115-FA3A0DD94826},0,ADD,4361050.0,Isaiah Likely,0.0,2.0,2024-11-20
2024,12,9f22a938-2110-429d-b3e8-2e48bf700cbc,,TRADE_PROPOSAL,PENDING,10,{2C8A1B87-268B-45A5-A0E5-C4A3F61C9BC2},0,TRADE,3045147.0,James Conner,1.0,10.0,2024-11-23
2024,12,9f22a938-2110-429d-b3e8-2e48bf700cbc,,TRADE_PROPOSAL,PENDING,10,{2C8A1B87-268B-45A5-A0E5-C4A3F61C9BC2},0,TRADE,4361529.0,Isiah Pacheco,1.0,10.0,2024-11-23
2024,12,9f22a938-2110-429d-b3e8-2e48bf700cbc,,TRADE_PROPOSAL,PENDING,10,{2C8A1B87-268B-45A5-A0E5-C4A3F61C9BC2},0,TRADE,4361307.0,Trey McBride,10.0,1.0,2024-11-23
2024,12,9f22a938-2110-429d-b3e8-2e48bf700cbc,,TRADE_PROPOSAL,PENDING,10,{2C8A1B87-268B-45A5-A0E5-C4A3F61C9BC2},0,TRADE,4361579.0,Javonte Williams,10.0,1.0,2024-11-23
2024,12,8fb81828-637e-4074-8d71-582b65394f1c,,ROSTER,EXECUTED,3,{C52D799E-6C1C-44B9-8371-9B6AF857D8E8},0,DROP,4258595.0,Cole Kmet,3.0,0.0,2024-11-19
2024,12,aca07e57-01de-47ff-b851-57287cc357a3,9f22a938-2110-429d-b3e8-2e48bf700cbc,TRADE_PROPOSAL,CANCELED,10,{C1E09685-96D1-4750-BA21-8BE16D3BF7CA},0,TRADE,3045147.0,James Conner,1.0,10.0,2024-11-23
2024,12,aca07e57-01de-47ff-b851-57287cc357a3,9f22a938-2110-429d-b3e8-2e48bf700cbc,TRADE_PROPOSAL,CANCELED,10,{C1E09685-96D1-4750-BA21-8BE16D3BF7CA},0,TRADE,4361529.0,Isiah Pacheco,1.0,10.0,2024-11-23
2024,12,aca07e57-01de-47ff-b851-57287cc357a3,9f22a938-2110-429d-b3e8-2e48bf700cbc,TRADE_PROPOSAL,CANCELED,10,{C1E09685-96D1-4750-BA21-8BE16D3BF7CA},0,TRADE,4361307.0,Trey McBride,10.0,1.0,2024-11-23
2024,12,aca07e57-01de-47ff-b851-57287cc357a3,9f22a938-2110-429d-b3e8-2e48bf700cbc,TRADE_PROPOSAL,CANCELED,10,{C1E09685-96D1-4750-BA21-8BE16D3BF7CA},0,TRADE,4361579.0,Javonte Williams,10.0,1.0,2024-11-23
2024,12,115f0a1a-6a91-40fa-bca3-7b8d82f9b800,,FREEAGENT,EXECUTED,3,{C52D799E-6C1C-44B9-8371-9B6AF857D8E8},0,ADD,3912547.0,Sam Darnold,0.0,3.0,2024-11-22
2024,12,115f0a1a-6a91-40fa-bca3-7b8d82f9b800,,FREEAGENT,EXECUTED,3,{C52D799E-6C1C-44B9-8371-9B6AF857D8E8},0,DROP,4429084.0,Anthony Richardson,3.0,0.0,2024-11-22
2024,12,d28a7701-5c4c-4c94-8080-cbed065b5a97,10f61baf-71d3-4e6d-b7fa-484765fcaa91,WAIVER,EXECUTED,3,NightlyLeagueUpdateTaskProcessor,3,ADD,4429084.0,Anthony Richardson,0.0,3.0,2024-11-20
2024,13,31192115-00ab-4c92-827c-9940ae6004f0,,FREEAGENT,EXECUTED,4,{8242D4C8-FCD1-4A28-9373-CD282687A8E7},0,ADD,4430034.0,Xavier Legette,0.0,4.0,2024-12-01
2024,13,31192115-00ab-4c92-827c-9940ae6004f0,,FREEAGENT,EXECUTED,4,{8242D4C8-FCD1-4A28-9373-CD282687A8E7},0,DROP,3068267.0,Austin Ekeler,4.0,0.0,2024-12-01
2024,13,d154934f-db38-44d9-b7a2-d8442be69c64,,FREEAGENT,EXECUTED,10,{2C8A1B87-268B-45A5-A0E5-C4A3F61C9BC2},0,ADD,4430968.0,Kimani Vidal,0.0,10.0,2024-11-30
2024,13,d154934f-db38-44d9-b7a2-d8442be69c64,,FREEAGENT,EXECUTED,10,{2C8A1B87-268B-45A5-A0E5-C4A3F61C9BC2},0,DROP,4685247.0,Braelon Allen,10.0,0.0,2024-11-30
2024,13,44a23be1-5564-4761-a987-1a3f413c2340,,FREEAGENT,EXECUTED,14,{C2BAB8A3-9ED5-425C-BAB8-A39ED5B25CC2},0,ADD,-16011.0,Colts D/ST,0.0,14.0,2024-11-28
2024,13,44a23be1-5564-4761-a987-1a3f413c2340,,FREEAGENT,EXECUTED,14,{C2BAB8A3-9ED5-425C-BAB8-A39ED5B25CC2},0,DROP,-16009.0,Packers D/ST,14.0,0.0,2024-11-28
2024,13,553d1b06-a5bf-42fe-ab76-818a40205596,,ROSTER,EXECUTED,3,{C52D799E-6C1C-44B9-8371-9B6AF857D8E8},0,DROP,4241985.0,J.K. Dobbins,3.0,0.0,2024-11-30
2024,13,b2ed1f9b-ab75-48dc-adb0-122206417114,,TRADE_PROPOSAL,PENDING,10,{2C8A1B87-268B-45A5-A0E5-C4A3F61C9BC2},0,TRADE,4036133.0,T.J. Hockenson,10.0,2.0,2024-11-29
2024,13,b2ed1f9b-ab75-48dc-adb0-122206417114,,TRADE_PROPOSAL,PENDING,10,{2C8A1B87-268B-45A5-A0E5-C4A3F61C9BC2},0,TRADE,4596448.0,Bucky Irving,2.0,10.0,2024-11-29
2024,13,76f7febf-77e8-4202-bbfb-bcfe02970bb2,,FREEAGENT,EXECUTED,10,{2C8A1B87-268B-45A5-A0E5-C4A3F61C9BC2},0,ADD,4685247.0,Braelon Allen,0.0,10.0,2024-11-27
2024,13,76f7febf-77e8-4202-bbfb-bcfe02970bb2,,FREEAGENT,EXECUTED,10,{2C8A1B87-268B-45A5-A0E5-C4A3F61C9BC2},0,DROP,4430968.0,Kimani Vidal,10.0,0.0,2024-11-27
2024,13,a5a18202-5148-4116-9f43-cbe54175543a,e72d917a-89b7-4ccd-a931-776397ce7ede,WAIVER,FAILED_ROSTERLIMIT,3,NightlyLeagueUpdateTaskProcessor,1,ADD,-16010.0,Titans D/ST,0.0,3.0,2024-11-27
2024,13,5fdac7f9-564e-4563-a5d9-19143c7598ad,,FREEAGENT,EXECUTED,14,{C2BAB8A3-9ED5-425C-BAB8-A39ED5B25CC2},0,ADD,-16021.0,Eagles D/ST,0.0,14.0,2024-11-28
2024,13,5fdac7f9-564e-4563-a5d9-19143c7598ad,,FREEAGENT,EXECUTED,14,{C2BAB8A3-9ED5-425C-BAB8-A39ED5B25CC2},0,DROP,14881.0,Russell Wilson,14.0,0.0,2024-11-28
2024,13,7ff547b3-37bf-485e-87b2-3b4a0aa44424,,FREEAGENT,EXECUTED,6,{FE8F6865-8A47-4C3A-8D66-0780982B48DD},0,ADD,4569559.0,Devaughn Vele,0.0,6.0,2024-12-02
2024,13,7ff547b3-37bf-485e-87b2-3b4a0aa44424,,FREEAGENT,EXECUTED,6,{FE8F6865-8A47-4C3A-8D66-0780982B48DD},0,DROP,3930086.0,Dawson Knox,6.0,0.0,2024-12-02
2024,13,2a2255bc-38c5-43bd-bdc8-23f5871d8952,,FREEAGENT,EXECUTED,10,{2C8A1B87-268B-45A5-A0E5-C4A3F61C9BC2},0,ADD,4430968.0,Kimani Vidal,0.0,10.0,2024-11-27
2024,13,2a2255bc-38c5-43bd-bdc8-23f5871d8952,,FREEAGENT,EXECUTED,10,{2C8A1B87-268B-45A5-A0E5-C4A3F61C9BC2},0,DROP,4361579.0,Javonte Williams,10.0,0.0,2024-11-27
2024,13,9aa7a940-06f5-4955-a104-1b1cc63401df,372b932a-eea7-43d8-b437-5e385dcfb0b0,TRADE_DECLINE,EXECUTED,3,{C52D799E-6C1C-44B9-8371-9B6AF857D8E8},0,,,,,,2024-11-27
2024,13,2f39084c-5dc0-47e1-a155-d831f33c9b5b,b2ed1f9b-ab75-48dc-adb0-122206417114,TRADE_PROPOSAL,CANCELED,10,TradeTaskProcessor,0,TRADE,4036133.0,T.J. Hockenson,10.0,2.0,2024-11-29
2024,13,2f39084c-5dc0-47e1-a155-d831f33c9b5b,b2ed1f9b-ab75-48dc-adb0-122206417114,TRADE_PROPOSAL,CANCELED,10,TradeTaskProcessor,0,TRADE,4596448.0,Bucky Irving,2.0,10.0,2024-11-29
2024,13,8fea594e-f2a2-4d0e-8e72-d03151f374f4,,FREEAGENT,EXECUTED,7,{430447A7-381F-4E40-AD53-6A9C1F157A25},0,ADD,4429084.0,Anthony Richardson,0.0,7.0,2024-11-27
2024,13,8fea594e-f2a2-4d0e-8e72-d03151f374f4,,FREEAGENT,EXECUTED,7,{430447A7-381F-4E40-AD53-6A9C1F157A25},0,DROP,4036378.0,Jordan Love,7.0,0.0,2024-11-27
2024,13,de0c0bbe-0bb6-4b19-b9f1-679d715f9c00,6b1b459e-0684-4ac2-b8c2-5be11977d16f,TRADE_PROPOSAL,CANCELED,10,TradeTaskProcessor,0,TRADE,4036133.0,T.J. Hockenson,10.0,2.0,2024-11-29
2024,13,de0c0bbe-0bb6-4b19-b9f1-679d715f9c00,6b1b459e-0684-4ac2-b8c2-5be11977d16f,TRADE_PROPOSAL,CANCELED,10,TradeTaskProcessor,0,TRADE,3051926.0,Gus Edwards,10.0,2.0,2024-11-29
2024,13,de0c0bbe-0bb6-4b19-b9f1-679d715f9c00,6b1b459e-0684-4ac2-b8c2-5be11977d16f,TRADE_PROPOSAL,CANCELED,10,TradeTaskProcessor,0,TRADE,4596448.0,Bucky Irving,2.0,10.0,2024-11-29
2024,13,c9455a73-bd50-4cc3-aa4e-917df4b846a7,6a474944-24b4-4fbb-871c-05ff4bc89bdd,WAIVER,EXECUTED,4,NightlyLeagueUpdateTaskProcessor,4,ADD,-16002.0,Bills D/ST,0.0,4.0,2024-11-27
2024,13,c9455a73-bd50-4cc3-aa4e-917df4b846a7,6a474944-24b4-4fbb-871c-05ff4bc89bdd,WAIVER,EXECUTED,4,NightlyLeagueUpdateTaskProcessor,4,DROP,-16022.0,Cardinals D/ST,4.0,0.0,2024-11-27
2024,13,97736689-3140-477a-81ee-d79077b3fadb,83ff1e59-7164-4cf7-bfa8-3718cf901b15,WAIVER,EXECUTED,4,NightlyLeagueUpdateTaskProcessor,25,ADD,4361579.0,Javonte Williams,0.0,4.0,2024-11-29
2024,13,97736689-3140-477a-81ee-d79077b3fadb,83ff1e59-7164-4cf7-bfa8-3718cf901b15,WAIVER,EXECUTED,4,NightlyLeagueUpdateTaskProcessor,25,DROP,4429022.0,Kayshon Boutte,4.0,0.0,2024-11-29
2024,13,6aab0e41-b40a-4afc-be63-88eb9464f2b8,,FREEAGENT,EXECUTED,3,{C52D799E-6C1C-44B9-8371-9B6AF857D8E8},0,ADD,-16010.0,Titans D/ST,0.0,3.0,2024-11-30
2024,13,9ababa23-134c-4cf9-8597-3d3620c9c316,192e913f-aed7-4403-bc25-61431e2c5324,WAIVER,FAILED_INVALIDPLAYERSOURCE,4,NightlyLeagueUpdateTaskProcessor,1,ADD,3127586.0,Jeremy McNichols,0.0,4.0,2024-11-27
2024,13,9ababa23-134c-4cf9-8597-3d3620c9c316,192e913f-aed7-4403-bc25-61431e2c5324,WAIVER,FAILED_INVALIDPLAYERSOURCE,4,NightlyLeagueUpdateTaskProcessor,1,DROP,4429022.0,Kayshon Boutte,4.0,0.0,2024-11-27
2024,13,5d4a5a61-b979-4f56-88de-de71d7ae96da,3b9b4ada-1aa3-4388-b877-6f2474441fb5,WAIVER,EXECUTED,12,NightlyLeagueUpdateTaskProcessor,1,ADD,4429025.0,Quentin Johnston,0.0,12.0,2024-11-28
2024,13,5d4a5a61-b979-4f56-88de-de71d7ae96da,3b9b4ada-1aa3-4388-b877-6f2474441fb5,WAIVER,EXECUTED,12,NightlyLeagueUpdateTaskProcessor,1,DROP,3127292.0,Will Dissly,12.0,0.0,2024-11-28
2024,13,c780baec-7c54-486b-8e20-912a78001c9f,8ecff9b2-b0b6-458a-b16c-17a3839d18f6,WAIVER,EXECUTED,12,NightlyLeagueUpdateTaskProcessor,1,ADD,-16006.0,Cowboys D/ST,0.0,12.0,2024-11-27
2024,13,c780baec-7c54-486b-8e20-912a78001c9f,8ecff9b2-b0b6-458a-b16c-17a3839d18f6,WAIVER,EXECUTED,12,NightlyLeagueUpdateTaskProcessor,1,DROP,-16021.0,Eagles D/ST,12.0,0.0,2024-11-27
2024,13,6dc2546d-e30e-42ec-a27f-755754f2c8c9,,ROSTER,EXECUTED,2,{6AC115FA-3A0D-4948-8115-FA3A0DD94826},0,DROP,4361050.0,Isaiah Likely,2.0,0.0,2024-11-26
2024,13,fb9906f0-6585-4b79-9fe1-2f9eb74f87e7,,FREEAGENT,EXECUTED,6,{FE8F6865-8A47-4C3A-8D66-0780982B48DD},0,ADD,-16026.0,Seahawks D/ST,0.0,6.0,2024-11-28
2024,13,fb9906f0-6585-4b79-9fe1-2f9eb74f87e7,,FREEAGENT,EXECUTED,6,{FE8F6865-8A47-4C3A-8D66-0780982B48DD},0,DROP,4240391.0,Tommy DeVito,6.0,0.0,2024-11-28
2024,13,035133f3-0911-48ca-bbf3-6d133409f5c1,921241a5-4d12-4ea7-b144-94297705e1dc,WAIVER,EXECUTED,5,NightlyLeagueUpdateTaskProcessor,7,ADD,3127586.0,Jeremy McNichols,0.0,5.0,2024-11-27
2024,13,035133f3-0911-48ca-bbf3-6d133409f5c1,921241a5-4d12-4ea7-b144-94297705e1dc,WAIVER,EXECUTED,5,NightlyLeagueUpdateTaskProcessor,7,DROP,4429275.0,Trey Benson,5.0,0.0,2024-11-27
2024,13,740acc8b-104b-478b-ab72-87b11ff3b59b,,ROSTER,EXECUTED,8,{00408013-39CF-40FC-8080-1339CFD0FC06},0,DROP,4430034.0,Xavier Legette,8.0,0.0,2024-11-26
2024,13,8a888146-a796-4da2-8ff7-b95350340374,,FREEAGENT,EXECUTED,14,{C2BAB8A3-9ED5-425C-BAB8-A39ED5B25CC2},0,ADD,4258595.0,Cole Kmet,0.0,14.0,2024-11-27
2024,13,8a888146-a796-4da2-8ff7-b95350340374,,FREEAGENT,EXECUTED,14,{C2BAB8A3-9ED5-425C-BAB8-A39ED5B25CC2},0,DROP,4428209.0,Ricky Pearsall,14.0,0.0,2024-11-27
2024,13,180dde11-bde5-4bac-9a87-26e87a0f34c3,8a257b28-2242-46d1-8bce-a846379949e1,WAIVER,EXECUTED,3,NightlyLeagueUpdateTaskProcessor,7,ADD,12483.0,Matthew Stafford,0.0,3.0,2024-11-27
2024,13,6b1b459e-0684-4ac2-b8c2-5be11977d16f,,TRADE_PROPOSAL,PENDING,10,{2C8A1B87-268B-45A5-A0E5-C4A3F61C9BC2},0,TRADE,4036133.0,T.J. Hockenson,10.0,2.0,2024-11-29
2024,13,6b1b459e-0684-4ac2-b8c2-5be11977d16f,,TRADE_PROPOSAL,PENDING,10,{2C8A1B87-268B-45A5-A0E5-C4A3F61C9BC2},0,TRADE,3051926.0,Gus Edwards,10.0,2.0,2024-11-29
2024,13,6b1b459e-0684-4ac2-b8c2-5be11977d16f,,TRADE_PROPOSAL,PENDING,10,{2C8A1B87-268B-45A5-A0E5-C4A3F61C9BC2},0,TRADE,4596448.0,Bucky Irving,2.0,10.0,2024-11-29
2024,13,88ff158b-8319-4545-98d3-95e0f87de86d,,ROSTER,EXECUTED,3,{C52D799E-6C1C-44B9-8371-9B6AF857D8E8},0,DROP,4429025.0,Quentin Johnston,3.0,0.0,2024-11-26
2024,13,989d3d7d-a6ce-4133-9f55-f81823a87230,,FREEAGENT,EXECUTED,1,{C1E09685-96D1-4750-BA21-8BE16D3BF7CA},0,ADD,3929785.0,Nick Westbrook-Ikhine,0.0,1.0,2024-11-27
2024,13,989d3d7d-a6ce-4133-9f55-f81823a87230,,FREEAGENT,EXECUTED,1,{C1E09685-96D1-4750-BA21-8BE16D3BF7CA},0,DROP,4569682.0,Audric Estime,1.0,0.0,2024-11-27
2024,13,0bf7b6cf-5d58-4f7a-af43-93f310a36e7a,ccce1059-548a-4d90-a9ed-ef3a744fc01b,TRADE_DECLINE,EXECUTED,8,{00408013-39CF-40FC-8080-1339CFD0FC06},0,,,,,,2024-11-27
2024,14,abc26bde-b302-42e0-9e40-c4876f4aa46d,8c2d41db-7ee8-4d7f-9cd9-8d50615c2ed7,WAIVER,EXECUTED,2,NightlyLeagueUpdateTaskProcessor,4,ADD,4361411.0,Pat Freiermuth,0.0,2.0,2024-12-04
2024,14,abc26bde-b302-42e0-9e40-c4876f4aa46d,8c2d41db-7ee8-4d7f-9cd9-8d50615c2ed7,WAIVER,EXECUTED,2,NightlyLeagueUpdateTaskProcessor,4,DROP,4429013.0,Tank Bigsby,2.0,0.0,2024-12-04
2024,14,44007e38-3a46-42fc-8a04-6f4366626536,,FREEAGENT,EXECUTED,10,{2C8A1B87-268B-45A5-A0E5-C4A3F61C9BC2},0,ADD,4036378.0,Jordan Love,0.0,10.0,2024-12-05
2024,14,44007e38-3a46-42fc-8a04-6f4366626536,,FREEAGENT,EXECUTED,10,{2C8A1B87-268B-45A5-A0E5-C4A3F61C9BC2},0,DROP,2972515.0,Cooper Rush,10.0,0.0,2024-12-05
2024,14,895219d1-0e99-44e7-9da5-79d92a52e129,,FREEAGENT,EXECUTED,6,{FE8F6865-8A47-4C3A-8D66-0780982B48DD},0,ADD,4372019.0,Jerome Ford,0.0,6.0,2024-12-08
2024,14,895219d1-0e99-44e7-9da5-79d92a52e129,,FREEAGENT,EXECUTED,6,{FE8F6865-8A47-4C3A-8D66-0780982B48DD},0,DROP,-16015.0,Dolphins D/ST,6.0,0.0,2024-12-08
2024,14,a06c7e2d-edb1-4ee0-a2a3-810f9b495ff3,,FREEAGENT,EXECUTED,10,{2C8A1B87-268B-45A5-A0E5-C4A3F61C9BC2},0,ADD,2972515.0,Cooper Rush,0.0,10.0,2024-12-04
2024,14,a06c7e2d-edb1-4ee0-a2a3-810f9b495ff3,,FREEAGENT,EXECUTED,10,{2C8A1B87-268B-45A5-A0E5-C4A3F61C9BC2},0,DROP,4036378.0,Jordan Love,10.0,0.0,2024-12-04
2024,14,5dea3859-6ceb-4000-a80c-67c95f3c99be,,FREEAGENT,EXECUTED,5,{77F704CF-0C76-4984-9A71-8BD39511C19F},0,ADD,16731.0,Brandin Cooks,0.0,5.0,2024-12-04
2024,14,5dea3859-6ceb-4000-a80c-67c95f3c99be,,FREEAGENT,EXECUTED,5,{77F704CF-0C76-4984-9A71-8BD39511C19F},0,DROP,4360248.0,Kyle Pitts,5.0,0.0,2024-12-04
2024,14,c56d3861-454c-47e6-b58c-d4e58012c755,8f48eedb-b474-4f22-b9ca-57f106e704b7,WAIVER,EXECUTED,13,NightlyLeagueUpdateTaskProcessor,10,ADD,3127292.0,Will Dissly,0.0,13.0,2024-12-04
2024,14,c56d3861-454c-47e6-b58c-d4e58012c755,8f48eedb-b474-4f22-b9ca-57f106e704b7,WAIVER,EXECUTED,13,NightlyLeagueUpdateTaskProcessor,10,DROP,4240021.0,Cam Akers,13.0,0.0,2024-12-04
2024,14,0ab5166c-4669-4a55-85ee-f9be743c64af,,FREEAGENT,EXECUTED,5,{77F704CF-0C76-4984-9A71-8BD39511C19F},0,ADD,3728262.0,Ray-Ray McCloud III,0.0,5.0,2024-12-04
2024,14,0ab5166c-4669-4a55-85ee-f9be743c64af,,FREEAGENT,EXECUTED,5,{77F704CF-0C76-4984-9A71-8BD39511C19F},0,DROP,3127586.0,Jeremy McNichols,5.0,0.0,2024-12-04
2024,14,3e18a631-445d-409b-b8b9-a79e17535670,59c38db2-52f1-4cce-8881-c45ad8a8d9f6,WAIVER,EXECUTED,3,NightlyLeagueUpdateTaskProcessor,4,ADD,4242355.0,Jake Ferguson,0.0,3.0,2024-12-04
2024,14,7317fafc-1bbb-469c-9229-3608ceca250c,e3107d03-2a33-4d6a-a4d0-c191c9bfb8b4,WAIVER,EXECUTED,13,NightlyLeagueUpdateTaskProcessor,5,ADD,-16022.0,Cardinals D/ST,0.0,13.0,2024-12-04
2024,14,7317fafc-1bbb-469c-9229-3608ceca250c,e3107d03-2a33-4d6a-a4d0-c191c9bfb8b4,WAIVER,EXECUTED,13,NightlyLeagueUpdateTaskProcessor,5,DROP,-16034.0,Texans D/ST,13.0,0.0,2024-12-04
2024,14,0c28c772-5ad1-44a5-a9a4-f9d4b6afeaf3,,FREEAGENT,EXECUTED,4,{8242D4C8-FCD1-4A28-9373-CD282687A8E7},0,ADD,4430968.0,Kimani Vidal,0.0,4.0,2024-12-07
2024,14,0c28c772-5ad1-44a5-a9a4-f9d4b6afeaf3,,FREEAGENT,EXECUTED,4,{8242D4C8-FCD1-4A28-9373-CD282687A8E7},0,DROP,4432577.0,C.J. Stroud,4.0,0.0,2024-12-07
2024,14,4449c9c5-f39c-4b03-858c-fa33db3efafd,,FREEAGENT,EXECUTED,10,{2C8A1B87-268B-45A5-A0E5-C4A3F61C9BC2},0,ADD,4036378.0,Jordan Love,0.0,10.0,2024-12-04
2024,14,4449c9c5-f39c-4b03-858c-fa33db3efafd,,FREEAGENT,EXECUTED,10,{2C8A1B87-268B-45A5-A0E5-C4A3F61C9BC2},0,DROP,4361418.0,Will Levis,10.0,0.0,2024-12-04
2024,14,9a6aa669-7fe6-430a-84c1-7d43f6fd8b15,10e09927-6045-462e-a453-882329b28f40,WAIVER,FAILED_INVALIDPLAYERSOURCE,3,NightlyLeagueUpdateTaskProcessor,3,ADD,-16022.0,Cardinals D/ST,0.0,3.0,2024-12-04
2024,14,9a6aa669-7fe6-430a-84c1-7d43f6fd8b15,10e09927-6045-462e-a453-882329b28f40,WAIVER,FAILED_INVALIDPLAYERSOURCE,3,NightlyLeagueUpdateTaskProcessor,3,DROP,-16010.0,Titans D/ST,3.0,0.0,2024-12-04
2024,14,81f0fbb2-814e-4c1d-9fc3-0e683cfc10e0,,FREEAGENT,EXECUTED,7,{430447A7-381F-4E40-AD53-6A9C1F157A25},0,ADD,4685247.0,Braelon Allen,0.0,7.0,2024-12-05
2024,14,81f0fbb2-814e-4c1d-9fc3-0e683cfc10e0,,FREEAGENT,EXECUTED,7,{430447A7-381F-4E40-AD53-6A9C1F157A25},0,DROP,4430104.0,Sincere McCormick,7.0,0.0,2024-12-05
2024,14,a306a50e-ef45-4d35-845e-919ca7419bea,,FREEAGENT,EXECUTED,5,{77F704CF-0C76-4984-9A71-8BD39511C19F},0,ADD,-16018.0,Saints D/ST,0.0,5.0,2024-12-04
2024,14,a306a50e-ef45-4d35-845e-919ca7419bea,,FREEAGENT,EXECUTED,5,{77F704CF-0C76-4984-9A71-8BD39511C19F},0,DROP,-16012.0,Chiefs D/ST,5.0,0.0,2024-12-04
2024,14,96d05211-b5a7-4099-8917-7c0d9d514899,,WAIVER,PENDING,10,{2C8A1B87-268B-45A5-A0E5-C4A3F61C9BC2},18,ADD,4432620.0,Parker Washington,0.0,10.0,2024-12-03
2024,14,96d05211-b5a7-4099-8917-7c0d9d514899,,WAIVER,PENDING,10,{2C8A1B87-268B-45A5-A0E5-C4A3F61C9BC2},18,DROP,4682745.0,Jaylen Wright,10.0,0.0,2024-12-03
2024,14,9d3ffa4f-4fa7-41c3-b4ae-04ad5823aa61,,FREEAGENT,EXECUTED,10,{2C8A1B87-268B-45A5-A0E5-C4A3F61C9BC2},0,ADD,4361418.0,Will Levis,0.0,10.0,2024-12-04
2024,14,899b6169-6b72-49a8-bf5b-e389c34951ac,4b0d088a-28bb-4edf-a197-d83a972175cb,WAIVER,FAILED_ROSTERLIMIT,3,NightlyLeagueUpdateTaskProcessor,2,ADD,14881.0,Russell Wilson,0.0,3.0,2024-12-04
2024,14,386d117b-f74a-4472-855d-870fb88bd759,02731689-5179-4221-b0ad-c0a2fdc9d6a6,WAIVER,CANCELED,10,{2C8A1B87-268B-45A5-A0E5-C4A3F61C9BC2},18,ADD,4372561.0,Isaac Guerendo,0.0,10.0,2024-12-03
2024,14,386d117b-f74a-4472-855d-870fb88bd759,02731689-5179-4221-b0ad-c0a2fdc9d6a6,WAIVER,CANCELED,10,{2C8A1B87-268B-45A5-A0E5-C4A3F61C9BC2},18,DROP,4682745.0,Jaylen Wright,10.0,0.0,2024-12-03
2024,14,47f5be86-24b2-425d-acd3-25be78dffd0b,,ROSTER,EXECUTED,10,{2C8A1B87-268B-45A5-A0E5-C4A3F61C9BC2},0,DROP,3051926.0,Gus Edwards,10.0,0.0,2024-12-03
2024,14,47f5be86-24b2-425d-acd3-25be78dffd0b,,ROSTER,EXECUTED,10,{2C8A1B87-268B-45A5-A0E5-C4A3F61C9BC2},0,DROP,4682745.0,Jaylen Wright,10.0,0.0,2024-12-03
2024,14,f1395372-f529-4826-a941-5acda8a5107e,fd11adc0-2caf-45d4-8c0a-b4b2a71970f5,WAIVER,EXECUTED,13,NightlyLeagueUpdateTaskProcessor,20,ADD,3051926.0,Gus Edwards,0.0,13.0,2024-12-05
2024,14,f1395372-f529-4826-a941-5acda8a5107e,fd11adc0-2caf-45d4-8c0a-b4b2a71970f5,WAIVER,EXECUTED,13,NightlyLeagueUpdateTaskProcessor,20,DROP,4695883.0,Jalen Coker,13.0,0.0,2024-12-05
2024,14,b9653723-644d-46f9-bc19-9a1fc47b39ab,5da7b52a-bdf5-40e5-bce9-8bc8fd72e96a,WAIVER,FAILED_INVALIDPLAYERSOURCE,10,NightlyLeagueUpdateTaskProcessor,18,ADD,4372561.0,Isaac Guerendo,0.0,10.0,2024-12-04
2024,14,5da7b52a-bdf5-40e5-bce9-8bc8fd72e96a,,WAIVER,PENDING,10,{2C8A1B87-268B-45A5-A0E5-C4A3F61C9BC2},18,ADD,4372561.0,Isaac Guerendo,0.0,10.0,2024-12-03
2024,14,b93e028d-6835-4b04-813b-3dee681fdee8,,FREEAGENT,EXECUTED,6,{FE8F6865-8A47-4C3A-8D66-0780982B48DD},0,ADD,4695404.0,Isaiah Davis,0.0,6.0,2024-12-08
2024,14,95fb5936-13fc-4b41-ab26-b0dab18a133f,fd438e55-c8eb-4189-a70d-4d2257295268,WAIVER,FAILED_INVALIDPLAYERSOURCE,3,NightlyLeagueUpdateTaskProcessor,4,ADD,4428557.0,Tyjae Spears,0.0,3.0,2024-12-04
2024,14,f1b7b744-cf1e-4a58-835b-c63c24671b65,,FREEAGENT,EXECUTED,1,{C1E09685-96D1-4750-BA21-8BE16D3BF7CA},0,ADD,2976592.0,Sterling Shepard,0.0,1.0,2024-12-04
2024,14,f1b7b744-cf1e-4a58-835b-c63c24671b65,,FREEAGENT,EXECUTED,1,{C1E09685-96D1-4750-BA21-8BE16D3BF7CA},0,DROP,4360569.0,Jordan Mason,1.0,0.0,2024-12-04
2024,14,a1e915d0-60e8-4cd7-889e-863692bac7ae,,ROSTER,EXECUTED,13,{523D9B8F-8A3C-4523-BD9B-8F8A3C852321},19,DROP,4427095.0,DeMario Douglas,13.0,0.0,2024-12-03
2024,14,cad83db4-8bc7-4cf5-a3f9-f1aee46c5ea8,4d71faeb-d366-424f-947f-40d54898db8d,WAIVER,FAILED_INVALIDPLAYERSOURCE,5,NightlyLeagueUpdateTaskProcessor,5,ADD,4372561.0,Isaac Guerendo,0.0,5.0,2024-12-04
2024,14,9b6ba317-4469-4556-a742-2909f18618c1,de5f99ac-219d-4716-b5ad-0a83b735241e,WAIVER,EXECUTED,3,NightlyLeagueUpdateTaskProcessor,4,ADD,-16024.0,Chargers D/ST,0.0,3.0,2024-12-04
2024,14,9b6ba317-4469-4556-a742-2909f18618c1,de5f99ac-219d-4716-b5ad-0a83b735241e,WAIVER,EXECUTED,3,NightlyLeagueUpdateTaskProcessor,4,DROP,-16010.0,Titans D/ST,3.0,0.0,2024-12-04
2024,14,bbf5adc7-a7a7-456c-b9ec-baee9deb9e32,,FREEAGENT,EXECUTED,7,{430447A7-381F-4E40-AD53-6A9C1F157A25},0,ADD,-16012.0,Chiefs D/ST,0.0,7.0,2024-12-07
2024,14,10f2a6bf-ca64-43a2-9833-1a0d561a1980,fc25cc79-9cc5-44c4-84dd-422437b2ca05,WAIVER,CANCELED,3,{C52D799E-6C1C-44B9-8371-9B6AF857D8E8},0,ADD,3051926.0,Gus Edwards,0.0,3.0,2024-12-05
2024,14,b1cbbced-b917-4963-9a2c-58fdf222148a,,FREEAGENT,EXECUTED,7,{430447A7-381F-4E40-AD53-6A9C1F157A25},0,ADD,4430104.0,Sincere McCormick,0.0,7.0,2024-12-05
2024,14,b1cbbced-b917-4963-9a2c-58fdf222148a,,FREEAGENT,EXECUTED,7,{430447A7-381F-4E40-AD53-6A9C1F157A25},0,DROP,4248528.0,Christian Watson,7.0,0.0,2024-12-05
2024,14,dc37d9b4-4938-4ed0-9b18-6329a5c40eb5,5e4c0f03-dd51-4661-9aac-37cfbb1ff163,WAIVER,FAILED_AUCTIONBUDGETEXCEEDED,5,NightlyLeagueUpdateTaskProcessor,1,ADD,-16022.0,Cardinals D/ST,0.0,5.0,2024-12-04
2024,14,dc37d9b4-4938-4ed0-9b18-6329a5c40eb5,5e4c0f03-dd51-4661-9aac-37cfbb1ff163,WAIVER,FAILED_AUCTIONBUDGETEXCEEDED,5,NightlyLeagueUpdateTaskProcessor,1,DROP,-16012.0,Chiefs D/ST,5.0,0.0,2024-12-04
2024,14,475b36ca-9227-461d-b0d8-96286d73825d,5801e1d2-d27c-4f5e-9f53-21138282fb96,WAIVER,FAILED_INVALIDPLAYERSOURCE,3,NightlyLeagueUpdateTaskProcessor,22,ADD,4372561.0,Isaac Guerendo,0.0,3.0,2024-12-04
2024,14,9996e8a0-149e-4951-a599-8cf46e808ad8,,WAIVER,PENDING,10,{2C8A1B87-268B-45A5-A0E5-C4A3F61C9BC2},18,ADD,4432620.0,Parker Washington,0.0,10.0,2024-12-03
2024,14,c4c7fa38-27d7-4c21-b673-da62f4477316,a1973516-7461-45cb-a536-131e02a2969b,WAIVER,FAILED_INVALIDPLAYERSOURCE,13,NightlyLeagueUpdateTaskProcessor,15,ADD,4372561.0,Isaac Guerendo,0.0,13.0,2024-12-04
2024,14,c4c7fa38-27d7-4c21-b673-da62f4477316,a1973516-7461-45cb-a536-131e02a2969b,WAIVER,FAILED_INVALIDPLAYERSOURCE,13,NightlyLeagueUpdateTaskProcessor,15,DROP,4695883.0,Jalen Coker,13.0,0.0,2024-12-04
2024,14,25c81333-acd6-43cc-b6eb-f2283f7fd30f,42c92e49-a284-48c7-b741-81ad29b4b69d,WAIVER,EXECUTED,3,NightlyLeagueUpdateTaskProcessor,3,ADD,4429013.0,Tank Bigsby,0.0,3.0,2024-12-05
2024,14,25c81333-acd6-43cc-b6eb-f2283f7fd30f,42c92e49-a284-48c7-b741-81ad29b4b69d,WAIVER,EXECUTED,3,NightlyLeagueUpdateTaskProcessor,3,DROP,12483.0,Matthew Stafford,3.0,0.0,2024-12-05
2024,14,a978fbf9-35d7-4f62-b0f8-50d5ccaf6d75,,FREEAGENT,EXECUTED,3,{C52D799E-6C1C-44B9-8371-9B6AF857D8E8},0,ADD,4373626.0,Tyler Allgeier,0.0,3.0,2024-12-08
2024,14,27dc19b5-0590-4977-847e-a49a63ba5193,,FREEAGENT,EXECUTED,10,{2C8A1B87-268B-45A5-A0E5-C4A3F61C9BC2},0,ADD,4429501.0,Ray Davis,0.0,10.0,2024-12-05
2024,14,27dc19b5-0590-4977-847e-a49a63ba5193,,FREEAGENT,EXECUTED,10,{2C8A1B87-268B-45A5-A0E5-C4A3F61C9BC2},0,DROP,4430968.0,Kimani Vidal,10.0,0.0,2024-12-05
2024,14,b05675a5-e1d4-4727-8d73-50858de04262,850395de-6d61-4f81-b2e4-1859bbbbd14e,WAIVER,FAILED_INVALIDPLAYERSOURCE,3,NightlyLeagueUpdateTaskProcessor,3,ADD,3051926.0,Gus Edwards,0.0,3.0,2024-12-05
2024,14,b05675a5-e1d4-4727-8d73-50858de04262,850395de-6d61-4f81-b2e4-1859bbbbd14e,WAIVER,FAILED_INVALIDPLAYERSOURCE,3,NightlyLeagueUpdateTaskProcessor,3,DROP,12483.0,Matthew Stafford,3.0,0.0,2024-12-05
2024,14,1019e320-8607-4a15-bc1a-3a7e6f235f3d,,FREEAGENT,EXECUTED,6,{FE8F6865-8A47-4C3A-8D66-0780982B48DD},0,ADD,3930086.0,Dawson Knox,0.0,6.0,2024-12-08
2024,14,1019e320-8607-4a15-bc1a-3a7e6f235f3d,,FREEAGENT,EXECUTED,6,{FE8F6865-8A47-4C3A-8D66-0780982B48DD},0,DROP,4385690.0,Dalton Kincaid,6.0,0.0,2024-12-08
2024,14,02731689-5179-4221-b0ad-c0a2fdc9d6a6,,WAIVER,PENDING,10,{2C8A1B87-268B-45A5-A0E5-C4A3F61C9BC2},18,ADD,4372561.0,Isaac Guerendo,0.0,10.0,2024-12-03
2024,14,02731689-5179-4221-b0ad-c0a2fdc9d6a6,,WAIVER,PENDING,10,{2C8A1B87-268B-45A5-A0E5-C4A3F61C9BC2},18,DROP,4682745.0,Jaylen Wright,10.0,0.0,2024-12-03
2024,14,dc6e64ca-5cf4-4c7c-8990-bdf139621e03,,FREEAGENT,EXECUTED,10,{2C8A1B87-268B-45A5-A0E5-C4A3F61C9BC2},0,ADD,14881.0,Russell Wilson,0.0,10.0,2024-12-05
2024,14,dc6e64ca-5cf4-4c7c-8990-bdf139621e03,,FREEAGENT,EXECUTED,10,{2C8A1B87-268B-45A5-A0E5-C4A3F61C9BC2},0,DROP,4036378.0,Jordan Love,10.0,0.0,2024-12-05
2024,14,bc86cd44-bc8d-4911-9e6b-1fade964e223,,ROSTER,EXECUTED,13,{523D9B8F-8A3C-4523-BD9B-8F8A3C852321},0,DROP,2468609.0,Taysom Hill,13.0,0.0,2024-12-03
2024,14,b9956587-b486-4066-8010-168f87fe7adc,,ROSTER,EXECUTED,5,{77F704CF-0C76-4984-9A71-8BD39511C19F},0,DROP,4426386.0,Roschon Johnson,5.0,0.0,2024-12-03
2024,14,8042c327-dd86-456c-b783-d87f757d7cc5,d3890008-517e-461f-8fbe-c00fe7d50a92,WAIVER,EXECUTED,12,NightlyLeagueUpdateTaskProcessor,1,ADD,14881.0,Russell Wilson,0.0,12.0,2024-12-04
2024,14,8042c327-dd86-456c-b783-d87f757d7cc5,d3890008-517e-461f-8fbe-c00fe7d50a92,WAIVER,EXECUTED,12,NightlyLeagueUpdateTaskProcessor,1,DROP,4569587.0,Wan'Dale Robinson,12.0,0.0,2024-12-04
2024,14,58e97332-8680-4ca8-acbb-1c24c856b0db,049a2dea-437a-4975-9eef-8346160b9ef4,WAIVER,FAILED_INVALIDPLAYERSOURCE,12,NightlyLeagueUpdateTaskProcessor,2,ADD,-16022.0,Cardinals D/ST,0.0,12.0,2024-12-04
2024,14,58e97332-8680-4ca8-acbb-1c24c856b0db,049a2dea-437a-4975-9eef-8346160b9ef4,WAIVER,FAILED_INVALIDPLAYERSOURCE,12,NightlyLeagueUpdateTaskProcessor,2,DROP,-16006.0,Cowboys D/ST,12.0,0.0,2024-12-04
2024,14,48b6f153-8f26-4f37-89b0-fc75d79603e5,9996e8a0-149e-4951-a599-8cf46e808ad8,WAIVER,EXECUTED,10,NightlyLeagueUpdateTaskProcessor,18,ADD,4432620.0,Parker Washington,0.0,10.0,2024-12-04
2024,14,b264b286-d236-4633-b017-6b781673f510,,FREEAGENT,EXECUTED,12,{91D28B99-9234-408F-ACE7-32AEC03EE9E2},0,ADD,4361418.0,Will Levis,0.0,12.0,2024-12-05
2024,14,b264b286-d236-4633-b017-6b781673f510,,FREEAGENT,EXECUTED,12,{91D28B99-9234-408F-ACE7-32AEC03EE9E2},0,DROP,14881.0,Russell Wilson,12.0,0.0,2024-12-05
2024,14,168a1fe7-4170-4012-b508-4e58e360ccad,,ROSTER,EXECUTED,6,{FE8F6865-8A47-4C3A-8D66-0780982B48DD},0,DROP,4569559.0,Devaughn Vele,6.0,0.0,2024-12-08
2024,14,3be32748-4569-4682-8723-b3c0bd8b4b50,1f7a3586-9a4a-438c-b456-398862d7fcc3,WAIVER,CANCELED,5,{77F704CF-0C76-4984-9A71-8BD39511C19F},0,ADD,3051926.0,Gus Edwards,0.0,5.0,2024-12-04
2024,14,ed09f5bc-7dcf-4fe0-9c70-37dfcc324177,4d61c799-f54e-4b24-8f0d-e01e57809684,WAIVER,EXECUTED,12,NightlyLeagueUpdateTaskProcessor,46,ADD,4372561.0,Isaac Guerendo,0.0,12.0,2024-12-04
2024,14,6168538e-7330-4c36-8cc1-a701803b72e1,,FREEAGENT,EXECUTED,10,{2C8A1B87-268B-45A5-A0E5-C4A3F61C9BC2},0,ADD,4430104.0,Sincere McCormick,0.0,10.0,2024-12-07
2024,14,6168538e-7330-4c36-8cc1-a701803b72e1,,FREEAGENT,EXECUTED,10,{2C8A1B87-268B-45A5-A0E5-C4A3F61C9BC2},0,DROP,2576336.0,Ameer Abdullah,10.0,0.0,2024-12-07
2024,14,4d829e0c-cbb6-4d82-8a92-6a071b68384e,,ROSTER,EXECUTED,3,{C52D799E-6C1C-44B9-8371-9B6AF857D8E8},0,DROP,3121023.0,Dallas Goedert,3.0,0.0,2024-12-03
2024,14,94a9faee-100e-4624-8900-bfba5671afca,2a82a87a-8e08-44dd-be23-4a5457690a60,WAIVER,EXECUTED,5,NightlyLeagueUpdateTaskProcessor,5,ADD,4428557.0,Tyjae Spears,0.0,5.0,2024-12-04
2024,14,92e3ec19-f36e-4da7-bd48-3f17332dbeb4,675537a1-7884-40dd-a39d-db8b66add0c8,WAIVER,FAILED_INVALIDPLAYERSOURCE,3,NightlyLeagueUpdateTaskProcessor,1,ADD,3127292.0,Will Dissly,0.0,3.0,2024-12-04
2024,14,18323872-6f89-4bc3-a414-b04e6a26d800,,ROSTER,EXECUTED,7,{430447A7-381F-4E40-AD53-6A9C1F157A25},0,DROP,-16028.0,Commanders D/ST,7.0,0.0,2024-12-03
2024,14,af1950cd-f752-49f6-9bdd-87e742c2b8e8,96d05211-b5a7-4099-8917-7c0d9d514899,WAIVER,CANCELED,10,{2C8A1B87-268B-45A5-A0E5-C4A3F61C9BC2},18,ADD,4432620.0,Parker Washington,0.0,10.0,2024-12-03
2024,14,af1950cd-f752-49f6-9bdd-87e742c2b8e8,96d05211-b5a7-4099-8917-7c0d9d514899,WAIVER,CANCELED,10,{2C8A1B87-268B-45A5-A0E5-C4A3F61C9BC2},18,DROP,4682745.0,Jaylen Wright,10.0,0.0,2024-12-03
2024,14,ee369965-196e-4e65-be17-18ce7e7c8897,,FREEAGENT,EXECUTED,12,{91D28B99-9234-408F-ACE7-32AEC03EE9E2},0,ADD,-16030.0,Jaguars D/ST,0.0,12.0,2024-12-05
2024,14,ee369965-196e-4e65-be17-18ce7e7c8897,,FREEAGENT,EXECUTED,12,{91D28B99-9234-408F-ACE7-32AEC03EE9E2},0,DROP,-16006.0,Cowboys D/ST,12.0,0.0,2024-12-05
2024,15,18c734cc-beb7-46fb-9e2c-fefeacdfbe84,96e52404-a509-4f53-a0be-7f54bcdfb799,WAIVER,EXECUTED,3,NightlyLeagueUpdateTaskProcessor,8,ADD,-16033.0,Ravens D/ST,0.0,3.0,2024-12-11
2024,15,18c734cc-beb7-46fb-9e2c-fefeacdfbe84,96e52404-a509-4f53-a0be-7f54bcdfb799,WAIVER,EXECUTED,3,NightlyLeagueUpdateTaskProcessor,8,DROP,-16024.0,Chargers D/ST,3.0,0.0,2024-12-11
2024,15,6beac500-5050-4235-bfe8-79fe636da04d,,FREEAGENT,EXECUTED,3,{C52D799E-6C1C-44B9-8371-9B6AF857D8E8},0,ADD,4036378.0,Jordan Love,0.0,3.0,2024-12-16
2024,15,27b62d8d-a6e9-494b-9ac9-73f465ef133b,,FREEAGENT,EXECUTED,8,{00408013-39CF-40FC-8080-1339CFD0FC06},0,ADD,-16024.0,Chargers D/ST,0.0,8.0,2024-12-12
2024,15,27b62d8d-a6e9-494b-9ac9-73f465ef133b,,FREEAGENT,EXECUTED,8,{00408013-39CF-40FC-8080-1339CFD0FC06},0,DROP,-16006.0,Cowboys D/ST,8.0,0.0,2024-12-12
2024,15,ed16ce60-c0f1-4c55-be73-7dfef527a5cd,7ce9ad05-b472-4171-8a2e-0303016ccf7f,WAIVER,FAILED_INVALIDPLAYERSOURCE,12,NightlyLeagueUpdateTaskProcessor,3,ADD,-16033.0,Ravens D/ST,0.0,12.0,2024-12-11
2024,15,ed16ce60-c0f1-4c55-be73-7dfef527a5cd,7ce9ad05-b472-4171-8a2e-0303016ccf7f,WAIVER,FAILED_INVALIDPLAYERSOURCE,12,NightlyLeagueUpdateTaskProcessor,3,DROP,-16030.0,Jaguars D/ST,12.0,0.0,2024-12-11
2024,15,b44ebdc4-49d8-4a72-acb9-52112ea992b4,,FREEAGENT,EXECUTED,8,{00408013-39CF-40FC-8080-1339CFD0FC06},0,ADD,4599739.0,Kendre Miller,0.0,8.0,2024-12-11
2024,15,b44ebdc4-49d8-4a72-acb9-52112ea992b4,,FREEAGENT,EXECUTED,8,{00408013-39CF-40FC-8080-1339CFD0FC06},0,DROP,-16027.0,Buccaneers D/ST,8.0,0.0,2024-12-11
2024,15,c8c07712-1ac9-485d-81f9-30b92807e135,,FREEAGENT,EXECUTED,8,{00408013-39CF-40FC-8080-1339CFD0FC06},0,ADD,4428557.0,Tyjae Spears,0.0,8.0,2024-12-12
2024,15,c8c07712-1ac9-485d-81f9-30b92807e135,,FREEAGENT,EXECUTED,8,{00408013-39CF-40FC-8080-1339CFD0FC06},0,DROP,4572680.0,Tucker Kraft,8.0,0.0,2024-12-12
2024,15,83c3721e-b30a-4738-a86d-0c988f5e63cd,,ROSTER,EXECUTED,7,{430447A7-381F-4E40-AD53-6A9C1F157A25},0,LINEUP,4685247.0,Braelon Allen,0.0,0.0,2024-12-15
2024,15,83c3721e-b30a-4738-a86d-0c988f5e63cd,,ROSTER,EXECUTED,7,{430447A7-381F-4E40-AD53-6A9C1F157A25},0,LINEUP,4427366.0,Breece Hall,0.0,0.0,2024-12-15
2024,15,83c3721e-b30a-4738-a86d-0c988f5e63cd,,ROSTER,EXECUTED,7,{430447A7-381F-4E40-AD53-6A9C1F157A25},0,DROP,-16004.0,Bengals D/ST,7.0,0.0,2024-12-15
2024,15,b1e63c9e-245d-4565-9997-6d3b02dbeeae,,ROSTER,EXECUTED,8,{00408013-39CF-40FC-8080-1339CFD0FC06},0,DROP,4678008.0,Jonathon Brooks,8.0,0.0,2024-12-10
2024,15,b2ad0630-a71c-4f75-ab69-7b6efd76522e,4072204f-9d91-4aea-80fa-bf5d55e259e1,WAIVER,CANCELED,7,{430447A7-381F-4E40-AD53-6A9C1F157A25},0,ADD,-16033.0,Ravens D/ST,0.0,7.0,2024-12-11
2024,15,b2ad0630-a71c-4f75-ab69-7b6efd76522e,4072204f-9d91-4aea-80fa-bf5d55e259e1,WAIVER,CANCELED,7,{430447A7-381F-4E40-AD53-6A9C1F157A25},0,DROP,-16025.0,49ers D/ST,7.0,0.0,2024-12-11
2024,15,def8b0c4-3282-4239-8824-5aec1f6d0465,,FREEAGENT,EXECUTED,12,{91D28B99-9234-408F-ACE7-32AEC03EE9E2},0,ADD,-16020.0,Jets D/ST,0.0,12.0,2024-12-11
2024,15,def8b0c4-3282-4239-8824-5aec1f6d0465,,FREEAGENT,EXECUTED,12,{91D28B99-9234-408F-ACE7-32AEC03EE9E2},0,DROP,-16030.0,Jaguars D/ST,12.0,0.0,2024-12-11
2024,15,f4ff161a-93fb-4da1-a85d-06aa5923c4bd,,ROSTER,EXECUTED,12,{91D28B99-9234-408F-ACE7-32AEC03EE9E2},0,DROP,4361418.0,Will Levis,12.0,0.0,2024-12-10
2024,15,2ff2a482-a66f-4d61-86f0-b6ce5f5ca955,,FREEAGENT,EXECUTED,7,{430447A7-381F-4E40-AD53-6A9C1F157A25},0,ADD,-16028.0,Commanders D/ST,0.0,7.0,2024-12-11
2024,15,2ff2a482-a66f-4d61-86f0-b6ce5f5ca955,,FREEAGENT,EXECUTED,7,{430447A7-381F-4E40-AD53-6A9C1F157A25},0,DROP,4239996.0,Travis Etienne Jr.,7.0,0.0,2024-12-11
2024,15,52d4fe70-1bfb-46b3-ab85-bb462f204f25,,ROSTER,EXECUTED,5,{77F704CF-0C76-4984-9A71-8BD39511C19F},0,DROP,4428557.0,Tyjae Spears,5.0,0.0,2024-12-10
2024,15,03f7924d-2d95-4c61-b1c3-4d6c0211299b,10633285-c69a-4af9-9610-8993b22be21c,WAIVER,EXECUTED,12,NightlyLeagueUpdateTaskProcessor,1,ADD,4239996.0,Travis Etienne Jr.,0.0,12.0,2024-12-13
2024,15,03f7924d-2d95-4c61-b1c3-4d6c0211299b,10633285-c69a-4af9-9610-8993b22be21c,WAIVER,EXECUTED,12,NightlyLeagueUpdateTaskProcessor,1,DROP,4429025.0,Quentin Johnston,12.0,0.0,2024-12-13
2024,15,e5350c09-62a5-407b-8d3a-5c99b8f53c23,49b3085d-6e2c-413c-8166-9298c39ff6b7,WAIVER,EXECUTED,7,NightlyLeagueUpdateTaskProcessor,1,ADD,-16004.0,Bengals D/ST,0.0,7.0,2024-12-11
2024,15,e5350c09-62a5-407b-8d3a-5c99b8f53c23,49b3085d-6e2c-413c-8166-9298c39ff6b7,WAIVER,EXECUTED,7,NightlyLeagueUpdateTaskProcessor,1,DROP,-16025.0,49ers D/ST,7.0,0.0,2024-12-11
2024,15,fc7abb3c-7fe7-4e89-b654-67b63c30566b,fa5062ad-c211-4fa3-889b-78f11ef88ac7,WAIVER,FAILED_PLAYERALREADYDROPPED,7,NightlyLeagueUpdateTaskProcessor,1,ADD,-16020.0,Jets D/ST,0.0,7.0,2024-12-11
2024,15,fc7abb3c-7fe7-4e89-b654-67b63c30566b,fa5062ad-c211-4fa3-889b-78f11ef88ac7,WAIVER,FAILED_PLAYERALREADYDROPPED,7,NightlyLeagueUpdateTaskProcessor,1,DROP,-16025.0,49ers D/ST,7.0,0.0,2024-12-11
2024,15,e034c712-9e1c-4730-b2e5-7750d9160375,032baabd-eaf5-4424-a1ea-f7807a50913b,WAIVER,FAILED_INVALIDPLAYERSOURCE,7,NightlyLeagueUpdateTaskProcessor,5,ADD,-16033.0,Ravens D/ST,0.0,7.0,2024-12-11
2024,15,e034c712-9e1c-4730-b2e5-7750d9160375,032baabd-eaf5-4424-a1ea-f7807a50913b,WAIVER,FAILED_INVALIDPLAYERSOURCE,7,NightlyLeagueUpdateTaskProcessor,5,DROP,-16025.0,49ers D/ST,7.0,0.0,2024-12-11
2024,15,2de1933d-dcd6-4d1b-8069-afc62ef95fba,,FREEAGENT,EXECUTED,10,{2C8A1B87-268B-45A5-A0E5-C4A3F61C9BC2},0,ADD,4429202.0,Israel Abanikanda,0.0,10.0,2024-12-11
2024,15,2de1933d-dcd6-4d1b-8069-afc62ef95fba,,FREEAGENT,EXECUTED,10,{2C8A1B87-268B-45A5-A0E5-C4A3F61C9BC2},0,DROP,14881.0,Russell Wilson,10.0,0.0,2024-12-11
2024,15,6fe73ccb-32a3-4b38-9312-0fd19ae3db06,,FREEAGENT,EXECUTED,10,{2C8A1B87-268B-45A5-A0E5-C4A3F61C9BC2},0,ADD,3929645.0,Juwan Johnson,0.0,10.0,2024-12-11
2024,15,10f63b87-ba71-4aa7-9620-0166e0506809,,FREEAGENT,EXECUTED,8,{00408013-39CF-40FC-8080-1339CFD0FC06},0,ADD,-16006.0,Cowboys D/ST,0.0,8.0,2024-12-11
2024,15,4c8695a5-28e0-44a2-ae24-25c6c7ee17a5,,ROSTER,EXECUTED,3,{C52D799E-6C1C-44B9-8371-9B6AF857D8E8},0,DROP,15864.0,Geno Smith,3.0,0.0,2024-12-10
2024,15,91396f5c-f87a-49f3-aac4-408a43eeb9b8,,ROSTER,EXECUTED,10,{2C8A1B87-268B-45A5-A0E5-C4A3F61C9BC2},0,DROP,4432620.0,Parker Washington,10.0,0.0,2024-12-10
2024,15,9719338a-e2bf-4887-be4d-3f9b5a04cd48,82cfc06c-38ff-4bc8-8a29-b4f213aebf20,WAIVER,EXECUTED,12,NightlyLeagueUpdateTaskProcessor,12,ADD,4039358.0,Patrick Taylor Jr.,0.0,12.0,2024-12-11
2024,15,a223584b-760f-43db-a9fc-6af84587e71e,,FREEAGENT,EXECUTED,10,{2C8A1B87-268B-45A5-A0E5-C4A3F61C9BC2},0,ADD,4722893.0,Jaleel McLaughlin,0.0,10.0,2024-12-12
2024,15,a223584b-760f-43db-a9fc-6af84587e71e,,FREEAGENT,EXECUTED,10,{2C8A1B87-268B-45A5-A0E5-C4A3F61C9BC2},0,DROP,3929645.0,Juwan Johnson,10.0,0.0,2024-12-12
2024,15,ad4e2ba3-60d7-402b-ba74-5ca3be845809,,FREEAGENT,EXECUTED,7,{430447A7-381F-4E40-AD53-6A9C1F157A25},0,ADD,4429275.0,Trey Benson,0.0,7.0,2024-12-15
2024,15,b99380ed-ed25-4d19-b7b3-c9120691fd93,,FREEAGENT,EXECUTED,5,{77F704CF-0C76-4984-9A71-8BD39511C19F},0,ADD,-16009.0,Packers D/ST,0.0,5.0,2024-12-11
2024,16,1d03f98e-de4e-47d9-9204-4ba43ab10c77,,FREEAGENT,EXECUTED,8,{00408013-39CF-40FC-8080-1339CFD0FC06},0,ADD,-16034.0,Texans D/ST,0.0,8.0,2024-12-18
2024,16,1d03f98e-de4e-47d9-9204-4ba43ab10c77,,FREEAGENT,EXECUTED,8,{00408013-39CF-40FC-8080-1339CFD0FC06},0,DROP,-16001.0,Falcons D/ST,8.0,0.0,2024-12-18
2024,16,5e5f7b61-93f2-4d5e-9a11-9d125a9e6c86,,ROSTER,EXECUTED,10,{2C8A1B87-268B-45A5-A0E5-C4A3F61C9BC2},0,DROP,4429202.0,Israel Abanikanda,10.0,0.0,2024-12-17
2024,16,b7f5702c-a48d-4975-83db-2f9854412073,,FREEAGENT,EXECUTED,3,{C52D799E-6C1C-44B9-8371-9B6AF857D8E8},0,ADD,4373626.0,Tyler Allgeier,0.0,3.0,2024-12-20
2024,16,b7f5702c-a48d-4975-83db-2f9854412073,,FREEAGENT,EXECUTED,3,{C52D799E-6C1C-44B9-8371-9B6AF857D8E8},0,DROP,4038441.0,Justice Hill,3.0,0.0,2024-12-20
2024,16,e4ec94de-797e-4bdb-a55d-f1fe270ab135,,FREEAGENT,EXECUTED,10,{2C8A1B87-268B-45A5-A0E5-C4A3F61C9BC2},0,ADD,2576336.0,Ameer Abdullah,0.0,10.0,2024-12-18
2024,16,32107a97-0774-41e8-a221-32b100c7fd1e,,ROSTER,EXECUTED,3,{C52D799E-6C1C-44B9-8371-9B6AF857D8E8},0,DROP,2976499.0,Amari Cooper,3.0,0.0,2024-12-17
2024,16,397ae795-5d12-47dd-9edd-bbb231e5adde,,FREEAGENT,EXECUTED,8,{00408013-39CF-40FC-8080-1339CFD0FC06},0,ADD,-16001.0,Falcons D/ST,0.0,8.0,2024-12-18
2024,16,397ae795-5d12-47dd-9edd-bbb231e5adde,,FREEAGENT,EXECUTED,8,{00408013-39CF-40FC-8080-1339CFD0FC06},0,DROP,-16034.0,Texans D/ST,8.0,0.0,2024-12-18
2024,16,bcc9ed55-b618-412d-88d5-f1c85fea3102,,FREEAGENT,EXECUTED,3,{C52D799E-6C1C-44B9-8371-9B6AF857D8E8},0,ADD,4035687.0,Michael Pittman Jr.,0.0,3.0,2024-12-20
2024,16,bcc9ed55-b618-412d-88d5-f1c85fea3102,,FREEAGENT,EXECUTED,3,{C52D799E-6C1C-44B9-8371-9B6AF857D8E8},0,DROP,-16033.0,Ravens D/ST,3.0,0.0,2024-12-20
2024,16,f206b52e-4f65-4674-bec9-96386d351535,,FREEAGENT,EXECUTED,13,{523D9B8F-8A3C-4523-BD9B-8F8A3C852321},0,ADD,4385690.0,Dalton Kincaid,0.0,13.0,2024-12-19
2024,16,1cdf2561-3f67-4c20-b99d-8b19227a2d4e,,FREEAGENT,EXECUTED,8,{00408013-39CF-40FC-8080-1339CFD0FC06},0,ADD,-16034.0,Texans D/ST,0.0,8.0,2024-12-18
2024,16,1cdf2561-3f67-4c20-b99d-8b19227a2d4e,,FREEAGENT,EXECUTED,8,{00408013-39CF-40FC-8080-1339CFD0FC06},0,DROP,-16001.0,Falcons D/ST,8.0,0.0,2024-12-18
2024,16,5a5f8aad-9320-4cec-9d2f-92bcb94a9ea4,,FREEAGENT,EXECUTED,13,{523D9B8F-8A3C-4523-BD9B-8F8A3C852321},0,ADD,-16004.0,Bengals D/ST,0.0,13.0,2024-12-19
2024,16,5a5f8aad-9320-4cec-9d2f-92bcb94a9ea4,,FREEAGENT,EXECUTED,13,{523D9B8F-8A3C-4523-BD9B-8F8A3C852321},0,DROP,-16034.0,Texans D/ST,13.0,0.0,2024-12-19
2024,16,28933221-ad3c-468d-b2dc-486cc7c4a0b8,,FREEAGENT,EXECUTED,5,{77F704CF-0C76-4984-9A71-8BD39511C19F},0,ADD,4248528.0,Christian Watson,0.0,5.0,2024-12-18
2024,16,28933221-ad3c-468d-b2dc-486cc7c4a0b8,,FREEAGENT,EXECUTED,5,{77F704CF-0C76-4984-9A71-8BD39511C19F},0,DROP,3728262.0,Ray-Ray McCloud III,5.0,0.0,2024-12-18
2024,16,feae2889-c500-4e39-9303-258ce9a2b9dc,,FREEAGENT,EXECUTED,10,{2C8A1B87-268B-45A5-A0E5-C4A3F61C9BC2},0,ADD,4695883.0,Jalen Coker,0.0,10.0,2024-12-18
2024,16,6fe96606-6cfd-44e9-856b-c6106fa0c5b2,,FREEAGENT,EXECUTED,10,{2C8A1B87-268B-45A5-A0E5-C4A3F61C9BC2},0,ADD,4430539.0,Brenton Strange,0.0,10.0,2024-12-18
2024,16,6fe96606-6cfd-44e9-856b-c6106fa0c5b2,,FREEAGENT,EXECUTED,10,{2C8A1B87-268B-45A5-A0E5-C4A3F61C9BC2},0,DROP,3134353.0,Tim Patrick,10.0,0.0,2024-12-18
2024,16,a52d0f29-977d-4e97-a836-8d3f7e7c2e93,,ROSTER,EXECUTED,10,{2C8A1B87-268B-45A5-A0E5-C4A3F61C9BC2},0,DROP,4430104.0,Sincere McCormick,10.0,0.0,2024-12-17
2024,16,49300b6b-2e35-4cfc-9472-de9dd8033d6b,,FREEAGENT,EXECUTED,8,{00408013-39CF-40FC-8080-1339CFD0FC06},0,ADD,-16001.0,Falcons D/ST,0.0,8.0,2024-12-18
2024,16,49300b6b-2e35-4cfc-9472-de9dd8033d6b,,FREEAGENT,EXECUTED,8,{00408013-39CF-40FC-8080-1339CFD0FC06},0,DROP,-16034.0,Texans D/ST,8.0,0.0,2024-12-18
2024,16,0ed6ec51-2d9b-4984-b1e9-55ada117cbda,,FREEAGENT,EXECUTED,10,{2C8A1B87-268B-45A5-A0E5-C4A3F61C9BC2},0,ADD,-16015.0,Dolphins D/ST,0.0,10.0,2024-12-20
2024,16,0ed6ec51-2d9b-4984-b1e9-55ada117cbda,,FREEAGENT,EXECUTED,10,{2C8A1B87-268B-45A5-A0E5-C4A3F61C9BC2},0,DROP,4430539.0,Brenton Strange,10.0,0.0,2024-12-20
2024,16,9372bba5-a033-45d5-89b1-2b80e2cfa1d1,14a4f818-26db-417d-9764-78548e282f7b,WAIVER,EXECUTED,3,NightlyLeagueUpdateTaskProcessor,1,ADD,4430834.0,Jalen McMillan,0.0,3.0,2024-12-18
2024,16,9372bba5-a033-45d5-89b1-2b80e2cfa1d1,14a4f818-26db-417d-9764-78548e282f7b,WAIVER,EXECUTED,3,NightlyLeagueUpdateTaskProcessor,1,DROP,4036378.0,Jordan Love,3.0,0.0,2024-12-18
2024,16,c952e20e-61d6-4e73-90c0-c077992f6a45,,FREEAGENT,EXECUTED,3,{C52D799E-6C1C-44B9-8371-9B6AF857D8E8},0,ADD,4038441.0,Justice Hill,0.0,3.0,2024-12-19
2024,16,c952e20e-61d6-4e73-90c0-c077992f6a45,,FREEAGENT,EXECUTED,3,{C52D799E-6C1C-44B9-8371-9B6AF857D8E8},0,DROP,4373626.0,Tyler Allgeier,3.0,0.0,2024-12-19
2024,16,e4b2b5aa-fb1d-4b39-a96c-6e2b50eb772a,,ROSTER,EXECUTED,10,{2C8A1B87-268B-45A5-A0E5-C4A3F61C9BC2},0,DROP,4722893.0,Jaleel McLaughlin,10.0,0.0,2024-12-18
2024,16,2dfbe521-0e8e-460a-9ddf-3e0da11e876a,,FREEAGENT,EXECUTED,8,{00408013-39CF-40FC-8080-1339CFD0FC06},0,ADD,-16001.0,Falcons D/ST,0.0,8.0,2024-12-18
2024,16,2dfbe521-0e8e-460a-9ddf-3e0da11e876a,,FREEAGENT,EXECUTED,8,{00408013-39CF-40FC-8080-1339CFD0FC06},0,DROP,4035687.0,Michael Pittman Jr.,8.0,0.0,2024-12-18
2024,16,efbf1c02-7de4-44fa-b786-45c2912a3aa2,,FREEAGENT,EXECUTED,13,{523D9B8F-8A3C-4523-BD9B-8F8A3C852321},0,ADD,-16034.0,Texans D/ST,0.0,13.0,2024-12-19
2024,16,efbf1c02-7de4-44fa-b786-45c2912a3aa2,,FREEAGENT,EXECUTED,13,{523D9B8F-8A3C-4523-BD9B-8F8A3C852321},0,DROP,-16022.0,Cardinals D/ST,13.0,0.0,2024-12-19
2024,16,28f26155-0c93-4842-b9ed-f227b016fc5f,,FREEAGENT,EXECUTED,10,{2C8A1B87-268B-45A5-A0E5-C4A3F61C9BC2},0,ADD,3134353.0,Tim Patrick,0.0,10.0,2024-12-18
2024,17,704e93c8-8756-45de-a94c-7bedd14bccfb,,FREEAGENT,EXECUTED,8,{00408013-39CF-40FC-8080-1339CFD0FC06},0,ADD,4360635.0,Chig Okonkwo,0.0,8.0,2024-12-28
2024,17,704e93c8-8756-45de-a94c-7bedd14bccfb,,FREEAGENT,EXECUTED,8,{00408013-39CF-40FC-8080-1339CFD0FC06},0,DROP,3054212.0,Jonnu Smith,8.0,0.0,2024-12-28
2024,17,a5fe4d82-af76-437e-8c39-454fc50871ce,,FREEAGENT,EXECUTED,8,{00408013-39CF-40FC-8080-1339CFD0FC06},0,ADD,4241985.0,J.K. Dobbins,0.0,8.0,2024-12-28
2024,17,a5fe4d82-af76-437e-8c39-454fc50871ce,,FREEAGENT,EXECUTED,8,{00408013-39CF-40FC-8080-1339CFD0FC06},0,DROP,-16001.0,Falcons D/ST,8.0,0.0,2024-12-28
2024,17,d30456d6-31ff-4b6a-9187-c0aa02e627b7,,FREEAGENT,EXECUTED,5,{77F704CF-0C76-4984-9A71-8BD39511C19F},0,ADD,-16033.0,Ravens D/ST,0.0,5.0,2024-12-25
2024,17,d30456d6-31ff-4b6a-9187-c0aa02e627b7,,FREEAGENT,EXECUTED,5,{77F704CF-0C76-4984-9A71-8BD39511C19F},0,DROP,-16009.0,Packers D/ST,5.0,0.0,2024-12-25
2024,17,b3d89bd7-a2cd-4416-a820-0a7599ffac64,,ROSTER,EXECUTED,5,{77F704CF-0C76-4984-9A71-8BD39511C19F},0,DROP,-16033.0,Ravens D/ST,5.0,0.0,2024-12-25
2024,17,cbd179bb-7bca-46c5-9544-d1435b1433de,,ROSTER,EXECUTED,5,{77F704CF-0C76-4984-9A71-8BD39511C19F},0,DROP,3917914.0,Olamide Zaccheaus,5.0,0.0,2024-12-27
2024,17,042c4b51-c301-4ff9-8c80-b9f37c73fd08,,FREEAGENT,EXECUTED,5,{77F704CF-0C76-4984-9A71-8BD39511C19F},0,ADD,3917914.0,Olamide Zaccheaus,0.0,5.0,2024-12-25
2024,17,c816fa62-9495-489d-b237-b212abfccdb0,,ROSTER,EXECUTED,5,{77F704CF-0C76-4984-9A71-8BD39511C19F},0,DROP,4248528.0,Christian Watson,5.0,0.0,2024-12-24
2024,17,36f9c601-c8fe-439e-bc88-6b308e226574,,FREEAGENT,EXECUTED,5,{77F704CF-0C76-4984-9A71-8BD39511C19F},0,ADD,-16027.0,Buccaneers D/ST,0.0,5.0,2024-12-25
2024,17,9579e7d4-d968-45fe-8bb9-2a0d6b0a7600,,FREEAGENT,EXECUTED,5,{77F704CF-0C76-4984-9A71-8BD39511C19F},0,ADD,4429025.0,Quentin Johnston,0.0,5.0,2024-12-25
2024,17,9579e7d4-d968-45fe-8bb9-2a0d6b0a7600,,FREEAGENT,EXECUTED,5,{77F704CF-0C76-4984-9A71-8BD39511C19F},0,DROP,-16018.0,Saints D/ST,5.0,0.0,2024-12-25
