season,week,transaction_id,related_transaction_id,transaction_type,status,espn_team_id,bid_amount,item_type,player_id,player_name,from_team_id,to_team_id,date
2020,1,46c48126-dab8-42e2-bae3-c071d115a6a1,,FREEAGENT,EXECUTED,13,0,ADD,4241802.0,Jalen Reagor,0.0,13.0,2020-09-12
2020,1,46c48126-dab8-42e2-bae3-c071d115a6a1,,FREEAGENT,EXECUTED,13,0,DROP,4039359.0,Darrell Henderson Jr.,13.0,0.0,2020-09-12
2020,1,77a69db8-a1ee-4e31-b82a-79907ee4f615,d59d8a31-b1b7-4f87-9e99-8f722d2a9b48,WAIVER,EXECUTED,7,1,ADD,3931398.0,Bryce Love,0.0,7.0,2020-09-05
2020,1,ab651140-73d9-4626-8659-ff7ae6c873ad,664f855a-6ef1-4be6-ad2a-daa333355ff1,WAIVER,EXECUTED,4,1,ADD,3121023.0,Dallas Goedert,0.0,4.0,2020-09-10
2020,1,ab651140-73d9-4626-8659-ff7ae6c873ad,664f855a-6ef1-4be6-ad2a-daa333355ff1,WAIVER,EXECUTED,4,1,DROP,5529.0,Philip Rivers,4.0,0.0,2020-09-10
2020,1,34d450ec-cb3f-4aaf-87bc-379eb530e912,,FREEAGENT,EXECUTED,5,0,ADD,-16010.0,Titans D/ST,0.0,5.0,2020-09-07
2020,1,34d450ec-cb3f-4aaf-87bc-379eb530e912,,FREEAGENT,EXECUTED,5,0,DROP,4239993.0,Tee Higgins,5.0,0.0,2020-09-07
2020,1,1eba2db2-172c-47f3-9d9d-59ce4ba67ca7,,FREEAGENT,EXECUTED,8,0,ADD,4046692.0,Chase Claypool,0.0,8.0,2020-09-05
2020,1,1eba2db2-172c-47f3-9d9d-59ce4ba67ca7,,FREEAGENT,EXECUTED,8,0,DROP,3924327.0,Drew Lock,8.0,0.0,2020-09-05
2020,1,89cc7e39-317a-4f2a-9cd1-6cb562ab41bc,,FREEAGENT,EXECUTED,7,0,ADD,3045260.0,Corey Clement,0.0,7.0,2020-09-12
2020,1,33cfaf7d-8f02-44b2-8b41-1ac278547c32,f773d2bf-b62e-41d8-9668-158eb2a5f212,WAIVER,CANCELED,8,0,ADD,4046692.0,Chase Claypool,0.0,8.0,2020-09-04
2020,1,33cfaf7d-8f02-44b2-8b41-1ac278547c32,f773d2bf-b62e-41d8-9668-158eb2a5f212,WAIVER,CANCELED,8,0,DROP,4035072.0,Benny Snell Jr.,8.0,0.0,2020-09-04
2020,1,454ec3fd-e0ef-4982-99dd-5a3775d15704,,FREEAGENT,EXECUTED,8,0,ADD,4052042.0,James Robinson,0.0,8.0,2020-09-08
2020,1,454ec3fd-e0ef-4982-99dd-5a3775d15704,,FREEAGENT,EXECUTED,8,0,DROP,4035072.0,Benny Snell Jr.,8.0,0.0,2020-09-08
2020,1,ef041acc-4788-46fe-a6e3-7761be5cc89d,1550cc05-b40b-4f41-96ab-531284b35a71,TRADE_DECLINE,EXECUTED,8,0,,,,,,2020-09-13
2020,1,f3c29dd6-b28a-4532-8be4-0c20d178ce19,,FREEAGENT,EXECUTED,7,0,ADD,2991767.0,Blake Jarwin,0.0,7.0,2020-09-12
2020,1,f3c29dd6-b28a-4532-8be4-0c20d178ce19,,FREEAGENT,EXECUTED,7,0,DROP,3931398.0,Bryce Love,7.0,0.0,2020-09-12
2020,1,b36e860c-4a01-4486-aae4-a53ba77dc247,dc1f71cd-1d1d-4937-bebb-d7542818d215,WAIVER,EXECUTED,12,1,ADD,-16021.0,Eagles D/ST,0.0,12.0,2020-09-05
2020,1,b36e860c-4a01-4486-aae4-a53ba77dc247,dc1f71cd-1d1d-4937-bebb-d7542818d215,WAIVER,EXECUTED,12,1,DROP,-16027.0,Buccaneers D/ST,12.0,0.0,2020-09-05
2020,1,e3f03d3f-a463-42d9-b535-bcc9b2761d2c,e5f7b56e-2192-42f6-bfdd-82e8bb0f8827,WAIVER,EXECUTED,13,1,ADD,3054212.0,Jonnu Smith,0.0,13.0,2020-09-05
2020,1,e3f03d3f-a463-42d9-b535-bcc9b2761d2c,e5f7b56e-2192-42f6-bfdd-82e8bb0f8827,WAIVER,EXECUTED,13,1,DROP,3916430.0,Nyheim Hines,13.0,0.0,2020-09-05
2020,1,4f477032-e531-48fa-b79b-0dfc7bfe45be,71e82eb9-af5e-4324-af39-5a37381f2016,WAIVER,FAILED_INVALIDPLAYERSOURCE,12,1,ADD,3121023.0,Dallas Goedert,0.0,12.0,2020-09-10
2020,1,4f477032-e531-48fa-b79b-0dfc7bfe45be,71e82eb9-af5e-4324-af39-5a37381f2016,WAIVER,FAILED_INVALIDPLAYERSOURCE,12,1,DROP,10452.0,Adrian Peterson,12.0,0.0,2020-09-10
2020,1,a99a8628-a08b-4ea0-9bde-67e15cdefb11,,FREEAGENT,EXECUTED,13,0,ADD,3135321.0,Hunter Renfrow,0.0,13.0,2020-09-12
2020,1,a99a8628-a08b-4ea0-9bde-67e15cdefb11,,FREEAGENT,EXECUTED,13,0,DROP,3699935.0,Devine Ozigbo,13.0,0.0,2020-09-12
2020,1,551adca7-ef69-4541-a33a-2c6f58656e11,,FREEAGENT,EXECUTED,6,0,ADD,-16008.0,Lions D/ST,0.0,6.0,2020-09-08
2020,1,551adca7-ef69-4541-a33a-2c6f58656e11,,FREEAGENT,EXECUTED,6,0,DROP,3121023.0,Dallas Goedert,6.0,0.0,2020-09-08
2020,1,4fb2c370-cd05-4c16-9f9d-f183260e9d1a,,FREEAGENT,EXECUTED,3,0,ADD,16757.0,Derek Carr,0.0,3.0,2020-09-10
2020,1,4fb2c370-cd05-4c16-9f9d-f183260e9d1a,,FREEAGENT,EXECUTED,3,0,DROP,4360438.0,Brandon Aiyuk,3.0,0.0,2020-09-10
2020,1,d340b26f-b78f-4170-8fa3-da57d7370257,d7f4c71c-88d2-460f-821b-13f7916e4d4e,TRADE_DECLINE,EXECUTED,4,0,,,,,,2020-09-10
2020,1,e31f3d3f-92ab-4cff-80c3-45dee81b6837,,FREEAGENT,EXECUTED,4,0,ADD,5529.0,Philip Rivers,0.0,4.0,2020-09-08
2020,2,f50f9c2b-d335-4f6f-bf39-d7659c599684,74c8a137-8ea5-406e-979e-1a06bc70fe44,WAIVER,FAILED_INVALIDPLAYERSOURCE,7,15,ADD,2570986.0,Malcolm Brown,0.0,7.0,2020-09-16
2020,2,f50f9c2b-d335-4f6f-bf39-d7659c599684,74c8a137-8ea5-406e-979e-1a06bc70fe44,WAIVER,FAILED_INVALIDPLAYERSOURCE,7,15,DROP,3045260.0,Corey Clement,7.0,0.0,2020-09-16
2020,2,5c2d016e-a019-4951-a362-2ab89c05fdda,,FREEAGENT,EXECUTED,10,0,ADD,3042778.0,Corey Davis,0.0,10.0,2020-09-16
2020,2,5c2d016e-a019-4951-a362-2ab89c05fdda,,FREEAGENT,EXECUTED,10,0,DROP,15966.0,Chris Thompson,10.0,0.0,2020-09-16
2020,2,14a316aa-9273-4120-8093-9593fe81620f,,FREEAGENT,EXECUTED,9,0,ADD,3910544.0,Joshua Kelley,0.0,9.0,2020-09-16
2020,2,14a316aa-9273-4120-8093-9593fe81620f,,FREEAGENT,EXECUTED,9,0,DROP,3923397.0,Ryquell Armstead,9.0,0.0,2020-09-16
2020,2,88a91aa3-4aaa-4a75-9c3a-4047e75c2965,fe82ff0e-a059-4d63-88d3-826b7d373bf1,WAIVER,EXECUTED,6,8,ADD,3051738.0,Marquez Valdes-Scantling,0.0,6.0,2020-09-16
2020,2,88a91aa3-4aaa-4a75-9c3a-4047e75c2965,fe82ff0e-a059-4d63-88d3-826b7d373bf1,WAIVER,EXECUTED,6,8,DROP,15920.0,Latavius Murray,6.0,0.0,2020-09-16
2020,2,362b1f12-b7be-4a1f-aab1-eed2ca31a6bb,,FREEAGENT,EXECUTED,5,0,ADD,10475.0,Greg Olsen,0.0,5.0,2020-09-19
2020,2,32c24a1d-56c5-47bd-9c51-bbbb026d3fa4,551ef37c-8b62-401a-9a18-3ba56d18cbf7,WAIVER,FAILED_INVALIDPLAYERSOURCE,5,10,ADD,2570986.0,Malcolm Brown,0.0,5.0,2020-09-16
2020,2,32c24a1d-56c5-47bd-9c51-bbbb026d3fa4,551ef37c-8b62-401a-9a18-3ba56d18cbf7,WAIVER,FAILED_INVALIDPLAYERSOURCE,5,10,DROP,4035004.0,Mecole Hardman,5.0,0.0,2020-09-16
2020,2,567433fd-73be-4965-a022-45e9dcfb207f,481f9b7b-8186-4d06-ba56-bcab1b9dd156,WAIVER,EXECUTED,6,25,ADD,3916430.0,Nyheim Hines,0.0,6.0,2020-09-16
2020,2,567433fd-73be-4965-a022-45e9dcfb207f,481f9b7b-8186-4d06-ba56-bcab1b9dd156,WAIVER,EXECUTED,6,25,DROP,-16008.0,Lions D/ST,6.0,0.0,2020-09-16
2020,2,fc9b1a05-a699-426a-843e-d2f6ad005f21,,WAIVER,PENDING,10,15,ADD,2570986.0,Malcolm Brown,0.0,10.0,2020-09-15
2020,2,fc9b1a05-a699-426a-843e-d2f6ad005f21,,WAIVER,PENDING,10,15,DROP,3116136.0,Justin Jackson,10.0,0.0,2020-09-15
2020,2,288cfff2-4b4f-412a-aa9f-c0888f340795,a62b8ed6-e6e8-4078-ac77-1a610877b8d6,TRADE_DECLINE,EXECUTED,5,0,,,,,,2020-09-18
2020,2,7d7cf0e8-335c-4e26-814a-6a1e8e33e908,5ddfcbab-6600-42fd-bbb3-e9338e5b21a2,WAIVER,FAILED_INVALIDPLAYERSOURCE,1,3,ADD,3051738.0,Marquez Valdes-Scantling,0.0,1.0,2020-09-16
2020,2,7d7cf0e8-335c-4e26-814a-6a1e8e33e908,5ddfcbab-6600-42fd-bbb3-e9338e5b21a2,WAIVER,FAILED_INVALIDPLAYERSOURCE,1,3,DROP,3932423.0,Miles Boykin,1.0,0.0,2020-09-16
2020,2,5f1bafd6-6d34-4496-8315-cdeaf49881aa,,FREEAGENT,EXECUTED,5,0,ADD,3051902.0,Peyton Barber,0.0,5.0,2020-09-16
2020,2,5f1bafd6-6d34-4496-8315-cdeaf49881aa,,FREEAGENT,EXECUTED,5,0,DROP,4035004.0,Mecole Hardman,5.0,0.0,2020-09-16
2020,2,a354fc7c-79cf-4c72-a849-27efb8dd46bc,fee55ffd-771b-4db2-bb92-6035c80e5670,WAIVER,EXECUTED,7,4,ADD,3115378.0,Russell Gage,0.0,7.0,2020-09-16
2020,2,a354fc7c-79cf-4c72-a849-27efb8dd46bc,fee55ffd-771b-4db2-bb92-6035c80e5670,WAIVER,EXECUTED,7,4,DROP,3045260.0,Corey Clement,7.0,0.0,2020-09-16
2020,2,b33d2cbb-4415-47f5-8af7-ed68815ee441,,ROSTER,EXECUTED,7,10,DROP,2991767.0,Blake Jarwin,7.0,0.0,2020-09-15
2020,2,644a8acf-4af5-49df-9c12-61b56e224af9,112ca3c5-cea3-4e74-9ea7-42c965279fbe,WAIVER,FAILED_INVALIDPLAYERSOURCE,2,20,ADD,2570986.0,Malcolm Brown,0.0,2.0,2020-09-16
2020,2,644a8acf-4af5-49df-9c12-61b56e224af9,112ca3c5-cea3-4e74-9ea7-42c965279fbe,WAIVER,FAILED_INVALIDPLAYERSOURCE,2,20,DROP,12514.0,LeSean McCoy,2.0,0.0,2020-09-16
2020,2,85fcc729-05a9-4624-951f-e530b5bb2c61,4db774c7-da23-4a4f-90f1-848f780469ce,WAIVER,FAILED_INVALIDPLAYERSOURCE,12,7,ADD,3916430.0,Nyheim Hines,0.0,12.0,2020-09-16
2020,2,85fcc729-05a9-4624-951f-e530b5bb2c61,4db774c7-da23-4a4f-90f1-848f780469ce,WAIVER,FAILED_INVALIDPLAYERSOURCE,12,7,DROP,10452.0,Adrian Peterson,12.0,0.0,2020-09-16
2020,2,56851c76-57f0-4224-ba7d-4c5296c5c7fa,,FREEAGENT,EXECUTED,9,0,ADD,3128451.0,Tre'Quan Smith,0.0,9.0,2020-09-18
2020,2,725ebd88-3495-4428-b02e-59726c2b70e5,bc374d29-c8fb-4519-a328-83df6adc32c5,WAIVER,FAILED_PLAYERALREADYDROPPED,7,1,ADD,-16012.0,Chiefs D/ST,0.0,7.0,2020-09-16
2020,2,725ebd88-3495-4428-b02e-59726c2b70e5,bc374d29-c8fb-4519-a328-83df6adc32c5,WAIVER,FAILED_PLAYERALREADYDROPPED,7,1,DROP,3045260.0,Corey Clement,7.0,0.0,2020-09-16
2020,2,bd84005f-a8cb-4784-aadd-d0e4725b7407,3b2311c9-889a-4813-9072-75273ad25558,WAIVER,CANCELED,1,0,ADD,4035072.0,Benny Snell Jr.,0.0,1.0,2020-09-15
2020,2,bd84005f-a8cb-4784-aadd-d0e4725b7407,3b2311c9-889a-4813-9072-75273ad25558,WAIVER,CANCELED,1,0,DROP,3115306.0,Josh Reynolds,1.0,0.0,2020-09-15
2020,2,bff2250f-11df-44e4-99ac-8f2cc7808437,65e59a97-12c8-4e2d-84f1-e481a2f25e30,WAIVER,FAILED_INVALIDPLAYERSOURCE,10,20,ADD,3916430.0,Nyheim Hines,0.0,10.0,2020-09-16
2020,2,bff2250f-11df-44e4-99ac-8f2cc7808437,65e59a97-12c8-4e2d-84f1-e481a2f25e30,WAIVER,FAILED_INVALIDPLAYERSOURCE,10,20,DROP,15966.0,Chris Thompson,10.0,0.0,2020-09-16
2020,2,a979a1ee-542c-47fa-8b91-ef2ad489d10d,9197d058-61b3-405a-a029-897d7f9d6916,WAIVER,EXECUTED,13,3,ADD,3886818.0,Myles Gaskin,0.0,13.0,2020-09-16
2020,2,a979a1ee-542c-47fa-8b91-ef2ad489d10d,9197d058-61b3-405a-a029-897d7f9d6916,WAIVER,EXECUTED,13,3,DROP,3135321.0,Hunter Renfrow,13.0,0.0,2020-09-16
2020,2,a3041ed6-e442-45e1-b96c-19b30821b2bc,29336c8e-c2d1-4770-97a8-6119258cc46f,WAIVER,FAILED_INVALIDPLAYERSOURCE,7,10,ADD,3916430.0,Nyheim Hines,0.0,7.0,2020-09-16
2020,2,a3041ed6-e442-45e1-b96c-19b30821b2bc,29336c8e-c2d1-4770-97a8-6119258cc46f,WAIVER,FAILED_INVALIDPLAYERSOURCE,7,10,DROP,3045260.0,Corey Clement,7.0,0.0,2020-09-16
2020,2,c84bf8fe-9a56-49b7-8dee-79d7c63099f1,9cb2abad-2185-4995-91ed-a8cbf93ea050,WAIVER,FAILED_INVALIDPLAYERSOURCE,2,20,ADD,3916430.0,Nyheim Hines,0.0,2.0,2020-09-16
2020,2,c84bf8fe-9a56-49b7-8dee-79d7c63099f1,9cb2abad-2185-4995-91ed-a8cbf93ea050,WAIVER,FAILED_INVALIDPLAYERSOURCE,2,20,DROP,12514.0,LeSean McCoy,2.0,0.0,2020-09-16
2020,2,bf481ca8-9cc2-4ed5-a7d7-26ee3eaee935,,FREEAGENT,EXECUTED,7,0,ADD,8479.0,Frank Gore,0.0,7.0,2020-09-19
2020,2,029f4c3c-e241-415f-a673-9a1239f3518f,,WAIVER,PENDING,10,1,ADD,15920.0,Latavius Murray,0.0,10.0,2020-09-16
2020,2,029f4c3c-e241-415f-a673-9a1239f3518f,,WAIVER,PENDING,10,1,DROP,3116136.0,Justin Jackson,10.0,0.0,2020-09-16
2020,2,12119b05-871c-443f-898f-00efa7dfa86e,,FREEAGENT,EXECUTED,5,0,ADD,3914397.0,Scotty Miller,0.0,5.0,2020-09-16
2020,2,12119b05-871c-443f-898f-00efa7dfa86e,,FREEAGENT,EXECUTED,5,0,DROP,3116164.0,Mike Gesicki,5.0,0.0,2020-09-16
2020,2,65e59a97-12c8-4e2d-84f1-e481a2f25e30,,WAIVER,PENDING,10,13,ADD,3916430.0,Nyheim Hines,0.0,10.0,2020-09-15
2020,2,65e59a97-12c8-4e2d-84f1-e481a2f25e30,,WAIVER,PENDING,10,13,DROP,15966.0,Chris Thompson,10.0,0.0,2020-09-15
2020,2,b49f7f86-cde8-4f08-82ec-e587d2714759,,FREEAGENT,EXECUTED,9,0,ADD,4035072.0,Benny Snell Jr.,0.0,9.0,2020-09-16
2020,2,b49f7f86-cde8-4f08-82ec-e587d2714759,,FREEAGENT,EXECUTED,9,0,DROP,4035687.0,Michael Pittman Jr.,9.0,0.0,2020-09-16
2020,2,0890b8a0-3251-4376-aeec-47c688c6a176,029f4c3c-e241-415f-a673-9a1239f3518f,WAIVER,EXECUTED,10,5,ADD,15920.0,Latavius Murray,0.0,10.0,2020-09-17
2020,2,0890b8a0-3251-4376-aeec-47c688c6a176,029f4c3c-e241-415f-a673-9a1239f3518f,WAIVER,EXECUTED,10,5,DROP,3116136.0,Justin Jackson,10.0,0.0,2020-09-17
2020,2,c50d661b-2cfd-4eae-8c16-6ee00a3623b9,10749cba-31ef-47e3-bfa5-d5d96d25ca2e,WAIVER,EXECUTED,1,25,ADD,2570986.0,Malcolm Brown,0.0,1.0,2020-09-16
2020,2,c50d661b-2cfd-4eae-8c16-6ee00a3623b9,10749cba-31ef-47e3-bfa5-d5d96d25ca2e,WAIVER,EXECUTED,1,25,DROP,3115306.0,Josh Reynolds,1.0,0.0,2020-09-16
2020,2,324a0cc1-0d0e-4d8d-9234-20dfa8729228,b3eec639-59d0-4d03-b349-314592c84cde,WAIVER,FAILED_INVALIDPLAYERSOURCE,12,20,ADD,2570986.0,Malcolm Brown,0.0,12.0,2020-09-16
2020,2,324a0cc1-0d0e-4d8d-9234-20dfa8729228,b3eec639-59d0-4d03-b349-314592c84cde,WAIVER,FAILED_INVALIDPLAYERSOURCE,12,20,DROP,2969962.0,Duke Johnson,12.0,0.0,2020-09-16
2020,2,f2071b45-5b6e-4ce2-8b07-7d5faa1c41e8,5117dfca-a9d5-422f-8aab-68649994cc55,TRADE_DECLINE,EXECUTED,3,0,,,,,,2020-09-18
2020,2,ea234da4-fcf2-4542-97fc-da76cbea521a,f6a22ce7-578e-4fd0-9000-5790827a8968,WAIVER,FAILED_PLAYERALREADYDROPPED,7,2,ADD,3042778.0,Corey Davis,0.0,7.0,2020-09-16
2020,2,ea234da4-fcf2-4542-97fc-da76cbea521a,f6a22ce7-578e-4fd0-9000-5790827a8968,WAIVER,FAILED_PLAYERALREADYDROPPED,7,2,DROP,3045260.0,Corey Clement,7.0,0.0,2020-09-16
2020,2,159469d7-9649-4406-8bf1-df3f93d4c360,fc9b1a05-a699-426a-843e-d2f6ad005f21,WAIVER,FAILED_INVALIDPLAYERSOURCE,10,20,ADD,2570986.0,Malcolm Brown,0.0,10.0,2020-09-16
2020,2,159469d7-9649-4406-8bf1-df3f93d4c360,fc9b1a05-a699-426a-843e-d2f6ad005f21,WAIVER,FAILED_INVALIDPLAYERSOURCE,10,20,DROP,3116136.0,Justin Jackson,10.0,0.0,2020-09-16
2020,2,ed1b2417-b1b8-4f78-97de-6bd1dcc9fa64,,FREEAGENT,EXECUTED,5,0,ADD,16813.0,Logan Thomas,0.0,5.0,2020-09-17
2020,2,ed1b2417-b1b8-4f78-97de-6bd1dcc9fa64,,FREEAGENT,EXECUTED,5,0,DROP,-16010.0,Titans D/ST,5.0,0.0,2020-09-17
2020,3,94a7c65c-8987-41c4-af56-7fd1da00c434,,TRADE_PROPOSAL,PENDING,13,0,TRADE,2508176.0,David Johnson,10.0,13.0,2020-09-25
2020,3,94a7c65c-8987-41c4-af56-7fd1da00c434,,TRADE_PROPOSAL,PENDING,13,0,TRADE,2974858.0,Kenny Golladay,13.0,10.0,2020-09-25
2020,3,1592c3eb-6359-489e-8a2f-f547300fcbc5,,FREEAGENT,EXECUTED,10,0,ADD,3071572.0,Keelan Cole Sr.,0.0,10.0,2020-09-24
2020,3,1592c3eb-6359-489e-8a2f-f547300fcbc5,,FREEAGENT,EXECUTED,10,0,DROP,16504.0,Jack Doyle,10.0,0.0,2020-09-24
2020,3,6344cc41-9a65-4ab4-89d0-54bd7eb9a004,abfb6efa-9ad7-40d4-9cf1-fd4ba75deb8a,WAIVER,FAILED_INVALIDPLAYERSOURCE,1,5,ADD,16782.0,Jerick McKinnon,0.0,1.0,2020-09-23
2020,3,6344cc41-9a65-4ab4-89d0-54bd7eb9a004,abfb6efa-9ad7-40d4-9cf1-fd4ba75deb8a,WAIVER,FAILED_INVALIDPLAYERSOURCE,1,5,DROP,3043275.0,Austin Hooper,1.0,0.0,2020-09-23
2020,3,bebb8b8d-bf23-4866-a9db-3979737a512c,,FREEAGENT,EXECUTED,5,0,ADD,15971.0,Rex Burkhead,0.0,5.0,2020-09-27
2020,3,1e0eadaf-afe0-45cd-bc51-da0a99e6890a,,ROSTER,EXECUTED,3,0,DROP,3121410.0,Parris Campbell,3.0,0.0,2020-09-24
2020,3,e3c3dc57-87c8-4b14-91f5-40f402a64ed6,a77b4125-61f8-4c7c-9fb2-abfa43db0fb1,WAIVER,EXECUTED,7,31,ADD,3025433.0,Mike Davis,0.0,7.0,2020-09-23
2020,3,e3c3dc57-87c8-4b14-91f5-40f402a64ed6,a77b4125-61f8-4c7c-9fb2-abfa43db0fb1,WAIVER,EXECUTED,7,31,DROP,3049916.0,Matt Breida,7.0,0.0,2020-09-23
2020,3,d0a12b4a-b07d-4a1b-842c-1eb8267ee065,,FREEAGENT,EXECUTED,5,0,ADD,-16027.0,Buccaneers D/ST,0.0,5.0,2020-09-23
2020,3,d0a12b4a-b07d-4a1b-842c-1eb8267ee065,,FREEAGENT,EXECUTED,5,0,DROP,-16018.0,Saints D/ST,5.0,0.0,2020-09-23
2020,3,d85212c1-da51-426e-b890-0a2898aa4c2c,,WAIVER,PENDING,10,5,ADD,15349.0,Cole Beasley,0.0,10.0,2020-09-28
2020,3,d85212c1-da51-426e-b890-0a2898aa4c2c,,WAIVER,PENDING,10,5,DROP,3045138.0,Mike Williams,10.0,0.0,2020-09-28
2020,3,e9b360ae-a420-428c-a5bd-f6198b58bccc,e8b44b9a-6116-413c-9eb6-f6d960b766a6,WAIVER,CANCELED,4,0,ADD,4262921.0,Justin Jefferson,0.0,4.0,2020-09-27
2020,3,e9b360ae-a420-428c-a5bd-f6198b58bccc,e8b44b9a-6116-413c-9eb6-f6d960b766a6,WAIVER,CANCELED,4,0,DROP,2972460.0,Breshad Perriman,4.0,0.0,2020-09-27
2020,3,31fd9614-21e4-40eb-acc8-c99348370d6a,,FREEAGENT,EXECUTED,12,0,ADD,4035687.0,Michael Pittman Jr.,0.0,12.0,2020-09-23
2020,3,31fd9614-21e4-40eb-acc8-c99348370d6a,,FREEAGENT,EXECUTED,12,0,DROP,13229.0,Rob Gronkowski,12.0,0.0,2020-09-23
2020,3,76dc9788-993e-4e66-af57-45efe9fd24e0,,FREEAGENT,EXECUTED,5,0,ADD,3122976.0,Jeff Wilson Jr.,0.0,5.0,2020-09-23
2020,3,ebe65a21-bf42-4f90-b41b-31164b52b159,,ROSTER,EXECUTED,3,0,DROP,3128429.0,Courtland Sutton,3.0,0.0,2020-09-24
2020,3,1c4a0bc6-bf7c-4fef-b459-08d13818a29a,e001edd2-49fd-4aff-bd02-bf20cfd480fc,WAIVER,CANCELED,12,0,ADD,4241802.0,Jalen Reagor,0.0,12.0,2020-09-23
2020,3,1c4a0bc6-bf7c-4fef-b459-08d13818a29a,e001edd2-49fd-4aff-bd02-bf20cfd480fc,WAIVER,CANCELED,12,0,DROP,3052587.0,Baker Mayfield,12.0,0.0,2020-09-23
2020,3,66ca5de5-1cb4-4636-bbb2-f3a8d8ee23f0,,FREEAGENT,EXECUTED,8,0,ADD,2998565.0,Mo Alie-Cox,0.0,8.0,2020-09-25
2020,3,99d57498-0c8d-4f66-811a-75236c47216c,469f6000-2999-4233-8f8f-74cc54c1769f,WAIVER,EXECUTED,7,11,ADD,3116164.0,Mike Gesicki,0.0,7.0,2020-09-23
2020,3,99d57498-0c8d-4f66-811a-75236c47216c,469f6000-2999-4233-8f8f-74cc54c1769f,WAIVER,EXECUTED,7,11,DROP,3123050.0,Chris Herndon,7.0,0.0,2020-09-23
2020,3,46201998-bbf3-436b-b82b-a7b8124a76ea,985801dc-2945-4c38-98db-76f692570b42,WAIVER,FAILED_INVALIDPLAYERSOURCE,12,21,ADD,3025433.0,Mike Davis,0.0,12.0,2020-09-23
2020,3,46201998-bbf3-436b-b82b-a7b8124a76ea,985801dc-2945-4c38-98db-76f692570b42,WAIVER,FAILED_INVALIDPLAYERSOURCE,12,21,DROP,2969962.0,Duke Johnson,12.0,0.0,2020-09-23
2020,3,452165aa-f9e7-4de0-88df-835838cc4ae9,,FREEAGENT,EXECUTED,13,0,ADD,-16022.0,Cardinals D/ST,0.0,13.0,2020-09-27
2020,3,452165aa-f9e7-4de0-88df-835838cc4ae9,,FREEAGENT,EXECUTED,13,0,DROP,-16007.0,Broncos D/ST,13.0,0.0,2020-09-27
2020,3,510e8c90-bbb7-45ab-b584-f5a7b5cf98fe,137721be-c816-4ad8-9a32-88e15f9073ae,WAIVER,EXECUTED,3,2,ADD,4038524.0,Gardner Minshew II,0.0,3.0,2020-09-23
2020,3,d3124418-645c-4a97-b7f1-5c1dfaeeda13,49a33145-0c58-4d7e-8021-652b6bfbe98e,WAIVER,FAILED_PLAYERALREADYDROPPED,2,30,ADD,4039359.0,Darrell Henderson Jr.,0.0,2.0,2020-09-23
2020,3,d3124418-645c-4a97-b7f1-5c1dfaeeda13,49a33145-0c58-4d7e-8021-652b6bfbe98e,WAIVER,FAILED_PLAYERALREADYDROPPED,2,30,DROP,12514.0,LeSean McCoy,2.0,0.0,2020-09-23
2020,3,04349ef7-272a-4e87-908a-e95bb030d33c,,FREEAGENT,EXECUTED,5,0,ADD,4039359.0,Darrell Henderson Jr.,0.0,5.0,2020-09-23
2020,3,04349ef7-272a-4e87-908a-e95bb030d33c,,FREEAGENT,EXECUTED,5,0,DROP,3115375.0,Darrel Williams,5.0,0.0,2020-09-23
2020,3,4dc8af21-ac0f-42bc-b50e-85d991bec522,,FREEAGENT,EXECUTED,13,0,ADD,3045127.0,Wayne Gallman,0.0,13.0,2020-09-23
2020,3,e735a393-f950-485e-a865-0a185844afa6,85c8a95f-2153-4249-9e7b-292205f76b64,WAIVER,EXECUTED,13,12,ADD,14198.0,Dion Lewis,0.0,13.0,2020-09-23
2020,3,e735a393-f950-485e-a865-0a185844afa6,85c8a95f-2153-4249-9e7b-292205f76b64,WAIVER,EXECUTED,13,12,DROP,4241802.0,Jalen Reagor,13.0,0.0,2020-09-23
2020,3,c366a8be-1cc4-41ef-9ac2-9f59c637c58b,,TRADE_PROPOSAL,PENDING,6,0,TRADE,2576434.0,Melvin Gordon III,10.0,6.0,2020-09-25
2020,3,c366a8be-1cc4-41ef-9ac2-9f59c637c58b,,TRADE_PROPOSAL,PENDING,6,0,TRADE,3071572.0,Keelan Cole Sr.,10.0,6.0,2020-09-25
2020,3,c366a8be-1cc4-41ef-9ac2-9f59c637c58b,,TRADE_PROPOSAL,PENDING,6,0,TRADE,4241372.0,Marquise Brown,6.0,10.0,2020-09-25
2020,3,c366a8be-1cc4-41ef-9ac2-9f59c637c58b,,TRADE_PROPOSAL,PENDING,6,0,TRADE,16913.0,James White,6.0,10.0,2020-09-25
2020,3,e28ea186-cb31-4cae-b94e-9cd135bd8770,15de08c8-3c77-4389-87a0-16ac5004c470,WAIVER,CANCELED,1,0,ADD,4243160.0,Laviska Shenault Jr.,0.0,1.0,2020-09-22
2020,3,e28ea186-cb31-4cae-b94e-9cd135bd8770,15de08c8-3c77-4389-87a0-16ac5004c470,WAIVER,CANCELED,1,0,DROP,3043275.0,Austin Hooper,1.0,0.0,2020-09-22
2020,3,76ab6bfb-4a2b-4c87-858b-7bb985d81437,,ROSTER,EXECUTED,5,0,LINEUP,3040151.0,George Kittle,0.0,0.0,2020-09-23
2020,3,76ab6bfb-4a2b-4c87-858b-7bb985d81437,,ROSTER,EXECUTED,5,0,DROP,10475.0,Greg Olsen,5.0,0.0,2020-09-23
2020,3,01caca37-20f1-4bc6-89f5-c7bdace72dec,c25d0d97-b68d-4578-b383-48bc238a5e66,WAIVER,FAILED_INVALIDPLAYERSOURCE,12,7,ADD,3116164.0,Mike Gesicki,0.0,12.0,2020-09-23
2020,3,01caca37-20f1-4bc6-89f5-c7bdace72dec,c25d0d97-b68d-4578-b383-48bc238a5e66,WAIVER,FAILED_INVALIDPLAYERSOURCE,12,7,DROP,3052587.0,Baker Mayfield,12.0,0.0,2020-09-23
2020,3,7ba51163-c1dc-42ae-8601-8f724dd4cda3,44b44b13-4384-4681-9556-d93c0ee4761e,WAIVER,FAILED_PLAYERALREADYDROPPED,7,5,ADD,4039359.0,Darrell Henderson Jr.,0.0,7.0,2020-09-23
2020,3,7ba51163-c1dc-42ae-8601-8f724dd4cda3,44b44b13-4384-4681-9556-d93c0ee4761e,WAIVER,FAILED_PLAYERALREADYDROPPED,7,5,DROP,3049916.0,Matt Breida,7.0,0.0,2020-09-23
2020,3,b979d50c-cfe6-4ce8-b249-d5837ef0f696,,FREEAGENT,EXECUTED,3,0,ADD,2980453.0,Jamaal Williams,0.0,3.0,2020-09-23
2020,3,395b28fc-670d-4a6b-92bb-7d9b6be57ed8,2af7b34d-ba32-42f7-821f-9700911fb5fd,WAIVER,FAILED_INVALIDPLAYERSOURCE,6,5,ADD,16782.0,Jerick McKinnon,0.0,6.0,2020-09-23
2020,3,395b28fc-670d-4a6b-92bb-7d9b6be57ed8,2af7b34d-ba32-42f7-821f-9700911fb5fd,WAIVER,FAILED_INVALIDPLAYERSOURCE,6,5,DROP,4262921.0,Justin Jefferson,6.0,0.0,2020-09-23
2020,3,947d0b69-4ec0-4af6-b15a-b64c8848372b,6effa8be-35e5-4017-9c93-bb9259ea2fb4,WAIVER,FAILED_INVALIDPLAYERSOURCE,3,3,ADD,3025433.0,Mike Davis,0.0,3.0,2020-09-23
2020,3,dd6ef8fd-5542-48d2-95be-e4b4b380cdfb,e9701eb6-7fbb-44a6-9834-999fa17261c7,WAIVER,FAILED_PLAYERALREADYDROPPED,7,15,ADD,16944.0,Devonta Freeman,0.0,7.0,2020-09-23
2020,3,dd6ef8fd-5542-48d2-95be-e4b4b380cdfb,e9701eb6-7fbb-44a6-9834-999fa17261c7,WAIVER,FAILED_PLAYERALREADYDROPPED,7,15,DROP,3049916.0,Matt Breida,7.0,0.0,2020-09-23
2020,3,376dd023-c487-424f-b454-389eebdfb946,,FREEAGENT,EXECUTED,12,0,ADD,16944.0,Devonta Freeman,0.0,12.0,2020-09-23
2020,3,376dd023-c487-424f-b454-389eebdfb946,,FREEAGENT,EXECUTED,12,0,DROP,2969962.0,Duke Johnson,12.0,0.0,2020-09-23
2020,3,f155bf14-0ffd-43a8-aaf8-61e003919248,fbaf7df1-8246-4070-b4ae-f12f27c4298c,WAIVER,FAILED_INVALIDPLAYERSOURCE,7,20,ADD,16782.0,Jerick McKinnon,0.0,7.0,2020-09-23
2020,3,f155bf14-0ffd-43a8-aaf8-61e003919248,fbaf7df1-8246-4070-b4ae-f12f27c4298c,WAIVER,FAILED_INVALIDPLAYERSOURCE,7,20,DROP,3895856.0,Christian Kirk,7.0,0.0,2020-09-23
2020,3,a78183c5-68d3-4e20-989c-2602a0ae225e,,FREEAGENT,EXECUTED,5,0,ADD,3117256.0,Dalton Schultz,0.0,5.0,2020-09-23
2020,3,a78183c5-68d3-4e20-989c-2602a0ae225e,,FREEAGENT,EXECUTED,5,0,DROP,3051902.0,Peyton Barber,5.0,0.0,2020-09-23
2020,3,f3917d4f-595b-418f-9678-f180c0afe49e,122e6dda-a310-46e4-b874-b028458d611b,WAIVER,CANCELED,2,0,ADD,4039359.0,Darrell Henderson Jr.,0.0,2.0,2020-09-22
2020,3,f3917d4f-595b-418f-9678-f180c0afe49e,122e6dda-a310-46e4-b874-b028458d611b,WAIVER,CANCELED,2,0,DROP,12514.0,LeSean McCoy,2.0,0.0,2020-09-22
2020,3,d899fd2a-ddc3-4103-88d4-1ad04585b7b6,813f9fad-602c-4046-885a-6651d7ff13e5,WAIVER,FAILED_INVALIDPLAYERSOURCE,5,5,ADD,3116164.0,Mike Gesicki,0.0,5.0,2020-09-23
2020,3,d899fd2a-ddc3-4103-88d4-1ad04585b7b6,813f9fad-602c-4046-885a-6651d7ff13e5,WAIVER,FAILED_INVALIDPLAYERSOURCE,5,5,DROP,3914397.0,Scotty Miller,5.0,0.0,2020-09-23
2020,3,766a95df-f311-45a7-bfba-6edef4b5d48d,521a02e9-e918-4589-bc6c-bf557e30db65,WAIVER,EXECUTED,2,30,ADD,16782.0,Jerick McKinnon,0.0,2.0,2020-09-23
2020,3,766a95df-f311-45a7-bfba-6edef4b5d48d,521a02e9-e918-4589-bc6c-bf557e30db65,WAIVER,EXECUTED,2,30,DROP,12514.0,LeSean McCoy,2.0,0.0,2020-09-23
2020,3,2b85fb98-51ca-4cd8-b21b-c8d3f3eeabfe,fb3e242e-0c7d-4474-b737-affd5d257fb1,WAIVER,FAILED_INVALIDPLAYERSOURCE,13,8,ADD,16782.0,Jerick McKinnon,0.0,13.0,2020-09-23
2020,3,2b85fb98-51ca-4cd8-b21b-c8d3f3eeabfe,fb3e242e-0c7d-4474-b737-affd5d257fb1,WAIVER,FAILED_INVALIDPLAYERSOURCE,13,8,DROP,4241802.0,Jalen Reagor,13.0,0.0,2020-09-23
2020,3,50827a89-7bfd-41cb-aa23-2126d24c35bd,c366a8be-1cc4-41ef-9ac2-9f59c637c58b,TRADE_PROPOSAL,CANCELED,6,0,TRADE,2576434.0,Melvin Gordon III,10.0,6.0,2020-09-27
2020,3,50827a89-7bfd-41cb-aa23-2126d24c35bd,c366a8be-1cc4-41ef-9ac2-9f59c637c58b,TRADE_PROPOSAL,CANCELED,6,0,TRADE,3071572.0,Keelan Cole Sr.,10.0,6.0,2020-09-27
2020,3,50827a89-7bfd-41cb-aa23-2126d24c35bd,c366a8be-1cc4-41ef-9ac2-9f59c637c58b,TRADE_PROPOSAL,CANCELED,6,0,TRADE,4241372.0,Marquise Brown,6.0,10.0,2020-09-27
2020,3,50827a89-7bfd-41cb-aa23-2126d24c35bd,c366a8be-1cc4-41ef-9ac2-9f59c637c58b,TRADE_PROPOSAL,CANCELED,6,0,TRADE,16913.0,James White,6.0,10.0,2020-09-27
2020,3,38dc35bc-f76e-427d-936c-3423f15e3608,cdc88f13-f14b-4523-9302-1663a2a60134,WAIVER,FAILED_PLAYERALREADYDROPPED,7,2,ADD,15966.0,Chris Thompson,0.0,7.0,2020-09-23
2020,3,38dc35bc-f76e-427d-936c-3423f15e3608,cdc88f13-f14b-4523-9302-1663a2a60134,WAIVER,FAILED_PLAYERALREADYDROPPED,7,2,DROP,3049916.0,Matt Breida,7.0,0.0,2020-09-23
2020,3,4d8bad38-e132-44fb-86b6-3657e6e23a01,94a7c65c-8987-41c4-af56-7fd1da00c434,TRADE_PROPOSAL,CANCELED,13,0,TRADE,2508176.0,David Johnson,10.0,13.0,2020-09-25
2020,3,4d8bad38-e132-44fb-86b6-3657e6e23a01,94a7c65c-8987-41c4-af56-7fd1da00c434,TRADE_PROPOSAL,CANCELED,13,0,TRADE,2974858.0,Kenny Golladay,13.0,10.0,2020-09-25
2020,3,908d3a14-9ceb-442e-b71e-a5726c58c19c,ae0d6ff2-1c1f-4e64-aad1-058ad6ea75b1,WAIVER,FAILED_INVALIDPLAYERSOURCE,13,12,ADD,3025433.0,Mike Davis,0.0,13.0,2020-09-23
2020,3,908d3a14-9ceb-442e-b71e-a5726c58c19c,ae0d6ff2-1c1f-4e64-aad1-058ad6ea75b1,WAIVER,FAILED_INVALIDPLAYERSOURCE,13,12,DROP,4241802.0,Jalen Reagor,13.0,0.0,2020-09-23
2020,3,3fac653f-6278-4972-97d6-e0ee26638f35,,FREEAGENT,EXECUTED,9,0,ADD,3045523.0,Kendrick Bourne,0.0,9.0,2020-09-27
2020,3,3fac653f-6278-4972-97d6-e0ee26638f35,,FREEAGENT,EXECUTED,9,0,DROP,3139605.0,Marlon Mack,9.0,0.0,2020-09-27
2020,3,018b9429-36ad-4199-a9de-2bf8bc6159b7,4942e362-ceaa-4529-a9ae-21ad9373b9c5,WAIVER,FAILED_INVALIDPLAYERSOURCE,1,5,ADD,3025433.0,Mike Davis,0.0,1.0,2020-09-23
2020,3,018b9429-36ad-4199-a9de-2bf8bc6159b7,4942e362-ceaa-4529-a9ae-21ad9373b9c5,WAIVER,FAILED_INVALIDPLAYERSOURCE,1,5,DROP,3043275.0,Austin Hooper,1.0,0.0,2020-09-23
2020,3,4b8c1443-25e6-4a71-a02e-c78d906b75f2,71d5bec3-d19c-407f-aa8a-e42da137ccf5,WAIVER,FAILED_INVALIDPLAYERSOURCE,5,5,ADD,14198.0,Dion Lewis,0.0,5.0,2020-09-23
2020,3,4b8c1443-25e6-4a71-a02e-c78d906b75f2,71d5bec3-d19c-407f-aa8a-e42da137ccf5,WAIVER,FAILED_INVALIDPLAYERSOURCE,5,5,DROP,3914397.0,Scotty Miller,5.0,0.0,2020-09-23
2020,3,7704cb3f-9850-4295-a50a-110acfd2becd,,FREEAGENT,EXECUTED,12,0,ADD,4243160.0,Laviska Shenault Jr.,0.0,12.0,2020-09-23
2020,3,7704cb3f-9850-4295-a50a-110acfd2becd,,FREEAGENT,EXECUTED,12,0,DROP,3121427.0,Curtis Samuel,12.0,0.0,2020-09-23
2020,3,738f0400-e0c0-44d8-8e08-09e4b641e941,c366a8be-1cc4-41ef-9ac2-9f59c637c58b,TRADE_DECLINE,EXECUTED,10,0,,,,,,2020-09-27
2020,3,c20176bd-1eb5-4167-8bf3-42b06282d8a2,d9160d99-135f-42b3-8fd8-17c24d198167,WAIVER,FAILED_INVALIDPLAYERSOURCE,5,20,ADD,16782.0,Jerick McKinnon,0.0,5.0,2020-09-23
2020,3,c20176bd-1eb5-4167-8bf3-42b06282d8a2,d9160d99-135f-42b3-8fd8-17c24d198167,WAIVER,FAILED_INVALIDPLAYERSOURCE,5,20,DROP,10475.0,Greg Olsen,5.0,0.0,2020-09-23
2020,3,e5dddcc7-678b-4b54-b195-a1d4cb169b7f,,FREEAGENT,EXECUTED,6,0,ADD,-16005.0,Browns D/ST,0.0,6.0,2020-09-24
2020,3,e5dddcc7-678b-4b54-b195-a1d4cb169b7f,,FREEAGENT,EXECUTED,6,0,DROP,4262921.0,Justin Jefferson,6.0,0.0,2020-09-24
2020,3,fcc8abda-9a2c-459d-9e7c-eb79cec7250c,,WAIVER,PENDING,10,10,ADD,4262921.0,Justin Jefferson,0.0,10.0,2020-09-28
2020,3,fcc8abda-9a2c-459d-9e7c-eb79cec7250c,,WAIVER,PENDING,10,10,DROP,3051439.0,Boston Scott,10.0,0.0,2020-09-28
2020,3,c03054cc-fa7b-44ac-8fe3-d4e6c9bcda7e,99815bdb-59c9-4ef6-adf5-e7d34fb824e7,TRADE_DECLINE,EXECUTED,3,0,,,,,,2020-09-23
2020,4,58c7800a-d9e1-4994-8287-2dd93bd9ef02,,FREEAGENT,EXECUTED,9,0,ADD,3040035.0,Greg Ward,0.0,9.0,2020-10-01
2020,4,58c7800a-d9e1-4994-8287-2dd93bd9ef02,,FREEAGENT,EXECUTED,9,0,DROP,4035072.0,Benny Snell Jr.,9.0,0.0,2020-10-01
2020,4,295be506-6c3a-4c71-96ac-c8ed80d9afc1,2aa38275-43e4-41ad-83bb-7024923d283f,TRADE_DECLINE,EXECUTED,13,0,,,,,,2020-09-30
2020,4,b05ad64b-0afc-40a6-8539-efa8c465eb0f,ef9eb98b-70a6-4f3a-9c43-b57c8b86ddc8,TRADE_DECLINE,EXECUTED,1,0,,,,,,2020-09-30
2020,4,84ca6c13-c25e-42d7-a8f8-d03050e07061,,FREEAGENT,EXECUTED,13,0,ADD,3125403.0,Brian Hill,0.0,13.0,2020-09-30
2020,4,84ca6c13-c25e-42d7-a8f8-d03050e07061,,FREEAGENT,EXECUTED,13,0,DROP,14198.0,Dion Lewis,13.0,0.0,2020-09-30
2020,4,28424ba0-4128-4541-90f8-1eeb9e5d1119,,FREEAGENT,EXECUTED,12,0,ADD,-16026.0,Seahawks D/ST,0.0,12.0,2020-10-01
2020,4,28424ba0-4128-4541-90f8-1eeb9e5d1119,,FREEAGENT,EXECUTED,12,0,DROP,-16021.0,Eagles D/ST,12.0,0.0,2020-10-01
2020,4,7da31670-f0ee-43a4-9c22-52becd6a7630,,FREEAGENT,EXECUTED,10,0,ADD,4035004.0,Mecole Hardman,0.0,10.0,2020-10-05
2020,4,7da31670-f0ee-43a4-9c22-52becd6a7630,,FREEAGENT,EXECUTED,10,0,DROP,3042778.0,Corey Davis,10.0,0.0,2020-10-05
2020,4,1037fe89-ac75-4828-9c0c-2ba31495cc60,,FREEAGENT,EXECUTED,10,0,ADD,-16020.0,Jets D/ST,0.0,10.0,2020-10-01
2020,4,1037fe89-ac75-4828-9c0c-2ba31495cc60,,FREEAGENT,EXECUTED,10,0,DROP,3051439.0,Boston Scott,10.0,0.0,2020-10-01
2020,4,13a52250-6f4e-4d8f-a741-67937da1155e,5afd7772-9c45-4a78-91da-686dcc965d0c,TRADE_DECLINE,EXECUTED,2,0,,,,,,2020-10-03
2020,4,554805e2-a3d5-4a23-80e5-3e8e944146cf,,FREEAGENT,EXECUTED,4,0,ADD,4360438.0,Brandon Aiyuk,0.0,4.0,2020-10-01
2020,4,2a0885af-7cf4-49ca-ac53-80de149932bd,,FREEAGENT,EXECUTED,13,0,ADD,3128452.0,Jordan Akins,0.0,13.0,2020-10-03
2020,4,4c80b57a-11ff-4bad-b526-55cf7b546615,a83e5f72-0c3e-4af6-b4a5-d5023ea48e98,WAIVER,EXECUTED,4,1,ADD,-16007.0,Broncos D/ST,0.0,4.0,2020-09-30
2020,4,75394856-6bc2-4508-8f00-30817df4f494,,FREEAGENT,EXECUTED,12,0,ADD,3121427.0,Curtis Samuel,0.0,12.0,2020-10-01
2020,4,75394856-6bc2-4508-8f00-30817df4f494,,FREEAGENT,EXECUTED,12,0,DROP,4035687.0,Michael Pittman Jr.,12.0,0.0,2020-10-01
2020,4,ac89a6da-fdc0-4747-ab6f-e9814ef6a9d3,4696e0c1-04f5-44aa-8a92-c0439aa2655f,TRADE_ACCEPT,,10,0,,,,,,2020-10-01
2020,4,d170d1f4-baaa-48e5-a7b2-2707e8a22e48,,FREEAGENT,EXECUTED,12,0,ADD,2572861.0,J.D. McKissic,0.0,12.0,2020-10-03
2020,4,4511cf21-b0ca-495c-880a-77126dab4d04,,FREEAGENT,EXECUTED,9,0,ADD,-16034.0,Texans D/ST,0.0,9.0,2020-10-04
2020,4,4511cf21-b0ca-495c-880a-77126dab4d04,,FREEAGENT,EXECUTED,9,0,DROP,3045523.0,Kendrick Bourne,9.0,0.0,2020-10-04
2020,4,5bc8cadc-eb39-44a6-9ce4-c668d40a70df,,ROSTER,EXECUTED,4,0,LINEUP,3066158.0,Tarik Cohen,0.0,0.0,2020-09-29
2020,4,5bc8cadc-eb39-44a6-9ce4-c668d40a70df,,ROSTER,EXECUTED,4,0,DROP,3066158.0,Tarik Cohen,4.0,0.0,2020-09-29
2020,4,b73f22cc-edd7-4f70-ac11-6e1f4317e0df,87c3490a-e1e6-4b7e-b837-6e1773bb54a2,WAIVER,EXECUTED,4,6,ADD,14269.0,Dontrelle Inman,0.0,4.0,2020-09-30
2020,4,b73f22cc-edd7-4f70-ac11-6e1f4317e0df,87c3490a-e1e6-4b7e-b837-6e1773bb54a2,WAIVER,EXECUTED,4,6,DROP,2972460.0,Breshad Perriman,4.0,0.0,2020-09-30
2020,4,0cf2602e-a5d1-4c77-bed8-2868f4dc3d23,fcc8abda-9a2c-459d-9e7c-eb79cec7250c,WAIVER,FAILED_INVALIDPLAYERSOURCE,10,18,ADD,4262921.0,Justin Jefferson,0.0,10.0,2020-09-30
2020,4,0cf2602e-a5d1-4c77-bed8-2868f4dc3d23,fcc8abda-9a2c-459d-9e7c-eb79cec7250c,WAIVER,FAILED_INVALIDPLAYERSOURCE,10,18,DROP,3051439.0,Boston Scott,10.0,0.0,2020-09-30
2020,4,89003316-322a-4329-ad28-3a4d05a46c3c,,ROSTER,EXECUTED,4,0,DROP,-16016.0,Vikings D/ST,4.0,0.0,2020-10-01
2020,4,3f9dcc18-01ff-41a7-9a22-e7feff87997b,,FREEAGENT,EXECUTED,8,0,ADD,16760.0,Jimmy Garoppolo,0.0,8.0,2020-10-02
2020,4,d3beb235-416d-4785-bccc-a00c76685f9b,af07b243-ed69-4b78-9a1b-0a1bd62df007,WAIVER,FAILED_INVALIDPLAYERSOURCE,5,8,ADD,4262921.0,Justin Jefferson,0.0,5.0,2020-09-30
2020,4,d3beb235-416d-4785-bccc-a00c76685f9b,af07b243-ed69-4b78-9a1b-0a1bd62df007,WAIVER,FAILED_INVALIDPLAYERSOURCE,5,8,DROP,3914397.0,Scotty Miller,5.0,0.0,2020-09-30
2020,4,b3f61dcf-6952-4265-93ed-6deffded2c96,,FREEAGENT,EXECUTED,7,0,ADD,16777.0,Carlos Hyde,0.0,7.0,2020-09-30
2020,4,b3f61dcf-6952-4265-93ed-6deffded2c96,,FREEAGENT,EXECUTED,7,0,DROP,3895856.0,Christian Kirk,7.0,0.0,2020-09-30
2020,4,f3b879c4-420a-4819-a27b-1f3b158ba4dc,c3288fec-9471-4094-a559-071a5f5e69bd,WAIVER,EXECUTED,5,5,ADD,4239993.0,Tee Higgins,0.0,5.0,2020-09-30
2020,4,f3b879c4-420a-4819-a27b-1f3b158ba4dc,c3288fec-9471-4094-a559-071a5f5e69bd,WAIVER,EXECUTED,5,5,DROP,3914397.0,Scotty Miller,5.0,0.0,2020-09-30
2020,4,0ca877fa-3998-4b6c-b8c4-2a306c7741dd,c57c3060-6136-4112-9a2a-506f51bc8e54,WAIVER,FAILED_INVALIDPLAYERSOURCE,4,9,ADD,4262921.0,Justin Jefferson,0.0,4.0,2020-09-30
2020,4,abd60273-478d-4133-9d1f-996e1ee3d1f1,,FREEAGENT,EXECUTED,1,0,ADD,3895856.0,Christian Kirk,0.0,1.0,2020-10-03
2020,4,91ee06cf-b16c-4089-86b8-d35636569174,,FREEAGENT,EXECUTED,2,0,ADD,13229.0,Rob Gronkowski,0.0,2.0,2020-10-03
2020,4,91ee06cf-b16c-4089-86b8-d35636569174,,FREEAGENT,EXECUTED,2,0,DROP,5528.0,Larry Fitzgerald,2.0,0.0,2020-10-03
2020,4,2098f561-3228-4cc1-b9a4-88c89d17dba8,d85212c1-da51-426e-b890-0a2898aa4c2c,WAIVER,EXECUTED,10,5,ADD,15349.0,Cole Beasley,0.0,10.0,2020-09-30
2020,4,2098f561-3228-4cc1-b9a4-88c89d17dba8,d85212c1-da51-426e-b890-0a2898aa4c2c,WAIVER,EXECUTED,10,5,DROP,3045138.0,Mike Williams,10.0,0.0,2020-09-30
2020,4,e9a49b9b-ca10-42ab-9113-cbece4453d43,4696e0c1-04f5-44aa-8a92-c0439aa2655f,TRADE_ACCEPT,EXECUTED,1,0,TRADE,2576716.0,Jamison Crowder,10.0,1.0,2020-10-01
2020,4,e9a49b9b-ca10-42ab-9113-cbece4453d43,4696e0c1-04f5-44aa-8a92-c0439aa2655f,TRADE_ACCEPT,EXECUTED,1,0,TRADE,15920.0,Latavius Murray,10.0,1.0,2020-10-01
2020,4,e9a49b9b-ca10-42ab-9113-cbece4453d43,4696e0c1-04f5-44aa-8a92-c0439aa2655f,TRADE_ACCEPT,EXECUTED,1,0,TRADE,4047646.0,A.J. Brown,1.0,10.0,2020-10-01
2020,4,e9a49b9b-ca10-42ab-9113-cbece4453d43,4696e0c1-04f5-44aa-8a92-c0439aa2655f,TRADE_ACCEPT,EXECUTED,1,0,TRADE,3043275.0,Austin Hooper,1.0,10.0,2020-10-01
2020,4,52adf454-095d-4fe7-8e5d-76eeaafe6aab,4696e0c1-04f5-44aa-8a92-c0439aa2655f,TRADE_UPHOLD,EXECUTED,1,0,,,,,,2020-10-01
2020,4,6475ed9d-12d4-4e74-8d08-1710e4c82b9a,b10d66e9-25a9-4edd-9235-9801c5a7e1ba,TRADE_DECLINE,EXECUTED,12,0,,,,,,2020-10-01
2020,4,f6b3d3c2-c5dd-4490-b41d-98ee49d8fce1,6d979def-5c1e-4915-ac03-3238db484918,TRADE_DECLINE,EXECUTED,1,0,,,,,,2020-09-30
2020,4,6174c099-7595-4f26-844c-5746c7767e95,8674d0ad-5d86-4f08-9301-5c66466fd4a6,WAIVER,EXECUTED,1,1,ADD,-16014.0,Rams D/ST,0.0,1.0,2020-09-30
2020,4,6174c099-7595-4f26-844c-5746c7767e95,8674d0ad-5d86-4f08-9301-5c66466fd4a6,WAIVER,EXECUTED,1,1,DROP,3932423.0,Miles Boykin,1.0,0.0,2020-09-30
2020,4,e9769d59-b445-42df-8d8c-c4d2403c95d7,da96b8bb-94d0-4c63-86e7-c44fed86351e,WAIVER,EXECUTED,13,21,ADD,4262921.0,Justin Jefferson,0.0,13.0,2020-09-30
2020,4,e9769d59-b445-42df-8d8c-c4d2403c95d7,da96b8bb-94d0-4c63-86e7-c44fed86351e,WAIVER,EXECUTED,13,21,DROP,3045127.0,Wayne Gallman,13.0,0.0,2020-09-30
2020,4,d53b933b-a92b-44d0-9b3c-1c3bc20576b0,,FREEAGENT,EXECUTED,1,0,ADD,12514.0,LeSean McCoy,0.0,1.0,2020-10-03
2020,4,ecc213eb-b59c-4706-9f60-e775971b373e,,FREEAGENT,EXECUTED,3,0,ADD,13232.0,Jimmy Graham,0.0,3.0,2020-09-30
2020,4,ecc213eb-b59c-4706-9f60-e775971b373e,,FREEAGENT,EXECUTED,3,0,DROP,3917792.0,Daniel Jones,3.0,0.0,2020-09-30
2020,4,58a63577-3ef9-4bbf-ac0a-6af0a1d1fe3d,,FREEAGENT,EXECUTED,12,0,ADD,3135321.0,Hunter Renfrow,0.0,12.0,2020-10-01
2020,4,58a63577-3ef9-4bbf-ac0a-6af0a1d1fe3d,,FREEAGENT,EXECUTED,12,0,DROP,4243160.0,Laviska Shenault Jr.,12.0,0.0,2020-10-01
2020,4,4696e0c1-04f5-44aa-8a92-c0439aa2655f,,TRADE_PROPOSAL,PENDING,1,0,TRADE,2576716.0,Jamison Crowder,10.0,1.0,2020-10-01
2020,4,4696e0c1-04f5-44aa-8a92-c0439aa2655f,,TRADE_PROPOSAL,PENDING,1,0,TRADE,15920.0,Latavius Murray,10.0,1.0,2020-10-01
2020,4,4696e0c1-04f5-44aa-8a92-c0439aa2655f,,TRADE_PROPOSAL,PENDING,1,0,TRADE,4047646.0,A.J. Brown,1.0,10.0,2020-10-01
2020,4,4696e0c1-04f5-44aa-8a92-c0439aa2655f,,TRADE_PROPOSAL,PENDING,1,0,TRADE,3043275.0,Austin Hooper,1.0,10.0,2020-10-01
2020,4,50144372-bfa4-4801-aa1f-1d6885be82e2,,ROSTER,EXECUTED,5,0,DROP,3916148.0,Tony Pollard,5.0,0.0,2020-09-29
2020,5,0b98c5ae-78ec-4569-834a-dee87c025fa7,,ROSTER,EXECUTED,1,41,DROP,12514.0,LeSean McCoy,1.0,0.0,2020-10-06
2020,5,7764d6af-7cb3-42db-9ec7-9f61618f0473,,FREEAGENT,EXECUTED,3,0,ADD,4241985.0,J.K. Dobbins,0.0,3.0,2020-10-08
2020,5,7764d6af-7cb3-42db-9ec7-9f61618f0473,,FREEAGENT,EXECUTED,3,0,DROP,2980453.0,Jamaal Williams,3.0,0.0,2020-10-08
2020,5,f225fb3b-2fd7-410c-9f3b-226a42ac34f1,deaa2014-82ef-4590-b831-da550674aa24,WAIVER,EXECUTED,7,15,ADD,2975674.0,Robert Tonyan,0.0,7.0,2020-10-07
2020,5,f225fb3b-2fd7-410c-9f3b-226a42ac34f1,deaa2014-82ef-4590-b831-da550674aa24,WAIVER,EXECUTED,7,15,DROP,8479.0,Frank Gore,7.0,0.0,2020-10-07
2020,5,161fc273-9392-4191-8e00-eea4114d7556,,ROSTER,EXECUTED,12,1,DROP,3121427.0,Curtis Samuel,12.0,0.0,2020-10-06
2020,5,7c42cc76-cee3-4b4d-95da-18eb02f7f1db,,ROSTER,EXECUTED,13,0,DROP,3128452.0,Jordan Akins,13.0,0.0,2020-10-07
2020,5,9feeb3df-a470-4567-a9ad-a9492390030b,b228fb4a-1b2c-4ad9-baf0-c00c785fac80,TRADE_PROPOSAL,CANCELED,6,0,TRADE,8439.0,Aaron Rodgers,9.0,6.0,2020-10-07
2020,5,9feeb3df-a470-4567-a9ad-a9492390030b,b228fb4a-1b2c-4ad9-baf0-c00c785fac80,TRADE_PROPOSAL,CANCELED,6,0,TRADE,4241475.0,Henry Ruggs III,9.0,6.0,2020-10-07
2020,5,9feeb3df-a470-4567-a9ad-a9492390030b,b228fb4a-1b2c-4ad9-baf0-c00c785fac80,TRADE_PROPOSAL,CANCELED,6,0,TRADE,12483.0,Matthew Stafford,6.0,9.0,2020-10-07
2020,5,9feeb3df-a470-4567-a9ad-a9492390030b,b228fb4a-1b2c-4ad9-baf0-c00c785fac80,TRADE_PROPOSAL,CANCELED,6,0,TRADE,2976212.0,Stefon Diggs,6.0,9.0,2020-10-07
2020,5,35ad768d-6524-4e9f-9d27-9822df5fad37,,FREEAGENT,EXECUTED,7,0,ADD,3917612.0,Ke'Shawn Vaughn,0.0,7.0,2020-10-08
2020,5,35ad768d-6524-4e9f-9d27-9822df5fad37,,FREEAGENT,EXECUTED,7,0,DROP,-16012.0,Chiefs D/ST,7.0,0.0,2020-10-08
2020,5,828adbb0-ef03-4eb9-be85-b31c4fab3720,2e0877db-a538-431b-ada5-de65cd4d1cf4,WAIVER,FAILED_INVALIDPLAYERSOURCE,13,6,ADD,2975674.0,Robert Tonyan,0.0,13.0,2020-10-07
2020,5,3c6cc24f-67de-423e-a14b-62b441971d4c,,WAIVER,PENDING,10,16,ADD,14012.0,Andy Dalton,0.0,10.0,2020-10-13
2020,5,3c6cc24f-67de-423e-a14b-62b441971d4c,,WAIVER,PENDING,10,16,DROP,3042778.0,Corey Davis,10.0,0.0,2020-10-13
2020,5,388f2ec2-9410-4ff2-aa53-f4dcb80d3977,5bc06bc7-fc86-4ee5-b430-b5e190199dc0,TRADE_DECLINE,EXECUTED,8,0,,,,,,2020-10-12
2020,5,c6f48f6b-a3ad-4a6a-9d41-6a1c898f8292,,TRADE_PROPOSAL,PENDING,10,0,TRADE,3059915.0,Kareem Hunt,3.0,10.0,2020-10-07
2020,5,c6f48f6b-a3ad-4a6a-9d41-6a1c898f8292,,TRADE_PROPOSAL,PENDING,10,0,TRADE,16790.0,Jarvis Landry,10.0,3.0,2020-10-07
2020,5,c6f48f6b-a3ad-4a6a-9d41-6a1c898f8292,,TRADE_PROPOSAL,PENDING,10,0,TRADE,2508176.0,David Johnson,10.0,3.0,2020-10-07
2020,5,0918ce32-3470-4b8e-b4b4-831d32154606,e1630549-1cf0-45ce-9b37-150942e3a6cd,WAIVER,EXECUTED,1,3,ADD,3914397.0,Scotty Miller,0.0,1.0,2020-10-07
2020,5,0918ce32-3470-4b8e-b4b4-831d32154606,e1630549-1cf0-45ce-9b37-150942e3a6cd,WAIVER,EXECUTED,1,3,DROP,3895856.0,Christian Kirk,1.0,0.0,2020-10-07
2020,5,955b56ab-d1f6-4844-acdd-7352ba4c1d49,9a2f6ea9-42aa-49b0-8f54-44715a20bec9,TRADE_PROPOSAL,CANCELED,10,0,TRADE,2979843.0,Kenyan Drake,12.0,10.0,2020-10-07
2020,5,955b56ab-d1f6-4844-acdd-7352ba4c1d49,9a2f6ea9-42aa-49b0-8f54-44715a20bec9,TRADE_PROPOSAL,CANCELED,10,0,TRADE,16790.0,Jarvis Landry,10.0,12.0,2020-10-07
2020,5,5bc06bc7-fc86-4ee5-b430-b5e190199dc0,,TRADE_PROPOSAL,PENDING,10,0,TRADE,4052042.0,James Robinson,8.0,10.0,2020-10-12
2020,5,5bc06bc7-fc86-4ee5-b430-b5e190199dc0,,TRADE_PROPOSAL,PENDING,10,0,TRADE,16460.0,Adam Thielen,8.0,10.0,2020-10-12
2020,5,5bc06bc7-fc86-4ee5-b430-b5e190199dc0,,TRADE_PROPOSAL,PENDING,10,0,TRADE,3918298.0,Josh Allen,10.0,8.0,2020-10-12
2020,5,5bc06bc7-fc86-4ee5-b430-b5e190199dc0,,TRADE_PROPOSAL,PENDING,10,0,TRADE,16790.0,Jarvis Landry,10.0,8.0,2020-10-12
2020,5,a595ae5b-1a92-4981-8197-a1dcb25fac65,,FREEAGENT,EXECUTED,4,0,ADD,-16012.0,Chiefs D/ST,0.0,4.0,2020-10-11
2020,5,a595ae5b-1a92-4981-8197-a1dcb25fac65,,FREEAGENT,EXECUTED,4,0,DROP,-16007.0,Broncos D/ST,4.0,0.0,2020-10-11
2020,5,bc9136b0-4f01-40f4-981a-c54d2cc45eed,9b3fe024-984f-434b-b6c1-4ba15c0c105a,WAIVER,FAILED_INVALIDPLAYERSOURCE,1,4,ADD,3116136.0,Justin Jackson,0.0,1.0,2020-10-07
2020,5,bc9136b0-4f01-40f4-981a-c54d2cc45eed,9b3fe024-984f-434b-b6c1-4ba15c0c105a,WAIVER,FAILED_INVALIDPLAYERSOURCE,1,4,DROP,3895856.0,Christian Kirk,1.0,0.0,2020-10-07
2020,5,8ae75696-e90b-4cd7-a758-2ad4592edf98,dca5c501-38a0-4793-a081-1c4fe7b13b79,WAIVER,FAILED_INVALIDPLAYERSOURCE,7,6,ADD,3116136.0,Justin Jackson,0.0,7.0,2020-10-07
2020,5,8ae75696-e90b-4cd7-a758-2ad4592edf98,dca5c501-38a0-4793-a081-1c4fe7b13b79,WAIVER,FAILED_INVALIDPLAYERSOURCE,7,6,DROP,16777.0,Carlos Hyde,7.0,0.0,2020-10-07
2020,5,f172a11d-9696-4ebe-bc27-15a9666a35b6,c6f48f6b-a3ad-4a6a-9d41-6a1c898f8292,TRADE_PROPOSAL,CANCELED,10,0,TRADE,3059915.0,Kareem Hunt,3.0,10.0,2020-10-08
2020,5,f172a11d-9696-4ebe-bc27-15a9666a35b6,c6f48f6b-a3ad-4a6a-9d41-6a1c898f8292,TRADE_PROPOSAL,CANCELED,10,0,TRADE,16790.0,Jarvis Landry,10.0,3.0,2020-10-08
2020,5,f172a11d-9696-4ebe-bc27-15a9666a35b6,c6f48f6b-a3ad-4a6a-9d41-6a1c898f8292,TRADE_PROPOSAL,CANCELED,10,0,TRADE,2508176.0,David Johnson,10.0,3.0,2020-10-08
2020,5,757cd832-b213-445f-9203-357b45d33427,f2719590-ac2f-4e03-8f03-cc2397bf8da2,WAIVER,FAILED_INVALIDPLAYERSOURCE,12,7,ADD,3116136.0,Justin Jackson,0.0,12.0,2020-10-07
2020,5,757cd832-b213-445f-9203-357b45d33427,f2719590-ac2f-4e03-8f03-cc2397bf8da2,WAIVER,FAILED_INVALIDPLAYERSOURCE,12,7,DROP,2572861.0,J.D. McKissic,12.0,0.0,2020-10-07
2020,5,03fbaa25-975d-4464-a2da-3011fbd33551,7517b59f-42bd-4685-aa7b-753f4523d5f2,WAIVER,EXECUTED,8,25,ADD,3116136.0,Justin Jackson,0.0,8.0,2020-10-07
2020,5,03fbaa25-975d-4464-a2da-3011fbd33551,7517b59f-42bd-4685-aa7b-753f4523d5f2,WAIVER,EXECUTED,8,25,DROP,4241985.0,J.K. Dobbins,8.0,0.0,2020-10-07
2020,5,3982bb80-4ff8-4179-839f-8dc0e66da6d8,9a2f6ea9-42aa-49b0-8f54-44715a20bec9,TRADE_DECLINE,EXECUTED,12,0,,,,,,2020-10-07
2020,5,d64c8db7-f771-4bef-8968-7b87c228f3f2,311cbbbb-f462-4728-baa6-1f28b9c112d5,WAIVER,EXECUTED,13,8,ADD,3139602.0,D'Ernest Johnson,0.0,13.0,2020-10-07
2020,5,d64c8db7-f771-4bef-8968-7b87c228f3f2,311cbbbb-f462-4728-baa6-1f28b9c112d5,WAIVER,EXECUTED,13,8,DROP,3929630.0,Saquon Barkley,13.0,0.0,2020-10-07
2020,5,185c100d-0b19-4f92-af70-e416516b3c03,,ROSTER,EXECUTED,13,0,DROP,3125403.0,Brian Hill,13.0,0.0,2020-10-07
2020,5,230b22ae-e1a0-4d0b-b2d3-4a7cc5108dcf,,FREEAGENT,EXECUTED,10,0,ADD,3042778.0,Corey Davis,0.0,10.0,2020-10-07
2020,5,230b22ae-e1a0-4d0b-b2d3-4a7cc5108dcf,,FREEAGENT,EXECUTED,10,0,DROP,-16020.0,Jets D/ST,10.0,0.0,2020-10-07
2020,5,700e9de6-af26-4085-9f75-269a9e189dc8,,FREEAGENT,EXECUTED,7,0,ADD,-16012.0,Chiefs D/ST,0.0,7.0,2020-10-07
2020,5,700e9de6-af26-4085-9f75-269a9e189dc8,,FREEAGENT,EXECUTED,7,0,DROP,16777.0,Carlos Hyde,7.0,0.0,2020-10-07
2020,5,94897f53-0aad-464b-8be8-0b816def85d6,,FREEAGENT,EXECUTED,3,0,ADD,4243160.0,Laviska Shenault Jr.,0.0,3.0,2020-10-07
2020,5,9a2f6ea9-42aa-49b0-8f54-44715a20bec9,,TRADE_PROPOSAL,PENDING,10,0,TRADE,2979843.0,Kenyan Drake,12.0,10.0,2020-10-07
2020,5,9a2f6ea9-42aa-49b0-8f54-44715a20bec9,,TRADE_PROPOSAL,PENDING,10,0,TRADE,16790.0,Jarvis Landry,10.0,12.0,2020-10-07
2020,5,3b66a254-f9df-483d-a4a4-dcfa6e5d9726,,FREEAGENT,EXECUTED,12,0,ADD,-16006.0,Cowboys D/ST,0.0,12.0,2020-10-10
2020,5,b28f75fc-d00c-4d6b-b982-63c548a9311f,bc6aea31-f094-40af-9e3e-c54c2209c9db,WAIVER,EXECUTED,2,10,ADD,10475.0,Greg Olsen,0.0,2.0,2020-10-07
2020,5,b28f75fc-d00c-4d6b-b982-63c548a9311f,bc6aea31-f094-40af-9e3e-c54c2209c9db,WAIVER,EXECUTED,2,10,DROP,13229.0,Rob Gronkowski,2.0,0.0,2020-10-07
2020,5,14ef3e12-6717-4c0a-a9fe-ce8ec41817d6,,FREEAGENT,EXECUTED,6,0,ADD,-16018.0,Saints D/ST,0.0,6.0,2020-10-08
2020,5,14ef3e12-6717-4c0a-a9fe-ce8ec41817d6,,FREEAGENT,EXECUTED,6,0,DROP,-16005.0,Browns D/ST,6.0,0.0,2020-10-08
2020,5,6f2ee000-5701-459a-899c-17d934024b26,,WAIVER,PENDING,10,16,ADD,8664.0,Ryan Fitzpatrick,0.0,10.0,2020-10-13
2020,5,6f2ee000-5701-459a-899c-17d934024b26,,WAIVER,PENDING,10,16,DROP,3071572.0,Keelan Cole Sr.,10.0,0.0,2020-10-13
2020,5,a8949bd4-b7b4-4b80-9ba4-390d373843c5,5bc06bc7-fc86-4ee5-b430-b5e190199dc0,TRADE_PROPOSAL,CANCELED,10,0,TRADE,4052042.0,James Robinson,8.0,10.0,2020-10-12
2020,5,a8949bd4-b7b4-4b80-9ba4-390d373843c5,5bc06bc7-fc86-4ee5-b430-b5e190199dc0,TRADE_PROPOSAL,CANCELED,10,0,TRADE,16460.0,Adam Thielen,8.0,10.0,2020-10-12
2020,5,a8949bd4-b7b4-4b80-9ba4-390d373843c5,5bc06bc7-fc86-4ee5-b430-b5e190199dc0,TRADE_PROPOSAL,CANCELED,10,0,TRADE,3918298.0,Josh Allen,10.0,8.0,2020-10-12
2020,5,a8949bd4-b7b4-4b80-9ba4-390d373843c5,5bc06bc7-fc86-4ee5-b430-b5e190199dc0,TRADE_PROPOSAL,CANCELED,10,0,TRADE,16790.0,Jarvis Landry,10.0,8.0,2020-10-12
2020,5,c30bb06c-1739-471a-a2c2-d114f8f85da7,b042f81d-6844-4a3b-a343-e44b6d1cbfc0,WAIVER,EXECUTED,5,3,ADD,3134353.0,Tim Patrick,0.0,5.0,2020-10-07
2020,5,c30bb06c-1739-471a-a2c2-d114f8f85da7,b042f81d-6844-4a3b-a343-e44b6d1cbfc0,WAIVER,EXECUTED,5,3,DROP,3122976.0,Jeff Wilson Jr.,5.0,0.0,2020-10-07
2020,5,504a5728-2fd9-45d6-9214-b5c87a937adb,,FREEAGENT,EXECUTED,6,0,ADD,4038941.0,Justin Herbert,0.0,6.0,2020-10-10
2020,5,504a5728-2fd9-45d6-9214-b5c87a937adb,,FREEAGENT,EXECUTED,6,0,DROP,14876.0,Ryan Tannehill,6.0,0.0,2020-10-10
2020,5,2c537d96-d2c2-405c-8bc7-72145a2091c7,,ROSTER,EXECUTED,12,0,DROP,3916925.0,Kerryon Johnson,12.0,0.0,2020-10-06
2020,5,10498070-1ac5-4ee8-9b05-79e492199708,441fb3aa-ab3f-4b0d-8b35-8dd0eb96f20b,WAIVER,FAILED_INVALIDPLAYERSOURCE,4,14,ADD,2975674.0,Robert Tonyan,0.0,4.0,2020-10-07
2020,5,10498070-1ac5-4ee8-9b05-79e492199708,441fb3aa-ab3f-4b0d-8b35-8dd0eb96f20b,WAIVER,FAILED_INVALIDPLAYERSOURCE,4,14,DROP,-16007.0,Broncos D/ST,4.0,0.0,2020-10-07
2020,5,84970a77-8a72-467a-99fe-6be6fef7d94a,c6f48f6b-a3ad-4a6a-9d41-6a1c898f8292,TRADE_DECLINE,EXECUTED,3,0,,,,,,2020-10-08
2020,5,d2275467-78b4-48d3-acd9-77c7d0fc5a2b,,FREEAGENT,EXECUTED,3,0,ADD,-16021.0,Eagles D/ST,0.0,3.0,2020-10-08
2020,5,d2275467-78b4-48d3-acd9-77c7d0fc5a2b,,FREEAGENT,EXECUTED,3,0,DROP,-16024.0,Chargers D/ST,3.0,0.0,2020-10-08
2020,5,b6fbf2b1-e762-4c6d-963a-b1b6866ff4d7,da3b7cb2-f0e6-4cc3-9d1a-9c552c8885ff,WAIVER,EXECUTED,12,1,ADD,3045138.0,Mike Williams,0.0,12.0,2020-10-07
2020,6,68232f40-df34-4996-bd01-41eee9dd686e,eb27cc01-803d-46eb-9961-9e85adc692d8,WAIVER,FAILED_AUCTIONBUDGETEXCEEDED,8,40,ADD,14012.0,Andy Dalton,0.0,8.0,2020-10-15
2020,6,68232f40-df34-4996-bd01-41eee9dd686e,eb27cc01-803d-46eb-9961-9e85adc692d8,WAIVER,FAILED_AUCTIONBUDGETEXCEEDED,8,40,DROP,2577417.0,Dak Prescott,8.0,0.0,2020-10-15
2020,6,8e11bc85-d000-4db6-9d0f-7eeabaab1b99,,TRADE_PROPOSAL,PENDING,10,0,TRADE,2576925.0,Darren Waller,9.0,10.0,2020-10-14
2020,6,8e11bc85-d000-4db6-9d0f-7eeabaab1b99,,TRADE_PROPOSAL,PENDING,10,0,TRADE,4035538.0,David Montgomery,9.0,10.0,2020-10-14
2020,6,8e11bc85-d000-4db6-9d0f-7eeabaab1b99,,TRADE_PROPOSAL,PENDING,10,0,TRADE,2576434.0,Melvin Gordon III,10.0,9.0,2020-10-14
2020,6,8e11bc85-d000-4db6-9d0f-7eeabaab1b99,,TRADE_PROPOSAL,PENDING,10,0,TRADE,2573401.0,Tyler Higbee,10.0,9.0,2020-10-14
2020,6,f2fff2db-e1b5-4772-a6c6-fa2d57091c88,,FREEAGENT,EXECUTED,9,0,ADD,-16029.0,Panthers D/ST,0.0,9.0,2020-10-18
2020,6,f2fff2db-e1b5-4772-a6c6-fa2d57091c88,,FREEAGENT,EXECUTED,9,0,DROP,-16034.0,Texans D/ST,9.0,0.0,2020-10-18
2020,6,57deec5a-f3b1-4149-acb2-858e225a7485,dad0138c-1352-426a-be55-23f157b8a984,TRADE_ACCEPT,,2,0,,,,,,2020-10-14
2020,6,78fdf8ba-41be-43b5-99c7-ab87f4a9fcb9,,ROSTER,EXECUTED,12,0,DROP,-16006.0,Cowboys D/ST,12.0,0.0,2020-10-14
2020,6,9ae462a7-4621-4388-ad3d-2a91815f8109,,FREEAGENT,EXECUTED,3,0,ADD,-16012.0,Chiefs D/ST,0.0,3.0,2020-10-17
2020,6,9ae462a7-4621-4388-ad3d-2a91815f8109,,FREEAGENT,EXECUTED,3,0,DROP,-16021.0,Eagles D/ST,3.0,0.0,2020-10-17
2020,6,b7329f8a-ce47-4362-9c52-25d23f7004d8,e1fe3751-d554-47d4-aa39-30d7cb660099,WAIVER,FAILED_INVALIDPLAYERSOURCE,12,1,ADD,-16015.0,Dolphins D/ST,0.0,12.0,2020-10-15
2020,6,fc166250-5c8c-4629-9f36-a491d94e0513,0c6071fb-98ff-46cc-a10e-589a97a7740f,WAIVER,EXECUTED,10,11,ADD,14012.0,Andy Dalton,0.0,10.0,2020-10-15
2020,6,fc166250-5c8c-4629-9f36-a491d94e0513,0c6071fb-98ff-46cc-a10e-589a97a7740f,WAIVER,EXECUTED,10,11,DROP,2573401.0,Tyler Higbee,10.0,0.0,2020-10-15
2020,6,7c2ee0b3-dcdf-4219-a671-6c082a581a69,,FREEAGENT,EXECUTED,13,0,ADD,14880.0,Kirk Cousins,0.0,13.0,2020-10-16
2020,6,7c2ee0b3-dcdf-4219-a671-6c082a581a69,,FREEAGENT,EXECUTED,13,0,DROP,3915511.0,Joe Burrow,13.0,0.0,2020-10-16
2020,6,ea02ad05-fb27-4450-9f44-ca821cfa8fc5,,FREEAGENT,EXECUTED,9,0,ADD,3122672.0,Royce Freeman,0.0,9.0,2020-10-18
2020,6,ea02ad05-fb27-4450-9f44-ca821cfa8fc5,,FREEAGENT,EXECUTED,9,0,DROP,3128451.0,Tre'Quan Smith,9.0,0.0,2020-10-18
2020,6,2081aeae-6c5f-4a6d-a048-ef52bcb9ffac,6304afd4-e0d3-4d57-a2bc-98d7c7361ade,TRADE_PROPOSAL,CANCELED,10,0,TRADE,3043078.0,Derrick Henry,12.0,10.0,2020-10-16
2020,6,2081aeae-6c5f-4a6d-a048-ef52bcb9ffac,6304afd4-e0d3-4d57-a2bc-98d7c7361ade,TRADE_PROPOSAL,CANCELED,10,0,TRADE,2576434.0,Melvin Gordon III,10.0,12.0,2020-10-16
2020,6,2081aeae-6c5f-4a6d-a048-ef52bcb9ffac,6304afd4-e0d3-4d57-a2bc-98d7c7361ade,TRADE_PROPOSAL,CANCELED,10,0,TRADE,8664.0,Ryan Fitzpatrick,10.0,12.0,2020-10-16
2020,6,0c6071fb-98ff-46cc-a10e-589a97a7740f,,WAIVER,PENDING,10,11,ADD,14012.0,Andy Dalton,0.0,10.0,2020-10-14
2020,6,0c6071fb-98ff-46cc-a10e-589a97a7740f,,WAIVER,PENDING,10,11,DROP,2573401.0,Tyler Higbee,10.0,0.0,2020-10-14
2020,6,1516eb27-1841-42fd-ae63-1db00fefaf6f,,FREEAGENT,EXECUTED,4,0,ADD,-16028.0,Washington D/ST,0.0,4.0,2020-10-15
2020,6,1516eb27-1841-42fd-ae63-1db00fefaf6f,,FREEAGENT,EXECUTED,4,0,DROP,-16012.0,Chiefs D/ST,4.0,0.0,2020-10-15
2020,6,d49381a6-41d6-4181-bac6-19d95f5c0e77,,FREEAGENT,EXECUTED,12,0,ADD,-16019.0,Giants D/ST,0.0,12.0,2020-10-17
2020,6,6304afd4-e0d3-4d57-a2bc-98d7c7361ade,,TRADE_PROPOSAL,PENDING,10,0,TRADE,3043078.0,Derrick Henry,12.0,10.0,2020-10-15
2020,6,6304afd4-e0d3-4d57-a2bc-98d7c7361ade,,TRADE_PROPOSAL,PENDING,10,0,TRADE,2576434.0,Melvin Gordon III,10.0,12.0,2020-10-15
2020,6,6304afd4-e0d3-4d57-a2bc-98d7c7361ade,,TRADE_PROPOSAL,PENDING,10,0,TRADE,8664.0,Ryan Fitzpatrick,10.0,12.0,2020-10-15
2020,6,92160ef2-abc2-43f2-a294-476f25e3917e,,FREEAGENT,EXECUTED,8,0,ADD,-16005.0,Browns D/ST,0.0,8.0,2020-10-15
2020,6,92160ef2-abc2-43f2-a294-476f25e3917e,,FREEAGENT,EXECUTED,8,0,DROP,13983.0,A.J. Green,8.0,0.0,2020-10-15
2020,6,3ec85022-00c6-40ab-977c-ea7b247d3dc0,40b0933c-18a4-4b32-8c85-0396ea20c64b,TRADE_PROPOSAL,CANCELED,10,0,TRADE,4035538.0,David Montgomery,9.0,10.0,2020-10-19
2020,6,3ec85022-00c6-40ab-977c-ea7b247d3dc0,40b0933c-18a4-4b32-8c85-0396ea20c64b,TRADE_PROPOSAL,CANCELED,10,0,TRADE,2976316.0,Michael Thomas,9.0,10.0,2020-10-19
2020,6,3ec85022-00c6-40ab-977c-ea7b247d3dc0,40b0933c-18a4-4b32-8c85-0396ea20c64b,TRADE_PROPOSAL,CANCELED,10,0,TRADE,4242214.0,Clyde Edwards-Helaire,10.0,9.0,2020-10-19
2020,6,3ec85022-00c6-40ab-977c-ea7b247d3dc0,40b0933c-18a4-4b32-8c85-0396ea20c64b,TRADE_PROPOSAL,CANCELED,10,0,TRADE,2576434.0,Melvin Gordon III,10.0,9.0,2020-10-19
2020,6,8f2c2a3a-9c5e-45a7-88fe-f5b3f2d2ed51,,FREEAGENT,EXECUTED,4,0,ADD,15971.0,Rex Burkhead,0.0,4.0,2020-10-18
2020,6,4594df6d-4caa-4bf8-8a6e-7d09b5b423cf,,ROSTER,EXECUTED,9,0,LINEUP,13982.0,Julio Jones,0.0,0.0,2020-10-16
2020,6,4594df6d-4caa-4bf8-8a6e-7d09b5b423cf,,ROSTER,EXECUTED,9,0,LINEUP,3128451.0,Tre'Quan Smith,0.0,0.0,2020-10-16
2020,6,4594df6d-4caa-4bf8-8a6e-7d09b5b423cf,,ROSTER,EXECUTED,9,0,DROP,3060022.0,Jordan Howard,9.0,0.0,2020-10-16
2020,6,6714b2ba-a7c9-44cf-b6e5-dbbd2d78e535,2e442a56-879f-4100-b6f3-0dd2bbca105e,WAIVER,CANCELED,5,0,ADD,-16015.0,Dolphins D/ST,0.0,5.0,2020-10-15
2020,6,6714b2ba-a7c9-44cf-b6e5-dbbd2d78e535,2e442a56-879f-4100-b6f3-0dd2bbca105e,WAIVER,CANCELED,5,0,DROP,16813.0,Logan Thomas,5.0,0.0,2020-10-15
2020,6,05c8609b-7f9a-406a-aa70-3fa467696656,fca83845-82ef-4fd9-b9e8-d273d288c396,WAIVER,FAILED_INVALIDPLAYERSOURCE,1,3,ADD,3139522.0,Travis Fulgham,0.0,1.0,2020-10-15
2020,6,05c8609b-7f9a-406a-aa70-3fa467696656,fca83845-82ef-4fd9-b9e8-d273d288c396,WAIVER,FAILED_INVALIDPLAYERSOURCE,1,3,DROP,3914397.0,Scotty Miller,1.0,0.0,2020-10-15
2020,6,eacd78c3-8006-4540-b855-8ad144359bfb,ee2ec7d4-c003-4bfd-a938-0f1e503e3431,WAIVER,CANCELED,10,0,ADD,3139522.0,Travis Fulgham,0.0,10.0,2020-10-14
2020,6,eacd78c3-8006-4540-b855-8ad144359bfb,ee2ec7d4-c003-4bfd-a938-0f1e503e3431,WAIVER,CANCELED,10,0,DROP,3071572.0,Keelan Cole Sr.,10.0,0.0,2020-10-14
2020,6,6196fca5-4790-40ad-92c3-87740c1cd890,,FREEAGENT,EXECUTED,2,0,ADD,15788.0,Tyler Eifert,0.0,2.0,2020-10-15
2020,6,6196fca5-4790-40ad-92c3-87740c1cd890,,FREEAGENT,EXECUTED,2,0,DROP,10475.0,Greg Olsen,2.0,0.0,2020-10-15
2020,6,fb20d11b-5967-451b-b95f-fabd53ad1fa5,5b48b343-048d-4642-9267-6f52f5f78722,WAIVER,FAILED_INVALIDPLAYERSOURCE,12,7,ADD,3139522.0,Travis Fulgham,0.0,12.0,2020-10-15
2020,6,fb20d11b-5967-451b-b95f-fabd53ad1fa5,5b48b343-048d-4642-9267-6f52f5f78722,WAIVER,FAILED_INVALIDPLAYERSOURCE,12,7,DROP,2572861.0,J.D. McKissic,12.0,0.0,2020-10-15
2020,6,20545945-f01a-4505-9401-c9e6633766e8,a5659585-1f53-4583-ba5d-cae773b9b395,TRADE_DECLINE,EXECUTED,13,0,,,,,,2020-10-18
2020,6,046852ce-2e48-47d1-978a-9531f4a94c66,,TRADE_PROPOSAL,PENDING,10,0,TRADE,3054212.0,Jonnu Smith,13.0,10.0,2020-10-15
2020,6,046852ce-2e48-47d1-978a-9531f4a94c66,,TRADE_PROPOSAL,PENDING,10,0,TRADE,4240021.0,Cam Akers,13.0,10.0,2020-10-15
2020,6,046852ce-2e48-47d1-978a-9531f4a94c66,,TRADE_PROPOSAL,PENDING,10,0,TRADE,2974858.0,Kenny Golladay,13.0,10.0,2020-10-15
2020,6,046852ce-2e48-47d1-978a-9531f4a94c66,,TRADE_PROPOSAL,PENDING,10,0,TRADE,2576434.0,Melvin Gordon III,10.0,13.0,2020-10-15
2020,6,046852ce-2e48-47d1-978a-9531f4a94c66,,TRADE_PROPOSAL,PENDING,10,0,TRADE,8664.0,Ryan Fitzpatrick,10.0,13.0,2020-10-15
2020,6,046852ce-2e48-47d1-978a-9531f4a94c66,,TRADE_PROPOSAL,PENDING,10,0,TRADE,3043275.0,Austin Hooper,10.0,13.0,2020-10-15
2020,6,1883ac03-cf79-4574-a05b-d4aa2abdf873,11290e09-e973-41cb-a63b-cb284a58628d,WAIVER,EXECUTED,8,45,ADD,14876.0,Ryan Tannehill,0.0,8.0,2020-10-15
2020,6,1883ac03-cf79-4574-a05b-d4aa2abdf873,11290e09-e973-41cb-a63b-cb284a58628d,WAIVER,EXECUTED,8,45,DROP,2577417.0,Dak Prescott,8.0,0.0,2020-10-15
2020,6,aedde548-748c-48e8-9ea9-054ce88dbb50,,FREEAGENT,EXECUTED,8,0,ADD,3895856.0,Christian Kirk,0.0,8.0,2020-10-15
2020,6,aedde548-748c-48e8-9ea9-054ce88dbb50,,FREEAGENT,EXECUTED,8,0,DROP,2998565.0,Mo Alie-Cox,8.0,0.0,2020-10-15
2020,6,3c55b477-1331-4033-93c1-4fa2e1453656,34b910bb-4679-4af6-845b-18ba05bcd55f,WAIVER,EXECUTED,7,1,ADD,2980453.0,Jamaal Williams,0.0,7.0,2020-10-15
2020,6,3c55b477-1331-4033-93c1-4fa2e1453656,34b910bb-4679-4af6-845b-18ba05bcd55f,WAIVER,EXECUTED,7,1,DROP,3917612.0,Ke'Shawn Vaughn,7.0,0.0,2020-10-15
2020,6,743f6744-57aa-4c55-b62c-a66bca35901d,3c6cc24f-67de-423e-a14b-62b441971d4c,WAIVER,CANCELED,10,0,ADD,14012.0,Andy Dalton,0.0,10.0,2020-10-14
2020,6,743f6744-57aa-4c55-b62c-a66bca35901d,3c6cc24f-67de-423e-a14b-62b441971d4c,WAIVER,CANCELED,10,0,DROP,3042778.0,Corey Davis,10.0,0.0,2020-10-14
2020,6,80fbebf3-7b26-48dc-bcf6-c2c6abe63ac1,,ROSTER,EXECUTED,12,0,DROP,-16026.0,Seahawks D/ST,12.0,0.0,2020-10-14
2020,6,ee2ec7d4-c003-4bfd-a938-0f1e503e3431,,WAIVER,PENDING,10,4,ADD,3139522.0,Travis Fulgham,0.0,10.0,2020-10-14
2020,6,ee2ec7d4-c003-4bfd-a938-0f1e503e3431,,WAIVER,PENDING,10,4,DROP,3071572.0,Keelan Cole Sr.,10.0,0.0,2020-10-14
2020,6,30eda2fd-d8ad-4788-ab7f-819ba9b7150b,046852ce-2e48-47d1-978a-9531f4a94c66,TRADE_DECLINE,EXECUTED,13,0,,,,,,2020-10-15
2020,6,26eb100d-5802-4e59-80ff-7377b6b66c5c,b6d5a910-ad0c-44d3-bebe-e06deeb5fa42,WAIVER,FAILED_INVALIDPLAYERSOURCE,4,3,ADD,-16015.0,Dolphins D/ST,0.0,4.0,2020-10-15
2020,6,26eb100d-5802-4e59-80ff-7377b6b66c5c,b6d5a910-ad0c-44d3-bebe-e06deeb5fa42,WAIVER,FAILED_INVALIDPLAYERSOURCE,4,3,DROP,-16012.0,Chiefs D/ST,4.0,0.0,2020-10-15
2020,6,ba3831b1-f546-45db-8a97-03bf08149061,,TRADE_PROPOSAL,PENDING,10,0,TRADE,3059915.0,Kareem Hunt,3.0,10.0,2020-10-15
2020,6,ba3831b1-f546-45db-8a97-03bf08149061,,TRADE_PROPOSAL,PENDING,10,0,TRADE,2576434.0,Melvin Gordon III,10.0,3.0,2020-10-15
2020,6,ba3831b1-f546-45db-8a97-03bf08149061,,TRADE_PROPOSAL,PENDING,10,0,TRADE,8664.0,Ryan Fitzpatrick,10.0,3.0,2020-10-15
2020,6,3352fdc2-4169-461f-b094-9e193f4e9d7b,997c3828-e884-4437-839b-70c295403396,WAIVER,EXECUTED,5,14,ADD,3139522.0,Travis Fulgham,0.0,5.0,2020-10-15
2020,6,3352fdc2-4169-461f-b094-9e193f4e9d7b,997c3828-e884-4437-839b-70c295403396,WAIVER,EXECUTED,5,14,DROP,15971.0,Rex Burkhead,5.0,0.0,2020-10-15
2020,6,34037837-460d-4af6-b761-805ba90342de,,FREEAGENT,EXECUTED,9,0,ADD,2576491.0,Adam Humphries,0.0,9.0,2020-10-18
2020,6,34037837-460d-4af6-b761-805ba90342de,,FREEAGENT,EXECUTED,9,0,DROP,-16002.0,Bills D/ST,9.0,0.0,2020-10-18
2020,6,32ba566d-9b75-44a5-9675-6ff5fadda5ac,4f761de9-9a68-46aa-91df-1f8a23a09122,WAIVER,CANCELED,1,0,ADD,8664.0,Ryan Fitzpatrick,0.0,1.0,2020-10-14
2020,6,32ba566d-9b75-44a5-9675-6ff5fadda5ac,4f761de9-9a68-46aa-91df-1f8a23a09122,WAIVER,CANCELED,1,0,DROP,2570986.0,Malcolm Brown,1.0,0.0,2020-10-14
2020,6,ee01ac34-5b27-46f9-9244-dc5624377424,2bb1974d-1d74-4711-b9f6-b73c740acc01,WAIVER,FAILED_AUCTIONBUDGETEXCEEDED,8,35,ADD,16728.0,Teddy Bridgewater,0.0,8.0,2020-10-15
2020,6,ee01ac34-5b27-46f9-9244-dc5624377424,2bb1974d-1d74-4711-b9f6-b73c740acc01,WAIVER,FAILED_AUCTIONBUDGETEXCEEDED,8,35,DROP,2577417.0,Dak Prescott,8.0,0.0,2020-10-15
2020,6,4632f3f2-899f-40ec-92ad-7327b68ebeca,8e11bc85-d000-4db6-9d0f-7eeabaab1b99,TRADE_PROPOSAL,CANCELED,10,0,TRADE,2576925.0,Darren Waller,9.0,10.0,2020-10-14
2020,6,4632f3f2-899f-40ec-92ad-7327b68ebeca,8e11bc85-d000-4db6-9d0f-7eeabaab1b99,TRADE_PROPOSAL,CANCELED,10,0,TRADE,4035538.0,David Montgomery,9.0,10.0,2020-10-14
2020,6,4632f3f2-899f-40ec-92ad-7327b68ebeca,8e11bc85-d000-4db6-9d0f-7eeabaab1b99,TRADE_PROPOSAL,CANCELED,10,0,TRADE,2576434.0,Melvin Gordon III,10.0,9.0,2020-10-14
2020,6,4632f3f2-899f-40ec-92ad-7327b68ebeca,8e11bc85-d000-4db6-9d0f-7eeabaab1b99,TRADE_PROPOSAL,CANCELED,10,0,TRADE,2573401.0,Tyler Higbee,10.0,9.0,2020-10-14
2020,6,c1a0a284-b51c-4015-89d7-c780c4a733a4,5f53d6e6-4b58-4614-9d11-4d02c17a422a,WAIVER,EXECUTED,1,3,ADD,13229.0,Rob Gronkowski,0.0,1.0,2020-10-15
2020,6,c1a0a284-b51c-4015-89d7-c780c4a733a4,5f53d6e6-4b58-4614-9d11-4d02c17a422a,WAIVER,EXECUTED,1,3,DROP,2570986.0,Malcolm Brown,1.0,0.0,2020-10-15
2020,6,650864d1-bb08-4d19-b323-8cc37b6c12b8,a3b0fabe-e479-4457-9c7f-e4098d216a80,WAIVER,EXECUTED,5,4,ADD,-16015.0,Dolphins D/ST,0.0,5.0,2020-10-15
2020,6,650864d1-bb08-4d19-b323-8cc37b6c12b8,a3b0fabe-e479-4457-9c7f-e4098d216a80,WAIVER,EXECUTED,5,4,DROP,16813.0,Logan Thomas,5.0,0.0,2020-10-15
2020,6,e62cacad-ca79-4af2-8f89-4b96f680000f,010f1778-de86-4adb-a070-1e274f984078,WAIVER,EXECUTED,7,1,ADD,8479.0,Frank Gore,0.0,7.0,2020-10-15
2020,6,e62cacad-ca79-4af2-8f89-4b96f680000f,010f1778-de86-4adb-a070-1e274f984078,WAIVER,EXECUTED,7,1,DROP,3115378.0,Russell Gage,7.0,0.0,2020-10-15
2020,6,f408eb31-92ae-43b4-a7a8-7efb80a756b2,6f2ee000-5701-459a-899c-17d934024b26,WAIVER,EXECUTED,10,17,ADD,8664.0,Ryan Fitzpatrick,0.0,10.0,2020-10-15
2020,6,f408eb31-92ae-43b4-a7a8-7efb80a756b2,6f2ee000-5701-459a-899c-17d934024b26,WAIVER,EXECUTED,10,17,DROP,3071572.0,Keelan Cole Sr.,10.0,0.0,2020-10-15
2020,6,9ad2487d-98e4-4adb-a1d7-ae73b37d9d55,,TRADE_PROPOSAL,PENDING,10,0,TRADE,15825.0,Le'Veon Bell,9.0,10.0,2020-10-15
2020,6,9ad2487d-98e4-4adb-a1d7-ae73b37d9d55,,TRADE_PROPOSAL,PENDING,10,0,TRADE,2576925.0,Darren Waller,9.0,10.0,2020-10-15
2020,6,9ad2487d-98e4-4adb-a1d7-ae73b37d9d55,,TRADE_PROPOSAL,PENDING,10,0,TRADE,2576434.0,Melvin Gordon III,10.0,9.0,2020-10-15
2020,6,9ad2487d-98e4-4adb-a1d7-ae73b37d9d55,,TRADE_PROPOSAL,PENDING,10,0,TRADE,3043275.0,Austin Hooper,10.0,9.0,2020-10-15
2020,6,d622fcc6-c128-4b53-904b-eb3ec7f73dcc,ce7e505c-645b-4b5c-aa12-244635d92312,WAIVER,FAILED_PLAYERALREADYDROPPED,7,1,ADD,3139033.0,Mike Boone,0.0,7.0,2020-10-15
2020,6,d622fcc6-c128-4b53-904b-eb3ec7f73dcc,ce7e505c-645b-4b5c-aa12-244635d92312,WAIVER,FAILED_PLAYERALREADYDROPPED,7,1,DROP,3917612.0,Ke'Shawn Vaughn,7.0,0.0,2020-10-15
2020,6,886e7d9f-80fa-4d16-bdb6-8f1d3a52fabc,b418ff90-7759-4a26-b96d-488e4405b77b,WAIVER,CANCELED,8,0,ADD,14876.0,Ryan Tannehill,0.0,8.0,2020-10-14
2020,6,886e7d9f-80fa-4d16-bdb6-8f1d3a52fabc,b418ff90-7759-4a26-b96d-488e4405b77b,WAIVER,CANCELED,8,0,DROP,16760.0,Jimmy Garoppolo,8.0,0.0,2020-10-14
2020,6,8b8f7419-34a6-4b44-93b7-f3b0ca65347e,9ad2487d-98e4-4adb-a1d7-ae73b37d9d55,TRADE_PROPOSAL,CANCELED,10,0,TRADE,15825.0,Le'Veon Bell,9.0,10.0,2020-10-16
2020,6,8b8f7419-34a6-4b44-93b7-f3b0ca65347e,9ad2487d-98e4-4adb-a1d7-ae73b37d9d55,TRADE_PROPOSAL,CANCELED,10,0,TRADE,2576925.0,Darren Waller,9.0,10.0,2020-10-16
2020,6,8b8f7419-34a6-4b44-93b7-f3b0ca65347e,9ad2487d-98e4-4adb-a1d7-ae73b37d9d55,TRADE_PROPOSAL,CANCELED,10,0,TRADE,2576434.0,Melvin Gordon III,10.0,9.0,2020-10-16
2020,6,8b8f7419-34a6-4b44-93b7-f3b0ca65347e,9ad2487d-98e4-4adb-a1d7-ae73b37d9d55,TRADE_PROPOSAL,CANCELED,10,0,TRADE,3043275.0,Austin Hooper,10.0,9.0,2020-10-16
2020,6,40b0933c-18a4-4b32-8c85-0396ea20c64b,,TRADE_PROPOSAL,PENDING,10,0,TRADE,4035538.0,David Montgomery,9.0,10.0,2020-10-17
2020,6,40b0933c-18a4-4b32-8c85-0396ea20c64b,,TRADE_PROPOSAL,PENDING,10,0,TRADE,2976316.0,Michael Thomas,9.0,10.0,2020-10-17
2020,6,40b0933c-18a4-4b32-8c85-0396ea20c64b,,TRADE_PROPOSAL,PENDING,10,0,TRADE,4242214.0,Clyde Edwards-Helaire,10.0,9.0,2020-10-17
2020,6,40b0933c-18a4-4b32-8c85-0396ea20c64b,,TRADE_PROPOSAL,PENDING,10,0,TRADE,2576434.0,Melvin Gordon III,10.0,9.0,2020-10-17
2020,6,8c515b59-2ea3-4ef7-a328-44c88e0aa5d3,dad0138c-1352-426a-be55-23f157b8a984,TRADE_UPHOLD,EXECUTED,1,0,,,,,,2020-10-15
2020,6,8dbb279e-d477-4995-9222-363f1e6ed1b3,82663d70-27ce-425f-a174-f84037f5bd41,WAIVER,FAILED_INVALIDPLAYERSOURCE,2,1,ADD,13229.0,Rob Gronkowski,0.0,2.0,2020-10-15
2020,6,8dbb279e-d477-4995-9222-363f1e6ed1b3,82663d70-27ce-425f-a174-f84037f5bd41,WAIVER,FAILED_INVALIDPLAYERSOURCE,2,1,DROP,10475.0,Greg Olsen,2.0,0.0,2020-10-15
2020,6,20067f1c-b30b-4584-93d1-6098f5a0538d,1f03a6ea-44fa-4250-bf95-237bbf1e8b9f,WAIVER,FAILED_INVALIDPLAYERSOURCE,3,5,ADD,8664.0,Ryan Fitzpatrick,0.0,3.0,2020-10-15
2020,6,20067f1c-b30b-4584-93d1-6098f5a0538d,1f03a6ea-44fa-4250-bf95-237bbf1e8b9f,WAIVER,FAILED_INVALIDPLAYERSOURCE,3,5,DROP,3050487.0,Anthony Miller,3.0,0.0,2020-10-15
2020,6,418968ee-d49e-45d8-9d7a-a426a1ee4d18,046852ce-2e48-47d1-978a-9531f4a94c66,TRADE_PROPOSAL,CANCELED,10,0,TRADE,3054212.0,Jonnu Smith,13.0,10.0,2020-10-15
2020,6,418968ee-d49e-45d8-9d7a-a426a1ee4d18,046852ce-2e48-47d1-978a-9531f4a94c66,TRADE_PROPOSAL,CANCELED,10,0,TRADE,4240021.0,Cam Akers,13.0,10.0,2020-10-15
2020,6,418968ee-d49e-45d8-9d7a-a426a1ee4d18,046852ce-2e48-47d1-978a-9531f4a94c66,TRADE_PROPOSAL,CANCELED,10,0,TRADE,2974858.0,Kenny Golladay,13.0,10.0,2020-10-15
2020,6,418968ee-d49e-45d8-9d7a-a426a1ee4d18,046852ce-2e48-47d1-978a-9531f4a94c66,TRADE_PROPOSAL,CANCELED,10,0,TRADE,2576434.0,Melvin Gordon III,10.0,13.0,2020-10-15
2020,6,418968ee-d49e-45d8-9d7a-a426a1ee4d18,046852ce-2e48-47d1-978a-9531f4a94c66,TRADE_PROPOSAL,CANCELED,10,0,TRADE,8664.0,Ryan Fitzpatrick,10.0,13.0,2020-10-15
2020,6,418968ee-d49e-45d8-9d7a-a426a1ee4d18,046852ce-2e48-47d1-978a-9531f4a94c66,TRADE_PROPOSAL,CANCELED,10,0,TRADE,3043275.0,Austin Hooper,10.0,13.0,2020-10-15
2020,6,9c01d8f6-b9be-40eb-aad5-79389e687522,ba3831b1-f546-45db-8a97-03bf08149061,TRADE_PROPOSAL,CANCELED,10,0,TRADE,3059915.0,Kareem Hunt,3.0,10.0,2020-10-16
2020,6,9c01d8f6-b9be-40eb-aad5-79389e687522,ba3831b1-f546-45db-8a97-03bf08149061,TRADE_PROPOSAL,CANCELED,10,0,TRADE,2576434.0,Melvin Gordon III,10.0,3.0,2020-10-16
2020,6,9c01d8f6-b9be-40eb-aad5-79389e687522,ba3831b1-f546-45db-8a97-03bf08149061,TRADE_PROPOSAL,CANCELED,10,0,TRADE,8664.0,Ryan Fitzpatrick,10.0,3.0,2020-10-16
2020,7,3870c5d8-34be-48a4-a5ab-55eb1760a607,ab8feca6-13a7-4410-9b55-2abd45839a55,TRADE_PROPOSAL,CANCELED,10,0,TRADE,13981.0,Mark Ingram II,2.0,10.0,2020-10-22
2020,7,3870c5d8-34be-48a4-a5ab-55eb1760a607,ab8feca6-13a7-4410-9b55-2abd45839a55,TRADE_PROPOSAL,CANCELED,10,0,TRADE,4036348.0,Michael Gallup,10.0,2.0,2020-10-22
2020,7,bfa54b23-a9ea-4155-9017-dfaf4052294f,6c43da39-4813-4e8d-afa5-99307b69f605,WAIVER,CANCELED,7,0,ADD,-16002.0,Bills D/ST,0.0,7.0,2020-10-21
2020,7,bfa54b23-a9ea-4155-9017-dfaf4052294f,6c43da39-4813-4e8d-afa5-99307b69f605,WAIVER,CANCELED,7,0,DROP,2980453.0,Jamaal Williams,7.0,0.0,2020-10-21
2020,7,77758cac-f018-409b-816c-6052862bdb51,,ROSTER,EXECUTED,1,5,DROP,3914397.0,Scotty Miller,1.0,0.0,2020-10-20
2020,7,aecd8266-e703-4e5b-8c77-01f78b597b24,,FREEAGENT,EXECUTED,2,0,ADD,16757.0,Derek Carr,0.0,2.0,2020-10-25
2020,7,99ac3138-97b7-4736-8953-258b9ae6fb2a,43c1af23-8728-4a24-baac-fae9ecfef9de,WAIVER,EXECUTED,3,6,ADD,8664.0,Ryan Fitzpatrick,0.0,3.0,2020-10-23
2020,7,99ac3138-97b7-4736-8953-258b9ae6fb2a,43c1af23-8728-4a24-baac-fae9ecfef9de,WAIVER,EXECUTED,3,6,DROP,16757.0,Derek Carr,3.0,0.0,2020-10-23
2020,7,385ad970-8dc6-4edf-8e0d-ff1ff9b9729e,,FREEAGENT,EXECUTED,6,0,ADD,3128451.0,Tre'Quan Smith,0.0,6.0,2020-10-23
2020,7,385ad970-8dc6-4edf-8e0d-ff1ff9b9729e,,FREEAGENT,EXECUTED,6,0,DROP,-16018.0,Saints D/ST,6.0,0.0,2020-10-23
2020,7,b59e1eb8-8774-4959-b121-a0e21be9533a,,FREEAGENT,EXECUTED,8,0,ADD,4239934.0,AJ Dillon,0.0,8.0,2020-10-25
2020,7,b59e1eb8-8774-4959-b121-a0e21be9533a,,FREEAGENT,EXECUTED,8,0,DROP,16760.0,Jimmy Garoppolo,8.0,0.0,2020-10-25
2020,7,4eadbed3-71d2-491b-8f5f-007ba75faf4f,bcb4a3a2-5f3d-4312-bad8-8d1562cb4725,TRADE_DECLINE,EXECUTED,4,0,,,,,,2020-10-23
2020,7,5449317d-edbf-4dfb-8501-8458050401ac,a3db98f7-31e3-4f09-a7e1-9aa6aeb9a9a2,WAIVER,EXECUTED,12,1,ADD,14012.0,Andy Dalton,0.0,12.0,2020-10-23
2020,7,5449317d-edbf-4dfb-8501-8458050401ac,a3db98f7-31e3-4f09-a7e1-9aa6aeb9a9a2,WAIVER,EXECUTED,12,1,DROP,10452.0,Adrian Peterson,12.0,0.0,2020-10-23
2020,7,b95fb0c7-17ed-48a8-827c-c74b74e21167,45a4b32b-bbd3-480f-85f6-7bfc7849c5f4,WAIVER,FAILED_INVALIDPLAYERSOURCE,7,3,ADD,-16002.0,Bills D/ST,0.0,7.0,2020-10-21
2020,7,b95fb0c7-17ed-48a8-827c-c74b74e21167,45a4b32b-bbd3-480f-85f6-7bfc7849c5f4,WAIVER,FAILED_INVALIDPLAYERSOURCE,7,3,DROP,8479.0,Frank Gore,7.0,0.0,2020-10-21
2020,7,2aaa36ad-bd5b-4785-bcce-bdea48837376,ce7a2ae5-0c28-44aa-bab0-d186b5628f02,TRADE_DECLINE,EXECUTED,1,0,,,,,,2020-10-25
2020,7,5a9c280a-7bef-4f52-8b9a-2d9e8397cd32,3a5affd1-e54a-4265-ba9a-fb3463527200,WAIVER,FAILED_INVALIDPLAYERSOURCE,12,8,ADD,13983.0,A.J. Green,0.0,12.0,2020-10-21
2020,7,5a9c280a-7bef-4f52-8b9a-2d9e8397cd32,3a5affd1-e54a-4265-ba9a-fb3463527200,WAIVER,FAILED_INVALIDPLAYERSOURCE,12,8,DROP,3135321.0,Hunter Renfrow,12.0,0.0,2020-10-21
2020,7,a84966a2-0d50-4310-b811-8a5140e45de5,b252e841-fcbc-4347-9f92-fbd8fef13b94,TRADE_ACCEPT,,2,0,,,,,,2020-10-22
2020,7,a562eeb5-0e1f-4aa1-80df-5ea641e1a35b,48c3a061-c7ae-4f6f-ba3c-80db6e1f8f8b,TRADE_DECLINE,EXECUTED,1,0,,,,,,2020-10-25
2020,7,b0accf1a-402b-4649-b8c1-7e00f67d8be3,5328efd3-5fe4-4858-b853-534225f4c66c,WAIVER,CANCELED,6,0,ADD,-16019.0,Giants D/ST,0.0,6.0,2020-10-25
2020,7,884a1dac-5063-41d5-b874-c771a2721ab3,b24b319e-6f04-476c-8f5b-e3439a1c17f0,WAIVER,EXECUTED,3,3,ADD,10452.0,Adrian Peterson,0.0,3.0,2020-10-24
2020,7,884a1dac-5063-41d5-b874-c771a2721ab3,b24b319e-6f04-476c-8f5b-e3439a1c17f0,WAIVER,EXECUTED,3,3,DROP,3050487.0,Anthony Miller,3.0,0.0,2020-10-24
2020,7,a90767ac-6557-4dd9-bc60-9889a9213ec1,a2d7d4ca-f036-4366-b2ca-c58ae9076bec,WAIVER,EXECUTED,8,7,ADD,-16002.0,Bills D/ST,0.0,8.0,2020-10-21
2020,7,a90767ac-6557-4dd9-bc60-9889a9213ec1,a2d7d4ca-f036-4366-b2ca-c58ae9076bec,WAIVER,EXECUTED,8,7,DROP,-16005.0,Browns D/ST,8.0,0.0,2020-10-21
2020,7,d972e29c-7277-42e5-9eca-2791137d724a,,FREEAGENT,EXECUTED,4,0,ADD,2582410.0,Tyler Kroft,0.0,4.0,2020-10-24
2020,7,d972e29c-7277-42e5-9eca-2791137d724a,,FREEAGENT,EXECUTED,4,0,DROP,10475.0,Greg Olsen,4.0,0.0,2020-10-24
2020,7,eea7d316-288b-490f-bbb7-1cd7cd039c75,,FREEAGENT,EXECUTED,10,0,ADD,3049698.0,Anthony Firkser,0.0,10.0,2020-10-21
2020,7,eea7d316-288b-490f-bbb7-1cd7cd039c75,,FREEAGENT,EXECUTED,10,0,DROP,8664.0,Ryan Fitzpatrick,10.0,0.0,2020-10-21
2020,7,c3e540ae-857f-40c6-b101-5762c0d65065,,FREEAGENT,EXECUTED,3,0,ADD,3915511.0,Joe Burrow,0.0,3.0,2020-10-23
2020,7,c3e540ae-857f-40c6-b101-5762c0d65065,,FREEAGENT,EXECUTED,3,0,DROP,8664.0,Ryan Fitzpatrick,3.0,0.0,2020-10-23
2020,7,40678be4-23b6-4f39-9de5-57a18d3ee64d,,FREEAGENT,EXECUTED,10,0,ADD,3928925.0,JaMycal Hasty,0.0,10.0,2020-10-21
2020,7,40678be4-23b6-4f39-9de5-57a18d3ee64d,,FREEAGENT,EXECUTED,10,0,DROP,14012.0,Andy Dalton,10.0,0.0,2020-10-21
2020,7,ab8feca6-13a7-4410-9b55-2abd45839a55,,TRADE_PROPOSAL,PENDING,10,0,TRADE,13981.0,Mark Ingram II,2.0,10.0,2020-10-21
2020,7,ab8feca6-13a7-4410-9b55-2abd45839a55,,TRADE_PROPOSAL,PENDING,10,0,TRADE,4036348.0,Michael Gallup,10.0,2.0,2020-10-21
2020,7,7bc1d207-6d15-4bb6-ab42-d439d305f7c0,9c63d1a1-446c-4ea1-90f5-09f1d959bd2a,TRADE_DECLINE,EXECUTED,12,0,,,,,,2020-10-23
2020,7,ad941dd5-b435-49ca-82d5-92af2e9da953,,FREEAGENT,EXECUTED,10,0,ADD,13934.0,Antonio Brown,0.0,10.0,2020-10-21
2020,7,ad941dd5-b435-49ca-82d5-92af2e9da953,,FREEAGENT,EXECUTED,10,0,DROP,4035004.0,Mecole Hardman,10.0,0.0,2020-10-21
2020,7,d2f67d7b-0d22-47c2-93e9-60e5aa6e8f31,0e1325b4-d553-4bc5-b27d-6320aa8e0284,WAIVER,EXECUTED,7,1,ADD,-16021.0,Eagles D/ST,0.0,7.0,2020-10-21
2020,7,d2f67d7b-0d22-47c2-93e9-60e5aa6e8f31,0e1325b4-d553-4bc5-b27d-6320aa8e0284,WAIVER,EXECUTED,7,1,DROP,8479.0,Frank Gore,7.0,0.0,2020-10-21
2020,7,b252e841-fcbc-4347-9f92-fbd8fef13b94,,TRADE_PROPOSAL,PENDING,10,0,TRADE,13981.0,Mark Ingram II,2.0,10.0,2020-10-22
2020,7,b252e841-fcbc-4347-9f92-fbd8fef13b94,,TRADE_PROPOSAL,PENDING,10,0,TRADE,16790.0,Jarvis Landry,10.0,2.0,2020-10-22
2020,7,d5b65793-f301-40b6-bb24-831f34bc8d1d,0905fef1-4608-4849-9ddb-ae05e4b624d7,WAIVER,FAILED_INVALIDPLAYERSOURCE,12,1,ADD,-16021.0,Eagles D/ST,0.0,12.0,2020-10-21
2020,7,d5b65793-f301-40b6-bb24-831f34bc8d1d,0905fef1-4608-4849-9ddb-ae05e4b624d7,WAIVER,FAILED_INVALIDPLAYERSOURCE,12,1,DROP,-16019.0,Giants D/ST,12.0,0.0,2020-10-21
2020,7,0a22e2cf-5a43-4475-85b3-66af4225bddb,fa7f3a8d-5270-43e8-aeb1-07fdd1bea6ef,TRADE_DECLINE,EXECUTED,12,0,,,,,,2020-10-23
2020,7,d429ddd9-0fcd-458d-ba2e-92e5a308ed37,,FREEAGENT,EXECUTED,4,0,ADD,10475.0,Greg Olsen,0.0,4.0,2020-10-22
2020,7,d429ddd9-0fcd-458d-ba2e-92e5a308ed37,,FREEAGENT,EXECUTED,4,0,DROP,15971.0,Rex Burkhead,4.0,0.0,2020-10-22
2020,7,94f4ec70-3125-418b-8153-9b2049d360ad,b7738d36-01b7-4c9b-9833-6d16b36edff7,WAIVER,EXECUTED,12,16,ADD,3051439.0,Boston Scott,0.0,12.0,2020-10-21
2020,7,392ddfd6-0329-447f-acce-ac8d373d44f1,b252e841-fcbc-4347-9f92-fbd8fef13b94,TRADE_ACCEPT,EXECUTED,10,0,TRADE,13981.0,Mark Ingram II,2.0,10.0,2020-10-22
2020,7,392ddfd6-0329-447f-acce-ac8d373d44f1,b252e841-fcbc-4347-9f92-fbd8fef13b94,TRADE_ACCEPT,EXECUTED,10,0,TRADE,16790.0,Jarvis Landry,10.0,2.0,2020-10-22
2020,7,04f5b0f1-7473-4ae2-99bb-9e026de2917d,,FREEAGENT,EXECUTED,12,0,ADD,-16006.0,Cowboys D/ST,0.0,12.0,2020-10-21
2020,7,04f5b0f1-7473-4ae2-99bb-9e026de2917d,,FREEAGENT,EXECUTED,12,0,DROP,-16019.0,Giants D/ST,12.0,0.0,2020-10-21
2020,7,c128e696-a254-44d9-a107-12501f8ca8de,f2964696-df59-49e3-ab85-8aa3f8cffe02,TRADE_UPHOLD,EXECUTED,12,0,,,,,,2020-10-23
2020,7,6c80c046-179c-4811-a0e0-3c728505f863,2ed8de19-67e4-4b2f-92f4-e912305c74a6,WAIVER,EXECUTED,2,5,ADD,3071572.0,Keelan Cole Sr.,0.0,2.0,2020-10-21
2020,7,6c80c046-179c-4811-a0e0-3c728505f863,2ed8de19-67e4-4b2f-92f4-e912305c74a6,WAIVER,EXECUTED,2,5,DROP,15788.0,Tyler Eifert,2.0,0.0,2020-10-21
2020,7,59175236-d49f-4634-8b67-4551ae575e56,0f2d1d3e-9452-4fe6-af0c-177c61d9199b,TRADE_DECLINE,EXECUTED,3,0,,,,,,2020-10-24
2020,7,b2e2613f-a640-4627-9b40-2473c67f7482,,ROSTER,EXECUTED,4,0,LINEUP,3932905.0,Diontae Johnson,0.0,0.0,2020-10-22
2020,7,b2e2613f-a640-4627-9b40-2473c67f7482,,ROSTER,EXECUTED,4,0,DROP,14269.0,Dontrelle Inman,4.0,0.0,2020-10-22
2020,7,a952272c-0703-4f2d-97f0-a9dd24ab2b04,,FREEAGENT,EXECUTED,4,0,ADD,-16005.0,Browns D/ST,0.0,4.0,2020-10-22
2020,7,a952272c-0703-4f2d-97f0-a9dd24ab2b04,,FREEAGENT,EXECUTED,4,0,DROP,-16028.0,Washington D/ST,4.0,0.0,2020-10-22
2020,7,f5940f07-b72e-4f80-bd1f-4f0b16614c02,2fe47893-5ec3-4735-b653-e0ffa4627eeb,WAIVER,EXECUTED,1,8,ADD,13983.0,A.J. Green,0.0,1.0,2020-10-21
2020,7,f5940f07-b72e-4f80-bd1f-4f0b16614c02,2fe47893-5ec3-4735-b653-e0ffa4627eeb,WAIVER,EXECUTED,1,8,DROP,4047839.0,N'Keal Harry,1.0,0.0,2020-10-21
2020,7,d7b74f6e-19c0-4b9d-b1a5-8d812bbf06c2,29d8c15f-1236-48bb-be0e-f199a4d4124b,WAIVER,EXECUTED,5,1,ADD,16728.0,Teddy Bridgewater,0.0,5.0,2020-10-21
2020,7,9560c1e4-6b5b-488e-895b-6dcca1320b0f,,FREEAGENT,EXECUTED,12,0,ADD,2972460.0,Breshad Perriman,0.0,12.0,2020-10-21
2020,7,9560c1e4-6b5b-488e-895b-6dcca1320b0f,,FREEAGENT,EXECUTED,12,0,DROP,3135321.0,Hunter Renfrow,12.0,0.0,2020-10-21
2020,7,6d8875f6-f35b-4c3a-ae91-cd1f2a2c9ffe,f2964696-df59-49e3-ab85-8aa3f8cffe02,TRADE_ACCEPT,,9,0,,,,,,2020-10-23
2020,7,8f153fe0-04de-458d-b106-3699d294dd61,b252e841-fcbc-4347-9f92-fbd8fef13b94,TRADE_UPHOLD,EXECUTED,1,0,,,,,,2020-10-22
2020,7,b5eea536-c35d-42f6-95f4-f2109bfbe8a2,,ROSTER,EXECUTED,12,0,DROP,3052587.0,Baker Mayfield,12.0,0.0,2020-10-20
2020,7,ddf26c25-27d3-4b4f-91c5-aae717ccc773,f2964696-df59-49e3-ab85-8aa3f8cffe02,TRADE_UPHOLD,EXECUTED,1,0,,,,,,2020-10-23
2020,7,1dbaf119-5b88-4456-87f4-bb16bd01aa7f,ad4dee8a-7fce-419d-a7e7-bcaed8279b8d,TRADE_PROPOSAL,CANCELED,5,0,TRADE,4259545.0,D'Andre Swift,3.0,5.0,2020-10-21
2020,7,1dbaf119-5b88-4456-87f4-bb16bd01aa7f,ad4dee8a-7fce-419d-a7e7-bcaed8279b8d,TRADE_PROPOSAL,CANCELED,5,0,TRADE,3059915.0,Kareem Hunt,3.0,5.0,2020-10-21
2020,7,1dbaf119-5b88-4456-87f4-bb16bd01aa7f,ad4dee8a-7fce-419d-a7e7-bcaed8279b8d,TRADE_PROPOSAL,CANCELED,5,0,TRADE,16737.0,Mike Evans,5.0,3.0,2020-10-21
2020,7,1dbaf119-5b88-4456-87f4-bb16bd01aa7f,ad4dee8a-7fce-419d-a7e7-bcaed8279b8d,TRADE_PROPOSAL,CANCELED,5,0,TRADE,4242335.0,Jonathan Taylor,5.0,3.0,2020-10-21
2020,7,524f8013-f303-49d0-b860-7b99b13385dd,443372f8-708e-4c74-9059-a66cbe447bb4,TRADE_PROPOSAL,CANCELED,12,0,TRADE,2976316.0,Michael Thomas,9.0,12.0,2020-10-23
2020,7,524f8013-f303-49d0-b860-7b99b13385dd,443372f8-708e-4c74-9059-a66cbe447bb4,TRADE_PROPOSAL,CANCELED,12,0,TRADE,2977644.0,Todd Gurley II,12.0,9.0,2020-10-23
2020,7,524f8013-f303-49d0-b860-7b99b13385dd,443372f8-708e-4c74-9059-a66cbe447bb4,TRADE_PROPOSAL,CANCELED,12,0,TRADE,3045138.0,Mike Williams,12.0,9.0,2020-10-23
2020,7,524f8013-f303-49d0-b860-7b99b13385dd,443372f8-708e-4c74-9059-a66cbe447bb4,TRADE_PROPOSAL,CANCELED,12,0,TRADE,2572861.0,J.D. McKissic,12.0,9.0,2020-10-23
2020,7,840d4eb8-ccf4-4d50-9657-81a6bf423958,555d95a2-42df-4613-81fa-a3e9c3c89631,WAIVER,FAILED_INVALIDPLAYERSOURCE,7,6,ADD,13983.0,A.J. Green,0.0,7.0,2020-10-21
2020,7,840d4eb8-ccf4-4d50-9657-81a6bf423958,555d95a2-42df-4613-81fa-a3e9c3c89631,WAIVER,FAILED_INVALIDPLAYERSOURCE,7,6,DROP,2980453.0,Jamaal Williams,7.0,0.0,2020-10-21
2020,7,43d4cf48-3407-4f2d-9c6a-237c55c1d784,ab8feca6-13a7-4410-9b55-2abd45839a55,TRADE_DECLINE,EXECUTED,2,0,,4036348.0,Michael Gallup,0.0,0.0,2020-10-22
2020,7,002d7c0d-9cfe-4270-8af8-bd108320761f,7329594d-6200-4341-8dcb-7fd8a79f2012,WAIVER,CANCELED,7,0,ADD,10452.0,Adrian Peterson,0.0,7.0,2020-10-24
2020,7,002d7c0d-9cfe-4270-8af8-bd108320761f,7329594d-6200-4341-8dcb-7fd8a79f2012,WAIVER,CANCELED,7,0,DROP,2980453.0,Jamaal Williams,7.0,0.0,2020-10-24
2020,7,3ce26175-bd1c-4248-b10e-60da84dccc80,,FREEAGENT,EXECUTED,6,0,ADD,-16018.0,Saints D/ST,0.0,6.0,2020-10-25
2020,7,5f528bdf-4ea2-47b8-af77-f437808e89d4,f2964696-df59-49e3-ab85-8aa3f8cffe02,TRADE_UPHOLD,EXECUTED,1,0,,,,,,2020-10-23
2020,7,fc65cdd3-94f0-4972-98fe-1ff1fa324ce3,,FREEAGENT,EXECUTED,9,0,ADD,-16024.0,Chargers D/ST,0.0,9.0,2020-10-25
2020,7,fc65cdd3-94f0-4972-98fe-1ff1fa324ce3,,FREEAGENT,EXECUTED,9,0,DROP,-16029.0,Panthers D/ST,9.0,0.0,2020-10-25
2020,7,313f17f1-0a0b-4138-85bb-fc4ddf8fb384,eb7572f4-fa9c-4b27-a565-51fedc81c853,WAIVER,FAILED_INVALIDPLAYERSOURCE,7,2,ADD,3071572.0,Keelan Cole Sr.,0.0,7.0,2020-10-21
2020,7,313f17f1-0a0b-4138-85bb-fc4ddf8fb384,eb7572f4-fa9c-4b27-a565-51fedc81c853,WAIVER,FAILED_INVALIDPLAYERSOURCE,7,2,DROP,2980453.0,Jamaal Williams,7.0,0.0,2020-10-21
2020,7,40741513-9539-4986-adb2-2399bcb575c6,,FREEAGENT,EXECUTED,12,0,ADD,15826.0,Giovani Bernard,0.0,12.0,2020-10-23
2020,7,40741513-9539-4986-adb2-2399bcb575c6,,FREEAGENT,EXECUTED,12,0,DROP,14012.0,Andy Dalton,12.0,0.0,2020-10-23
2020,7,e506323a-3a24-410a-848c-f2cec4161f30,db9405dc-8bd1-495e-9807-50a2413e068c,WAIVER,EXECUTED,12,1,ADD,2573401.0,Tyler Higbee,0.0,12.0,2020-10-21
2020,7,da7170ba-c443-46f7-840f-4f430b2c8774,7e004726-7f2d-44e0-995a-69d7868c7c5f,TRADE_DECLINE,EXECUTED,8,0,,,,,,2020-10-23
2020,7,efaab66b-34fd-40ef-a042-a925e9dc2560,,ROSTER,EXECUTED,5,0,DROP,-16015.0,Dolphins D/ST,5.0,0.0,2020-10-20
2020,8,cf7cd237-6cba-459f-a2cb-5ca8dbb5d943,f982ae2f-2f72-4c28-bee5-d445ed0b5b35,WAIVER,EXECUTED,1,2,ADD,4240631.0,DeeJay Dallas,0.0,1.0,2020-10-28
2020,8,cf7cd237-6cba-459f-a2cb-5ca8dbb5d943,f982ae2f-2f72-4c28-bee5-d445ed0b5b35,WAIVER,EXECUTED,1,2,DROP,13994.0,Cam Newton,1.0,0.0,2020-10-28
2020,8,91418b02-be77-4e60-96a1-237da671e3ed,530c1b96-c622-42b2-8d6e-f7c12befe6bf,WAIVER,FAILED_INVALIDPLAYERSOURCE,1,4,ADD,16777.0,Carlos Hyde,0.0,1.0,2020-10-28
2020,8,91418b02-be77-4e60-96a1-237da671e3ed,530c1b96-c622-42b2-8d6e-f7c12befe6bf,WAIVER,FAILED_INVALIDPLAYERSOURCE,1,4,DROP,-16017.0,Patriots D/ST,1.0,0.0,2020-10-28
2020,8,b13f0425-2df6-4f2c-86e4-7c47ddf610a4,,FREEAGENT,EXECUTED,1,0,ADD,3123075.0,Braxton Berrios,0.0,1.0,2020-10-30
2020,8,b13f0425-2df6-4f2c-86e4-7c47ddf610a4,,FREEAGENT,EXECUTED,1,0,DROP,13215.0,Dez Bryant,1.0,0.0,2020-10-30
2020,8,2f96cf7f-c429-441a-968e-259f52d36108,,FREEAGENT,EXECUTED,13,0,ADD,4037457.0,Travis Homer,0.0,13.0,2020-10-28
2020,8,2f96cf7f-c429-441a-968e-259f52d36108,,FREEAGENT,EXECUTED,13,0,DROP,3139602.0,D'Ernest Johnson,13.0,0.0,2020-10-28
2020,8,712d860f-ec38-4ccd-b81b-9721028d9373,,FREEAGENT,EXECUTED,12,0,ADD,16974.0,Trey Burton,0.0,12.0,2020-11-01
2020,8,712d860f-ec38-4ccd-b81b-9721028d9373,,FREEAGENT,EXECUTED,12,0,DROP,16786.0,Richard Rodgers,12.0,0.0,2020-11-01
2020,8,00d0f108-307d-4186-bd45-4a271b76e8b4,,FREEAGENT,EXECUTED,5,0,ADD,4034952.0,La'Mical Perine,0.0,5.0,2020-10-28
2020,8,00d0f108-307d-4186-bd45-4a271b76e8b4,,FREEAGENT,EXECUTED,5,0,DROP,16804.0,John Brown,5.0,0.0,2020-10-28
2020,8,1411df62-bf41-4501-8e84-5b3571cef4f4,,FREEAGENT,EXECUTED,7,0,ADD,4240631.0,DeeJay Dallas,0.0,7.0,2020-11-01
2020,8,1411df62-bf41-4501-8e84-5b3571cef4f4,,FREEAGENT,EXECUTED,7,0,DROP,12649.0,Julian Edelman,7.0,0.0,2020-11-01
2020,8,68817907-f3ec-43c8-9450-22062b114e64,,FREEAGENT,EXECUTED,12,0,ADD,4241802.0,Jalen Reagor,0.0,12.0,2020-10-28
2020,8,9e1d870b-6f37-4e39-a010-f9b4ce49e36a,e398680a-db00-42b8-84a9-93f70b020d7f,WAIVER,CANCELED,10,10,ADD,16804.0,John Brown,0.0,10.0,2020-10-29
2020,8,9e1d870b-6f37-4e39-a010-f9b4ce49e36a,e398680a-db00-42b8-84a9-93f70b020d7f,WAIVER,CANCELED,10,10,DROP,4036348.0,Michael Gallup,10.0,0.0,2020-10-29
2020,8,1a090d57-ade0-4f1a-9d3f-2c8238e10eff,d63c8eb0-78b9-40c3-ac07-d3182c06961e,WAIVER,CANCELED,3,0,ADD,3052587.0,Baker Mayfield,0.0,3.0,2020-11-02
2020,8,65853a16-315e-49a4-864d-b0119b1a3a80,,ROSTER,EXECUTED,4,0,LINEUP,3121023.0,Dallas Goedert,0.0,0.0,2020-11-01
2020,8,65853a16-315e-49a4-864d-b0119b1a3a80,,ROSTER,EXECUTED,4,0,DROP,4035676.0,Zack Moss,4.0,0.0,2020-11-01
2020,8,2777cbe9-ad06-4f9e-bf71-32362ec6331f,,FREEAGENT,EXECUTED,12,0,ADD,4035403.0,Denzel Mims,0.0,12.0,2020-11-01
2020,8,3412d9f6-3776-4f88-804f-390b4db71361,44f9a7c8-a864-4025-8db2-1f9b7bd0f750,TRADE_ACCEPT,,13,0,,,,,,2020-10-28
2020,8,8dece939-2c94-460c-93d0-a081a5bd102d,3aabac62-b722-48ea-baf3-ba02d8b7ab4a,TRADE_UPHOLD,EXECUTED,4,0,,,,,,2020-11-01
2020,8,e398680a-db00-42b8-84a9-93f70b020d7f,,WAIVER,PENDING,10,10,ADD,16804.0,John Brown,0.0,10.0,2020-10-28
2020,8,e398680a-db00-42b8-84a9-93f70b020d7f,,WAIVER,PENDING,10,10,DROP,4036348.0,Michael Gallup,10.0,0.0,2020-10-28
2020,8,844e0ebe-476a-409e-a67c-32b5dc8a864f,0cbc7620-3ebd-4955-9d4e-ac0d37e4adb1,WAIVER,EXECUTED,12,7,ADD,16777.0,Carlos Hyde,0.0,12.0,2020-10-28
2020,8,066fcfa9-c692-443b-b6d1-1919554fc1c6,b2ba0025-b005-4c63-b184-e14959c6af57,WAIVER,EXECUTED,6,12,ADD,3121427.0,Curtis Samuel,0.0,6.0,2020-10-28
2020,8,066fcfa9-c692-443b-b6d1-1919554fc1c6,b2ba0025-b005-4c63-b184-e14959c6af57,WAIVER,EXECUTED,6,12,DROP,3916430.0,Nyheim Hines,6.0,0.0,2020-10-28
2020,8,d1196c50-4e99-4526-88a1-192066aee362,1aced6db-fe8a-4b8e-972b-c5185788160b,WAIVER,EXECUTED,10,12,ADD,16804.0,John Brown,0.0,10.0,2020-10-30
2020,8,d1196c50-4e99-4526-88a1-192066aee362,1aced6db-fe8a-4b8e-972b-c5185788160b,WAIVER,EXECUTED,10,12,DROP,3134353.0,Tim Patrick,10.0,0.0,2020-10-30
2020,8,dbf3c7f8-01eb-4a97-ac61-947e6c8261f9,,ROSTER,EXECUTED,5,0,DROP,3134353.0,Tim Patrick,5.0,0.0,2020-10-27
2020,8,b2f78531-697b-4684-aaab-40fd1c3ca876,,TRADE_PROPOSAL,PENDING,7,0,TRADE,16804.0,John Brown,10.0,7.0,2020-10-30
2020,8,b2f78531-697b-4684-aaab-40fd1c3ca876,,TRADE_PROPOSAL,PENDING,7,0,TRADE,12649.0,Julian Edelman,7.0,10.0,2020-10-30
2020,8,cbec43cc-db5b-406e-93cf-b0bf29658edf,,FREEAGENT,EXECUTED,1,0,ADD,13215.0,Dez Bryant,0.0,1.0,2020-10-28
2020,8,cbec43cc-db5b-406e-93cf-b0bf29658edf,,FREEAGENT,EXECUTED,1,0,DROP,-16017.0,Patriots D/ST,1.0,0.0,2020-10-28
2020,8,61b4a659-8974-4261-ad91-18335f3fe9c0,,FREEAGENT,EXECUTED,13,0,ADD,-16008.0,Lions D/ST,0.0,13.0,2020-10-29
2020,8,61b4a659-8974-4261-ad91-18335f3fe9c0,,FREEAGENT,EXECUTED,13,0,DROP,14880.0,Kirk Cousins,13.0,0.0,2020-10-29
2020,8,1c51cbb4-d8b3-4e7f-8bfa-4474b393d679,,ROSTER,EXECUTED,3,0,DROP,4038524.0,Gardner Minshew II,3.0,0.0,2020-11-01
2020,8,50c56d6e-5d56-4a49-bbce-0e7dcf4cb071,,FREEAGENT,EXECUTED,1,0,ADD,3914397.0,Scotty Miller,0.0,1.0,2020-10-28
2020,8,50c56d6e-5d56-4a49-bbce-0e7dcf4cb071,,FREEAGENT,EXECUTED,1,0,DROP,4240631.0,DeeJay Dallas,1.0,0.0,2020-10-28
2020,8,d9cdb9e4-8075-404a-85ab-0d8db6c65452,2a530cb6-a21b-4e5e-bdb7-3ca8e0b76b1d,WAIVER,EXECUTED,4,5,ADD,3052587.0,Baker Mayfield,0.0,4.0,2020-10-28
2020,8,d9cdb9e4-8075-404a-85ab-0d8db6c65452,2a530cb6-a21b-4e5e-bdb7-3ca8e0b76b1d,WAIVER,EXECUTED,4,5,DROP,2582410.0,Tyler Kroft,4.0,0.0,2020-10-28
2020,8,61ec0cd3-dd6c-4d57-81ce-64bef1191157,faaead61-b639-4e1b-8fb5-9437afd2a6c3,TRADE_DECLINE,EXECUTED,7,0,,,,,,2020-10-30
2020,8,1c07abb3-acad-40f0-8b27-0bf1303d26a3,9ddfbf6e-b4a6-43c6-a6e6-2d871183f9bf,WAIVER,EXECUTED,12,1,ADD,-16010.0,Titans D/ST,0.0,12.0,2020-10-28
2020,8,94eb27ca-a108-4121-b9c2-dad6c17b31c5,,FREEAGENT,EXECUTED,8,0,ADD,3045127.0,Wayne Gallman,0.0,8.0,2020-10-31
2020,8,94eb27ca-a108-4121-b9c2-dad6c17b31c5,,FREEAGENT,EXECUTED,8,0,DROP,15971.0,Rex Burkhead,8.0,0.0,2020-10-31
2020,8,96f8e6fd-676c-4a3e-901d-8e0a70455d4f,b2f78531-697b-4684-aaab-40fd1c3ca876,TRADE_PROPOSAL,CANCELED,7,0,TRADE,16804.0,John Brown,10.0,7.0,2020-10-31
2020,8,96f8e6fd-676c-4a3e-901d-8e0a70455d4f,b2f78531-697b-4684-aaab-40fd1c3ca876,TRADE_PROPOSAL,CANCELED,7,0,TRADE,12649.0,Julian Edelman,7.0,10.0,2020-10-31
2020,8,963830e1-4634-4cc4-9e91-31e4e18ee275,,ROSTER,EXECUTED,12,0,DROP,2972460.0,Breshad Perriman,12.0,0.0,2020-11-01
2020,8,61cbd8bb-26a1-48d6-9fa1-34d6a3ad42dc,,FREEAGENT,EXECUTED,8,0,ADD,4040655.0,Darnell Mooney,0.0,8.0,2020-10-31
2020,8,61cbd8bb-26a1-48d6-9fa1-34d6a3ad42dc,,FREEAGENT,EXECUTED,8,0,DROP,-16002.0,Bills D/ST,8.0,0.0,2020-10-31
2020,8,3b1666a7-ab92-4d5b-927e-2972d24dd88f,a43b3481-731d-437a-a867-bb17b343c240,TRADE_DECLINE,EXECUTED,3,0,,,,,,2020-11-01
2020,8,edb54f84-ab60-4ff0-ae4b-8847dbb588cb,,ROSTER,EXECUTED,12,0,DROP,-16006.0,Cowboys D/ST,12.0,0.0,2020-10-27
2020,8,88114311-4025-4ef1-b2b0-50787d83e642,b2f78531-697b-4684-aaab-40fd1c3ca876,TRADE_DECLINE,EXECUTED,10,0,,,,,,2020-10-31
2020,8,d215eae9-90b0-4a3d-96e5-734567a0a824,94db3ee1-d963-4d8a-854d-6789173f2015,WAIVER,FAILED_INVALIDPLAYERSOURCE,8,2,ADD,3134353.0,Tim Patrick,0.0,8.0,2020-10-29
2020,8,d215eae9-90b0-4a3d-96e5-734567a0a824,94db3ee1-d963-4d8a-854d-6789173f2015,WAIVER,FAILED_INVALIDPLAYERSOURCE,8,2,DROP,-16002.0,Bills D/ST,8.0,0.0,2020-10-29
2020,8,ea1217a5-4cf7-44db-a9a4-7fbd2c1391e7,f4a38435-7fee-4cea-ba34-24c1968fdb92,TRADE_PROPOSAL,CANCELED,4,0,TRADE,4242214.0,Clyde Edwards-Helaire,10.0,4.0,2020-10-31
2020,8,ea1217a5-4cf7-44db-a9a4-7fbd2c1391e7,f4a38435-7fee-4cea-ba34-24c1968fdb92,TRADE_PROPOSAL,CANCELED,4,0,TRADE,13934.0,Antonio Brown,10.0,4.0,2020-10-31
2020,8,ea1217a5-4cf7-44db-a9a4-7fbd2c1391e7,f4a38435-7fee-4cea-ba34-24c1968fdb92,TRADE_PROPOSAL,CANCELED,4,0,TRADE,2574808.0,Robby Anderson,4.0,10.0,2020-10-31
2020,8,ea1217a5-4cf7-44db-a9a4-7fbd2c1391e7,f4a38435-7fee-4cea-ba34-24c1968fdb92,TRADE_PROPOSAL,CANCELED,4,0,TRADE,3925347.0,Damien Harris,4.0,10.0,2020-10-31
2020,8,58ef5601-16ba-46a1-98aa-5f934e94af82,,FREEAGENT,EXECUTED,4,0,ADD,16760.0,Jimmy Garoppolo,0.0,4.0,2020-11-01
2020,8,58ef5601-16ba-46a1-98aa-5f934e94af82,,FREEAGENT,EXECUTED,4,0,DROP,3052587.0,Baker Mayfield,4.0,0.0,2020-11-01
2020,8,47b871bc-8095-46cc-8660-128a0028204f,,FREEAGENT,EXECUTED,8,0,ADD,15971.0,Rex Burkhead,0.0,8.0,2020-10-28
2020,8,47b871bc-8095-46cc-8660-128a0028204f,,FREEAGENT,EXECUTED,8,0,DROP,4239934.0,AJ Dillon,8.0,0.0,2020-10-28
2020,8,e0471c62-09f8-4778-9e71-ebf5ddce4bb3,7b5a6f18-8488-4770-9f76-93433ed88d88,WAIVER,EXECUTED,7,3,ADD,2570986.0,Malcolm Brown,0.0,7.0,2020-10-28
2020,8,e0471c62-09f8-4778-9e71-ebf5ddce4bb3,7b5a6f18-8488-4770-9f76-93433ed88d88,WAIVER,EXECUTED,7,3,DROP,3126486.0,Deebo Samuel,7.0,0.0,2020-10-28
2020,8,e209c4c6-990e-42a9-a970-563442800e6b,,FREEAGENT,EXECUTED,12,0,ADD,3135321.0,Hunter Renfrow,0.0,12.0,2020-11-01
2020,8,f0ac5af4-6ecc-4517-8a24-e93cf71793d4,,WAIVER,PENDING,10,2,ADD,3134353.0,Tim Patrick,0.0,10.0,2020-10-29
2020,8,f0ac5af4-6ecc-4517-8a24-e93cf71793d4,,WAIVER,PENDING,10,2,DROP,3049698.0,Anthony Firkser,10.0,0.0,2020-10-29
2020,8,056b9495-0c62-4646-a0d8-442aa64a4bae,,ROSTER,EXECUTED,12,0,DROP,11283.0,DeSean Jackson,12.0,0.0,2020-10-27
2020,8,b6aa2b3b-6173-434f-aefc-50feb3fdaa07,,FREEAGENT,EXECUTED,7,0,ADD,3051926.0,Gus Edwards,0.0,7.0,2020-10-30
2020,8,b6aa2b3b-6173-434f-aefc-50feb3fdaa07,,FREEAGENT,EXECUTED,7,0,DROP,5536.0,Ben Roethlisberger,7.0,0.0,2020-10-30
2020,8,1aced6db-fe8a-4b8e-972b-c5185788160b,,WAIVER,PENDING,10,12,ADD,16804.0,John Brown,0.0,10.0,2020-10-29
2020,8,1aced6db-fe8a-4b8e-972b-c5185788160b,,WAIVER,PENDING,10,12,DROP,3134353.0,Tim Patrick,10.0,0.0,2020-10-29
2020,8,132470c0-a2df-455d-a91a-82e44723fe5e,37616d2f-d764-4ecc-b987-da68507e0de4,WAIVER,FAILED_INVALIDPLAYERSOURCE,7,1,ADD,16804.0,John Brown,0.0,7.0,2020-10-30
2020,8,132470c0-a2df-455d-a91a-82e44723fe5e,37616d2f-d764-4ecc-b987-da68507e0de4,WAIVER,FAILED_INVALIDPLAYERSOURCE,7,1,DROP,12649.0,Julian Edelman,7.0,0.0,2020-10-30
2020,8,bc60c2bb-6c75-4556-acd1-c8115e879354,,FREEAGENT,EXECUTED,1,0,ADD,3042910.0,Rashard Higgins,0.0,1.0,2020-10-31
2020,8,bc60c2bb-6c75-4556-acd1-c8115e879354,,FREEAGENT,EXECUTED,1,0,DROP,3123075.0,Braxton Berrios,1.0,0.0,2020-10-31
2020,8,58eaf1f2-17bf-4183-a4ef-363227a75d0e,c1441eef-6a3f-4fcf-9c04-78de462462e2,WAIVER,EXECUTED,12,7,ADD,16786.0,Richard Rodgers,0.0,12.0,2020-10-28
2020,8,bf2631f9-8d2a-4f33-bbd2-9ce9cbd25a7d,,FREEAGENT,EXECUTED,6,0,ADD,2971618.0,Nelson Agholor,0.0,6.0,2020-10-29
2020,8,bf2631f9-8d2a-4f33-bbd2-9ce9cbd25a7d,,FREEAGENT,EXECUTED,6,0,DROP,3051738.0,Marquez Valdes-Scantling,6.0,0.0,2020-10-29
2020,8,cc7cf16b-2210-4ee1-b10f-d0ab64c2b86d,9688f22c-0d85-4c84-ad68-b23f4a68ed47,WAIVER,FAILED_INVALIDPLAYERSOURCE,8,2,ADD,16804.0,John Brown,0.0,8.0,2020-10-30
2020,8,cc7cf16b-2210-4ee1-b10f-d0ab64c2b86d,9688f22c-0d85-4c84-ad68-b23f4a68ed47,WAIVER,FAILED_INVALIDPLAYERSOURCE,8,2,DROP,-16002.0,Bills D/ST,8.0,0.0,2020-10-30
2020,8,aa9f7d23-f1ed-4812-a960-72f60632d58c,00b3f300-7b58-4f9e-97a0-c8e2685cb52f,WAIVER,FAILED_INVALIDPLAYERSOURCE,3,3,ADD,3052587.0,Baker Mayfield,0.0,3.0,2020-10-28
2020,8,b9b854c3-84c7-406e-a1a9-d316c0cb9033,,FREEAGENT,EXECUTED,10,0,ADD,4040774.0,Harrison Bryant,0.0,10.0,2020-10-29
2020,8,b9b854c3-84c7-406e-a1a9-d316c0cb9033,,FREEAGENT,EXECUTED,10,0,DROP,4036348.0,Michael Gallup,10.0,0.0,2020-10-29
2020,8,f242ae2e-cf53-4672-a2b5-704e1fb5b3ec,d73f937a-8839-4970-83d3-00cef6b897f2,WAIVER,FAILED_INVALIDPLAYERSOURCE,7,5,ADD,16777.0,Carlos Hyde,0.0,7.0,2020-10-28
2020,8,f242ae2e-cf53-4672-a2b5-704e1fb5b3ec,d73f937a-8839-4970-83d3-00cef6b897f2,WAIVER,FAILED_INVALIDPLAYERSOURCE,7,5,DROP,3126486.0,Deebo Samuel,7.0,0.0,2020-10-28
2020,8,f0efd2ca-0327-4734-8a15-3be412366e03,faaead61-b639-4e1b-8fb5-9437afd2a6c3,TRADE_PROPOSAL,CANCELED,10,0,TRADE,3117251.0,Christian McCaffrey,7.0,10.0,2020-10-30
2020,8,f0efd2ca-0327-4734-8a15-3be412366e03,faaead61-b639-4e1b-8fb5-9437afd2a6c3,TRADE_PROPOSAL,CANCELED,10,0,TRADE,16804.0,John Brown,10.0,7.0,2020-10-30
2020,8,2486b6f9-4e0d-4af4-9a03-6507afc6323b,,ROSTER,EXECUTED,12,0,DROP,2573401.0,Tyler Higbee,12.0,0.0,2020-10-28
2020,8,6ff2d2fa-2810-4e8b-9568-ae7640f7271c,3aabac62-b722-48ea-baf3-ba02d8b7ab4a,TRADE_ACCEPT,,4,0,,,,,,2020-11-01
2020,8,80598ed6-ba15-40af-bc9d-99641bf1dcc4,,TRADE_PROPOSAL,PENDING,4,0,TRADE,4242214.0,Clyde Edwards-Helaire,10.0,4.0,2020-10-29
2020,8,80598ed6-ba15-40af-bc9d-99641bf1dcc4,,TRADE_PROPOSAL,PENDING,4,0,TRADE,2574808.0,Robby Anderson,4.0,10.0,2020-10-29
2020,8,58140d3b-9f2f-4ad1-a27d-47d659492b35,44f9a7c8-a864-4025-8db2-1f9b7bd0f750,TRADE_UPHOLD,EXECUTED,1,0,,,,,,2020-10-28
2020,8,2626e512-6c1e-4085-ab96-4e147cb856f1,96f2e197-5fe6-44d7-9762-07d41f180c56,TRADE_PROPOSAL,CANCELED,4,0,TRADE,3042519.0,Aaron Jones,1.0,4.0,2020-10-31
2020,8,2626e512-6c1e-4085-ab96-4e147cb856f1,96f2e197-5fe6-44d7-9762-07d41f180c56,TRADE_PROPOSAL,CANCELED,4,0,TRADE,2574808.0,Robby Anderson,4.0,1.0,2020-10-31
2020,8,2626e512-6c1e-4085-ab96-4e147cb856f1,96f2e197-5fe6-44d7-9762-07d41f180c56,TRADE_PROPOSAL,CANCELED,4,0,TRADE,14924.0,T.Y. Hilton,4.0,1.0,2020-10-31
2020,8,003595f0-eaf7-44b6-ab22-b1068984dd62,65a026d0-fa12-405d-945a-a3858f7eb54a,TRADE_DECLINE,EXECUTED,6,0,,,,,,2020-10-27
2020,8,faaead61-b639-4e1b-8fb5-9437afd2a6c3,,TRADE_PROPOSAL,PENDING,10,0,TRADE,3117251.0,Christian McCaffrey,7.0,10.0,2020-10-30
2020,8,faaead61-b639-4e1b-8fb5-9437afd2a6c3,,TRADE_PROPOSAL,PENDING,10,0,TRADE,16804.0,John Brown,10.0,7.0,2020-10-30
2020,8,de2a7d17-3190-4533-aa07-7eed80b541c0,,ROSTER,EXECUTED,12,0,DROP,16733.0,Odell Beckham Jr.,12.0,0.0,2020-10-27
2020,8,f4a38435-7fee-4cea-ba34-24c1968fdb92,,TRADE_PROPOSAL,PENDING,4,0,TRADE,4242214.0,Clyde Edwards-Helaire,10.0,4.0,2020-10-29
2020,8,f4a38435-7fee-4cea-ba34-24c1968fdb92,,TRADE_PROPOSAL,PENDING,4,0,TRADE,13934.0,Antonio Brown,10.0,4.0,2020-10-29
2020,8,f4a38435-7fee-4cea-ba34-24c1968fdb92,,TRADE_PROPOSAL,PENDING,4,0,TRADE,2574808.0,Robby Anderson,4.0,10.0,2020-10-29
2020,8,f4a38435-7fee-4cea-ba34-24c1968fdb92,,TRADE_PROPOSAL,PENDING,4,0,TRADE,3925347.0,Damien Harris,4.0,10.0,2020-10-29
2020,8,3aabac62-b722-48ea-baf3-ba02d8b7ab4a,,TRADE_PROPOSAL,PENDING,10,0,TRADE,4360294.0,Antonio Gibson,4.0,10.0,2020-11-01
2020,8,3aabac62-b722-48ea-baf3-ba02d8b7ab4a,,TRADE_PROPOSAL,PENDING,10,0,TRADE,2574808.0,Robby Anderson,4.0,10.0,2020-11-01
2020,8,3aabac62-b722-48ea-baf3-ba02d8b7ab4a,,TRADE_PROPOSAL,PENDING,10,0,TRADE,3121023.0,Dallas Goedert,4.0,10.0,2020-11-01
2020,8,3aabac62-b722-48ea-baf3-ba02d8b7ab4a,,TRADE_PROPOSAL,PENDING,10,0,TRADE,4242214.0,Clyde Edwards-Helaire,10.0,4.0,2020-11-01
2020,8,3aabac62-b722-48ea-baf3-ba02d8b7ab4a,,TRADE_PROPOSAL,PENDING,10,0,TRADE,13934.0,Antonio Brown,10.0,4.0,2020-11-01
2020,8,3aabac62-b722-48ea-baf3-ba02d8b7ab4a,,TRADE_PROPOSAL,PENDING,10,0,DROP,4040774.0,Harrison Bryant,10.0,0.0,2020-11-01
2020,8,5edede02-0e25-42a9-9976-1a2488ada4ec,f0ac5af4-6ecc-4517-8a24-e93cf71793d4,WAIVER,EXECUTED,10,2,ADD,3134353.0,Tim Patrick,0.0,10.0,2020-10-29
2020,8,5edede02-0e25-42a9-9976-1a2488ada4ec,f0ac5af4-6ecc-4517-8a24-e93cf71793d4,WAIVER,EXECUTED,10,2,DROP,3049698.0,Anthony Firkser,10.0,0.0,2020-10-29
2020,8,1aef2222-6fad-4f40-afcd-882b119b2bb1,,ROSTER,EXECUTED,3,4,DROP,13217.0,Golden Tate,3.0,0.0,2020-10-27
2020,8,7b08771a-19c1-4f27-beba-7f0218c80272,,FREEAGENT,EXECUTED,3,0,ADD,4241479.0,Tua Tagovailoa,0.0,3.0,2020-10-28
2020,8,ec3c8842-20d8-45df-a3d8-02c0e48b2505,80598ed6-ba15-40af-bc9d-99641bf1dcc4,TRADE_PROPOSAL,CANCELED,4,0,TRADE,4242214.0,Clyde Edwards-Helaire,10.0,4.0,2020-10-29
2020,8,ec3c8842-20d8-45df-a3d8-02c0e48b2505,80598ed6-ba15-40af-bc9d-99641bf1dcc4,TRADE_PROPOSAL,CANCELED,4,0,TRADE,2574808.0,Robby Anderson,4.0,10.0,2020-10-29
2020,9,e61e1dad-ce23-4a68-b78c-2ec602700cce,,FREEAGENT,EXECUTED,5,0,ADD,3916148.0,Tony Pollard,0.0,5.0,2020-11-06
2020,9,e61e1dad-ce23-4a68-b78c-2ec602700cce,,FREEAGENT,EXECUTED,5,0,DROP,3060022.0,Jordan Howard,5.0,0.0,2020-11-06
2020,9,182ea1e8-f9a7-4c6c-96f6-bcf64dda7e5e,,FREEAGENT,EXECUTED,7,0,ADD,3134353.0,Tim Patrick,0.0,7.0,2020-11-06
2020,9,09a72941-5428-40a8-8365-aee4b932f0e5,f876d884-3a6f-4d26-82a1-6d064c31da2e,WAIVER,EXECUTED,3,3,ADD,3060022.0,Jordan Howard,0.0,3.0,2020-11-08
2020,9,09a72941-5428-40a8-8365-aee4b932f0e5,f876d884-3a6f-4d26-82a1-6d064c31da2e,WAIVER,EXECUTED,3,3,DROP,4241479.0,Tua Tagovailoa,3.0,0.0,2020-11-08
2020,9,686cb810-5af3-494f-84a1-139462dfe6b9,,TRADE_PROPOSAL,PENDING,10,0,TRADE,3045147.0,James Conner,1.0,10.0,2020-11-05
2020,9,686cb810-5af3-494f-84a1-139462dfe6b9,,TRADE_PROPOSAL,PENDING,10,0,TRADE,2576434.0,Melvin Gordon III,10.0,1.0,2020-11-05
2020,9,686cb810-5af3-494f-84a1-139462dfe6b9,,TRADE_PROPOSAL,PENDING,10,0,TRADE,15349.0,Cole Beasley,10.0,1.0,2020-11-05
2020,9,0303a856-4aa0-40c3-a99b-15321056c9d5,66e5e9a7-4d3b-459a-a33f-ff4cc70c95e3,TRADE_DECLINE,EXECUTED,1,0,,,,,,2020-11-04
2020,9,5c4b22fb-c1b9-4c46-bf8b-c367c5a40281,319ed33f-f9b3-40e2-95cf-53607d61c601,WAIVER,EXECUTED,10,24,ADD,4035676.0,Zack Moss,0.0,10.0,2020-11-04
2020,9,5c4b22fb-c1b9-4c46-bf8b-c367c5a40281,319ed33f-f9b3-40e2-95cf-53607d61c601,WAIVER,EXECUTED,10,24,DROP,3043275.0,Austin Hooper,10.0,0.0,2020-11-04
2020,9,09d90a76-7604-406b-bbb5-ff5d8014b2be,e3a72313-9ef7-4c1e-a483-8d8dfaa919fd,WAIVER,CANCELED,1,0,ADD,3122899.0,Richie James,0.0,1.0,2020-11-10
2020,9,09d90a76-7604-406b-bbb5-ff5d8014b2be,e3a72313-9ef7-4c1e-a483-8d8dfaa919fd,WAIVER,CANCELED,1,0,DROP,-16017.0,Patriots D/ST,1.0,0.0,2020-11-10
2020,9,f13dc74a-5b75-410a-90d0-c157c34008f5,3aabac62-b722-48ea-baf3-ba02d8b7ab4a,TRADE_ACCEPT,EXECUTED,10,0,TRADE,4360294.0,Antonio Gibson,4.0,10.0,2020-11-03
2020,9,f13dc74a-5b75-410a-90d0-c157c34008f5,3aabac62-b722-48ea-baf3-ba02d8b7ab4a,TRADE_ACCEPT,EXECUTED,10,0,TRADE,2574808.0,Robby Anderson,4.0,10.0,2020-11-03
2020,9,f13dc74a-5b75-410a-90d0-c157c34008f5,3aabac62-b722-48ea-baf3-ba02d8b7ab4a,TRADE_ACCEPT,EXECUTED,10,0,TRADE,3121023.0,Dallas Goedert,4.0,10.0,2020-11-03
2020,9,f13dc74a-5b75-410a-90d0-c157c34008f5,3aabac62-b722-48ea-baf3-ba02d8b7ab4a,TRADE_ACCEPT,EXECUTED,10,0,TRADE,4242214.0,Clyde Edwards-Helaire,10.0,4.0,2020-11-03
2020,9,f13dc74a-5b75-410a-90d0-c157c34008f5,3aabac62-b722-48ea-baf3-ba02d8b7ab4a,TRADE_ACCEPT,EXECUTED,10,0,TRADE,13934.0,Antonio Brown,10.0,4.0,2020-11-03
2020,9,f13dc74a-5b75-410a-90d0-c157c34008f5,3aabac62-b722-48ea-baf3-ba02d8b7ab4a,TRADE_ACCEPT,EXECUTED,10,0,DROP,4040774.0,Harrison Bryant,10.0,0.0,2020-11-03
2020,9,e9a2cc4d-42a9-41d1-80a2-da1c44e226e3,3386c15a-13ab-4a13-8453-f9bb881aa53d,WAIVER,FAILED_INVALIDPLAYERSOURCE,7,3,ADD,15860.0,Jordan Reed,0.0,7.0,2020-11-04
2020,9,e9a2cc4d-42a9-41d1-80a2-da1c44e226e3,3386c15a-13ab-4a13-8453-f9bb881aa53d,WAIVER,FAILED_INVALIDPLAYERSOURCE,7,3,DROP,3116164.0,Mike Gesicki,7.0,0.0,2020-11-04
2020,9,545403fa-fb95-4682-a981-7bc9bdcf0a14,751d3978-7fac-4bf0-a54b-91fe985e7774,WAIVER,FAILED_INVALIDPLAYERSOURCE,5,5,ADD,4035676.0,Zack Moss,0.0,5.0,2020-11-04
2020,9,4a78f6a1-2bc0-4184-9d8b-fde72dceb8b4,3858cf93-bb3b-42e6-8fe2-2cf138cbe6ee,TRADE_DECLINE,EXECUTED,1,0,,,,,,2020-11-04
2020,9,8f3a1486-1946-4e2e-886b-e8f4a01ce4f4,62d277ca-5387-4911-8efc-547223da39ed,WAIVER,CANCELED,7,0,ADD,3049916.0,Matt Breida,0.0,7.0,2020-11-03
2020,9,8f3a1486-1946-4e2e-886b-e8f4a01ce4f4,62d277ca-5387-4911-8efc-547223da39ed,WAIVER,CANCELED,7,0,DROP,-16021.0,Eagles D/ST,7.0,0.0,2020-11-03
2020,9,9f4a8561-879a-4ebd-a99b-5dc4739ad44a,,FREEAGENT,EXECUTED,4,0,ADD,13215.0,Dez Bryant,0.0,4.0,2020-11-08
2020,9,9f4a8561-879a-4ebd-a99b-5dc4739ad44a,,FREEAGENT,EXECUTED,4,0,DROP,14924.0,T.Y. Hilton,4.0,0.0,2020-11-08
2020,9,87689696-b2f6-4438-aa0e-231ce89798a9,157c13be-1069-46d3-8e14-33b45263089f,TRADE_PROPOSAL,CANCELED,1,0,TRADE,16799.0,Allen Robinson II,4.0,1.0,2020-11-03
2020,9,87689696-b2f6-4438-aa0e-231ce89798a9,157c13be-1069-46d3-8e14-33b45263089f,TRADE_PROPOSAL,CANCELED,1,0,TRADE,3115364.0,Leonard Fournette,1.0,4.0,2020-11-03
2020,9,c0b58b27-88e8-43bd-adea-2a320fc252d0,708e1f11-35a9-40b2-b62b-a52eddaab3ab,TRADE_DECLINE,EXECUTED,10,0,,,,,,2020-11-03
2020,9,45bb28cd-ab4d-48ea-aeb5-428a1261bb65,,FREEAGENT,EXECUTED,8,0,ADD,2573974.0,Tyler Ervin,0.0,8.0,2020-11-05
2020,9,45bb28cd-ab4d-48ea-aeb5-428a1261bb65,,FREEAGENT,EXECUTED,8,0,DROP,2979477.0,Tevin Coleman,8.0,0.0,2020-11-05
2020,9,8f378a5d-bcd6-42c4-9f7e-092c7359e351,,FREEAGENT,EXECUTED,5,0,ADD,3060022.0,Jordan Howard,0.0,5.0,2020-11-05
2020,9,8f378a5d-bcd6-42c4-9f7e-092c7359e351,,FREEAGENT,EXECUTED,5,0,DROP,2983319.0,Troymaine Pope,5.0,0.0,2020-11-05
2020,9,34fb1135-14d3-4885-b5a2-1e3e35b038ab,352c0d25-0371-4380-8e01-679de1c56827,WAIVER,FAILED_ROSTERLIMIT,5,1,ADD,3050487.0,Anthony Miller,0.0,5.0,2020-11-04
2020,9,0db46c26-98ae-4d4c-86ad-bd1ecb17fe79,02699313-f96c-408b-a7e1-5e13fd1fad59,WAIVER,EXECUTED,4,10,ADD,3916430.0,Nyheim Hines,0.0,4.0,2020-11-04
2020,9,7472bed7-5577-4fe5-bd1a-79d682947949,,FREEAGENT,EXECUTED,13,0,ADD,2577654.0,DeAndre Washington,0.0,13.0,2020-11-06
2020,9,7472bed7-5577-4fe5-bd1a-79d682947949,,FREEAGENT,EXECUTED,13,0,DROP,-16008.0,Lions D/ST,13.0,0.0,2020-11-06
2020,9,205c492b-06c7-421a-beda-a259b880c910,cd659c6b-06e1-450a-8d5c-8e7c214b4b5d,WAIVER,FAILED_INVALIDPLAYERSOURCE,2,1,ADD,-16017.0,Patriots D/ST,0.0,2.0,2020-11-04
2020,9,205c492b-06c7-421a-beda-a259b880c910,cd659c6b-06e1-450a-8d5c-8e7c214b4b5d,WAIVER,FAILED_INVALIDPLAYERSOURCE,2,1,DROP,12483.0,Matthew Stafford,2.0,0.0,2020-11-04
2020,9,6d5e7499-902b-4a2d-bd74-e8593af1af84,87436e53-cefa-4dd4-b420-29fabf480984,WAIVER,EXECUTED,7,8,ADD,3051891.0,Jordan Wilkins,0.0,7.0,2020-11-04
2020,9,6d5e7499-902b-4a2d-bd74-e8593af1af84,87436e53-cefa-4dd4-b420-29fabf480984,WAIVER,EXECUTED,7,8,DROP,-16021.0,Eagles D/ST,7.0,0.0,2020-11-04
2020,9,423cacf9-e15a-4d74-8928-6c2d4a81e74b,,FREEAGENT,EXECUTED,8,0,ADD,3115378.0,Russell Gage,0.0,8.0,2020-11-05
2020,9,423cacf9-e15a-4d74-8928-6c2d4a81e74b,,FREEAGENT,EXECUTED,8,0,DROP,2573974.0,Tyler Ervin,8.0,0.0,2020-11-05
2020,9,de5e70d8-072a-4282-bbf7-fabe0d01bed9,,ROSTER,EXECUTED,12,0,LINEUP,16944.0,Devonta Freeman,0.0,0.0,2020-11-03
2020,9,de5e70d8-072a-4282-bbf7-fabe0d01bed9,,ROSTER,EXECUTED,12,0,DROP,3051439.0,Boston Scott,12.0,0.0,2020-11-03
2020,9,473fb06c-2d53-4447-a962-fb86b53182b4,feee57ea-4961-438d-8829-09d509d93b93,TRADE_DECLINE,EXECUTED,1,0,,,,,,2020-11-03
2020,9,319ed33f-f9b3-40e2-95cf-53607d61c601,,WAIVER,PENDING,10,24,ADD,4035676.0,Zack Moss,0.0,10.0,2020-11-03
2020,9,319ed33f-f9b3-40e2-95cf-53607d61c601,,WAIVER,PENDING,10,24,DROP,3043275.0,Austin Hooper,10.0,0.0,2020-11-03
2020,9,3f1070f5-eb8c-495e-af17-4cf91cdc05bd,,FREEAGENT,EXECUTED,5,0,ADD,3916433.0,Jakobi Meyers,0.0,5.0,2020-11-08
2020,9,3f1070f5-eb8c-495e-af17-4cf91cdc05bd,,FREEAGENT,EXECUTED,5,0,DROP,3916148.0,Tony Pollard,5.0,0.0,2020-11-08
2020,9,0e2bf634-add0-4794-b054-ae36cc6ad6ea,708e1f11-35a9-40b2-b62b-a52eddaab3ab,TRADE_PROPOSAL,CANCELED,1,0,TRADE,4047646.0,A.J. Brown,10.0,1.0,2020-11-03
2020,9,0e2bf634-add0-4794-b054-ae36cc6ad6ea,708e1f11-35a9-40b2-b62b-a52eddaab3ab,TRADE_PROPOSAL,CANCELED,1,0,TRADE,3046439.0,Hunter Henry,1.0,10.0,2020-11-03
2020,9,828762d4-5a73-4034-a35d-2f8ac590cd72,,FREEAGENT,EXECUTED,12,0,ADD,13994.0,Cam Newton,0.0,12.0,2020-11-05
2020,9,d099c6aa-a436-4106-939a-a985a26226d3,,FREEAGENT,EXECUTED,5,0,ADD,16974.0,Trey Burton,0.0,5.0,2020-11-06
2020,9,d099c6aa-a436-4106-939a-a985a26226d3,,FREEAGENT,EXECUTED,5,0,DROP,3117256.0,Dalton Schultz,5.0,0.0,2020-11-06
2020,9,3d86f9da-2172-44f0-ae5e-0a5bc4a2664a,,FREEAGENT,EXECUTED,7,0,ADD,11674.0,Danny Amendola,0.0,7.0,2020-11-06
2020,9,708e1f11-35a9-40b2-b62b-a52eddaab3ab,,TRADE_PROPOSAL,PENDING,1,0,TRADE,4047646.0,A.J. Brown,10.0,1.0,2020-11-03
2020,9,708e1f11-35a9-40b2-b62b-a52eddaab3ab,,TRADE_PROPOSAL,PENDING,1,0,TRADE,3046439.0,Hunter Henry,1.0,10.0,2020-11-03
2020,9,c57ba3da-abca-4efe-921b-16177b4f3950,63eee504-3ffd-4539-85b3-b50069bd041d,WAIVER,FAILED_INVALIDPLAYERSOURCE,3,4,ADD,3916430.0,Nyheim Hines,0.0,3.0,2020-11-04
2020,9,c57ba3da-abca-4efe-921b-16177b4f3950,63eee504-3ffd-4539-85b3-b50069bd041d,WAIVER,FAILED_INVALIDPLAYERSOURCE,3,4,DROP,10452.0,Adrian Peterson,3.0,0.0,2020-11-04
2020,9,bc888986-b58d-4aa9-b0c4-3614d8b38c06,d0c2b111-97e6-4631-a91d-14f985661cea,WAIVER,EXECUTED,7,5,ADD,3049916.0,Matt Breida,0.0,7.0,2020-11-04
2020,9,bc888986-b58d-4aa9-b0c4-3614d8b38c06,d0c2b111-97e6-4631-a91d-14f985661cea,WAIVER,EXECUTED,7,5,DROP,3116164.0,Mike Gesicki,7.0,0.0,2020-11-04
2020,9,fbe69f1e-7b42-433d-8c09-a0d724b5b497,ce47ba1f-63c5-420c-bf63-f632973f37c8,WAIVER,EXECUTED,4,1,ADD,12483.0,Matthew Stafford,0.0,4.0,2020-11-06
2020,9,511fa572-4863-474a-8c7d-6ca6cf4c6e04,,ROSTER,EXECUTED,7,0,DROP,3049916.0,Matt Breida,7.0,0.0,2020-11-06
2020,9,36b69ca2-7a00-4c8c-81fb-afbbb88f0c07,,ROSTER,EXECUTED,12,0,DROP,4035403.0,Denzel Mims,12.0,0.0,2020-11-03
2020,9,9de4ded0-f19e-4c73-8fe8-cfb14d5d2006,66fcf391-59c3-4f27-abec-6c4548b78f43,WAIVER,FAILED_INVALIDPLAYERSOURCE,9,1,ADD,3060022.0,Jordan Howard,0.0,9.0,2020-11-08
2020,9,9de4ded0-f19e-4c73-8fe8-cfb14d5d2006,66fcf391-59c3-4f27-abec-6c4548b78f43,WAIVER,FAILED_INVALIDPLAYERSOURCE,9,1,DROP,3122672.0,Royce Freeman,9.0,0.0,2020-11-08
2020,9,ac9f4f22-8a9f-480a-aab2-28daad91c402,,ROSTER,EXECUTED,4,0,DROP,16760.0,Jimmy Garoppolo,4.0,0.0,2020-11-03
2020,9,9d3149c2-afaa-4777-8d87-9fe2016dc296,77741a3d-7b97-4338-8286-f77a4578b270,WAIVER,FAILED_INVALIDPLAYERSOURCE,1,10,ADD,4035676.0,Zack Moss,0.0,1.0,2020-11-04
2020,9,9d3149c2-afaa-4777-8d87-9fe2016dc296,77741a3d-7b97-4338-8286-f77a4578b270,WAIVER,FAILED_INVALIDPLAYERSOURCE,1,10,DROP,3042910.0,Rashard Higgins,1.0,0.0,2020-11-04
2020,9,d0e4ccd7-fe21-454c-8347-56f41971edaa,2dc6dd0b-de15-42a5-9cdc-893d3e1c7028,WAIVER,EXECUTED,4,6,ADD,-16028.0,Washington D/ST,0.0,4.0,2020-11-04
2020,9,d0e4ccd7-fe21-454c-8347-56f41971edaa,2dc6dd0b-de15-42a5-9cdc-893d3e1c7028,WAIVER,EXECUTED,4,6,DROP,-16005.0,Browns D/ST,4.0,0.0,2020-11-04
2020,9,07219b1a-bd58-49c7-881f-818124e4330f,7aa1b37e-50ce-43ce-a3f2-a3abbe1a3f93,WAIVER,EXECUTED,5,3,ADD,16813.0,Logan Thomas,0.0,5.0,2020-11-04
2020,9,7c7267fa-e0c2-47f2-a644-72b7397f2aed,,FREEAGENT,EXECUTED,12,0,ADD,3116164.0,Mike Gesicki,0.0,12.0,2020-11-05
2020,9,7c7267fa-e0c2-47f2-a644-72b7397f2aed,,FREEAGENT,EXECUTED,12,0,DROP,16944.0,Devonta Freeman,12.0,0.0,2020-11-05
2020,9,a1daa1f5-5e06-4787-910c-adc0dbfb8d40,ab9ebf0a-b202-4d25-9ce5-4993d7f20149,WAIVER,EXECUTED,12,3,ADD,4035004.0,Mecole Hardman,0.0,12.0,2020-11-04
2020,9,f017d42b-e2a5-422f-b910-9d81b2d11c4f,feee57ea-4961-438d-8829-09d509d93b93,TRADE_PROPOSAL,CANCELED,10,0,TRADE,3045147.0,James Conner,1.0,10.0,2020-11-03
2020,9,f017d42b-e2a5-422f-b910-9d81b2d11c4f,feee57ea-4961-438d-8829-09d509d93b93,TRADE_PROPOSAL,CANCELED,10,0,TRADE,2576434.0,Melvin Gordon III,10.0,1.0,2020-11-03
2020,9,f017d42b-e2a5-422f-b910-9d81b2d11c4f,feee57ea-4961-438d-8829-09d509d93b93,TRADE_PROPOSAL,CANCELED,10,0,TRADE,15349.0,Cole Beasley,10.0,1.0,2020-11-03
2020,9,ec3c9299-5fb0-40c2-b6c8-d4ac645df123,0338ed92-b763-4fd3-95c7-9987a49122a6,WAIVER,FAILED_INVALIDPLAYERSOURCE,12,1,ADD,-16028.0,Washington D/ST,0.0,12.0,2020-11-04
2020,9,ec3c9299-5fb0-40c2-b6c8-d4ac645df123,0338ed92-b763-4fd3-95c7-9987a49122a6,WAIVER,FAILED_INVALIDPLAYERSOURCE,12,1,DROP,-16010.0,Titans D/ST,12.0,0.0,2020-11-04
2020,9,1a6b1985-0ff4-40c1-9ec1-bc35f3909554,a406a250-c7af-44c1-92ba-26dd04165cee,WAIVER,FAILED_INVALIDPLAYERSOURCE,7,2,ADD,4035004.0,Mecole Hardman,0.0,7.0,2020-11-04
2020,9,1a6b1985-0ff4-40c1-9ec1-bc35f3909554,a406a250-c7af-44c1-92ba-26dd04165cee,WAIVER,FAILED_INVALIDPLAYERSOURCE,7,2,DROP,3116164.0,Mike Gesicki,7.0,0.0,2020-11-04
2020,9,1b9a10ce-d0b3-47cb-84a9-bc14de0a08fb,4e79b499-bc2c-4e12-a289-7d7373abfb15,WAIVER,EXECUTED,5,5,ADD,2983319.0,Troymaine Pope,0.0,5.0,2020-11-04
2020,9,12f4eb5f-519e-46e1-b4f1-c26b734cf842,,FREEAGENT,EXECUTED,12,0,ADD,3932449.0,Dexter Williams,0.0,12.0,2020-11-05
2020,9,c8f5b9b3-ccf3-42c3-9bb2-5cb387e40259,686cb810-5af3-494f-84a1-139462dfe6b9,TRADE_DECLINE,EXECUTED,1,0,,,,,,2020-11-05
2020,9,6d7cdfff-769a-471d-945d-52ce311a73e2,52b9f9e8-4029-47c9-b57b-06ae1df7bc9d,TRADE_DECLINE,EXECUTED,13,0,,,,,,2020-11-04
2020,9,6224eb49-79b9-49d2-9cdc-5a16247469e5,c4edebdb-591c-49ca-ae1f-2949c6197853,WAIVER,FAILED_INVALIDPLAYERSOURCE,12,1,ADD,15860.0,Jordan Reed,0.0,12.0,2020-11-04
2020,9,f3987e9d-d399-437d-ac32-183aba942200,78d08958-b29d-4852-9528-03eeb4bc362d,TRADE_PROPOSAL,CANCELED,5,0,TRADE,4035538.0,David Montgomery,9.0,5.0,2020-11-05
2020,9,f3987e9d-d399-437d-ac32-183aba942200,78d08958-b29d-4852-9528-03eeb4bc362d,TRADE_PROPOSAL,CANCELED,5,0,TRADE,15825.0,Le'Veon Bell,9.0,5.0,2020-11-05
2020,9,f3987e9d-d399-437d-ac32-183aba942200,78d08958-b29d-4852-9528-03eeb4bc362d,TRADE_PROPOSAL,CANCELED,5,0,TRADE,4039359.0,Darrell Henderson Jr.,5.0,9.0,2020-11-05
2020,9,f3987e9d-d399-437d-ac32-183aba942200,78d08958-b29d-4852-9528-03eeb4bc362d,TRADE_PROPOSAL,CANCELED,5,0,TRADE,4239993.0,Tee Higgins,5.0,9.0,2020-11-05
2020,9,feee57ea-4961-438d-8829-09d509d93b93,,TRADE_PROPOSAL,PENDING,10,0,TRADE,3045147.0,James Conner,1.0,10.0,2020-11-03
2020,9,feee57ea-4961-438d-8829-09d509d93b93,,TRADE_PROPOSAL,PENDING,10,0,TRADE,2576434.0,Melvin Gordon III,10.0,1.0,2020-11-03
2020,9,feee57ea-4961-438d-8829-09d509d93b93,,TRADE_PROPOSAL,PENDING,10,0,TRADE,15349.0,Cole Beasley,10.0,1.0,2020-11-03
2020,9,ce4cf175-55ea-47c7-ae74-4c7af44acbb5,,FREEAGENT,EXECUTED,2,0,ADD,-16019.0,Giants D/ST,0.0,2.0,2020-11-04
2020,9,ce4cf175-55ea-47c7-ae74-4c7af44acbb5,,FREEAGENT,EXECUTED,2,0,DROP,12483.0,Matthew Stafford,2.0,0.0,2020-11-04
2020,9,283fcd32-4138-4fdb-8bde-349325e57218,686cb810-5af3-494f-84a1-139462dfe6b9,TRADE_PROPOSAL,CANCELED,10,0,TRADE,3045147.0,James Conner,1.0,10.0,2020-11-05
2020,9,283fcd32-4138-4fdb-8bde-349325e57218,686cb810-5af3-494f-84a1-139462dfe6b9,TRADE_PROPOSAL,CANCELED,10,0,TRADE,2576434.0,Melvin Gordon III,10.0,1.0,2020-11-05
2020,9,283fcd32-4138-4fdb-8bde-349325e57218,686cb810-5af3-494f-84a1-139462dfe6b9,TRADE_PROPOSAL,CANCELED,10,0,TRADE,15349.0,Cole Beasley,10.0,1.0,2020-11-05
2020,9,0760a067-c27a-40af-9258-3b87f38d3163,0c54e97d-e2ec-49a0-9369-30f2f37c2f7e,WAIVER,FAILED_INVALIDPLAYERSOURCE,7,15,ADD,4035676.0,Zack Moss,0.0,7.0,2020-11-04
2020,9,0760a067-c27a-40af-9258-3b87f38d3163,0c54e97d-e2ec-49a0-9369-30f2f37c2f7e,WAIVER,FAILED_INVALIDPLAYERSOURCE,7,15,DROP,3116164.0,Mike Gesicki,7.0,0.0,2020-11-04
2020,9,7aaf65fd-197f-4c51-83e0-c05d9ea02e7b,,ROSTER,EXECUTED,12,0,DROP,16974.0,Trey Burton,12.0,0.0,2020-11-03
2020,9,a4d6b776-dcc5-43df-8d33-ed1063c11219,,ROSTER,EXECUTED,5,0,LINEUP,3040151.0,George Kittle,0.0,0.0,2020-11-03
2020,9,a4d6b776-dcc5-43df-8d33-ed1063c11219,,ROSTER,EXECUTED,5,0,LINEUP,3117256.0,Dalton Schultz,0.0,0.0,2020-11-03
2020,9,a4d6b776-dcc5-43df-8d33-ed1063c11219,,ROSTER,EXECUTED,5,0,LINEUP,16728.0,Teddy Bridgewater,0.0,0.0,2020-11-03
2020,9,a4d6b776-dcc5-43df-8d33-ed1063c11219,,ROSTER,EXECUTED,5,0,LINEUP,3122840.0,Deshaun Watson,0.0,0.0,2020-11-03
2020,9,a4d6b776-dcc5-43df-8d33-ed1063c11219,,ROSTER,EXECUTED,5,0,DROP,16728.0,Teddy Bridgewater,5.0,0.0,2020-11-03
2020,9,c9394648-2d6c-4778-a4ca-4bde1bd1042d,,ROSTER,EXECUTED,7,0,DROP,3128721.0,Sony Michel,7.0,0.0,2020-11-05
2020,9,7adf098f-f67f-46e3-be65-0ea5715278b1,6d8d2ceb-ee3a-4890-9f96-0440c404866f,WAIVER,EXECUTED,4,12,ADD,15860.0,Jordan Reed,0.0,4.0,2020-11-04
2020,9,f890a667-5098-40f4-a2e5-0133698e3284,a2599452-9365-4ad2-98e3-3ea7bcecdb88,WAIVER,EXECUTED,1,4,ADD,-16017.0,Patriots D/ST,0.0,1.0,2020-11-04
2020,9,f890a667-5098-40f4-a2e5-0133698e3284,a2599452-9365-4ad2-98e3-3ea7bcecdb88,WAIVER,EXECUTED,1,4,DROP,3914397.0,Scotty Miller,1.0,0.0,2020-11-04
2020,9,452314b2-202c-47ab-aae6-00674d6f597b,9ade7243-b18d-4c72-b19e-98893f13856c,WAIVER,EXECUTED,3,6,ADD,5536.0,Ben Roethlisberger,0.0,3.0,2020-11-04
2020,9,f902538f-f413-4ab4-9659-8584029a5905,ed6a3ea9-6a70-4d55-a270-f8009d96f12a,WAIVER,FAILED_INVALIDPLAYERSOURCE,12,1,ADD,5536.0,Ben Roethlisberger,0.0,12.0,2020-11-04
2020,9,f902538f-f413-4ab4-9659-8584029a5905,ed6a3ea9-6a70-4d55-a270-f8009d96f12a,WAIVER,FAILED_INVALIDPLAYERSOURCE,12,1,DROP,3135321.0,Hunter Renfrow,12.0,0.0,2020-11-04
2020,10,19cee42a-4021-4fee-be9d-6dfa2495214f,,FREEAGENT,EXECUTED,5,0,ADD,16944.0,Devonta Freeman,0.0,5.0,2020-11-11
2020,10,19cee42a-4021-4fee-be9d-6dfa2495214f,,FREEAGENT,EXECUTED,5,0,DROP,16974.0,Trey Burton,5.0,0.0,2020-11-11
2020,10,92c0e03b-cc6e-4d51-a7f6-90c10ff7ad92,,FREEAGENT,EXECUTED,7,0,ADD,14054.0,Kyle Rudolph,0.0,7.0,2020-11-15
2020,10,92c0e03b-cc6e-4d51-a7f6-90c10ff7ad92,,FREEAGENT,EXECUTED,7,0,DROP,3051439.0,Boston Scott,7.0,0.0,2020-11-15
2020,10,c60dd83d-7118-40f9-838b-d0ffab04189f,,FREEAGENT,EXECUTED,6,0,ADD,16813.0,Logan Thomas,0.0,6.0,2020-11-12
2020,10,c60dd83d-7118-40f9-838b-d0ffab04189f,,FREEAGENT,EXECUTED,6,0,DROP,16913.0,James White,6.0,0.0,2020-11-12
2020,10,ace6f0a4-1f77-44a6-8eb4-3321e9c2e1ce,,TRADE_PROPOSAL,PENDING,10,0,TRADE,4047365.0,Josh Jacobs,6.0,10.0,2020-11-17
2020,10,ace6f0a4-1f77-44a6-8eb4-3321e9c2e1ce,,TRADE_PROPOSAL,PENDING,10,0,TRADE,2576434.0,Melvin Gordon III,10.0,6.0,2020-11-17
2020,10,ace6f0a4-1f77-44a6-8eb4-3321e9c2e1ce,,TRADE_PROPOSAL,PENDING,10,0,TRADE,2508176.0,David Johnson,10.0,6.0,2020-11-17
2020,10,a062d1e8-de77-420f-9323-09540e195707,cd45a6bd-f7b4-447e-9a51-42f0f0ea72fe,TRADE_PROPOSAL,CANCELED,10,0,TRADE,3051392.0,Ezekiel Elliott,5.0,10.0,2020-11-16
2020,10,a062d1e8-de77-420f-9323-09540e195707,cd45a6bd-f7b4-447e-9a51-42f0f0ea72fe,TRADE_PROPOSAL,CANCELED,10,0,TRADE,4239993.0,Tee Higgins,5.0,10.0,2020-11-16
2020,10,a062d1e8-de77-420f-9323-09540e195707,cd45a6bd-f7b4-447e-9a51-42f0f0ea72fe,TRADE_PROPOSAL,CANCELED,10,0,TRADE,2576434.0,Melvin Gordon III,10.0,5.0,2020-11-16
2020,10,a062d1e8-de77-420f-9323-09540e195707,cd45a6bd-f7b4-447e-9a51-42f0f0ea72fe,TRADE_PROPOSAL,CANCELED,10,0,TRADE,2508176.0,David Johnson,10.0,5.0,2020-11-16
2020,10,a062d1e8-de77-420f-9323-09540e195707,cd45a6bd-f7b4-447e-9a51-42f0f0ea72fe,TRADE_PROPOSAL,CANCELED,10,0,TRADE,15349.0,Cole Beasley,10.0,5.0,2020-11-16
2020,10,1541d515-cc0c-4c06-a1d2-6504357c6078,,FREEAGENT,EXECUTED,12,0,ADD,4243315.0,Salvon Ahmed,0.0,12.0,2020-11-15
2020,10,1541d515-cc0c-4c06-a1d2-6504357c6078,,FREEAGENT,EXECUTED,12,0,DROP,3049916.0,Matt Breida,12.0,0.0,2020-11-15
2020,10,cd45a6bd-f7b4-447e-9a51-42f0f0ea72fe,,TRADE_PROPOSAL,PENDING,10,0,TRADE,3051392.0,Ezekiel Elliott,5.0,10.0,2020-11-16
2020,10,cd45a6bd-f7b4-447e-9a51-42f0f0ea72fe,,TRADE_PROPOSAL,PENDING,10,0,TRADE,4239993.0,Tee Higgins,5.0,10.0,2020-11-16
2020,10,cd45a6bd-f7b4-447e-9a51-42f0f0ea72fe,,TRADE_PROPOSAL,PENDING,10,0,TRADE,2576434.0,Melvin Gordon III,10.0,5.0,2020-11-16
2020,10,cd45a6bd-f7b4-447e-9a51-42f0f0ea72fe,,TRADE_PROPOSAL,PENDING,10,0,TRADE,2508176.0,David Johnson,10.0,5.0,2020-11-16
2020,10,cd45a6bd-f7b4-447e-9a51-42f0f0ea72fe,,TRADE_PROPOSAL,PENDING,10,0,TRADE,15349.0,Cole Beasley,10.0,5.0,2020-11-16
2020,10,7f35726e-5643-4238-8941-5f43096fa74e,,FREEAGENT,EXECUTED,8,0,ADD,15971.0,Rex Burkhead,0.0,8.0,2020-11-13
2020,10,0d226942-a418-41fd-a562-3d4fbc48d7d4,7b54d4bd-c078-4828-9c19-88f15bd4cd86,TRADE_VETO,EXECUTED,7,0,,,,,,2020-11-12
2020,10,4ea17ec2-fdbb-496d-94e7-cc18f8116447,,FREEAGENT,EXECUTED,8,0,ADD,16757.0,Derek Carr,0.0,8.0,2020-11-12
2020,10,4ea17ec2-fdbb-496d-94e7-cc18f8116447,,FREEAGENT,EXECUTED,8,0,DROP,3045127.0,Wayne Gallman,8.0,0.0,2020-11-12
2020,10,eb0aed84-0b4f-445d-81b0-64cd653d73d8,,ROSTER,EXECUTED,12,0,DROP,16777.0,Carlos Hyde,12.0,0.0,2020-11-10
2020,10,1a9262b2-9b7f-4d0b-a512-2e10aaad2a4d,,TRADE_PROPOSAL,PENDING,10,0,TRADE,2976316.0,Michael Thomas,9.0,10.0,2020-11-10
2020,10,1a9262b2-9b7f-4d0b-a512-2e10aaad2a4d,,TRADE_PROPOSAL,PENDING,10,0,TRADE,2576434.0,Melvin Gordon III,10.0,9.0,2020-11-10
2020,10,1a9262b2-9b7f-4d0b-a512-2e10aaad2a4d,,TRADE_PROPOSAL,PENDING,10,0,TRADE,16804.0,John Brown,10.0,9.0,2020-11-10
2020,10,1a9262b2-9b7f-4d0b-a512-2e10aaad2a4d,,TRADE_PROPOSAL,PENDING,10,0,TRADE,3042778.0,Corey Davis,10.0,9.0,2020-11-10
2020,10,2faf8437-866f-46e0-b2bd-326cab09e13e,,ROSTER,EXECUTED,8,0,LINEUP,4045163.0,Miles Sanders,0.0,0.0,2020-11-10
2020,10,2faf8437-866f-46e0-b2bd-326cab09e13e,,ROSTER,EXECUTED,8,0,DROP,3115378.0,Russell Gage,8.0,0.0,2020-11-10
2020,10,a6eab48c-ef8c-486f-afe7-26f6e1448549,35a91e6b-2a8b-40c7-a0c6-8e895e434fec,TRADE_DECLINE,EXECUTED,6,0,,,,,,2020-11-10
2020,10,d34298c2-c517-47b1-ab2a-dc7e3e7235ae,e44eaac4-42a9-465e-a202-62af04525749,TRADE_DECLINE,EXECUTED,1,0,,,,,,2020-11-10
2020,10,27587ad7-6d79-4f4d-8cd3-30e3ccca3943,,FREEAGENT,EXECUTED,3,0,ADD,14877.0,Nick Foles,0.0,3.0,2020-11-13
2020,10,27587ad7-6d79-4f4d-8cd3-30e3ccca3943,,FREEAGENT,EXECUTED,3,0,DROP,10452.0,Adrian Peterson,3.0,0.0,2020-11-13
2020,10,bb57cfbd-3bb3-4517-bbb4-83995956b019,ffed0c29-c884-4bcb-bdbe-2cd029ef79e0,WAIVER,FAILED_INVALIDPLAYERSOURCE,3,4,ADD,-16021.0,Eagles D/ST,0.0,3.0,2020-11-11
2020,10,bb57cfbd-3bb3-4517-bbb4-83995956b019,ffed0c29-c884-4bcb-bdbe-2cd029ef79e0,WAIVER,FAILED_INVALIDPLAYERSOURCE,3,4,DROP,3060022.0,Jordan Howard,3.0,0.0,2020-11-11
2020,10,d8ae7720-3234-4651-a6fd-0867cba06870,,ROSTER,EXECUTED,12,0,DROP,15826.0,Giovani Bernard,12.0,0.0,2020-11-10
2020,10,fe592732-46b2-4992-b62a-3890c60597d3,,FREEAGENT,EXECUTED,13,0,ADD,11674.0,Danny Amendola,0.0,13.0,2020-11-13
2020,10,fe592732-46b2-4992-b62a-3890c60597d3,,FREEAGENT,EXECUTED,13,0,DROP,2577654.0,DeAndre Washington,13.0,0.0,2020-11-13
2020,10,aa045ed1-0df0-4fc6-bd15-423bc3d7229f,,ROSTER,EXECUTED,5,0,DROP,3915399.0,Preston Williams,5.0,0.0,2020-11-14
2020,10,df6deaba-c790-49dd-b45e-b2ccc4a88f1f,,ROSTER,EXECUTED,12,0,DROP,13994.0,Cam Newton,12.0,0.0,2020-11-10
2020,10,4f7b9da6-25de-4359-9801-055be8301599,,FREEAGENT,EXECUTED,7,0,ADD,15807.0,Cordarrelle Patterson,0.0,7.0,2020-11-14
2020,10,44843a61-f8fa-4481-b042-6840e5ca7347,ffe67653-1930-4b65-a575-c6a8b4cd3ee3,TRADE_DECLINE,EXECUTED,1,0,,,,,,2020-11-13
2020,10,4810cfa9-6b7d-4f4b-ac66-72da3bd43342,,FREEAGENT,EXECUTED,2,0,ADD,-16009.0,Packers D/ST,0.0,2.0,2020-11-11
2020,10,4810cfa9-6b7d-4f4b-ac66-72da3bd43342,,FREEAGENT,EXECUTED,2,0,DROP,-16025.0,49ers D/ST,2.0,0.0,2020-11-11
2020,10,6499d2ba-1d0c-4ecb-a696-47236520efcf,7b54d4bd-c078-4828-9c19-88f15bd4cd86,TRADE_ACCEPT,,9,0,DROP,2576491.0,Adam Humphries,9.0,0.0,2020-11-12
2020,10,02b71950-a3a9-4a2c-8188-e4523b2fb4bd,,TRADE_PROPOSAL,PENDING,1,0,TRADE,16800.0,Davante Adams,10.0,1.0,2020-11-11
2020,10,02b71950-a3a9-4a2c-8188-e4523b2fb4bd,,TRADE_PROPOSAL,PENDING,1,0,TRADE,13981.0,Mark Ingram II,10.0,1.0,2020-11-11
2020,10,02b71950-a3a9-4a2c-8188-e4523b2fb4bd,,TRADE_PROPOSAL,PENDING,1,0,TRADE,3116385.0,Joe Mixon,1.0,10.0,2020-11-11
2020,10,02b71950-a3a9-4a2c-8188-e4523b2fb4bd,,TRADE_PROPOSAL,PENDING,1,0,TRADE,2576716.0,Jamison Crowder,1.0,10.0,2020-11-11
2020,10,48ccef68-639d-49a7-b7f0-530ed48e9867,96c6ef7f-c0d0-41cd-9c49-aff05a78a3ee,WAIVER,FAILED_INVALIDPLAYERSOURCE,5,7,ADD,2969962.0,Duke Johnson,0.0,5.0,2020-11-11
2020,10,48ccef68-639d-49a7-b7f0-530ed48e9867,96c6ef7f-c0d0-41cd-9c49-aff05a78a3ee,WAIVER,FAILED_INVALIDPLAYERSOURCE,5,7,DROP,16974.0,Trey Burton,5.0,0.0,2020-11-11
2020,10,170022e2-d1a2-4ecb-856e-8e1a203a32fd,,FREEAGENT,EXECUTED,12,0,ADD,3122899.0,Richie James,0.0,12.0,2020-11-11
2020,10,7b54d4bd-c078-4828-9c19-88f15bd4cd86,,TRADE_PROPOSAL,PENDING,10,0,TRADE,2976316.0,Michael Thomas,9.0,10.0,2020-11-12
2020,10,7b54d4bd-c078-4828-9c19-88f15bd4cd86,,TRADE_PROPOSAL,PENDING,10,0,TRADE,2574808.0,Robby Anderson,10.0,9.0,2020-11-12
2020,10,7b54d4bd-c078-4828-9c19-88f15bd4cd86,,TRADE_PROPOSAL,PENDING,10,0,TRADE,4035676.0,Zack Moss,10.0,9.0,2020-11-12
2020,10,a9970404-c89d-4f27-9fab-2932e4cbf276,,FREEAGENT,EXECUTED,12,0,ADD,3049916.0,Matt Breida,0.0,12.0,2020-11-11
2020,10,2e3064de-8002-487e-92de-d671164a82cd,,ROSTER,EXECUTED,7,0,DROP,11674.0,Danny Amendola,7.0,0.0,2020-11-10
2020,10,12a26576-6d8d-4f73-b86c-e5af2f843951,1a9262b2-9b7f-4d0b-a512-2e10aaad2a4d,TRADE_PROPOSAL,CANCELED,10,0,TRADE,2976316.0,Michael Thomas,9.0,10.0,2020-11-11
2020,10,12a26576-6d8d-4f73-b86c-e5af2f843951,1a9262b2-9b7f-4d0b-a512-2e10aaad2a4d,TRADE_PROPOSAL,CANCELED,10,0,TRADE,2576434.0,Melvin Gordon III,10.0,9.0,2020-11-11
2020,10,12a26576-6d8d-4f73-b86c-e5af2f843951,1a9262b2-9b7f-4d0b-a512-2e10aaad2a4d,TRADE_PROPOSAL,CANCELED,10,0,TRADE,16804.0,John Brown,10.0,9.0,2020-11-11
2020,10,12a26576-6d8d-4f73-b86c-e5af2f843951,1a9262b2-9b7f-4d0b-a512-2e10aaad2a4d,TRADE_PROPOSAL,CANCELED,10,0,TRADE,3042778.0,Corey Davis,10.0,9.0,2020-11-11
2020,10,36f14017-5018-4996-a0f0-d0c3fc5f474b,50f37c76-4049-4d0a-ad03-1095cbce107e,WAIVER,EXECUTED,12,6,ADD,2979477.0,Tevin Coleman,0.0,12.0,2020-11-11
2020,10,f68b433c-34e4-45f4-9133-ffcabb2b14d8,7b54d4bd-c078-4828-9c19-88f15bd4cd86,TRADE_UPHOLD,EXECUTED,1,0,,,,,,2020-11-12
2020,10,53d6e1ef-581b-4d13-a1f1-0efafe27ddab,,FREEAGENT,EXECUTED,10,0,ADD,15826.0,Giovani Bernard,0.0,10.0,2020-11-12
2020,10,53d6e1ef-581b-4d13-a1f1-0efafe27ddab,,FREEAGENT,EXECUTED,10,0,DROP,3051891.0,Jordan Wilkins,10.0,0.0,2020-11-12
2020,10,33950cbb-75ed-4b0e-b493-77ae2226cae7,c1c4ff9c-476d-458c-aac5-4f580a6755e0,WAIVER,EXECUTED,2,5,ADD,3924327.0,Drew Lock,0.0,2.0,2020-11-11
2020,10,33950cbb-75ed-4b0e-b493-77ae2226cae7,c1c4ff9c-476d-458c-aac5-4f580a6755e0,WAIVER,EXECUTED,2,5,DROP,16757.0,Derek Carr,2.0,0.0,2020-11-11
2020,10,a2d28291-0765-40b0-bd4c-a872e4efc466,cd45a6bd-f7b4-447e-9a51-42f0f0ea72fe,TRADE_DECLINE,EXECUTED,5,0,,,,,,2020-11-16
2020,10,7d897467-702e-47db-bdb4-066bb26ea81a,4730a956-da70-4365-bdfb-263ea6729371,TRADE_DECLINE,EXECUTED,1,0,,,,,,2020-11-11
2020,10,23b7b7d3-71f6-47ea-8688-e7f2ece36a3e,,FREEAGENT,EXECUTED,12,0,ADD,3052587.0,Baker Mayfield,0.0,12.0,2020-11-12
2020,10,23b7b7d3-71f6-47ea-8688-e7f2ece36a3e,,FREEAGENT,EXECUTED,12,0,DROP,3135321.0,Hunter Renfrow,12.0,0.0,2020-11-12
2020,10,7547cd76-4995-4199-b06c-d1efa8393651,,ROSTER,EXECUTED,12,0,DROP,3932449.0,Dexter Williams,12.0,0.0,2020-11-10
2020,10,ec2e5e5d-c274-42d0-a178-38e02ce900f9,,FREEAGENT,EXECUTED,5,0,ADD,3045127.0,Wayne Gallman,0.0,5.0,2020-11-14
2020,10,bd299adc-b27a-4baa-84fd-50ee57b15cff,53e231a0-fbcb-478b-997d-28e2c87f6c87,WAIVER,FAILED_INVALIDPLAYERSOURCE,4,5,ADD,-16021.0,Eagles D/ST,0.0,4.0,2020-11-11
2020,10,bd299adc-b27a-4baa-84fd-50ee57b15cff,53e231a0-fbcb-478b-997d-28e2c87f6c87,WAIVER,FAILED_INVALIDPLAYERSOURCE,4,5,DROP,-16028.0,Washington D/ST,4.0,0.0,2020-11-11
2020,10,9f868572-615d-4f66-8f58-9ef229e4d3cb,,FREEAGENT,EXECUTED,5,0,ADD,3126486.0,Deebo Samuel,0.0,5.0,2020-11-12
2020,10,9f868572-615d-4f66-8f58-9ef229e4d3cb,,FREEAGENT,EXECUTED,5,0,DROP,4034952.0,La'Mical Perine,5.0,0.0,2020-11-12
2020,10,30988f05-8769-4976-9edd-54eda781cb16,,FREEAGENT,EXECUTED,5,0,ADD,-16015.0,Dolphins D/ST,0.0,5.0,2020-11-11
2020,10,8411d402-1c5c-430d-a726-e6e9fdab137d,02b71950-a3a9-4a2c-8188-e4523b2fb4bd,TRADE_PROPOSAL,CANCELED,1,0,TRADE,16800.0,Davante Adams,10.0,1.0,2020-11-13
2020,10,8411d402-1c5c-430d-a726-e6e9fdab137d,02b71950-a3a9-4a2c-8188-e4523b2fb4bd,TRADE_PROPOSAL,CANCELED,1,0,TRADE,13981.0,Mark Ingram II,10.0,1.0,2020-11-13
2020,10,8411d402-1c5c-430d-a726-e6e9fdab137d,02b71950-a3a9-4a2c-8188-e4523b2fb4bd,TRADE_PROPOSAL,CANCELED,1,0,TRADE,3116385.0,Joe Mixon,1.0,10.0,2020-11-13
2020,10,8411d402-1c5c-430d-a726-e6e9fdab137d,02b71950-a3a9-4a2c-8188-e4523b2fb4bd,TRADE_PROPOSAL,CANCELED,1,0,TRADE,2576716.0,Jamison Crowder,1.0,10.0,2020-11-13
2020,10,341e10bd-2c7d-48d8-9687-a3d74f9ee304,,FREEAGENT,EXECUTED,5,0,ADD,3042910.0,Rashard Higgins,0.0,5.0,2020-11-14
2020,10,341e10bd-2c7d-48d8-9687-a3d74f9ee304,,FREEAGENT,EXECUTED,5,0,DROP,16944.0,Devonta Freeman,5.0,0.0,2020-11-14
2020,10,17ca70d2-2084-4b26-8c58-0fe8578417d2,60545a33-df3d-4f3c-b878-3395580d4672,WAIVER,EXECUTED,1,20,ADD,2972460.0,Breshad Perriman,0.0,1.0,2020-11-11
2020,10,17ca70d2-2084-4b26-8c58-0fe8578417d2,60545a33-df3d-4f3c-b878-3395580d4672,WAIVER,EXECUTED,1,20,DROP,3042910.0,Rashard Higgins,1.0,0.0,2020-11-11
2020,10,f7db6400-67a0-458a-b9ce-38a7f009fa54,,FREEAGENT,EXECUTED,4,0,ADD,-16016.0,Vikings D/ST,0.0,4.0,2020-11-13
2020,10,f7db6400-67a0-458a-b9ce-38a7f009fa54,,FREEAGENT,EXECUTED,4,0,DROP,-16028.0,Washington D/ST,4.0,0.0,2020-11-13
2020,10,b188c382-fae0-49bc-a88e-380160476a42,6133820c-92de-49b3-846b-3ff7550a63c1,WAIVER,FAILED_INVALIDPLAYERSOURCE,12,4,ADD,3043275.0,Austin Hooper,0.0,12.0,2020-11-11
2020,10,b188c382-fae0-49bc-a88e-380160476a42,6133820c-92de-49b3-846b-3ff7550a63c1,WAIVER,FAILED_INVALIDPLAYERSOURCE,12,4,DROP,3116164.0,Mike Gesicki,12.0,0.0,2020-11-11
2020,10,770e5459-5de3-49d1-9d82-322e52c55521,,FREEAGENT,EXECUTED,9,0,ADD,3050487.0,Anthony Miller,0.0,9.0,2020-11-16
2020,10,770e5459-5de3-49d1-9d82-322e52c55521,,FREEAGENT,EXECUTED,9,0,DROP,15825.0,Le'Veon Bell,9.0,0.0,2020-11-16
2020,10,af0997f5-dee0-423e-836d-4a9e6c8b2eb1,fb6ea94e-20c1-4a5f-9cf4-a2c58eb9b1c6,WAIVER,EXECUTED,1,25,ADD,2969962.0,Duke Johnson,0.0,1.0,2020-11-11
2020,10,af0997f5-dee0-423e-836d-4a9e6c8b2eb1,fb6ea94e-20c1-4a5f-9cf4-a2c58eb9b1c6,WAIVER,EXECUTED,1,25,DROP,-16017.0,Patriots D/ST,1.0,0.0,2020-11-11
2020,10,7d0c84e1-19ad-48dc-9354-e2e2270bdc6e,,ROSTER,EXECUTED,3,0,DROP,16728.0,Teddy Bridgewater,3.0,0.0,2020-11-15
2020,10,a6dbc932-dbc5-446e-b983-afb94b8007b7,080398da-285e-491f-9a87-6ad937b4d1ff,TRADE_DECLINE,EXECUTED,2,0,,,,,,2020-11-11
2020,10,f3fe8e33-667d-4270-af42-16a1e1b512d8,,FREEAGENT,EXECUTED,7,0,ADD,3051439.0,Boston Scott,0.0,7.0,2020-11-13
2020,10,b7f15829-1a13-4e24-b317-a429a9f53143,c90e4c7f-1ad2-4d9c-9b41-bc43d6f9db99,WAIVER,FAILED_INVALIDPLAYERSOURCE,12,1,ADD,-16027.0,Buccaneers D/ST,0.0,12.0,2020-11-12
2020,10,b7f15829-1a13-4e24-b317-a429a9f53143,c90e4c7f-1ad2-4d9c-9b41-bc43d6f9db99,WAIVER,FAILED_INVALIDPLAYERSOURCE,12,1,DROP,-16010.0,Titans D/ST,12.0,0.0,2020-11-12
2020,10,3a136492-38f7-474b-8a49-3f16cc6806ec,,FREEAGENT,EXECUTED,12,0,ADD,3128774.0,Kalen Ballage,0.0,12.0,2020-11-12
2020,10,54290db4-6c87-4fcd-a7d1-6c09f6699f0c,,ROSTER,EXECUTED,4,0,LINEUP,4360438.0,Brandon Aiyuk,0.0,0.0,2020-11-13
2020,10,54290db4-6c87-4fcd-a7d1-6c09f6699f0c,,ROSTER,EXECUTED,4,0,DROP,13215.0,Dez Bryant,4.0,0.0,2020-11-13
2020,10,9b970eae-9b0a-4df1-8a14-19f271bb60c9,,ROSTER,EXECUTED,7,2,DROP,3051891.0,Jordan Wilkins,7.0,0.0,2020-11-10
2020,10,eead1a10-cb81-4e34-9e8f-4e9ada2d3653,,ROSTER,EXECUTED,6,0,DROP,3128451.0,Tre'Quan Smith,6.0,0.0,2020-11-10
2020,10,1bf144fe-0aa3-4c31-97ab-3a86b7489f23,a6a56199-51f8-41c2-b116-12d52cf918ed,TRADE_DECLINE,EXECUTED,5,0,,,,,,2020-11-10
2020,10,06ec8981-cec3-46e8-aabc-312e1ff3275d,,FREEAGENT,EXECUTED,3,0,ADD,16728.0,Teddy Bridgewater,0.0,3.0,2020-11-11
2020,10,b576d280-ac1c-4dfe-8955-c7d213c37932,fdf6bec8-7351-4362-92ed-19e027adae5e,WAIVER,EXECUTED,5,6,ADD,-16021.0,Eagles D/ST,0.0,5.0,2020-11-11
2020,10,b576d280-ac1c-4dfe-8955-c7d213c37932,fdf6bec8-7351-4362-92ed-19e027adae5e,WAIVER,EXECUTED,5,6,DROP,-16027.0,Buccaneers D/ST,5.0,0.0,2020-11-11
2020,10,527aad21-e2d3-487c-9b4f-a51f3f96f049,821f8223-0820-44f5-a94e-fc01844da700,TRADE_PROPOSAL,CANCELED,5,0,TRADE,4047365.0,Josh Jacobs,6.0,5.0,2020-11-12
2020,10,527aad21-e2d3-487c-9b4f-a51f3f96f049,821f8223-0820-44f5-a94e-fc01844da700,TRADE_PROPOSAL,CANCELED,5,0,TRADE,3121427.0,Curtis Samuel,6.0,5.0,2020-11-12
2020,10,527aad21-e2d3-487c-9b4f-a51f3f96f049,821f8223-0820-44f5-a94e-fc01844da700,TRADE_PROPOSAL,CANCELED,5,0,TRADE,3051392.0,Ezekiel Elliott,5.0,6.0,2020-11-12
2020,10,527aad21-e2d3-487c-9b4f-a51f3f96f049,821f8223-0820-44f5-a94e-fc01844da700,TRADE_PROPOSAL,CANCELED,5,0,TRADE,16737.0,Mike Evans,5.0,6.0,2020-11-12
2020,10,1b967584-bf8e-4b75-be48-e26633d9bb1f,7b54d4bd-c078-4828-9c19-88f15bd4cd86,TRADE_ACCEPT,EXECUTED,10,0,TRADE,2976316.0,Michael Thomas,9.0,10.0,2020-11-12
2020,10,1b967584-bf8e-4b75-be48-e26633d9bb1f,7b54d4bd-c078-4828-9c19-88f15bd4cd86,TRADE_ACCEPT,EXECUTED,10,0,TRADE,2574808.0,Robby Anderson,10.0,9.0,2020-11-12
2020,10,1b967584-bf8e-4b75-be48-e26633d9bb1f,7b54d4bd-c078-4828-9c19-88f15bd4cd86,TRADE_ACCEPT,EXECUTED,10,0,TRADE,4035676.0,Zack Moss,10.0,9.0,2020-11-12
2020,10,1b967584-bf8e-4b75-be48-e26633d9bb1f,7b54d4bd-c078-4828-9c19-88f15bd4cd86,TRADE_ACCEPT,EXECUTED,10,0,DROP,2576491.0,Adam Humphries,9.0,0.0,2020-11-12
2020,10,70b9252f-f768-45c1-b51c-770b46efdf04,a48a87cd-6dce-4f70-9d19-cb35241fe6a0,WAIVER,CANCELED,5,0,ADD,3043275.0,Austin Hooper,0.0,5.0,2020-11-10
2020,10,70b9252f-f768-45c1-b51c-770b46efdf04,a48a87cd-6dce-4f70-9d19-cb35241fe6a0,WAIVER,CANCELED,5,0,DROP,16974.0,Trey Burton,5.0,0.0,2020-11-10
2020,10,e75c5bc9-dd02-4a8a-87cd-e6f83573d39b,,FREEAGENT,EXECUTED,10,0,ADD,3051891.0,Jordan Wilkins,0.0,10.0,2020-11-12
2020,10,e75c5bc9-dd02-4a8a-87cd-e6f83573d39b,,FREEAGENT,EXECUTED,10,0,DROP,3928925.0,JaMycal Hasty,10.0,0.0,2020-11-12
2020,10,65a0657f-7ed8-439d-b5aa-aa074b614eb0,788420a0-21ee-4470-b1f7-3283de5e43ef,WAIVER,EXECUTED,5,7,ADD,3043275.0,Austin Hooper,0.0,5.0,2020-11-11
2020,10,65a0657f-7ed8-439d-b5aa-aa074b614eb0,788420a0-21ee-4470-b1f7-3283de5e43ef,WAIVER,EXECUTED,5,7,DROP,16813.0,Logan Thomas,5.0,0.0,2020-11-11
2020,10,24945eca-8070-44bb-8898-2fdb7c7c9fa2,ed7cf9a0-1859-4987-9847-fc1730f7810d,WAIVER,EXECUTED,3,4,ADD,-16027.0,Buccaneers D/ST,0.0,3.0,2020-11-12
2020,10,24945eca-8070-44bb-8898-2fdb7c7c9fa2,ed7cf9a0-1859-4987-9847-fc1730f7810d,WAIVER,EXECUTED,3,4,DROP,3060022.0,Jordan Howard,3.0,0.0,2020-11-12
2020,10,551f68fc-165f-4fb1-a64c-407800225c6b,aaf7257c-1277-4ecb-95ae-2a0f64341e6c,TRADE_DECLINE,EXECUTED,13,0,,,,,,2020-11-17
2020,10,65eb24ca-5b54-4bb4-8dbb-d8fcea0ca002,a9c05ca6-9cc6-4eaa-b4d5-950790e6358a,WAIVER,FAILED_ROSTERLIMIT,4,3,ADD,3122899.0,Richie James,0.0,4.0,2020-11-11
2020,10,08ede67a-c919-42d4-8823-4f2fb9e77ed8,8d509aab-8ee1-4110-85ff-97f2aba8aaa8,WAIVER,FAILED_AUCTIONBUDGETEXCEEDED,1,20,ADD,2979477.0,Tevin Coleman,0.0,1.0,2020-11-11
2020,10,08ede67a-c919-42d4-8823-4f2fb9e77ed8,8d509aab-8ee1-4110-85ff-97f2aba8aaa8,WAIVER,FAILED_AUCTIONBUDGETEXCEEDED,1,20,DROP,-16017.0,Patriots D/ST,1.0,0.0,2020-11-11
2020,10,c79e625c-1b18-4d72-a2a8-d7a814e9f045,ace6f0a4-1f77-44a6-8eb4-3321e9c2e1ce,TRADE_PROPOSAL,CANCELED,10,0,TRADE,4047365.0,Josh Jacobs,6.0,10.0,2020-11-17
2020,10,c79e625c-1b18-4d72-a2a8-d7a814e9f045,ace6f0a4-1f77-44a6-8eb4-3321e9c2e1ce,TRADE_PROPOSAL,CANCELED,10,0,TRADE,2576434.0,Melvin Gordon III,10.0,6.0,2020-11-17
2020,10,c79e625c-1b18-4d72-a2a8-d7a814e9f045,ace6f0a4-1f77-44a6-8eb4-3321e9c2e1ce,TRADE_PROPOSAL,CANCELED,10,0,TRADE,2508176.0,David Johnson,10.0,6.0,2020-11-17
2020,11,b738b68f-fece-4223-aa8a-3991ce1ba7cc,,ROSTER,EXECUTED,7,0,DROP,14054.0,Kyle Rudolph,7.0,0.0,2020-11-17
2020,11,f49a0df2-0c5a-46d5-a4af-a5388770aab8,c115da21-7c29-43b8-9d81-ba6b39172699,TRADE_DECLINE,EXECUTED,5,0,,,,,,2020-11-23
2020,11,1b57ccf2-cf88-4936-9d9c-08ebb8ad3059,d9c2de86-a238-48fc-9c2d-345e493e738a,WAIVER,EXECUTED,1,1,ADD,13981.0,Mark Ingram II,0.0,1.0,2020-11-19
2020,11,2db1ce99-cadf-40e7-ba07-8fd0bc266f7c,,FREEAGENT,EXECUTED,7,0,ADD,13994.0,Cam Newton,0.0,7.0,2020-11-20
2020,11,7dea5d87-fda8-4578-a224-2f98bf7bc2c5,,FREEAGENT,EXECUTED,4,0,ADD,2577641.0,Jakeem Grant,0.0,4.0,2020-11-21
2020,11,8d8cf8ea-e9c6-435d-be91-299f9eafcc2c,458c0c9f-a5b0-41cf-a673-eb12bf902e0e,WAIVER,FAILED_PLAYERALREADYDROPPED,8,5,ADD,13994.0,Cam Newton,0.0,8.0,2020-11-18
2020,11,8d8cf8ea-e9c6-435d-be91-299f9eafcc2c,458c0c9f-a5b0-41cf-a673-eb12bf902e0e,WAIVER,FAILED_PLAYERALREADYDROPPED,8,5,DROP,4040655.0,Darnell Mooney,8.0,0.0,2020-11-18
2020,11,18835473-6531-4269-8a5c-48b7048c4d51,,FREEAGENT,EXECUTED,7,0,ADD,3049916.0,Matt Breida,0.0,7.0,2020-11-18
2020,11,0e2ddac4-e323-4bfb-8a13-7846c62d1ad6,5fb130e4-13b3-4e99-9a90-bc605a2196bb,TRADE_DECLINE,EXECUTED,1,0,,,,,,2020-11-23
2020,11,6554fd11-4098-4f07-be4e-d26a20186a70,d088b480-4978-4b93-8436-32883111ef51,TRADE_DECLINE,EXECUTED,12,0,,,,,,2020-11-18
2020,11,6e824ede-5711-46b7-81ca-b95c54d92613,d6281ae7-41af-44d3-87ab-685610100370,TRADE_PROPOSAL,CANCELED,12,0,TRADE,2976316.0,Michael Thomas,10.0,12.0,2020-11-20
2020,11,6e824ede-5711-46b7-81ca-b95c54d92613,d6281ae7-41af-44d3-87ab-685610100370,TRADE_PROPOSAL,CANCELED,12,0,TRADE,3121023.0,Dallas Goedert,10.0,12.0,2020-11-20
2020,11,6e824ede-5711-46b7-81ca-b95c54d92613,d6281ae7-41af-44d3-87ab-685610100370,TRADE_PROPOSAL,CANCELED,12,0,TRADE,2977644.0,Todd Gurley II,12.0,10.0,2020-11-20
2020,11,6e824ede-5711-46b7-81ca-b95c54d92613,d6281ae7-41af-44d3-87ab-685610100370,TRADE_PROPOSAL,CANCELED,12,0,TRADE,4243315.0,Salvon Ahmed,12.0,10.0,2020-11-20
2020,11,2d029937-59c0-4b55-a0a6-657b610d24c1,,TRADE_PROPOSAL,PENDING,10,0,TRADE,3045147.0,James Conner,1.0,10.0,2020-11-17
2020,11,2d029937-59c0-4b55-a0a6-657b610d24c1,,TRADE_PROPOSAL,PENDING,10,0,TRADE,2576434.0,Melvin Gordon III,10.0,1.0,2020-11-17
2020,11,2d029937-59c0-4b55-a0a6-657b610d24c1,,TRADE_PROPOSAL,PENDING,10,0,TRADE,2508176.0,David Johnson,10.0,1.0,2020-11-17
2020,11,b48a4161-2e8c-41fd-9e82-7b0b2a6a18c2,89dbf2ee-a7b7-41e8-98f3-3ff8b7e54c2d,TRADE_UPHOLD,EXECUTED,1,0,,,,,,2020-11-17
2020,11,2c8bb955-c7e8-4f43-9cfd-cc2803bd6faf,,TRADE_PROPOSAL,PENDING,10,0,TRADE,3043078.0,Derrick Henry,12.0,10.0,2020-11-18
2020,11,2c8bb955-c7e8-4f43-9cfd-cc2803bd6faf,,TRADE_PROPOSAL,PENDING,10,0,TRADE,2976316.0,Michael Thomas,10.0,12.0,2020-11-18
2020,11,b045fad0-d96f-4a96-83cd-f9b1bd279885,8dc96042-29ef-4c88-8785-7f799730212f,TRADE_DECLINE,EXECUTED,3,0,,,,,,2020-11-19
2020,11,4cf369ca-a3b8-4a44-ac88-f6f55123382f,,ROSTER,EXECUTED,3,0,DROP,-16012.0,Chiefs D/ST,3.0,0.0,2020-11-17
2020,11,82804aa9-5556-4c95-a8dd-0d6f2ae20318,,FREEAGENT,EXECUTED,7,0,ADD,3051738.0,Marquez Valdes-Scantling,0.0,7.0,2020-11-19
2020,11,82804aa9-5556-4c95-a8dd-0d6f2ae20318,,FREEAGENT,EXECUTED,7,0,DROP,14912.0,Alshon Jeffery,7.0,0.0,2020-11-19
2020,11,1ff781b7-f56a-4412-88c8-24f680d48e6b,,FREEAGENT,EXECUTED,12,0,ADD,4034952.0,La'Mical Perine,0.0,12.0,2020-11-19
2020,11,1ff781b7-f56a-4412-88c8-24f680d48e6b,,FREEAGENT,EXECUTED,12,0,DROP,3116164.0,Mike Gesicki,12.0,0.0,2020-11-19
2020,11,121ab0d4-cc18-4d10-8139-96264a5f0536,eed1504a-88bb-4cad-9798-ceb2606d909d,WAIVER,FAILED_PLAYERALREADYDROPPED,8,5,ADD,16728.0,Teddy Bridgewater,0.0,8.0,2020-11-18
2020,11,121ab0d4-cc18-4d10-8139-96264a5f0536,eed1504a-88bb-4cad-9798-ceb2606d909d,WAIVER,FAILED_PLAYERALREADYDROPPED,8,5,DROP,4040655.0,Darnell Mooney,8.0,0.0,2020-11-18
2020,11,64bef734-1b82-4c19-821c-d4d4c8fdfa8d,81c41f97-01c3-4d22-839d-8793078eb4de,TRADE_PROPOSAL,CANCELED,10,0,TRADE,4035538.0,David Montgomery,9.0,10.0,2020-11-20
2020,11,64bef734-1b82-4c19-821c-d4d4c8fdfa8d,81c41f97-01c3-4d22-839d-8793078eb4de,TRADE_PROPOSAL,CANCELED,10,0,TRADE,2576434.0,Melvin Gordon III,10.0,9.0,2020-11-20
2020,11,961e7406-ea77-4890-8f56-1d68b96ef50c,,FREEAGENT,EXECUTED,7,0,ADD,16777.0,Carlos Hyde,0.0,7.0,2020-11-19
2020,11,961e7406-ea77-4890-8f56-1d68b96ef50c,,FREEAGENT,EXECUTED,7,0,DROP,3046409.0,Alex Collins,7.0,0.0,2020-11-19
2020,11,7ed4ab59-5ffa-4b42-b97e-a2cc9d92b753,,FREEAGENT,EXECUTED,3,0,ADD,3916925.0,Kerryon Johnson,0.0,3.0,2020-11-21
2020,11,ac88ca91-8f3b-4ef2-b623-65a2d27002a9,,FREEAGENT,EXECUTED,13,0,ADD,4036348.0,Michael Gallup,0.0,13.0,2020-11-21
2020,11,ac88ca91-8f3b-4ef2-b623-65a2d27002a9,,FREEAGENT,EXECUTED,13,0,DROP,11674.0,Danny Amendola,13.0,0.0,2020-11-21
2020,11,e26de7ce-60c4-4150-b00b-e9257da32974,,TRADE_PROPOSAL,PENDING,1,0,TRADE,2508176.0,David Johnson,10.0,1.0,2020-11-18
2020,11,e26de7ce-60c4-4150-b00b-e9257da32974,,TRADE_PROPOSAL,PENDING,1,0,TRADE,15826.0,Giovani Bernard,10.0,1.0,2020-11-18
2020,11,e26de7ce-60c4-4150-b00b-e9257da32974,,TRADE_PROPOSAL,PENDING,1,0,TRADE,3115364.0,Leonard Fournette,1.0,10.0,2020-11-18
2020,11,e26de7ce-60c4-4150-b00b-e9257da32974,,TRADE_PROPOSAL,PENDING,1,0,TRADE,13983.0,A.J. Green,1.0,10.0,2020-11-18
2020,11,dd28da69-88da-4613-97a8-19374ca8cf0d,,TRADE_PROPOSAL,PENDING,10,0,TRADE,3042519.0,Aaron Jones,1.0,10.0,2020-11-18
2020,11,dd28da69-88da-4613-97a8-19374ca8cf0d,,TRADE_PROPOSAL,PENDING,10,0,TRADE,2976316.0,Michael Thomas,10.0,1.0,2020-11-18
2020,11,799677ac-8735-4923-b010-eef128e412d6,ba871487-2b5f-480e-aedf-f4aa8e433108,WAIVER,FAILED_INVALIDPLAYERSOURCE,5,4,ADD,2468609.0,Taysom Hill,0.0,5.0,2020-11-18
2020,11,799677ac-8735-4923-b010-eef128e412d6,ba871487-2b5f-480e-aedf-f4aa8e433108,WAIVER,FAILED_INVALIDPLAYERSOURCE,5,4,DROP,3042910.0,Rashard Higgins,5.0,0.0,2020-11-18
2020,11,a7ed30c1-82e6-4028-893f-e838f585825b,ace6f0a4-1f77-44a6-8eb4-3321e9c2e1ce,TRADE_DECLINE,EXECUTED,6,0,,,,,,2020-11-17
2020,11,42e85bd6-08b9-4d32-af08-f99fe6c15e28,,ROSTER,EXECUTED,7,0,DROP,2975674.0,Robert Tonyan,7.0,0.0,2020-11-18
2020,11,2b84084f-c7a3-424d-8b63-6dfa68bca0cd,89743ffc-b331-45ab-b34a-442b1349a184,WAIVER,FAILED_INVALIDPLAYERSOURCE,7,1,ADD,3117256.0,Dalton Schultz,0.0,7.0,2020-11-18
2020,11,2b84084f-c7a3-424d-8b63-6dfa68bca0cd,89743ffc-b331-45ab-b34a-442b1349a184,WAIVER,FAILED_INVALIDPLAYERSOURCE,7,1,DROP,2975674.0,Robert Tonyan,7.0,0.0,2020-11-18
2020,11,74dbdc84-5d4d-4298-822a-7f8b6b934394,,FREEAGENT,EXECUTED,6,0,ADD,4035687.0,Michael Pittman Jr.,0.0,6.0,2020-11-18
2020,11,74dbdc84-5d4d-4298-822a-7f8b6b934394,,FREEAGENT,EXECUTED,6,0,DROP,16813.0,Logan Thomas,6.0,0.0,2020-11-18
2020,11,ac9707a9-6862-48fc-a0d1-f22b16ba222f,,TRADE_PROPOSAL,PENDING,10,0,TRADE,3042519.0,Aaron Jones,1.0,10.0,2020-11-18
2020,11,ac9707a9-6862-48fc-a0d1-f22b16ba222f,,TRADE_PROPOSAL,PENDING,10,0,TRADE,4360294.0,Antonio Gibson,10.0,1.0,2020-11-18
2020,11,ac9707a9-6862-48fc-a0d1-f22b16ba222f,,TRADE_PROPOSAL,PENDING,10,0,TRADE,15349.0,Cole Beasley,10.0,1.0,2020-11-18
2020,11,6bc84291-38eb-437d-890c-5f96a9a7ad09,cbd5bb95-ab85-449e-87c3-d2f3a55e7d31,WAIVER,FAILED_INVALIDPLAYERSOURCE,7,2,ADD,2468609.0,Taysom Hill,0.0,7.0,2020-11-18
2020,11,6bc84291-38eb-437d-890c-5f96a9a7ad09,cbd5bb95-ab85-449e-87c3-d2f3a55e7d31,WAIVER,FAILED_INVALIDPLAYERSOURCE,7,2,DROP,3051926.0,Gus Edwards,7.0,0.0,2020-11-18
2020,11,c15949d3-c82d-4dc2-9304-461f82b03b22,dd28da69-88da-4613-97a8-19374ca8cf0d,TRADE_DECLINE,EXECUTED,1,0,,,,,,2020-11-19
2020,11,0fcef500-dd2d-423f-a461-8f7f8bdc4181,2c8bb955-c7e8-4f43-9cfd-cc2803bd6faf,TRADE_DECLINE,EXECUTED,12,0,,,,,,2020-11-18
2020,11,c67a140f-0de7-4a0a-88e3-5c4abe295f85,,FREEAGENT,EXECUTED,7,0,ADD,2573401.0,Tyler Higbee,0.0,7.0,2020-11-18
2020,11,24b2a701-6bf6-41c6-abe1-4444be2df5f3,,ROSTER,EXECUTED,12,0,DROP,-16010.0,Titans D/ST,12.0,0.0,2020-11-18
2020,11,7c603a66-e623-424f-8716-3fe4389612f3,,FREEAGENT,EXECUTED,7,0,ADD,3046409.0,Alex Collins,0.0,7.0,2020-11-18
2020,11,7c603a66-e623-424f-8716-3fe4389612f3,,FREEAGENT,EXECUTED,7,0,DROP,4240631.0,DeeJay Dallas,7.0,0.0,2020-11-18
2020,11,41579410-bfe0-432f-9e67-e747d02f1361,29ddbcd4-cafb-4e13-bc9e-e95c2a9bb1c1,TRADE_DECLINE,EXECUTED,13,0,,,,,,2020-11-18
2020,11,3c735446-c31a-4c79-b122-c03164b72917,b2dce24a-7aab-4f09-b8de-acfd05e92219,WAIVER,EXECUTED,1,5,ADD,-16005.0,Browns D/ST,0.0,1.0,2020-11-18
2020,11,3c735446-c31a-4c79-b122-c03164b72917,b2dce24a-7aab-4f09-b8de-acfd05e92219,WAIVER,EXECUTED,1,5,DROP,13983.0,A.J. Green,1.0,0.0,2020-11-18
2020,11,bf0ce820-2ba1-4f55-9bc7-1676fafaed6e,8b4abf4d-e03c-41dc-ad72-6e4e98e0ab17,TRADE_DECLINE,EXECUTED,6,0,,,,,,2020-11-20
2020,11,23775c64-f8a0-4ff9-9c7e-93bcef3fa94c,6d273e14-9045-4ea6-8f6e-d28c80bd7faa,TRADE_DECLINE,EXECUTED,12,0,,,,,,2020-11-19
2020,11,81c41f97-01c3-4d22-839d-8793078eb4de,,TRADE_PROPOSAL,PENDING,10,0,TRADE,4035538.0,David Montgomery,9.0,10.0,2020-11-18
2020,11,81c41f97-01c3-4d22-839d-8793078eb4de,,TRADE_PROPOSAL,PENDING,10,0,TRADE,2576434.0,Melvin Gordon III,10.0,9.0,2020-11-18
2020,11,8d7ea5c0-0383-41e3-b8ed-bb732763822e,11cd2efa-a7dd-43a9-b489-d373a26af578,WAIVER,FAILED_INVALIDPLAYERSOURCE,12,1,ADD,15825.0,Le'Veon Bell,0.0,12.0,2020-11-18
2020,11,ca0f4e3a-ca50-4188-868a-3e98c37e9a9e,,ROSTER,EXECUTED,5,0,DROP,-16021.0,Eagles D/ST,5.0,0.0,2020-11-17
2020,11,5d3e3a2f-ed94-4619-a7d1-23e1b8ea4848,,FREEAGENT,EXECUTED,4,0,ADD,-16002.0,Bills D/ST,0.0,4.0,2020-11-24
2020,11,5d3e3a2f-ed94-4619-a7d1-23e1b8ea4848,,FREEAGENT,EXECUTED,4,0,DROP,15860.0,Jordan Reed,4.0,0.0,2020-11-24
2020,11,078cfad3-a9b0-433e-9f07-4816852969df,,TRADE_PROPOSAL,PENDING,10,0,TRADE,3054850.0,Alvin Kamara,2.0,10.0,2020-11-19
2020,11,078cfad3-a9b0-433e-9f07-4816852969df,,TRADE_PROPOSAL,PENDING,10,0,TRADE,2976499.0,Amari Cooper,2.0,10.0,2020-11-19
2020,11,078cfad3-a9b0-433e-9f07-4816852969df,,TRADE_PROPOSAL,PENDING,10,0,TRADE,4360294.0,Antonio Gibson,10.0,2.0,2020-11-19
2020,11,078cfad3-a9b0-433e-9f07-4816852969df,,TRADE_PROPOSAL,PENDING,10,0,TRADE,2976316.0,Michael Thomas,10.0,2.0,2020-11-19
2020,11,2a6ac639-569e-4ff2-ac6a-ee9521fd62da,d1a0ccc9-9def-4f02-96bc-e498dae3d215,TRADE_PROPOSAL,CANCELED,10,0,TRADE,3886818.0,Myles Gaskin,13.0,10.0,2020-11-20
2020,11,2a6ac639-569e-4ff2-ac6a-ee9521fd62da,d1a0ccc9-9def-4f02-96bc-e498dae3d215,TRADE_PROPOSAL,CANCELED,10,0,TRADE,15826.0,Giovani Bernard,10.0,13.0,2020-11-20
2020,11,88079dfc-af07-4f5e-94a9-138d87c99faa,e26de7ce-60c4-4150-b00b-e9257da32974,TRADE_DECLINE,EXECUTED,10,0,,,,,,2020-11-18
2020,11,690a3c8b-0c07-4a66-8655-d9285f14049b,d623e341-f359-4e7d-a442-9b4aef13271f,WAIVER,EXECUTED,10,1,ADD,14880.0,Kirk Cousins,0.0,10.0,2020-11-18
2020,11,690a3c8b-0c07-4a66-8655-d9285f14049b,d623e341-f359-4e7d-a442-9b4aef13271f,WAIVER,EXECUTED,10,1,DROP,13981.0,Mark Ingram II,10.0,0.0,2020-11-18
2020,11,152b63e3-b3d4-4b32-8bd7-342445f9fd08,,FREEAGENT,EXECUTED,7,0,ADD,-16021.0,Eagles D/ST,0.0,7.0,2020-11-19
2020,11,152b63e3-b3d4-4b32-8bd7-342445f9fd08,,FREEAGENT,EXECUTED,7,0,DROP,3051926.0,Gus Edwards,7.0,0.0,2020-11-19
2020,11,f6175e30-c899-41b7-951e-001f8b7c0742,,ROSTER,EXECUTED,7,0,DROP,15807.0,Cordarrelle Patterson,7.0,0.0,2020-11-17
2020,11,f6461cca-cb14-42a3-b4d4-a1c08f15fd69,,FREEAGENT,EXECUTED,5,0,ADD,10452.0,Adrian Peterson,0.0,5.0,2020-11-19
2020,11,f6461cca-cb14-42a3-b4d4-a1c08f15fd69,,FREEAGENT,EXECUTED,5,0,DROP,4212909.0,David Moore,5.0,0.0,2020-11-19
2020,11,6a2bb94e-1628-41ad-9e55-8f15d817d987,,FREEAGENT,EXECUTED,12,0,ADD,4240380.0,KJ Hamler,0.0,12.0,2020-11-19
2020,11,6a2bb94e-1628-41ad-9e55-8f15d817d987,,FREEAGENT,EXECUTED,12,0,DROP,3122899.0,Richie James,12.0,0.0,2020-11-19
2020,11,bc40d3c9-4850-4ae0-a053-dab90c619184,54b551de-0e91-402f-8e97-e42c3a840238,WAIVER,EXECUTED,12,16,ADD,2468609.0,Taysom Hill,0.0,12.0,2020-11-18
2020,11,bc40d3c9-4850-4ae0-a053-dab90c619184,54b551de-0e91-402f-8e97-e42c3a840238,WAIVER,EXECUTED,12,16,DROP,3052587.0,Baker Mayfield,12.0,0.0,2020-11-18
2020,11,d1a0ccc9-9def-4f02-96bc-e498dae3d215,,TRADE_PROPOSAL,PENDING,10,0,TRADE,3886818.0,Myles Gaskin,13.0,10.0,2020-11-20
2020,11,d1a0ccc9-9def-4f02-96bc-e498dae3d215,,TRADE_PROPOSAL,PENDING,10,0,TRADE,15826.0,Giovani Bernard,10.0,13.0,2020-11-20
2020,11,e5eecbcd-2017-4cd5-b38f-9a869b990e52,6d273e14-9045-4ea6-8f6e-d28c80bd7faa,TRADE_PROPOSAL,CANCELED,10,0,TRADE,2977644.0,Todd Gurley II,12.0,10.0,2020-11-19
2020,11,e5eecbcd-2017-4cd5-b38f-9a869b990e52,6d273e14-9045-4ea6-8f6e-d28c80bd7faa,TRADE_PROPOSAL,CANCELED,10,0,TRADE,2576434.0,Melvin Gordon III,10.0,12.0,2020-11-19
2020,11,e5eecbcd-2017-4cd5-b38f-9a869b990e52,6d273e14-9045-4ea6-8f6e-d28c80bd7faa,TRADE_PROPOSAL,CANCELED,10,0,TRADE,3042778.0,Corey Davis,10.0,12.0,2020-11-19
2020,11,0335ed31-f37f-4677-bc3d-2b3ccb1cae13,d088b480-4978-4b93-8436-32883111ef51,TRADE_PROPOSAL,CANCELED,10,0,TRADE,3043078.0,Derrick Henry,12.0,10.0,2020-11-18
2020,11,0335ed31-f37f-4677-bc3d-2b3ccb1cae13,d088b480-4978-4b93-8436-32883111ef51,TRADE_PROPOSAL,CANCELED,10,0,TRADE,3918298.0,Josh Allen,10.0,12.0,2020-11-18
2020,11,1b17f6c1-3db5-4af2-bc29-7037604d38ff,dd28da69-88da-4613-97a8-19374ca8cf0d,TRADE_PROPOSAL,CANCELED,10,0,TRADE,3042519.0,Aaron Jones,1.0,10.0,2020-11-19
2020,11,1b17f6c1-3db5-4af2-bc29-7037604d38ff,dd28da69-88da-4613-97a8-19374ca8cf0d,TRADE_PROPOSAL,CANCELED,10,0,TRADE,2976316.0,Michael Thomas,10.0,1.0,2020-11-19
2020,11,6d273e14-9045-4ea6-8f6e-d28c80bd7faa,,TRADE_PROPOSAL,PENDING,10,0,TRADE,2977644.0,Todd Gurley II,12.0,10.0,2020-11-19
2020,11,6d273e14-9045-4ea6-8f6e-d28c80bd7faa,,TRADE_PROPOSAL,PENDING,10,0,TRADE,2576434.0,Melvin Gordon III,10.0,12.0,2020-11-19
2020,11,6d273e14-9045-4ea6-8f6e-d28c80bd7faa,,TRADE_PROPOSAL,PENDING,10,0,TRADE,3042778.0,Corey Davis,10.0,12.0,2020-11-19
2020,11,20e572bd-bc4b-4f5a-85ae-6659f5ab2323,2c8bb955-c7e8-4f43-9cfd-cc2803bd6faf,TRADE_PROPOSAL,CANCELED,10,0,TRADE,3043078.0,Derrick Henry,12.0,10.0,2020-11-18
2020,11,20e572bd-bc4b-4f5a-85ae-6659f5ab2323,2c8bb955-c7e8-4f43-9cfd-cc2803bd6faf,TRADE_PROPOSAL,CANCELED,10,0,TRADE,2976316.0,Michael Thomas,10.0,12.0,2020-11-18
2020,11,d09a04a0-04af-4347-bd0f-89690d11e193,2d029937-59c0-4b55-a0a6-657b610d24c1,TRADE_PROPOSAL,CANCELED,10,0,TRADE,3045147.0,James Conner,1.0,10.0,2020-11-18
2020,11,d09a04a0-04af-4347-bd0f-89690d11e193,2d029937-59c0-4b55-a0a6-657b610d24c1,TRADE_PROPOSAL,CANCELED,10,0,TRADE,2576434.0,Melvin Gordon III,10.0,1.0,2020-11-18
2020,11,d09a04a0-04af-4347-bd0f-89690d11e193,2d029937-59c0-4b55-a0a6-657b610d24c1,TRADE_PROPOSAL,CANCELED,10,0,TRADE,2508176.0,David Johnson,10.0,1.0,2020-11-18
2020,11,3311dce1-7cb2-4dbf-b3e9-ef2e387eed69,,TRADE_PROPOSAL,PENDING,10,0,TRADE,3046439.0,Hunter Henry,1.0,10.0,2020-11-18
2020,11,3311dce1-7cb2-4dbf-b3e9-ef2e387eed69,,TRADE_PROPOSAL,PENDING,10,0,TRADE,3115364.0,Leonard Fournette,1.0,10.0,2020-11-18
2020,11,3311dce1-7cb2-4dbf-b3e9-ef2e387eed69,,TRADE_PROPOSAL,PENDING,10,0,TRADE,15826.0,Giovani Bernard,10.0,1.0,2020-11-18
2020,11,3311dce1-7cb2-4dbf-b3e9-ef2e387eed69,,TRADE_PROPOSAL,PENDING,10,0,TRADE,2508176.0,David Johnson,10.0,1.0,2020-11-18
2020,11,d6281ae7-41af-44d3-87ab-685610100370,,TRADE_PROPOSAL,PENDING,12,0,TRADE,2976316.0,Michael Thomas,10.0,12.0,2020-11-20
2020,11,d6281ae7-41af-44d3-87ab-685610100370,,TRADE_PROPOSAL,PENDING,12,0,TRADE,3121023.0,Dallas Goedert,10.0,12.0,2020-11-20
2020,11,d6281ae7-41af-44d3-87ab-685610100370,,TRADE_PROPOSAL,PENDING,12,0,TRADE,2977644.0,Todd Gurley II,12.0,10.0,2020-11-20
2020,11,d6281ae7-41af-44d3-87ab-685610100370,,TRADE_PROPOSAL,PENDING,12,0,TRADE,4243315.0,Salvon Ahmed,12.0,10.0,2020-11-20
2020,11,ee38342a-3771-4026-89f7-11178a8b4167,d1a0ccc9-9def-4f02-96bc-e498dae3d215,TRADE_DECLINE,EXECUTED,13,0,,,,,,2020-11-20
2020,11,0555be87-34c0-4af9-9212-98b54cd9b4ed,,FREEAGENT,EXECUTED,8,0,ADD,16728.0,Teddy Bridgewater,0.0,8.0,2020-11-20
2020,11,0555be87-34c0-4af9-9212-98b54cd9b4ed,,FREEAGENT,EXECUTED,8,0,DROP,2969939.0,Jameis Winston,8.0,0.0,2020-11-20
2020,11,48420aa4-2bcf-4fc6-867d-5b95206ffb17,,FREEAGENT,EXECUTED,8,0,ADD,3051926.0,Gus Edwards,0.0,8.0,2020-11-22
2020,11,b7cd4b06-234d-48ac-b0c3-a5f631d15ab8,f88ff307-c0c4-4a4e-b285-ff4cfcd23d71,TRADE_DECLINE,EXECUTED,3,0,,,,,,2020-11-20
2020,11,62c1024a-1596-4b23-b774-c237222fd015,dd5f865b-842f-43a3-a641-6c3553a94664,WAIVER,EXECUTED,8,5,ADD,2969939.0,Jameis Winston,0.0,8.0,2020-11-18
2020,11,62c1024a-1596-4b23-b774-c237222fd015,dd5f865b-842f-43a3-a641-6c3553a94664,WAIVER,EXECUTED,8,5,DROP,4040655.0,Darnell Mooney,8.0,0.0,2020-11-18
2020,11,d724b850-85df-49b8-8294-81f544c9d7e8,,FREEAGENT,EXECUTED,12,0,ADD,13994.0,Cam Newton,0.0,12.0,2020-11-18
2020,11,e7b32cb7-8d3a-4e04-b174-66de3c6264b0,8c0ad46c-2d22-4fe3-bea1-4032a39c0098,TRADE_DECLINE,EXECUTED,8,0,,,,,,2020-11-19
2020,11,fec6cb46-04aa-4be2-8ab2-a0d9282621c8,3311dce1-7cb2-4dbf-b3e9-ef2e387eed69,TRADE_PROPOSAL,CANCELED,10,0,TRADE,3046439.0,Hunter Henry,1.0,10.0,2020-11-18
2020,11,fec6cb46-04aa-4be2-8ab2-a0d9282621c8,3311dce1-7cb2-4dbf-b3e9-ef2e387eed69,TRADE_PROPOSAL,CANCELED,10,0,TRADE,3115364.0,Leonard Fournette,1.0,10.0,2020-11-18
2020,11,fec6cb46-04aa-4be2-8ab2-a0d9282621c8,3311dce1-7cb2-4dbf-b3e9-ef2e387eed69,TRADE_PROPOSAL,CANCELED,10,0,TRADE,15826.0,Giovani Bernard,10.0,1.0,2020-11-18
2020,11,fec6cb46-04aa-4be2-8ab2-a0d9282621c8,3311dce1-7cb2-4dbf-b3e9-ef2e387eed69,TRADE_PROPOSAL,CANCELED,10,0,TRADE,2508176.0,David Johnson,10.0,1.0,2020-11-18
2020,11,6ce97b3a-581a-4e4f-83d3-a0241d841856,ac9707a9-6862-48fc-a0d1-f22b16ba222f,TRADE_PROPOSAL,CANCELED,10,0,TRADE,3042519.0,Aaron Jones,1.0,10.0,2020-11-18
2020,11,6ce97b3a-581a-4e4f-83d3-a0241d841856,ac9707a9-6862-48fc-a0d1-f22b16ba222f,TRADE_PROPOSAL,CANCELED,10,0,TRADE,4360294.0,Antonio Gibson,10.0,1.0,2020-11-18
2020,11,6ce97b3a-581a-4e4f-83d3-a0241d841856,ac9707a9-6862-48fc-a0d1-f22b16ba222f,TRADE_PROPOSAL,CANCELED,10,0,TRADE,15349.0,Cole Beasley,10.0,1.0,2020-11-18
2020,11,4f1b9dc8-3766-4c42-b025-0d63992fe9dd,1f2e080e-16d5-404d-9951-e110acc16c70,TRADE_PROPOSAL,CANCELED,10,0,TRADE,4243315.0,Salvon Ahmed,12.0,10.0,2020-11-22
2020,11,4f1b9dc8-3766-4c42-b025-0d63992fe9dd,1f2e080e-16d5-404d-9951-e110acc16c70,TRADE_PROPOSAL,CANCELED,10,0,TRADE,3042778.0,Corey Davis,10.0,12.0,2020-11-22
2020,11,33137f35-082a-494e-af54-a5ae51c2030d,,FREEAGENT,EXECUTED,12,0,ADD,3115306.0,Josh Reynolds,0.0,12.0,2020-11-19
2020,11,33137f35-082a-494e-af54-a5ae51c2030d,,FREEAGENT,EXECUTED,12,0,DROP,13994.0,Cam Newton,12.0,0.0,2020-11-19
2020,11,d088b480-4978-4b93-8436-32883111ef51,,TRADE_PROPOSAL,PENDING,10,0,TRADE,3043078.0,Derrick Henry,12.0,10.0,2020-11-17
2020,11,d088b480-4978-4b93-8436-32883111ef51,,TRADE_PROPOSAL,PENDING,10,0,TRADE,3918298.0,Josh Allen,10.0,12.0,2020-11-17
2020,11,b03a5d0e-2a4f-4876-82c5-8e2ad362bf94,d6281ae7-41af-44d3-87ab-685610100370,TRADE_DECLINE,EXECUTED,10,0,,,,,,2020-11-20
2020,11,20eb8e37-0d5f-41b3-8406-8c205659182f,4f098585-120b-41f5-86fe-5ac7876e6e77,WAIVER,FAILED_INVALIDPLAYERSOURCE,8,2,ADD,15825.0,Le'Veon Bell,0.0,8.0,2020-11-18
2020,11,20eb8e37-0d5f-41b3-8406-8c205659182f,4f098585-120b-41f5-86fe-5ac7876e6e77,WAIVER,FAILED_INVALIDPLAYERSOURCE,8,2,DROP,4040655.0,Darnell Mooney,8.0,0.0,2020-11-18
2020,11,b3668cc7-68a8-4f2c-9fcf-8d75a367cc8a,,ROSTER,EXECUTED,3,0,DROP,14877.0,Nick Foles,3.0,0.0,2020-11-17
2020,11,d26f7e17-6cb7-4b1f-8837-7d4d9224a7ea,,FREEAGENT,EXECUTED,9,0,ADD,8479.0,Frank Gore,0.0,9.0,2020-11-22
2020,11,d26f7e17-6cb7-4b1f-8837-7d4d9224a7ea,,FREEAGENT,EXECUTED,9,0,DROP,3040035.0,Greg Ward,9.0,0.0,2020-11-22
2020,11,012f5632-f171-4978-ba87-fa6822e5527b,e26de7ce-60c4-4150-b00b-e9257da32974,TRADE_PROPOSAL,CANCELED,1,0,TRADE,2508176.0,David Johnson,10.0,1.0,2020-11-18
2020,11,012f5632-f171-4978-ba87-fa6822e5527b,e26de7ce-60c4-4150-b00b-e9257da32974,TRADE_PROPOSAL,CANCELED,1,0,TRADE,15826.0,Giovani Bernard,10.0,1.0,2020-11-18
2020,11,012f5632-f171-4978-ba87-fa6822e5527b,e26de7ce-60c4-4150-b00b-e9257da32974,TRADE_PROPOSAL,CANCELED,1,0,TRADE,3115364.0,Leonard Fournette,1.0,10.0,2020-11-18
2020,11,012f5632-f171-4978-ba87-fa6822e5527b,e26de7ce-60c4-4150-b00b-e9257da32974,TRADE_PROPOSAL,CANCELED,1,0,TRADE,13983.0,A.J. Green,1.0,10.0,2020-11-18
2020,11,1f2e080e-16d5-404d-9951-e110acc16c70,,TRADE_PROPOSAL,PENDING,10,0,TRADE,4243315.0,Salvon Ahmed,12.0,10.0,2020-11-20
2020,11,1f2e080e-16d5-404d-9951-e110acc16c70,,TRADE_PROPOSAL,PENDING,10,0,TRADE,3042778.0,Corey Davis,10.0,12.0,2020-11-20
2020,11,c4f2102a-c596-476a-97f9-e57f4bc76c06,078cfad3-a9b0-433e-9f07-4816852969df,TRADE_PROPOSAL,CANCELED,10,0,TRADE,3054850.0,Alvin Kamara,2.0,10.0,2020-11-20
2020,11,c4f2102a-c596-476a-97f9-e57f4bc76c06,078cfad3-a9b0-433e-9f07-4816852969df,TRADE_PROPOSAL,CANCELED,10,0,TRADE,2976499.0,Amari Cooper,2.0,10.0,2020-11-20
2020,11,c4f2102a-c596-476a-97f9-e57f4bc76c06,078cfad3-a9b0-433e-9f07-4816852969df,TRADE_PROPOSAL,CANCELED,10,0,TRADE,4360294.0,Antonio Gibson,10.0,2.0,2020-11-20
2020,11,c4f2102a-c596-476a-97f9-e57f4bc76c06,078cfad3-a9b0-433e-9f07-4816852969df,TRADE_PROPOSAL,CANCELED,10,0,TRADE,2976316.0,Michael Thomas,10.0,2.0,2020-11-20
2020,11,db182d8a-c49a-47f2-93d2-2bdb7ad8f2a4,,FREEAGENT,EXECUTED,12,0,ADD,-16028.0,Washington D/ST,0.0,12.0,2020-11-18
2020,11,d623e341-f359-4e7d-a442-9b4aef13271f,,WAIVER,PENDING,10,1,ADD,14880.0,Kirk Cousins,0.0,10.0,2020-11-17
2020,11,d623e341-f359-4e7d-a442-9b4aef13271f,,WAIVER,PENDING,10,1,DROP,13981.0,Mark Ingram II,10.0,0.0,2020-11-17
2020,11,b791c526-ee1e-4b50-aa66-e01e8bec4416,89dbf2ee-a7b7-41e8-98f3-3ff8b7e54c2d,TRADE_ACCEPT,,13,0,DROP,4037457.0,Travis Homer,13.0,0.0,2020-11-17
2020,11,b95775c1-4aca-4e33-9d75-1fbab51e06c3,9a77ad99-984c-4aea-b8b4-a2ee625dd0b0,WAIVER,EXECUTED,3,3,ADD,3117256.0,Dalton Schultz,0.0,3.0,2020-11-18
2020,11,6aed29d0-b335-4188-a306-df1f5563f692,,ROSTER,EXECUTED,8,0,DROP,3116136.0,Justin Jackson,8.0,0.0,2020-11-18
2020,11,ddaf05ce-7772-44b0-8b70-2ebbf03c3d34,,ROSTER,EXECUTED,12,0,DROP,4035004.0,Mecole Hardman,12.0,0.0,2020-11-17
2020,11,8ef27c77-2cfc-41d0-bbdc-a33a3fd71b15,9de4726a-6a6c-4974-b161-f74b670adb66,WAIVER,EXECUTED,5,2,ADD,15825.0,Le'Veon Bell,0.0,5.0,2020-11-18
2020,11,90cfd486-9430-43c8-ba27-b11e8c86fb62,f2bd20d0-5920-407d-98fb-0c5ca015782b,WAIVER,FAILED_ROSTERLIMIT,5,1,ADD,3051738.0,Marquez Valdes-Scantling,0.0,5.0,2020-11-18
2020,11,0ec5f829-07f6-4a18-a2be-27fb9ef9f5d9,,FREEAGENT,EXECUTED,5,0,ADD,4212909.0,David Moore,0.0,5.0,2020-11-18
2020,11,0ec5f829-07f6-4a18-a2be-27fb9ef9f5d9,,FREEAGENT,EXECUTED,5,0,DROP,3042910.0,Rashard Higgins,5.0,0.0,2020-11-18
2020,11,2e215079-c343-474e-9f0a-485773f0e990,1c4919d9-039e-4d4b-a4bd-b1fcb87563a8,TRADE_DECLINE,EXECUTED,12,0,,,,,,2020-11-18
2020,12,b64ec2aa-1ad9-4ce5-b5df-f4a51f27a69d,,WAIVER,PENDING,10,17,ADD,3122866.0,Devontae Booker,0.0,10.0,2020-12-02
2020,12,b64ec2aa-1ad9-4ce5-b5df-f4a51f27a69d,,WAIVER,PENDING,10,17,DROP,3116389.0,Samaje Perine,10.0,0.0,2020-12-02
2020,12,58d088c5-4810-4ba9-88c4-35878173c210,a240e017-4ec6-4b06-a826-83972e717535,WAIVER,EXECUTED,12,4,ADD,3116164.0,Mike Gesicki,0.0,12.0,2020-11-25
2020,12,58d088c5-4810-4ba9-88c4-35878173c210,a240e017-4ec6-4b06-a826-83972e717535,WAIVER,EXECUTED,12,4,DROP,2468609.0,Taysom Hill,12.0,0.0,2020-11-25
2020,12,49cbdad5-3421-4d82-93d0-c22aff56658c,,ROSTER,EXECUTED,4,0,DROP,-16016.0,Vikings D/ST,4.0,0.0,2020-11-26
2020,12,f439f3f6-f14e-40a0-9059-cb06121feffc,,FREEAGENT,EXECUTED,10,0,ADD,3116389.0,Samaje Perine,0.0,10.0,2020-11-27
2020,12,ae348cf9-0457-4835-ae8c-d62078ac18b1,,ROSTER,EXECUTED,12,0,DROP,3115306.0,Josh Reynolds,12.0,0.0,2020-11-26
2020,12,258ef746-9fad-457a-b85b-1ea44d8cb1f5,6daa5d6e-50ff-4be2-9ab6-24fc2f3c0d40,WAIVER,FAILED_ROSTERLIMIT,3,1,ADD,-16026.0,Seahawks D/ST,0.0,3.0,2020-11-25
2020,12,2aed390b-b9bb-4524-8219-1b3b90fdf024,f33b7951-633e-45b7-b6f8-9eb0bf978c6e,WAIVER,CANCELED,7,0,ADD,-16026.0,Seahawks D/ST,0.0,7.0,2020-11-24
2020,12,2aed390b-b9bb-4524-8219-1b3b90fdf024,f33b7951-633e-45b7-b6f8-9eb0bf978c6e,WAIVER,CANCELED,7,0,DROP,-16021.0,Eagles D/ST,7.0,0.0,2020-11-24
2020,12,bf11abc3-4c91-4b1d-90e7-9b1a9b6ea6da,67f13f9e-9764-4f10-9511-e4b831744cd2,WAIVER,EXECUTED,5,2,ADD,15860.0,Jordan Reed,0.0,5.0,2020-11-25
2020,12,ea827f13-24cc-4502-a6bf-ef55732de096,,FREEAGENT,EXECUTED,13,0,ADD,3915411.0,Ty Johnson,0.0,13.0,2020-11-27
2020,12,792f5746-c2d2-4481-bcc6-96105f106496,,FREEAGENT,EXECUTED,2,0,ADD,16813.0,Logan Thomas,0.0,2.0,2020-11-25
2020,12,792f5746-c2d2-4481-bcc6-96105f106496,,FREEAGENT,EXECUTED,2,0,DROP,12537.0,Jared Cook,2.0,0.0,2020-11-25
2020,12,ff24374c-dc6e-4119-935f-f361ea6a08df,,FREEAGENT,EXECUTED,7,0,ADD,3127292.0,Will Dissly,0.0,7.0,2020-11-25
2020,12,8eaee8e5-9323-4355-bc4b-6332923cc064,17fdc222-945b-40b1-bff0-336fc2d06cca,TRADE_UPHOLD,EXECUTED,1,0,,,,,,2020-11-25
2020,12,e501949d-d3fc-4378-822c-d0a50e16db31,,ROSTER,EXECUTED,7,0,DROP,3049916.0,Matt Breida,7.0,0.0,2020-11-24
2020,12,381bd093-e0b0-4912-8ac8-c89f220581d5,,FREEAGENT,EXECUTED,1,0,ADD,14924.0,T.Y. Hilton,0.0,1.0,2020-11-25
2020,12,f72e0c6b-e445-472c-8f0a-0c1c39f55de5,17fdc222-945b-40b1-bff0-336fc2d06cca,TRADE_ACCEPT,,3,0,,,,,,2020-11-24
2020,12,39f24d9a-6373-4f77-9d63-d13dd0251d2a,,TRADE_PROPOSAL,PENDING,10,0,TRADE,2576414.0,Raheem Mostert,2.0,10.0,2020-11-24
2020,12,39f24d9a-6373-4f77-9d63-d13dd0251d2a,,TRADE_PROPOSAL,PENDING,10,0,TRADE,2576434.0,Melvin Gordon III,10.0,2.0,2020-11-24
2020,12,20d304e9-28c1-4f8b-a841-e83cb0e91f7e,,FREEAGENT,EXECUTED,12,0,ADD,4035072.0,Benny Snell Jr.,0.0,12.0,2020-11-29
2020,12,20d304e9-28c1-4f8b-a841-e83cb0e91f7e,,FREEAGENT,EXECUTED,12,0,DROP,3123969.0,Ito Smith,12.0,0.0,2020-11-29
2020,12,b10762b9-0929-479c-a990-8632bcdfd0ca,3d7f0378-fed8-431d-8d33-0d4d6abea15b,WAIVER,EXECUTED,4,5,ADD,3117256.0,Dalton Schultz,0.0,4.0,2020-11-26
2020,12,2fa037a2-0ebb-4b2e-9e44-f8aa0944859c,,FREEAGENT,EXECUTED,4,0,ADD,3116164.0,Mike Gesicki,0.0,4.0,2020-11-29
2020,12,5a9b5683-5618-46fc-a57a-dae99e193977,bf55f720-11e0-4671-a9ec-d1bd367d0fb1,WAIVER,EXECUTED,7,5,ADD,3917792.0,Daniel Jones,0.0,7.0,2020-11-25
2020,12,5a9b5683-5618-46fc-a57a-dae99e193977,bf55f720-11e0-4671-a9ec-d1bd367d0fb1,WAIVER,EXECUTED,7,5,DROP,-16021.0,Eagles D/ST,7.0,0.0,2020-11-25
2020,12,5c644981-d5e1-4369-bf03-6cbac8eab80d,,FREEAGENT,EXECUTED,7,0,ADD,2468609.0,Taysom Hill,0.0,7.0,2020-11-27
2020,12,a314c752-e5a9-4f79-a0c4-107fc0709068,,FREEAGENT,EXECUTED,10,0,ADD,-16016.0,Vikings D/ST,0.0,10.0,2020-11-29
2020,12,35ebf90b-e49c-4ae9-9485-f9b110bba7ad,,FREEAGENT,EXECUTED,12,0,ADD,4241372.0,Marquise Brown,0.0,12.0,2020-11-27
2020,12,35ebf90b-e49c-4ae9-9485-f9b110bba7ad,,FREEAGENT,EXECUTED,12,0,DROP,3116164.0,Mike Gesicki,12.0,0.0,2020-11-27
2020,12,e21e9e5f-8267-4ba2-8a1d-9e9efced8622,,ROSTER,EXECUTED,2,0,DROP,3924327.0,Drew Lock,2.0,0.0,2020-11-24
2020,12,e21e9e5f-8267-4ba2-8a1d-9e9efced8622,,ROSTER,EXECUTED,2,0,LINEUP,2576414.0,Raheem Mostert,0.0,0.0,2020-11-24
2020,12,8355237c-e70e-4289-8f67-24e58b730504,3396f7ee-f8b2-424f-9f7c-b3469f72ddc1,TRADE_DECLINE,EXECUTED,6,0,,,,,,2020-11-24
2020,12,d557e9f3-3deb-419a-af0b-e79ccabc0622,16a1e9a3-6d92-4815-9ab9-8b0082494a9d,WAIVER,EXECUTED,3,1,ADD,4241479.0,Tua Tagovailoa,0.0,3.0,2020-11-25
2020,12,d557e9f3-3deb-419a-af0b-e79ccabc0622,16a1e9a3-6d92-4815-9ab9-8b0082494a9d,WAIVER,EXECUTED,3,1,DROP,3117256.0,Dalton Schultz,3.0,0.0,2020-11-25
2020,12,ccb3a431-f226-4892-97a0-418f87ff2e21,756c7ab4-b5e4-4d37-bfa1-0b1d28dae232,WAIVER,EXECUTED,6,25,ADD,16913.0,James White,0.0,6.0,2020-11-25
2020,12,ccb3a431-f226-4892-97a0-418f87ff2e21,756c7ab4-b5e4-4d37-bfa1-0b1d28dae232,WAIVER,EXECUTED,6,25,DROP,4241372.0,Marquise Brown,6.0,0.0,2020-11-25
2020,12,60df0052-ee2a-4b41-9490-0e8b1e4b416a,,FREEAGENT,EXECUTED,12,0,ADD,3123969.0,Ito Smith,0.0,12.0,2020-11-27
2020,12,c450e18f-2f0f-4839-90b2-09d041c13396,e08fc0c9-4104-4ade-9a01-a477ad471ae8,WAIVER,CANCELED,1,0,ADD,-16025.0,49ers D/ST,0.0,1.0,2020-12-02
2020,12,c450e18f-2f0f-4839-90b2-09d041c13396,e08fc0c9-4104-4ade-9a01-a477ad471ae8,WAIVER,CANCELED,1,0,DROP,-16005.0,Browns D/ST,1.0,0.0,2020-12-02
2020,12,f465d102-c137-4c6e-973d-c670cf502a9c,,ROSTER,EXECUTED,5,0,DROP,15825.0,Le'Veon Bell,5.0,0.0,2020-11-27
2020,12,d9471302-32fe-459b-9949-b242cda25bff,39f24d9a-6373-4f77-9d63-d13dd0251d2a,TRADE_PROPOSAL,CANCELED,10,0,TRADE,2576414.0,Raheem Mostert,2.0,10.0,2020-11-26
2020,12,d9471302-32fe-459b-9949-b242cda25bff,39f24d9a-6373-4f77-9d63-d13dd0251d2a,TRADE_PROPOSAL,CANCELED,10,0,TRADE,2576434.0,Melvin Gordon III,10.0,2.0,2020-11-26
2020,12,27bd201f-c948-427c-b952-f02608c06cea,,FREEAGENT,EXECUTED,12,0,ADD,14054.0,Kyle Rudolph,0.0,12.0,2020-11-29
2020,12,2e62ccb3-9be4-452b-8b3c-c4a04bd5e115,,FREEAGENT,EXECUTED,12,0,ADD,8664.0,Ryan Fitzpatrick,0.0,12.0,2020-11-29
2020,12,2e62ccb3-9be4-452b-8b3c-c4a04bd5e115,,FREEAGENT,EXECUTED,12,0,DROP,2573079.0,Carson Wentz,12.0,0.0,2020-11-29
2020,12,609d1180-9d89-430c-9527-5c98e4f2a983,,ROSTER,EXECUTED,5,0,DROP,10452.0,Adrian Peterson,5.0,0.0,2020-11-24
2020,12,af484832-f5eb-46d0-a82f-35651657a39e,0a80d9e1-c294-476f-829e-ecc17906a579,WAIVER,FAILED_INVALIDPLAYERSOURCE,7,2,ADD,3117256.0,Dalton Schultz,0.0,7.0,2020-11-26
2020,12,2acd8eef-9495-4ade-b28e-2a4ba950e2a1,578a8e65-6a3a-44c8-a58c-dc34b3da0cc7,TRADE_DECLINE,EXECUTED,6,0,,,,,,2020-11-24
2020,12,464f2ebd-745f-428b-9478-1f3f348d4541,,ROSTER,EXECUTED,8,0,DROP,15971.0,Rex Burkhead,8.0,0.0,2020-11-24
2020,12,31616611-deba-4d5b-b271-f1ae50347e6e,,FREEAGENT,EXECUTED,7,0,ADD,3051891.0,Jordan Wilkins,0.0,7.0,2020-11-28
2020,12,31616611-deba-4d5b-b271-f1ae50347e6e,,FREEAGENT,EXECUTED,7,0,DROP,2573401.0,Tyler Higbee,7.0,0.0,2020-11-28
2020,12,8fb08f5c-eb09-439f-b4ed-b68cdf72d61d,,FREEAGENT,EXECUTED,13,0,ADD,10452.0,Adrian Peterson,0.0,13.0,2020-11-26
2020,12,8fb08f5c-eb09-439f-b4ed-b68cdf72d61d,,FREEAGENT,EXECUTED,13,0,DROP,4036348.0,Michael Gallup,13.0,0.0,2020-11-26
2020,12,5c7d502e-8044-4df6-80c3-1e6ebb84c691,433c1345-54bc-4e49-8f77-4ec99e0d1b9b,WAIVER,FAILED_INVALIDPLAYERSOURCE,7,1,ADD,15860.0,Jordan Reed,0.0,7.0,2020-11-25
2020,12,e11b920f-26ae-4925-8282-456c43a3133d,55b20118-5d59-4121-938a-1d98a7aefe38,WAIVER,FAILED_INVALIDPLAYERSOURCE,7,8,ADD,16913.0,James White,0.0,7.0,2020-11-25
2020,12,4d89922c-d33e-4c0e-bf9a-0a5ca0cf22f1,fc4f8af7-e23d-4dac-981e-1f5f2096af72,TRADE_DECLINE,EXECUTED,1,0,,,,,,2020-11-24
2020,12,9b4e1698-1530-42d0-99e0-96f85f481d0c,2a8c2b5d-94c9-435c-885f-82eb194523d7,TRADE_PROPOSAL,CANCELED,1,0,TRADE,3925357.0,Calvin Ridley,13.0,1.0,2020-11-26
2020,12,9b4e1698-1530-42d0-99e0-96f85f481d0c,2a8c2b5d-94c9-435c-885f-82eb194523d7,TRADE_PROPOSAL,CANCELED,1,0,TRADE,3115364.0,Leonard Fournette,1.0,13.0,2020-11-26
2020,12,9b4e1698-1530-42d0-99e0-96f85f481d0c,2a8c2b5d-94c9-435c-885f-82eb194523d7,TRADE_PROPOSAL,CANCELED,1,0,TRADE,2576716.0,Jamison Crowder,1.0,13.0,2020-11-26
2020,12,0aebd400-bb96-47d9-b169-f78d46369102,bc09df49-737c-40b4-88b3-dcd23ae47afc,TRADE_PROPOSAL,CANCELED,1,0,TRADE,2976316.0,Michael Thomas,10.0,1.0,2020-11-25
2020,12,0aebd400-bb96-47d9-b169-f78d46369102,bc09df49-737c-40b4-88b3-dcd23ae47afc,TRADE_PROPOSAL,CANCELED,1,0,TRADE,16804.0,John Brown,10.0,1.0,2020-11-25
2020,12,0aebd400-bb96-47d9-b169-f78d46369102,bc09df49-737c-40b4-88b3-dcd23ae47afc,TRADE_PROPOSAL,CANCELED,1,0,TRADE,3116385.0,Joe Mixon,1.0,10.0,2020-11-25
2020,12,0aebd400-bb96-47d9-b169-f78d46369102,bc09df49-737c-40b4-88b3-dcd23ae47afc,TRADE_PROPOSAL,CANCELED,1,0,TRADE,2969962.0,Duke Johnson,1.0,10.0,2020-11-25
2020,12,f566b19e-38e3-4d4b-94f1-114f7ce8071a,,ROSTER,EXECUTED,3,0,DROP,3915511.0,Joe Burrow,3.0,0.0,2020-11-24
2020,12,bc09df49-737c-40b4-88b3-dcd23ae47afc,,TRADE_PROPOSAL,PENDING,1,0,TRADE,2976316.0,Michael Thomas,10.0,1.0,2020-11-24
2020,12,bc09df49-737c-40b4-88b3-dcd23ae47afc,,TRADE_PROPOSAL,PENDING,1,0,TRADE,16804.0,John Brown,10.0,1.0,2020-11-24
2020,12,bc09df49-737c-40b4-88b3-dcd23ae47afc,,TRADE_PROPOSAL,PENDING,1,0,TRADE,3116385.0,Joe Mixon,1.0,10.0,2020-11-24
2020,12,bc09df49-737c-40b4-88b3-dcd23ae47afc,,TRADE_PROPOSAL,PENDING,1,0,TRADE,2969962.0,Duke Johnson,1.0,10.0,2020-11-24
2020,12,83b3eeb6-82e1-4aac-a23f-2a93104abd69,,FREEAGENT,EXECUTED,5,0,ADD,2975674.0,Robert Tonyan,0.0,5.0,2020-11-28
2020,12,1847bf2b-f636-467d-9bb6-b33d85c821ec,,FREEAGENT,EXECUTED,12,0,ADD,3049916.0,Matt Breida,0.0,12.0,2020-11-29
2020,12,1847bf2b-f636-467d-9bb6-b33d85c821ec,,FREEAGENT,EXECUTED,12,0,DROP,4241372.0,Marquise Brown,12.0,0.0,2020-11-29
2020,12,521c4bfa-bb6d-4607-9622-f4709d0eda34,,FREEAGENT,EXECUTED,3,0,ADD,-16026.0,Seahawks D/ST,0.0,3.0,2020-11-25
2020,12,521c4bfa-bb6d-4607-9622-f4709d0eda34,,FREEAGENT,EXECUTED,3,0,DROP,4241479.0,Tua Tagovailoa,3.0,0.0,2020-11-25
2020,12,ef101b6b-e8d1-46f5-bf0c-c77650a609c1,,FREEAGENT,EXECUTED,7,0,ADD,3125403.0,Brian Hill,0.0,7.0,2020-11-27
2020,12,ef101b6b-e8d1-46f5-bf0c-c77650a609c1,,FREEAGENT,EXECUTED,7,0,DROP,3116389.0,Samaje Perine,7.0,0.0,2020-11-27
2020,12,9e5b034b-cdc9-4d0c-928d-87d299fb7cb1,,FREEAGENT,EXECUTED,7,0,ADD,3116389.0,Samaje Perine,0.0,7.0,2020-11-27
2020,12,9e5b034b-cdc9-4d0c-928d-87d299fb7cb1,,FREEAGENT,EXECUTED,7,0,DROP,2570986.0,Malcolm Brown,7.0,0.0,2020-11-27
2020,12,a41af1ad-10e2-4c40-b131-87bb0d2a2bff,,ROSTER,EXECUTED,12,0,DROP,2979477.0,Tevin Coleman,12.0,0.0,2020-11-24
2020,12,a69f4299-ede3-457e-9cb4-aa21d3c81acf,,FREEAGENT,EXECUTED,8,0,ADD,-16029.0,Panthers D/ST,0.0,8.0,2020-11-29
2020,12,a69f4299-ede3-457e-9cb4-aa21d3c81acf,,FREEAGENT,EXECUTED,8,0,DROP,14876.0,Ryan Tannehill,8.0,0.0,2020-11-29
2020,12,a23f92eb-8981-441b-aa3a-6f01e8206a17,bc09df49-737c-40b4-88b3-dcd23ae47afc,TRADE_DECLINE,EXECUTED,10,0,,,,,,2020-11-25
2020,13,12681cbd-8bec-44b8-a52a-8ccae47fd694,,ROSTER,EXECUTED,7,0,DROP,3127292.0,Will Dissly,7.0,0.0,2020-12-04
2020,13,3f228507-6872-4a54-bf68-510da624abf7,,ROSTER,EXECUTED,12,0,DROP,14054.0,Kyle Rudolph,12.0,0.0,2020-12-03
2020,13,f51146fe-a0f4-4af8-aef0-7db8734ac65f,,FREEAGENT,EXECUTED,13,0,ADD,3049698.0,Anthony Firkser,0.0,13.0,2020-12-04
2020,13,f51146fe-a0f4-4af8-aef0-7db8734ac65f,,FREEAGENT,EXECUTED,13,0,DROP,3915411.0,Ty Johnson,13.0,0.0,2020-12-04
2020,13,0cd16aa8-5c29-4a11-b885-7becbefacb43,,FREEAGENT,EXECUTED,13,0,ADD,3115306.0,Josh Reynolds,0.0,13.0,2020-12-06
2020,13,0cd16aa8-5c29-4a11-b885-7becbefacb43,,FREEAGENT,EXECUTED,13,0,DROP,10452.0,Adrian Peterson,13.0,0.0,2020-12-06
2020,13,2e762f15-b962-49bf-96cb-ff11ddd83e9b,,FREEAGENT,EXECUTED,3,0,ADD,3039707.0,Mitchell Trubisky,0.0,3.0,2020-12-06
2020,13,be902f31-87a6-4084-9615-fe47159ed2cb,,ROSTER,EXECUTED,4,0,DROP,2577641.0,Jakeem Grant,4.0,0.0,2020-12-03
2020,13,8bd8c422-daa0-438d-86ce-223d65fb34f3,a44edbde-b477-475a-bb50-105352d89a84,WAIVER,EXECUTED,12,1,ADD,4035403.0,Denzel Mims,0.0,12.0,2020-12-04
2020,13,ddd7118d-b952-4877-bf59-92c6c7d25f9c,67321f47-8fdd-4081-8607-e2e20547605f,WAIVER,EXECUTED,7,1,ADD,14054.0,Kyle Rudolph,0.0,7.0,2020-12-05
2020,13,e29f52f4-d9ca-4926-b9d8-7762d815b53e,07842f95-996a-48c2-a8c5-042ee150ec0b,WAIVER,FAILED_INVALIDPLAYERSOURCE,1,2,ADD,-16012.0,Chiefs D/ST,0.0,1.0,2020-12-04
2020,13,e29f52f4-d9ca-4926-b9d8-7762d815b53e,07842f95-996a-48c2-a8c5-042ee150ec0b,WAIVER,FAILED_INVALIDPLAYERSOURCE,1,2,DROP,-16005.0,Browns D/ST,1.0,0.0,2020-12-04
2020,13,53858e89-6e59-4fc1-b53d-921012ef3662,52c0b9a9-e0f7-43fe-bfd6-d7bfa649dcac,WAIVER,EXECUTED,13,55,ADD,3915411.0,Ty Johnson,0.0,13.0,2020-12-06
2020,13,53858e89-6e59-4fc1-b53d-921012ef3662,52c0b9a9-e0f7-43fe-bfd6-d7bfa649dcac,WAIVER,EXECUTED,13,55,DROP,3052876.0,Will Fuller V,13.0,0.0,2020-12-06
2020,13,f87530fd-6c1b-4f53-9c28-e57baaf09077,da87afaf-d551-4ab1-86ad-4c556aa631a0,WAIVER,EXECUTED,12,7,ADD,-16013.0,Raiders D/ST,0.0,12.0,2020-12-04
2020,13,f87530fd-6c1b-4f53-9c28-e57baaf09077,da87afaf-d551-4ab1-86ad-4c556aa631a0,WAIVER,EXECUTED,12,7,DROP,-16028.0,Washington D/ST,12.0,0.0,2020-12-04
2020,13,615c7a5a-3c49-4f27-b563-83157425af14,,FREEAGENT,EXECUTED,7,0,ADD,4241372.0,Marquise Brown,0.0,7.0,2020-12-04
2020,13,615c7a5a-3c49-4f27-b563-83157425af14,,FREEAGENT,EXECUTED,7,0,DROP,3917792.0,Daniel Jones,7.0,0.0,2020-12-04
2020,13,53c3402f-5a5d-4959-836f-739954ca2474,,ROSTER,EXECUTED,3,0,DROP,-16027.0,Buccaneers D/ST,3.0,0.0,2020-12-04
2020,13,87260f56-0bb0-4495-872e-4f783debf1d7,9b69cf71-29ea-402f-88b6-2f83444b483f,WAIVER,EXECUTED,7,5,ADD,-16025.0,49ers D/ST,0.0,7.0,2020-12-04
2020,13,87260f56-0bb0-4495-872e-4f783debf1d7,9b69cf71-29ea-402f-88b6-2f83444b483f,WAIVER,EXECUTED,7,5,DROP,3125403.0,Brian Hill,7.0,0.0,2020-12-04
2020,13,0e2578e6-f0d3-430c-bb09-65e82903b9d8,9ed597e8-db9e-4e8a-90b9-07862f45bc37,WAIVER,EXECUTED,10,1,ADD,3915823.0,Keke Coutee,0.0,10.0,2020-12-04
2020,13,0e2578e6-f0d3-430c-bb09-65e82903b9d8,9ed597e8-db9e-4e8a-90b9-07862f45bc37,WAIVER,EXECUTED,10,1,DROP,16804.0,John Brown,10.0,0.0,2020-12-04
2020,13,1b9903a5-6417-400b-a59b-1e38800f667c,f930a3d5-6086-4295-af8e-89ecc34bea66,WAIVER,CANCELED,12,0,ADD,14876.0,Ryan Tannehill,0.0,12.0,2020-12-03
2020,13,1b9903a5-6417-400b-a59b-1e38800f667c,f930a3d5-6086-4295-af8e-89ecc34bea66,WAIVER,CANCELED,12,0,DROP,8664.0,Ryan Fitzpatrick,12.0,0.0,2020-12-03
2020,13,430bcba7-bde9-4bc8-b0ae-34672301109a,56f89b88-aca1-4d10-8ee9-3b6ee3360c7f,WAIVER,FAILED_INVALIDPLAYERSOURCE,8,1,ADD,3915823.0,Keke Coutee,0.0,8.0,2020-12-04
2020,13,430bcba7-bde9-4bc8-b0ae-34672301109a,56f89b88-aca1-4d10-8ee9-3b6ee3360c7f,WAIVER,FAILED_INVALIDPLAYERSOURCE,8,1,DROP,3051926.0,Gus Edwards,8.0,0.0,2020-12-04
2020,13,818cc17a-102d-42d6-9ae2-07f3c2f85aa3,,ROSTER,EXECUTED,5,0,DROP,15860.0,Jordan Reed,5.0,0.0,2020-12-03
2020,13,5b969bb6-3245-48d4-8062-50facd793f17,,ROSTER,EXECUTED,8,0,DROP,-16029.0,Panthers D/ST,8.0,0.0,2020-12-03
2020,13,51a0f69a-d2e2-46d0-82ff-a29d804f1490,,FREEAGENT,EXECUTED,9,0,ADD,2577667.0,Damiere Byrd,0.0,9.0,2020-12-06
2020,13,51a0f69a-d2e2-46d0-82ff-a29d804f1490,,FREEAGENT,EXECUTED,9,0,DROP,3122672.0,Royce Freeman,9.0,0.0,2020-12-06
2020,13,07fc96e7-7f1d-4a47-a8c7-647bb6d0906b,,FREEAGENT,EXECUTED,1,0,ADD,5529.0,Philip Rivers,0.0,1.0,2020-12-05
2020,13,07fc96e7-7f1d-4a47-a8c7-647bb6d0906b,,FREEAGENT,EXECUTED,1,0,DROP,3039707.0,Mitchell Trubisky,1.0,0.0,2020-12-05
2020,13,336480a1-c8d7-4578-a7c6-9bcdb3c55d7a,2f97cf34-b8be-4a8e-a1c5-1d3e67ef1192,WAIVER,FAILED_INVALIDPLAYERSOURCE,7,3,ADD,-16012.0,Chiefs D/ST,0.0,7.0,2020-12-04
2020,13,336480a1-c8d7-4578-a7c6-9bcdb3c55d7a,2f97cf34-b8be-4a8e-a1c5-1d3e67ef1192,WAIVER,FAILED_INVALIDPLAYERSOURCE,7,3,DROP,3917792.0,Daniel Jones,7.0,0.0,2020-12-04
2020,13,3d49830d-e82c-42f7-a9a4-2997e3c408b6,14338fee-ecdb-4a2a-af45-28da96cda349,WAIVER,FAILED_INVALIDPLAYERSOURCE,5,3,ADD,14876.0,Ryan Tannehill,0.0,5.0,2020-12-04
2020,13,3d49830d-e82c-42f7-a9a4-2997e3c408b6,14338fee-ecdb-4a2a-af45-28da96cda349,WAIVER,FAILED_INVALIDPLAYERSOURCE,5,3,DROP,4039359.0,Darrell Henderson Jr.,5.0,0.0,2020-12-04
2020,13,1b176c1d-f53d-4636-8bd6-9b2f57b88e1a,,FREEAGENT,EXECUTED,1,0,ADD,3039707.0,Mitchell Trubisky,0.0,1.0,2020-12-04
2020,13,1b176c1d-f53d-4636-8bd6-9b2f57b88e1a,,FREEAGENT,EXECUTED,1,0,DROP,-16005.0,Browns D/ST,1.0,0.0,2020-12-04
2020,13,fe29a6d2-124e-4161-88fe-4c6dcaa652b4,b1c821a6-aaee-4141-966b-e543edb5c97f,WAIVER,FAILED_INVALIDPLAYERSOURCE,1,1,ADD,14876.0,Ryan Tannehill,0.0,1.0,2020-12-04
2020,13,fe29a6d2-124e-4161-88fe-4c6dcaa652b4,b1c821a6-aaee-4141-966b-e543edb5c97f,WAIVER,FAILED_INVALIDPLAYERSOURCE,1,1,DROP,3115364.0,Leonard Fournette,1.0,0.0,2020-12-04
2020,13,6666e66c-6ca9-4e49-a56a-fdf1c8ba1551,970ae5ac-2cbe-4c00-8cbb-1809235953b6,WAIVER,CANCELED,1,0,ADD,14876.0,Ryan Tannehill,0.0,1.0,2020-12-03
2020,13,6666e66c-6ca9-4e49-a56a-fdf1c8ba1551,970ae5ac-2cbe-4c00-8cbb-1809235953b6,WAIVER,CANCELED,1,0,DROP,3115364.0,Leonard Fournette,1.0,0.0,2020-12-03
2020,13,8b3f3dc6-0579-448a-a13a-6ecfcf2f4f3c,a6fa9c32-142a-4ff0-835e-1a5de14496f1,WAIVER,EXECUTED,7,3,ADD,15825.0,Le'Veon Bell,0.0,7.0,2020-12-04
2020,13,8b3f3dc6-0579-448a-a13a-6ecfcf2f4f3c,a6fa9c32-142a-4ff0-835e-1a5de14496f1,WAIVER,EXECUTED,7,3,DROP,3051891.0,Jordan Wilkins,7.0,0.0,2020-12-04
2020,13,9f214528-2563-4e1d-b70e-a08395d6efbe,a51f4a28-9266-4f26-8ed6-262065cceb0c,WAIVER,EXECUTED,8,12,ADD,14876.0,Ryan Tannehill,0.0,8.0,2020-12-04
2020,13,9f214528-2563-4e1d-b70e-a08395d6efbe,a51f4a28-9266-4f26-8ed6-262065cceb0c,WAIVER,EXECUTED,8,12,DROP,3051926.0,Gus Edwards,8.0,0.0,2020-12-04
2020,13,a9a82946-d306-4c4d-8fbd-6e80e7a8f355,b64ec2aa-1ad9-4ce5-b5df-f4a51f27a69d,WAIVER,EXECUTED,10,17,ADD,3122866.0,Devontae Booker,0.0,10.0,2020-12-04
2020,13,a9a82946-d306-4c4d-8fbd-6e80e7a8f355,b64ec2aa-1ad9-4ce5-b5df-f4a51f27a69d,WAIVER,EXECUTED,10,17,DROP,3116389.0,Samaje Perine,10.0,0.0,2020-12-04
2020,13,74c99e89-7659-45bc-9631-65e07bf8c117,,FREEAGENT,EXECUTED,12,0,ADD,2573079.0,Carson Wentz,0.0,12.0,2020-12-06
2020,13,74c99e89-7659-45bc-9631-65e07bf8c117,,FREEAGENT,EXECUTED,12,0,DROP,8664.0,Ryan Fitzpatrick,12.0,0.0,2020-12-06
2020,13,02c69baf-fa4e-4be4-a414-7ee0986f64a6,cc380eee-0adf-41e9-9872-eeb09a482b6d,WAIVER,EXECUTED,4,9,ADD,-16012.0,Chiefs D/ST,0.0,4.0,2020-12-04
2020,13,02c69baf-fa4e-4be4-a414-7ee0986f64a6,cc380eee-0adf-41e9-9872-eeb09a482b6d,WAIVER,EXECUTED,4,9,DROP,-16002.0,Bills D/ST,4.0,0.0,2020-12-04
2020,13,275033eb-5548-4511-99a1-ecca3d01c97b,,ROSTER,EXECUTED,12,0,DROP,3049916.0,Matt Breida,12.0,0.0,2020-12-03
2020,13,d506759d-e9e1-4855-8e84-a5daaa919c01,e51a2089-b1c5-497c-9ce9-a527e08250e2,WAIVER,EXECUTED,7,1,ADD,3051439.0,Boston Scott,0.0,7.0,2020-12-04
2020,13,d506759d-e9e1-4855-8e84-a5daaa919c01,e51a2089-b1c5-497c-9ce9-a527e08250e2,WAIVER,EXECUTED,7,1,DROP,3051738.0,Marquez Valdes-Scantling,7.0,0.0,2020-12-04
2020,13,9ed597e8-db9e-4e8a-90b9-07862f45bc37,,WAIVER,PENDING,10,1,ADD,3915823.0,Keke Coutee,0.0,10.0,2020-12-03
2020,13,9ed597e8-db9e-4e8a-90b9-07862f45bc37,,WAIVER,PENDING,10,1,DROP,16804.0,John Brown,10.0,0.0,2020-12-03
2020,14,40e5f67e-eb72-46da-88a2-b01c1c6a4212,,FREEAGENT,EXECUTED,10,0,ADD,3051926.0,Gus Edwards,0.0,10.0,2020-12-12
2020,14,40e5f67e-eb72-46da-88a2-b01c1c6a4212,,FREEAGENT,EXECUTED,10,0,DROP,14880.0,Kirk Cousins,10.0,0.0,2020-12-12
2020,14,e749f96c-a623-4732-a656-8cade0915feb,453123b2-65de-4f80-a7de-83da57871da3,WAIVER,FAILED_PLAYERALREADYDROPPED,1,1,ADD,3122976.0,Jeff Wilson Jr.,0.0,1.0,2020-12-10
2020,14,e749f96c-a623-4732-a656-8cade0915feb,453123b2-65de-4f80-a7de-83da57871da3,WAIVER,FAILED_PLAYERALREADYDROPPED,1,1,DROP,13981.0,Mark Ingram II,1.0,0.0,2020-12-10
2020,14,046e12a2-654b-4cee-a074-4e57041b9ded,,ROSTER,EXECUTED,10,0,DROP,-16016.0,Vikings D/ST,10.0,0.0,2020-12-09
2020,14,046e12a2-654b-4cee-a074-4e57041b9ded,,ROSTER,EXECUTED,10,0,LINEUP,2508176.0,David Johnson,0.0,0.0,2020-12-09
2020,14,41f7486d-846c-47e5-b413-2558176d89a2,,FREEAGENT,EXECUTED,5,0,ADD,2577654.0,DeAndre Washington,0.0,5.0,2020-12-12
2020,14,41f7486d-846c-47e5-b413-2558176d89a2,,FREEAGENT,EXECUTED,5,0,DROP,3043275.0,Austin Hooper,5.0,0.0,2020-12-12
2020,14,cbf35d2c-31fe-4462-a3cf-43f6ceb65fe6,,FREEAGENT,EXECUTED,5,0,ADD,-16012.0,Chiefs D/ST,0.0,5.0,2020-12-11
2020,14,cbf35d2c-31fe-4462-a3cf-43f6ceb65fe6,,FREEAGENT,EXECUTED,5,0,DROP,3042910.0,Rashard Higgins,5.0,0.0,2020-12-11
2020,14,7f08cc34-7472-45d0-a818-f9b0ce12a392,,FREEAGENT,EXECUTED,7,0,ADD,15860.0,Jordan Reed,0.0,7.0,2020-12-10
2020,14,300df003-2945-4d6d-8620-7bf3e458dffb,,FREEAGENT,EXECUTED,7,0,ADD,16804.0,John Brown,0.0,7.0,2020-12-10
2020,14,300df003-2945-4d6d-8620-7bf3e458dffb,,FREEAGENT,EXECUTED,7,0,DROP,15825.0,Le'Veon Bell,7.0,0.0,2020-12-10
2020,14,98b76f35-f93d-4452-bb79-af7fd2d922e9,052d6c20-943b-4be4-a459-5c197e4718b1,WAIVER,FAILED_INVALIDPLAYERSOURCE,1,1,ADD,3051902.0,Peyton Barber,0.0,1.0,2020-12-10
2020,14,98b76f35-f93d-4452-bb79-af7fd2d922e9,052d6c20-943b-4be4-a459-5c197e4718b1,WAIVER,FAILED_INVALIDPLAYERSOURCE,1,1,DROP,13981.0,Mark Ingram II,1.0,0.0,2020-12-10
2020,14,e99f79e7-a748-49af-86ba-146efe44d576,72598abc-f623-42db-ab96-6ba5b08fd152,WAIVER,FAILED_INVALIDPLAYERSOURCE,7,2,ADD,-16027.0,Buccaneers D/ST,0.0,7.0,2020-12-10
2020,14,e99f79e7-a748-49af-86ba-146efe44d576,72598abc-f623-42db-ab96-6ba5b08fd152,WAIVER,FAILED_INVALIDPLAYERSOURCE,7,2,DROP,15825.0,Le'Veon Bell,7.0,0.0,2020-12-10
2020,14,415240ae-aa80-4df4-bce3-45242d84fe11,,ROSTER,EXECUTED,5,0,DROP,3139522.0,Travis Fulgham,5.0,0.0,2020-12-09
2020,14,030cff49-0c4f-4135-8fd8-dc7844b7472e,,FREEAGENT,EXECUTED,5,0,ADD,3042910.0,Rashard Higgins,0.0,5.0,2020-12-10
2020,14,030cff49-0c4f-4135-8fd8-dc7844b7472e,,FREEAGENT,EXECUTED,5,0,DROP,-16015.0,Dolphins D/ST,5.0,0.0,2020-12-10
2020,14,7fd6c888-2a8f-404e-b497-ff092539eee1,8a7e0e6d-58a1-4ffa-bdc1-c4903271fa7b,WAIVER,EXECUTED,12,1,ADD,-16006.0,Cowboys D/ST,0.0,12.0,2020-12-10
2020,14,7fd6c888-2a8f-404e-b497-ff092539eee1,8a7e0e6d-58a1-4ffa-bdc1-c4903271fa7b,WAIVER,EXECUTED,12,1,DROP,-16013.0,Raiders D/ST,12.0,0.0,2020-12-10
2020,14,e0255fc9-3ec0-4caf-9f97-a7deae27c8b4,,ROSTER,EXECUTED,3,0,DROP,4048244.0,Alexander Mattison,3.0,0.0,2020-12-09
2020,14,bee0097a-1596-4f94-8286-560b39e49b48,5b76f8b8-d1a9-4613-8e9c-ba23e43bebaa,WAIVER,EXECUTED,12,1,ADD,4040715.0,Jalen Hurts,0.0,12.0,2020-12-10
2020,14,bee0097a-1596-4f94-8286-560b39e49b48,5b76f8b8-d1a9-4613-8e9c-ba23e43bebaa,WAIVER,EXECUTED,12,1,DROP,4243315.0,Salvon Ahmed,12.0,0.0,2020-12-10
2020,14,e62a8522-562c-4e0a-9f41-803c9e2ffa3d,,FREEAGENT,EXECUTED,7,0,ADD,12537.0,Jared Cook,0.0,7.0,2020-12-11
2020,14,e62a8522-562c-4e0a-9f41-803c9e2ffa3d,,FREEAGENT,EXECUTED,7,0,DROP,14054.0,Kyle Rudolph,7.0,0.0,2020-12-11
2020,14,6be49b3f-6007-4d04-ab23-e6a66920de3f,,ROSTER,EXECUTED,7,0,DROP,3051439.0,Boston Scott,7.0,0.0,2020-12-09
2020,14,628314a9-2e61-48b3-bc12-1a0cc95cf6f6,2f79f0ca-ec14-41ac-a131-d2633f5c654b,WAIVER,FAILED_INVALIDPLAYERSOURCE,5,4,ADD,-16029.0,Panthers D/ST,0.0,5.0,2020-12-10
2020,14,a87f8b94-43e9-4f1d-a609-2295d99c7d7f,225436a1-ceb7-4918-9729-558767ff8074,WAIVER,EXECUTED,1,1,ADD,10452.0,Adrian Peterson,0.0,1.0,2020-12-10
2020,14,a87f8b94-43e9-4f1d-a609-2295d99c7d7f,225436a1-ceb7-4918-9729-558767ff8074,WAIVER,EXECUTED,1,1,DROP,13981.0,Mark Ingram II,1.0,0.0,2020-12-10
2020,14,80d644fc-f873-43bc-a45e-a9650498caef,95537216-d7f2-4dab-bad7-30f8f9042946,WAIVER,EXECUTED,12,20,ADD,3051902.0,Peyton Barber,0.0,12.0,2020-12-10
2020,14,80d644fc-f873-43bc-a45e-a9650498caef,95537216-d7f2-4dab-bad7-30f8f9042946,WAIVER,EXECUTED,12,20,DROP,2573079.0,Carson Wentz,12.0,0.0,2020-12-10
2020,14,3ec3beda-1bf2-44a1-8d63-af5279ca7d46,892c5ec0-460d-4220-8ad5-007e5cbb35ed,WAIVER,EXECUTED,4,9,ADD,-16029.0,Panthers D/ST,0.0,4.0,2020-12-10
2020,14,3ec3beda-1bf2-44a1-8d63-af5279ca7d46,892c5ec0-460d-4220-8ad5-007e5cbb35ed,WAIVER,EXECUTED,4,9,DROP,-16012.0,Chiefs D/ST,4.0,0.0,2020-12-10
2020,14,2ba94876-7b7e-42fd-bbaf-03900dc4aa56,60248c6b-90cf-4e45-a655-aa63cedbeabd,WAIVER,EXECUTED,5,7,ADD,-16027.0,Buccaneers D/ST,0.0,5.0,2020-12-10
2020,15,342e86bd-35c8-4f6c-9c97-6030d2ab5234,,FREEAGENT,EXECUTED,10,0,ADD,3123969.0,Ito Smith,0.0,10.0,2020-12-16
2020,15,342e86bd-35c8-4f6c-9c97-6030d2ab5234,,FREEAGENT,EXECUTED,10,0,DROP,3122866.0,Devontae Booker,10.0,0.0,2020-12-16
2020,15,6f766674-c0de-414b-bfa4-0924fc85d53f,68e24233-40ae-4a80-9ba8-c8d54e4a5db1,WAIVER,EXECUTED,10,2,ADD,3122976.0,Jeff Wilson Jr.,0.0,10.0,2020-12-16
2020,15,6f766674-c0de-414b-bfa4-0924fc85d53f,68e24233-40ae-4a80-9ba8-c8d54e4a5db1,WAIVER,EXECUTED,10,2,DROP,15826.0,Giovani Bernard,10.0,0.0,2020-12-16
2020,15,68e24233-40ae-4a80-9ba8-c8d54e4a5db1,,WAIVER,PENDING,10,1,ADD,3122976.0,Jeff Wilson Jr.,0.0,10.0,2020-12-15
2020,15,68e24233-40ae-4a80-9ba8-c8d54e4a5db1,,WAIVER,PENDING,10,1,DROP,15826.0,Giovani Bernard,10.0,0.0,2020-12-15
2020,15,c302273f-38df-416a-9d1c-49707824a247,ca91ea69-8fca-44c2-866b-5b91c92c65ee,WAIVER,CANCELED,10,0,ADD,12514.0,LeSean McCoy,0.0,10.0,2020-12-15
2020,15,c302273f-38df-416a-9d1c-49707824a247,ca91ea69-8fca-44c2-866b-5b91c92c65ee,WAIVER,CANCELED,10,0,DROP,3122866.0,Devontae Booker,10.0,0.0,2020-12-15
2020,15,ca91ea69-8fca-44c2-866b-5b91c92c65ee,,WAIVER,PENDING,10,1,ADD,12514.0,LeSean McCoy,0.0,10.0,2020-12-15
2020,15,ca91ea69-8fca-44c2-866b-5b91c92c65ee,,WAIVER,PENDING,10,1,DROP,3122866.0,Devontae Booker,10.0,0.0,2020-12-15
2020,15,98af0675-7c52-4b71-adc5-efb9c15a4bed,5d45f137-5680-4340-9511-34bca0dea889,WAIVER,EXECUTED,7,4,ADD,-16015.0,Dolphins D/ST,0.0,7.0,2020-12-16
2020,15,98af0675-7c52-4b71-adc5-efb9c15a4bed,5d45f137-5680-4340-9511-34bca0dea889,WAIVER,EXECUTED,7,4,DROP,15860.0,Jordan Reed,7.0,0.0,2020-12-16
2020,15,ef62993a-d0df-409f-82ae-9ce63f268a17,,FREEAGENT,EXECUTED,4,0,ADD,-16002.0,Bills D/ST,0.0,4.0,2020-12-19
2020,15,ef62993a-d0df-409f-82ae-9ce63f268a17,,FREEAGENT,EXECUTED,4,0,DROP,-16017.0,Patriots D/ST,4.0,0.0,2020-12-19
2020,15,493b385d-b8ab-4f3d-830a-3e46132515aa,,FREEAGENT,EXECUTED,2,0,ADD,15826.0,Giovani Bernard,0.0,2.0,2020-12-18
2020,15,493b385d-b8ab-4f3d-830a-3e46132515aa,,FREEAGENT,EXECUTED,2,0,DROP,-16019.0,Giants D/ST,2.0,0.0,2020-12-18
2020,15,3d3cadb0-0d99-43a6-b3f7-235e70e4f35c,90a7e2e4-a68e-480c-b481-89d68df823cb,WAIVER,EXECUTED,4,4,ADD,-16017.0,Patriots D/ST,0.0,4.0,2020-12-16
2020,15,3d3cadb0-0d99-43a6-b3f7-235e70e4f35c,90a7e2e4-a68e-480c-b481-89d68df823cb,WAIVER,EXECUTED,4,4,DROP,-16029.0,Panthers D/ST,4.0,0.0,2020-12-16
2020,16,aa96766e-c423-4386-bd99-c809d8e33938,,FREEAGENT,EXECUTED,10,0,ADD,-16028.0,Washington D/ST,0.0,10.0,2020-12-24
2020,16,aa96766e-c423-4386-bd99-c809d8e33938,,FREEAGENT,EXECUTED,10,0,DROP,2976316.0,Michael Thomas,10.0,0.0,2020-12-24
2020,16,fa1cc9cc-c8a6-405c-9526-a3a6d8a3407e,,FREEAGENT,EXECUTED,10,0,ADD,3116164.0,Mike Gesicki,0.0,10.0,2020-12-24
2020,16,fa1cc9cc-c8a6-405c-9526-a3a6d8a3407e,,FREEAGENT,EXECUTED,10,0,DROP,3122976.0,Jeff Wilson Jr.,10.0,0.0,2020-12-24
2020,16,87108a27-b52c-434a-a073-5a4f33ac2d09,,WAIVER,PENDING,10,1,ADD,4243315.0,Salvon Ahmed,0.0,10.0,2020-12-22
2020,16,87108a27-b52c-434a-a073-5a4f33ac2d09,,WAIVER,PENDING,10,1,DROP,3123969.0,Ito Smith,10.0,0.0,2020-12-22
2020,16,ce9cef66-ab7b-4058-9c96-9c16fc4feb60,3f42bc95-b2be-4b53-86fa-74e8f07935ff,WAIVER,EXECUTED,4,6,ADD,3052587.0,Baker Mayfield,0.0,4.0,2020-12-23
2020,16,ce9cef66-ab7b-4058-9c96-9c16fc4feb60,3f42bc95-b2be-4b53-86fa-74e8f07935ff,WAIVER,EXECUTED,4,6,DROP,12483.0,Matthew Stafford,4.0,0.0,2020-12-23
2020,16,c4a04230-2508-46d9-ad8d-d77f9faf9dfd,,FREEAGENT,EXECUTED,4,0,ADD,3115378.0,Russell Gage,0.0,4.0,2020-12-25
2020,16,c4a04230-2508-46d9-ad8d-d77f9faf9dfd,,FREEAGENT,EXECUTED,4,0,DROP,3925347.0,Damien Harris,4.0,0.0,2020-12-25
2020,16,c3120feb-83c3-4af2-bb38-c7a3b8ca17e0,4ed1ae23-9534-4293-966b-24fd253226f0,WAIVER,CANCELED,10,0,ADD,-16005.0,Browns D/ST,0.0,10.0,2020-12-22
2020,16,dc7cd225-bd56-49b0-aab3-48c9abce803a,88f765ad-9ca3-43bf-8476-a375636115bf,WAIVER,EXECUTED,4,7,ADD,15825.0,Le'Veon Bell,0.0,4.0,2020-12-23
2020,16,dc7cd225-bd56-49b0-aab3-48c9abce803a,88f765ad-9ca3-43bf-8476-a375636115bf,WAIVER,EXECUTED,4,7,DROP,3116164.0,Mike Gesicki,4.0,0.0,2020-12-23
2020,16,b6bba890-25ae-46f3-8e3a-a4f9b8f60825,a25f5c58-a58e-4864-9ec8-d2e024866e00,WAIVER,FAILED_INVALIDPLAYERSOURCE,10,1,ADD,15825.0,Le'Veon Bell,0.0,10.0,2020-12-23
2020,16,b6bba890-25ae-46f3-8e3a-a4f9b8f60825,a25f5c58-a58e-4864-9ec8-d2e024866e00,WAIVER,FAILED_INVALIDPLAYERSOURCE,10,1,DROP,2976316.0,Michael Thomas,10.0,0.0,2020-12-23
2020,16,4ed1ae23-9534-4293-966b-24fd253226f0,,WAIVER,PENDING,10,1,ADD,-16005.0,Browns D/ST,0.0,10.0,2020-12-22
2020,16,a25f5c58-a58e-4864-9ec8-d2e024866e00,,WAIVER,PENDING,10,1,ADD,15825.0,Le'Veon Bell,0.0,10.0,2020-12-22
2020,16,a25f5c58-a58e-4864-9ec8-d2e024866e00,,WAIVER,PENDING,10,1,DROP,2976316.0,Michael Thomas,10.0,0.0,2020-12-22
2020,16,b9631929-fcda-49a0-b2c6-92bd3323d12c,87108a27-b52c-434a-a073-5a4f33ac2d09,WAIVER,EXECUTED,10,1,ADD,4243315.0,Salvon Ahmed,0.0,10.0,2020-12-23
2020,16,b9631929-fcda-49a0-b2c6-92bd3323d12c,87108a27-b52c-434a-a073-5a4f33ac2d09,WAIVER,EXECUTED,10,1,DROP,3123969.0,Ito Smith,10.0,0.0,2020-12-23
2020,16,d8b7d032-cdab-4fb9-9b50-a003d468c137,94736b94-320c-4aa8-a0b9-84bd9e8ae902,WAIVER,EXECUTED,10,1,ADD,3916148.0,Tony Pollard,0.0,10.0,2020-12-23
2020,16,d8b7d032-cdab-4fb9-9b50-a003d468c137,94736b94-320c-4aa8-a0b9-84bd9e8ae902,WAIVER,EXECUTED,10,1,DROP,3915823.0,Keke Coutee,10.0,0.0,2020-12-23
2020,16,8101883b-efb2-486d-85fb-2cb6a43b564c,6c5b926c-c656-4ef1-ad54-46ad6f64953f,WAIVER,EXECUTED,4,6,ADD,-16005.0,Browns D/ST,0.0,4.0,2020-12-23
2020,16,8101883b-efb2-486d-85fb-2cb6a43b564c,6c5b926c-c656-4ef1-ad54-46ad6f64953f,WAIVER,EXECUTED,4,6,DROP,-16002.0,Bills D/ST,4.0,0.0,2020-12-23
2020,16,f7075ff4-21c6-42cd-99f7-2325c5fa6656,,FREEAGENT,EXECUTED,4,0,ADD,3051926.0,Gus Edwards,0.0,4.0,2020-12-26
2020,16,f7075ff4-21c6-42cd-99f7-2325c5fa6656,,FREEAGENT,EXECUTED,4,0,DROP,4242214.0,Clyde Edwards-Helaire,4.0,0.0,2020-12-26
2020,16,82653e7e-3a38-4d87-a6c1-20c467ff3c3f,,FREEAGENT,EXECUTED,10,0,ADD,-16002.0,Bills D/ST,0.0,10.0,2020-12-24
2020,16,82653e7e-3a38-4d87-a6c1-20c467ff3c3f,,FREEAGENT,EXECUTED,10,0,DROP,3051926.0,Gus Edwards,10.0,0.0,2020-12-24
2020,16,94736b94-320c-4aa8-a0b9-84bd9e8ae902,,WAIVER,PENDING,10,1,ADD,3916148.0,Tony Pollard,0.0,10.0,2020-12-22
2020,16,94736b94-320c-4aa8-a0b9-84bd9e8ae902,,WAIVER,PENDING,10,1,DROP,3915823.0,Keke Coutee,10.0,0.0,2020-12-22
