season,week,transaction_id,related_transaction_id,transaction_type,status,espn_team_id,bid_amount,item_type,player_id,player_name,from_team_id,to_team_id,date
2023,1,7cea4c13-795e-4641-bb7a-228ceb55f3c0,,FREEAGENT,EXECUTED,3,0,ADD,2468609.0,Taysom Hill,0.0,3.0,2023-09-10
2023,1,394b51cb-fa26-489c-b1ef-2a89c0495358,,FREEAGENT,EXECUTED,12,0,ADD,4361050.0,Isaiah Likely,0.0,12.0,2023-09-10
2023,1,394b51cb-fa26-489c-b1ef-2a89c0495358,,FREEAGENT,EXECUTED,12,0,DROP,4429160.0,De'Von Achane,12.0,0.0,2023-09-10
2023,1,b97166ae-c359-4ebe-8774-2e8ab93bb934,,FREEAGENT,EXECUTED,5,0,ADD,-16028.0,Commanders D/ST,0.0,5.0,2023-09-06
2023,1,b97166ae-c359-4ebe-8774-2e8ab93bb934,,FREEAGENT,EXECUTED,5,0,DROP,-16015.0,Dolphins D/ST,5.0,0.0,2023-09-06
2023,1,db943804-4f5a-4caf-b924-fe363bb1625a,,FREEAGENT,EXECUTED,14,0,ADD,3930066.0,Van Jefferson,0.0,14.0,2023-09-06
2023,1,db943804-4f5a-4caf-b924-fe363bb1625a,,FREEAGENT,EXECUTED,14,0,DROP,3045144.0,Tyler Boyd,14.0,0.0,2023-09-06
2023,1,85ced7af-86fa-4f35-87a7-2e3413b2757d,,FREEAGENT,EXECUTED,1,0,ADD,4362249.0,Jayden Reed,0.0,1.0,2023-09-09
2023,1,38e640f9-3336-4760-9ac7-2a08a3019986,,FREEAGENT,EXECUTED,7,0,ADD,4361432.0,Romeo Doubs,0.0,7.0,2023-09-08
2023,1,38e640f9-3336-4760-9ac7-2a08a3019986,,FREEAGENT,EXECUTED,7,0,DROP,3115364.0,Leonard Fournette,7.0,0.0,2023-09-08
2023,1,1488f1e4-a1d4-46ba-8fe1-9fcfac8f3cb8,,FREEAGENT,EXECUTED,13,0,ADD,-16030.0,Jaguars D/ST,0.0,13.0,2023-09-07
2023,1,1488f1e4-a1d4-46ba-8fe1-9fcfac8f3cb8,,FREEAGENT,EXECUTED,13,0,DROP,-16010.0,Titans D/ST,13.0,0.0,2023-09-07
2023,1,44d2085b-e68a-4d8d-8120-3e830e16f63f,,FREEAGENT,EXECUTED,12,0,ADD,4240472.0,Noah Gray,0.0,12.0,2023-09-07
2023,1,f3f10c0e-01a0-4013-8748-36376cc1f786,,FREEAGENT,EXECUTED,10,0,ADD,3125116.0,D'Onta Foreman,0.0,10.0,2023-09-07
2023,2,6277d22a-8df8-4eb6-a45b-1e2eb9933060,f59c5759-a4f5-4a9e-9e48-7f7d05eae93d,WAIVER,CANCELED,7,0,ADD,4430737.0,Kyren Williams,0.0,7.0,2023-09-13
2023,2,6277d22a-8df8-4eb6-a45b-1e2eb9933060,f59c5759-a4f5-4a9e-9e48-7f7d05eae93d,WAIVER,CANCELED,7,0,DROP,3128390.0,Allen Lazard,7.0,0.0,2023-09-13
2023,2,a5e16e9c-577d-4ae1-bb4d-71e033f6022d,5a74108b-f79e-4839-9d14-cbea4b4ea436,WAIVER,EXECUTED,13,3,ADD,4428557.0,Tyjae Spears,0.0,13.0,2023-09-13
2023,2,a5e16e9c-577d-4ae1-bb4d-71e033f6022d,5a74108b-f79e-4839-9d14-cbea4b4ea436,WAIVER,EXECUTED,13,3,DROP,4686472.0,Marvin Mims Jr.,13.0,0.0,2023-09-13
2023,2,80d3a59c-d3f2-4077-a05c-1da9f3390e90,,FREEAGENT,EXECUTED,12,0,ADD,3051738.0,Marquez Valdes-Scantling,0.0,12.0,2023-09-13
2023,2,c57c8470-f71a-445e-a529-35797de3a3e3,f53a55ba-8dd5-4b74-8cf6-1952d35e05d6,WAIVER,FAILED_INVALIDPLAYERSOURCE,12,12,ADD,4430737.0,Kyren Williams,0.0,12.0,2023-09-13
2023,2,c57c8470-f71a-445e-a529-35797de3a3e3,f53a55ba-8dd5-4b74-8cf6-1952d35e05d6,WAIVER,FAILED_INVALIDPLAYERSOURCE,12,12,DROP,4361050.0,Isaiah Likely,12.0,0.0,2023-09-13
2023,2,2cbdc701-9896-48bc-bdd2-961dcd501819,f9af9eba-e775-4d9b-aeec-6394d890e982,WAIVER,FAILED_INVALIDPLAYERSOURCE,10,9,ADD,4430737.0,Kyren Williams,0.0,10.0,2023-09-13
2023,2,2cbdc701-9896-48bc-bdd2-961dcd501819,f9af9eba-e775-4d9b-aeec-6394d890e982,WAIVER,FAILED_INVALIDPLAYERSOURCE,10,9,DROP,3125116.0,D'Onta Foreman,10.0,0.0,2023-09-13
2023,2,8a611cde-c20e-43c5-8949-6446ac874f6c,7cf1c246-01b4-4e83-84bb-6fbe7d388d35,WAIVER,FAILED_INVALIDPLAYERSOURCE,14,5,ADD,4426515.0,Puka Nacua,0.0,14.0,2023-09-13
2023,2,8a611cde-c20e-43c5-8949-6446ac874f6c,7cf1c246-01b4-4e83-84bb-6fbe7d388d35,WAIVER,FAILED_INVALIDPLAYERSOURCE,14,5,DROP,3930066.0,Van Jefferson,14.0,0.0,2023-09-13
2023,2,59b784c3-aae1-4b73-acb0-61636797d4d7,,FREEAGENT,EXECUTED,2,0,ADD,3910544.0,Joshua Kelley,0.0,2.0,2023-09-13
2023,2,59b784c3-aae1-4b73-acb0-61636797d4d7,,FREEAGENT,EXECUTED,2,0,DROP,3135321.0,Hunter Renfrow,2.0,0.0,2023-09-13
2023,2,4f0cf216-14eb-4778-a94c-4dfb1bb727b5,17a3842f-db65-4c74-ba99-319d4b083d50,WAIVER,CANCELED,10,0,ADD,3910544.0,Joshua Kelley,0.0,10.0,2023-09-12
2023,2,4f0cf216-14eb-4778-a94c-4dfb1bb727b5,17a3842f-db65-4c74-ba99-319d4b083d50,WAIVER,CANCELED,10,0,DROP,3918639.0,Gerald Everett,10.0,0.0,2023-09-12
2023,2,97fc8ca5-7d63-41e8-9879-e993a3f0cd79,,FREEAGENT,EXECUTED,5,0,ADD,4258195.0,Donovan Peoples-Jones,0.0,5.0,2023-09-18
2023,2,97fc8ca5-7d63-41e8-9879-e993a3f0cd79,,FREEAGENT,EXECUTED,5,0,DROP,4426485.0,Jonathan Mingo,5.0,0.0,2023-09-18
2023,2,f9af9eba-e775-4d9b-aeec-6394d890e982,,WAIVER,PENDING,10,15,ADD,4430737.0,Kyren Williams,0.0,10.0,2023-09-12
2023,2,f9af9eba-e775-4d9b-aeec-6394d890e982,,WAIVER,PENDING,10,15,DROP,3125116.0,D'Onta Foreman,10.0,0.0,2023-09-12
2023,2,68496f58-1bf6-4f4a-91f5-ac8c4f20e2ef,,TRADE_PROPOSAL,PENDING,3,0,TRADE,4035538.0,David Montgomery,3.0,10.0,2023-09-13
2023,2,68496f58-1bf6-4f4a-91f5-ac8c4f20e2ef,,TRADE_PROPOSAL,PENDING,3,0,TRADE,4360438.0,Brandon Aiyuk,10.0,3.0,2023-09-13
2023,2,e48e2d1f-cf87-489b-832c-33fcb7e85f11,,FREEAGENT,EXECUTED,4,0,ADD,-16011.0,Colts D/ST,0.0,4.0,2023-09-17
2023,2,e48e2d1f-cf87-489b-832c-33fcb7e85f11,,FREEAGENT,EXECUTED,4,0,DROP,-16033.0,Ravens D/ST,4.0,0.0,2023-09-17
2023,2,a2fa59e5-f013-4943-9bee-2b0f3f287bed,2bc449fd-c5ab-4559-b109-d3f5b5de8ed9,WAIVER,FAILED_PLAYERALREADYDROPPED,7,6,ADD,15835.0,Zach Ertz,0.0,7.0,2023-09-13
2023,2,a2fa59e5-f013-4943-9bee-2b0f3f287bed,2bc449fd-c5ab-4559-b109-d3f5b5de8ed9,WAIVER,FAILED_PLAYERALREADYDROPPED,7,6,DROP,3128390.0,Allen Lazard,7.0,0.0,2023-09-13
2023,2,1e0713a9-7f9b-4240-9511-2edd09a4097d,8b577483-31b4-4729-9d63-cfb33b0f9b6c,WAIVER,FAILED_INVALIDPLAYERSOURCE,7,16,ADD,4426515.0,Puka Nacua,0.0,7.0,2023-09-13
2023,2,1e0713a9-7f9b-4240-9511-2edd09a4097d,8b577483-31b4-4729-9d63-cfb33b0f9b6c,WAIVER,FAILED_INVALIDPLAYERSOURCE,7,16,DROP,3128390.0,Allen Lazard,7.0,0.0,2023-09-13
2023,2,7d889188-f09a-49bd-8d6b-ac3c77701915,d6a71b21-681d-46ac-9695-cb5c81c1383f,WAIVER,EXECUTED,2,20,ADD,4038441.0,Justice Hill,0.0,2.0,2023-09-13
2023,2,7d889188-f09a-49bd-8d6b-ac3c77701915,d6a71b21-681d-46ac-9695-cb5c81c1383f,WAIVER,EXECUTED,2,20,DROP,4241985.0,J.K. Dobbins,2.0,0.0,2023-09-13
2023,2,38b5556f-a6f7-41b8-a22a-803a34826a90,51e9c3e4-bc7b-42e0-b98d-f3cb5012c140,WAIVER,EXECUTED,7,16,ADD,4430737.0,Kyren Williams,0.0,7.0,2023-09-13
2023,2,38b5556f-a6f7-41b8-a22a-803a34826a90,51e9c3e4-bc7b-42e0-b98d-f3cb5012c140,WAIVER,EXECUTED,7,16,DROP,4240455.0,Deon Jackson,7.0,0.0,2023-09-13
2023,2,51ddbdd6-5a28-4be0-a1f8-52f49d6ceb47,,FREEAGENT,EXECUTED,14,0,ADD,-16007.0,Broncos D/ST,0.0,14.0,2023-09-13
2023,2,51ddbdd6-5a28-4be0-a1f8-52f49d6ceb47,,FREEAGENT,EXECUTED,14,0,DROP,-16022.0,Cardinals D/ST,14.0,0.0,2023-09-13
2023,2,d847d22b-a242-4f45-92c9-df6960587013,8a2613d9-397c-449e-80b6-a2738aa7ba5d,WAIVER,FAILED_INVALIDPLAYERSOURCE,6,15,ADD,4426515.0,Puka Nacua,0.0,6.0,2023-09-13
2023,2,e7ed0ae0-0961-4c38-8bc0-e6e13467cd06,676414ad-cf68-4b25-ac02-be16b23634d1,WAIVER,EXECUTED,12,1,ADD,4240455.0,Deon Jackson,0.0,12.0,2023-09-14
2023,2,e7ed0ae0-0961-4c38-8bc0-e6e13467cd06,676414ad-cf68-4b25-ac02-be16b23634d1,WAIVER,EXECUTED,12,1,DROP,3925347.0,Damien Harris,12.0,0.0,2023-09-14
2023,2,7e812e52-d003-4af2-ac28-e2db682c85ca,be01191a-5f7c-4d3c-aba8-f2071fafd973,WAIVER,EXECUTED,5,3,ADD,3045523.0,Kendrick Bourne,0.0,5.0,2023-09-13
2023,2,7e812e52-d003-4af2-ac28-e2db682c85ca,be01191a-5f7c-4d3c-aba8-f2071fafd973,WAIVER,EXECUTED,5,3,DROP,4242540.0,Isaiah Hodgins,5.0,0.0,2023-09-13
2023,2,13d7cf88-769d-4291-811c-5c7d8abdbbbd,52c4e3d8-af0e-4f87-a634-ee073fcd1ac9,WAIVER,CANCELED,7,0,ADD,4360797.0,Tutu Atwell,0.0,7.0,2023-09-13
2023,2,13d7cf88-769d-4291-811c-5c7d8abdbbbd,52c4e3d8-af0e-4f87-a634-ee073fcd1ac9,WAIVER,CANCELED,7,0,DROP,3128390.0,Allen Lazard,7.0,0.0,2023-09-13
2023,2,40bc1bcb-bf55-40a8-8cb7-d75c5004cdc2,,WAIVER,PENDING,10,16,ADD,4038441.0,Justice Hill,0.0,10.0,2023-09-12
2023,2,40bc1bcb-bf55-40a8-8cb7-d75c5004cdc2,,WAIVER,PENDING,10,16,DROP,3918639.0,Gerald Everett,10.0,0.0,2023-09-12
2023,2,bfe50fff-4a66-4014-bc86-910a5fa80bf1,,FREEAGENT,EXECUTED,14,0,ADD,4036378.0,Jordan Love,0.0,14.0,2023-09-15
2023,2,bfe50fff-4a66-4014-bc86-910a5fa80bf1,,FREEAGENT,EXECUTED,14,0,DROP,3917792.0,Daniel Jones,14.0,0.0,2023-09-15
2023,2,c4711ae7-e87b-47fe-a120-9218a124bd2e,b5474aca-8924-4514-aac3-a07539524685,WAIVER,CANCELED,7,0,ADD,3046439.0,Hunter Henry,0.0,7.0,2023-09-13
2023,2,c4711ae7-e87b-47fe-a120-9218a124bd2e,b5474aca-8924-4514-aac3-a07539524685,WAIVER,CANCELED,7,0,DROP,3128390.0,Allen Lazard,7.0,0.0,2023-09-13
2023,2,12a4999f-df59-46c6-a9bb-15454a69c511,ddb963ce-15ac-4e2b-a624-299b8b31b216,WAIVER,CANCELED,7,0,ADD,4426515.0,Puka Nacua,0.0,7.0,2023-09-13
2023,2,12a4999f-df59-46c6-a9bb-15454a69c511,ddb963ce-15ac-4e2b-a624-299b8b31b216,WAIVER,CANCELED,7,0,DROP,3128390.0,Allen Lazard,7.0,0.0,2023-09-13
2023,2,e107a8a5-4995-4254-a8f6-d04e4c4030aa,,FREEAGENT,EXECUTED,6,0,ADD,16799.0,Allen Robinson II,0.0,6.0,2023-09-14
2023,2,1178596b-6d61-477e-a6a8-94938cc133ec,4b4113b7-efaa-4c2d-b6ba-10781df25fb8,WAIVER,FAILED_PLAYERALREADYDROPPED,7,12,ADD,3910544.0,Joshua Kelley,0.0,7.0,2023-09-13
2023,2,1178596b-6d61-477e-a6a8-94938cc133ec,4b4113b7-efaa-4c2d-b6ba-10781df25fb8,WAIVER,FAILED_PLAYERALREADYDROPPED,7,12,DROP,4240455.0,Deon Jackson,7.0,0.0,2023-09-13
2023,2,7c38a0d5-79a9-4b4b-a553-e20a6b616503,692e5400-97cd-4198-bf32-a7e0a82d5387,WAIVER,CANCELED,7,0,ADD,3045523.0,Kendrick Bourne,0.0,7.0,2023-09-13
2023,2,7c38a0d5-79a9-4b4b-a553-e20a6b616503,692e5400-97cd-4198-bf32-a7e0a82d5387,WAIVER,CANCELED,7,0,DROP,3128390.0,Allen Lazard,7.0,0.0,2023-09-13
2023,2,bb3c8c1d-edfb-4833-8af9-7b7ddb4d8502,40bc1bcb-bf55-40a8-8cb7-d75c5004cdc2,WAIVER,CANCELED,10,0,ADD,4038441.0,Justice Hill,0.0,10.0,2023-09-12
2023,2,bb3c8c1d-edfb-4833-8af9-7b7ddb4d8502,40bc1bcb-bf55-40a8-8cb7-d75c5004cdc2,WAIVER,CANCELED,10,0,DROP,3918639.0,Gerald Everett,10.0,0.0,2023-09-12
2023,2,94d33632-c922-4122-a297-c034a5d0d2bc,c0567ae4-43ce-4bf2-9d63-e757b771ea8e,WAIVER,FAILED_INVALIDPLAYERSOURCE,1,6,ADD,4426515.0,Puka Nacua,0.0,1.0,2023-09-13
2023,2,94d33632-c922-4122-a297-c034a5d0d2bc,c0567ae4-43ce-4bf2-9d63-e757b771ea8e,WAIVER,FAILED_INVALIDPLAYERSOURCE,1,6,DROP,3121410.0,Parris Campbell,1.0,0.0,2023-09-13
2023,2,85364bf2-eafc-4bdd-95d4-88ef44d58c42,,ROSTER,EXECUTED,12,0,DROP,4240472.0,Noah Gray,12.0,0.0,2023-09-12
2023,2,79f6bc96-521e-4b71-bb2f-29e7e1d6e0e3,a072ca83-d826-420f-bcc8-c6ba4901e3ae,WAIVER,EXECUTED,14,3,ADD,4361741.0,Brock Purdy,0.0,14.0,2023-09-13
2023,2,386635d4-8aff-48ff-bb37-c82bfba8e857,,FREEAGENT,EXECUTED,14,0,ADD,15880.0,Robert Woods,0.0,14.0,2023-09-13
2023,2,386635d4-8aff-48ff-bb37-c82bfba8e857,,FREEAGENT,EXECUTED,14,0,DROP,3930066.0,Van Jefferson,14.0,0.0,2023-09-13
2023,2,b060a09e-ad04-469f-a59f-b9cf369c817b,a5a2a72f-b84d-4c74-874b-dc18c9fe53fa,WAIVER,EXECUTED,10,22,ADD,4426515.0,Puka Nacua,0.0,10.0,2023-09-13
2023,2,b060a09e-ad04-469f-a59f-b9cf369c817b,a5a2a72f-b84d-4c74-874b-dc18c9fe53fa,WAIVER,EXECUTED,10,22,DROP,2573401.0,Tyler Higbee,10.0,0.0,2023-09-13
2023,2,15cd857c-ea95-41f5-bd40-ded4ca5dabcb,fb57cee9-4070-4013-8bc6-0ed2b67072ff,WAIVER,EXECUTED,10,1,ADD,15835.0,Zach Ertz,0.0,10.0,2023-09-13
2023,2,15cd857c-ea95-41f5-bd40-ded4ca5dabcb,fb57cee9-4070-4013-8bc6-0ed2b67072ff,WAIVER,EXECUTED,10,1,DROP,3918639.0,Gerald Everett,10.0,0.0,2023-09-13
2023,2,ff266a3c-d965-4f38-bf80-3e3bd73e7f05,,ROSTER,EXECUTED,12,0,DROP,4361050.0,Isaiah Likely,12.0,0.0,2023-09-13
2023,2,13d34287-6d29-4715-8e4a-f8a2f22bd0e8,681a7307-ca21-4940-9e05-209b69e9ca1c,WAIVER,FAILED_INVALIDPLAYERSOURCE,5,1,ADD,3046439.0,Hunter Henry,0.0,5.0,2023-09-13
2023,2,13d34287-6d29-4715-8e4a-f8a2f22bd0e8,681a7307-ca21-4940-9e05-209b69e9ca1c,WAIVER,FAILED_INVALIDPLAYERSOURCE,5,1,DROP,4426485.0,Jonathan Mingo,5.0,0.0,2023-09-13
2023,2,5104cdb8-77f2-4f45-b596-79bc809f4d75,a15b5e07-5a2b-4129-a795-8a0eba31e8dc,WAIVER,FAILED_INVALIDPLAYERSOURCE,2,5,ADD,4430737.0,Kyren Williams,0.0,2.0,2023-09-13
2023,2,5104cdb8-77f2-4f45-b596-79bc809f4d75,a15b5e07-5a2b-4129-a795-8a0eba31e8dc,WAIVER,FAILED_INVALIDPLAYERSOURCE,2,5,DROP,3135321.0,Hunter Renfrow,2.0,0.0,2023-09-13
2023,2,17a3842f-db65-4c74-ba99-319d4b083d50,,WAIVER,PENDING,10,9,ADD,3910544.0,Joshua Kelley,0.0,10.0,2023-09-12
2023,2,17a3842f-db65-4c74-ba99-319d4b083d50,,WAIVER,PENDING,10,9,DROP,3918639.0,Gerald Everett,10.0,0.0,2023-09-12
2023,2,c6707943-1746-4bc1-95d1-3258135feaaa,,FREEAGENT,EXECUTED,14,0,ADD,4032473.0,Rashid Shaheed,0.0,14.0,2023-09-17
2023,2,c6707943-1746-4bc1-95d1-3258135feaaa,,FREEAGENT,EXECUTED,14,0,DROP,4372485.0,Rondale Moore,14.0,0.0,2023-09-17
2023,2,fb57cee9-4070-4013-8bc6-0ed2b67072ff,,WAIVER,PENDING,10,1,ADD,15835.0,Zach Ertz,0.0,10.0,2023-09-12
2023,2,fb57cee9-4070-4013-8bc6-0ed2b67072ff,,WAIVER,PENDING,10,1,DROP,3918639.0,Gerald Everett,10.0,0.0,2023-09-12
2023,2,e1fd2863-7808-47f1-a61f-7b7b0adadf90,,FREEAGENT,EXECUTED,12,0,ADD,4241416.0,Chuba Hubbard,0.0,12.0,2023-09-16
2023,2,440876c9-8b70-4769-9702-223c45518dc6,,FREEAGENT,EXECUTED,7,0,ADD,3046439.0,Hunter Henry,0.0,7.0,2023-09-17
2023,2,440876c9-8b70-4769-9702-223c45518dc6,,FREEAGENT,EXECUTED,7,0,DROP,4428085.0,Luke Musgrave,7.0,0.0,2023-09-17
2023,2,e9903f60-96d0-4010-a395-063afc430337,afa8ca59-4247-4767-83dc-1d760fcbbd63,WAIVER,EXECUTED,14,1,ADD,3046439.0,Hunter Henry,0.0,14.0,2023-09-13
2023,2,e9903f60-96d0-4010-a395-063afc430337,afa8ca59-4247-4767-83dc-1d760fcbbd63,WAIVER,EXECUTED,14,1,DROP,4361411.0,Pat Freiermuth,14.0,0.0,2023-09-13
2023,2,e18ca427-3c2f-4ffe-bc85-4077e83600ac,,FREEAGENT,EXECUTED,5,0,ADD,-16019.0,Giants D/ST,0.0,5.0,2023-09-14
2023,2,e18ca427-3c2f-4ffe-bc85-4077e83600ac,,FREEAGENT,EXECUTED,5,0,DROP,-16028.0,Commanders D/ST,5.0,0.0,2023-09-14
2023,2,942daeab-90a3-46e7-a3ff-4bd3615cf34e,19e900f6-6fd0-4a5a-8f8c-bc2957c0c965,WAIVER,EXECUTED,7,9,ADD,4360797.0,Tutu Atwell,0.0,7.0,2023-09-13
2023,2,942daeab-90a3-46e7-a3ff-4bd3615cf34e,19e900f6-6fd0-4a5a-8f8c-bc2957c0c965,WAIVER,EXECUTED,7,9,DROP,3128390.0,Allen Lazard,7.0,0.0,2023-09-13
2023,2,9847c1a7-57e9-4003-9b0f-bd64eee88772,,ROSTER,EXECUTED,14,0,DROP,8439.0,Aaron Rodgers,14.0,0.0,2023-09-12
2023,2,f3ed5978-8f01-48e8-ab3e-36a2bdf77064,,FREEAGENT,EXECUTED,7,0,ADD,4428085.0,Luke Musgrave,0.0,7.0,2023-09-14
2023,2,f3ed5978-8f01-48e8-ab3e-36a2bdf77064,,FREEAGENT,EXECUTED,7,0,DROP,3929645.0,Juwan Johnson,7.0,0.0,2023-09-14
2023,2,85a8bd42-e752-4aa8-a5b5-c4fde854d7e1,dcf8eddf-41c3-465b-ab82-fc1defc2e001,WAIVER,EXECUTED,14,1,ADD,-16022.0,Cardinals D/ST,0.0,14.0,2023-09-13
2023,2,85a8bd42-e752-4aa8-a5b5-c4fde854d7e1,dcf8eddf-41c3-465b-ab82-fc1defc2e001,WAIVER,EXECUTED,14,1,DROP,-16029.0,Panthers D/ST,14.0,0.0,2023-09-13
2023,2,ade2a3a6-20d7-4a05-b27d-061b3996ab0f,,FREEAGENT,EXECUTED,1,0,ADD,4361411.0,Pat Freiermuth,0.0,1.0,2023-09-16
2023,2,ade2a3a6-20d7-4a05-b27d-061b3996ab0f,,FREEAGENT,EXECUTED,1,0,DROP,3121410.0,Parris Campbell,1.0,0.0,2023-09-16
2023,2,5ceba7cd-d764-499c-af05-1a2b7de447d2,c2409997-702d-4657-8689-b77b79a8b0e0,WAIVER,EXECUTED,4,1,ADD,3128390.0,Allen Lazard,0.0,4.0,2023-09-14
2023,2,5ceba7cd-d764-499c-af05-1a2b7de447d2,c2409997-702d-4657-8689-b77b79a8b0e0,WAIVER,EXECUTED,4,1,DROP,4046692.0,Chase Claypool,4.0,0.0,2023-09-14
2023,2,a5a2a72f-b84d-4c74-874b-dc18c9fe53fa,,WAIVER,PENDING,10,15,ADD,4426515.0,Puka Nacua,0.0,10.0,2023-09-12
2023,2,a5a2a72f-b84d-4c74-874b-dc18c9fe53fa,,WAIVER,PENDING,10,15,DROP,2573401.0,Tyler Higbee,10.0,0.0,2023-09-12
2023,2,ca3a32d5-b36e-418d-a1cd-9549fae9001e,1b212254-8d69-435e-bd1b-89e3ae95310c,WAIVER,FAILED_INVALIDPLAYERSOURCE,7,3,ADD,4428557.0,Tyjae Spears,0.0,7.0,2023-09-13
2023,2,ca3a32d5-b36e-418d-a1cd-9549fae9001e,1b212254-8d69-435e-bd1b-89e3ae95310c,WAIVER,FAILED_INVALIDPLAYERSOURCE,7,3,DROP,4240455.0,Deon Jackson,7.0,0.0,2023-09-13
2023,2,ede87612-22a7-452a-b32e-46a13b06e884,,ROSTER,EXECUTED,3,0,DROP,2468609.0,Taysom Hill,3.0,0.0,2023-09-12
2023,2,f4e12ab2-d204-4fb5-87f0-b5dd83134424,,FREEAGENT,EXECUTED,14,0,ADD,2573401.0,Tyler Higbee,0.0,14.0,2023-09-15
2023,2,f4e12ab2-d204-4fb5-87f0-b5dd83134424,,FREEAGENT,EXECUTED,14,0,DROP,3046439.0,Hunter Henry,14.0,0.0,2023-09-15
2023,2,333e95e1-8e7f-48d5-b87a-eb79a2ab60b9,68496f58-1bf6-4f4a-91f5-ac8c4f20e2ef,TRADE_PROPOSAL,CANCELED,3,0,TRADE,4035538.0,David Montgomery,3.0,10.0,2023-09-15
2023,2,333e95e1-8e7f-48d5-b87a-eb79a2ab60b9,68496f58-1bf6-4f4a-91f5-ac8c4f20e2ef,TRADE_PROPOSAL,CANCELED,3,0,TRADE,4360438.0,Brandon Aiyuk,10.0,3.0,2023-09-15
2023,2,c1915c84-5e58-43f2-ad57-775c711d372f,23c2faa6-96f1-40ec-99cf-6dbfc1a54659,WAIVER,CANCELED,7,0,ADD,4038441.0,Justice Hill,0.0,7.0,2023-09-13
2023,2,c1915c84-5e58-43f2-ad57-775c711d372f,23c2faa6-96f1-40ec-99cf-6dbfc1a54659,WAIVER,CANCELED,7,0,DROP,3128390.0,Allen Lazard,7.0,0.0,2023-09-13
2023,2,cd832509-82eb-428c-be6a-499876ac7dff,8952431a-3ecc-4e83-9186-a69262fa1d1a,WAIVER,FAILED_INVALIDPLAYERSOURCE,7,12,ADD,4038441.0,Justice Hill,0.0,7.0,2023-09-13
2023,2,cd832509-82eb-428c-be6a-499876ac7dff,8952431a-3ecc-4e83-9186-a69262fa1d1a,WAIVER,FAILED_INVALIDPLAYERSOURCE,7,12,DROP,4240455.0,Deon Jackson,7.0,0.0,2023-09-13
2023,3,536aa126-7fd2-46d7-816e-41f4a5809564,4bfa046e-e77b-4012-873c-d992cadeb41f,WAIVER,FAILED_INVALIDPLAYERSOURCE,12,2,ADD,3116389.0,Samaje Perine,0.0,12.0,2023-09-21
2023,3,536aa126-7fd2-46d7-816e-41f4a5809564,4bfa046e-e77b-4012-873c-d992cadeb41f,WAIVER,FAILED_INVALIDPLAYERSOURCE,12,2,DROP,3051738.0,Marquez Valdes-Scantling,12.0,0.0,2023-09-21
2023,3,5bf25f07-fb0e-4303-afc5-881018a0beb0,96611893-26b2-4302-b69c-06fd8d254dcd,WAIVER,EXECUTED,14,1,ADD,-16033.0,Ravens D/ST,0.0,14.0,2023-09-20
2023,3,5bf25f07-fb0e-4303-afc5-881018a0beb0,96611893-26b2-4302-b69c-06fd8d254dcd,WAIVER,EXECUTED,14,1,DROP,-16007.0,Broncos D/ST,14.0,0.0,2023-09-20
2023,3,8fa4c220-5285-4f4d-a0e4-5231953e8c99,2e84a65e-3062-4036-8c75-68a8c90f0400,WAIVER,EXECUTED,7,2,ADD,3116389.0,Samaje Perine,0.0,7.0,2023-09-21
2023,3,8fa4c220-5285-4f4d-a0e4-5231953e8c99,2e84a65e-3062-4036-8c75-68a8c90f0400,WAIVER,EXECUTED,7,2,DROP,4361432.0,Romeo Doubs,7.0,0.0,2023-09-21
2023,3,045b6fd9-5d79-4fdd-ac91-a55d59de052f,c7091ff8-00e2-4233-a2b5-2bc303705129,WAIVER,CANCELED,12,0,ADD,4372019.0,Jerome Ford,0.0,12.0,2023-09-19
2023,3,c9e0564a-8822-411c-9775-e35e89907d71,47420a65-e075-4a6c-ad43-e0c09772bfa6,WAIVER,EXECUTED,12,1,ADD,4421446.0,Craig Reynolds,0.0,12.0,2023-09-20
2023,3,c9e0564a-8822-411c-9775-e35e89907d71,47420a65-e075-4a6c-ad43-e0c09772bfa6,WAIVER,EXECUTED,12,1,DROP,4241416.0,Chuba Hubbard,12.0,0.0,2023-09-20
2023,3,a67c2d7e-d29b-4c88-8263-4081dbc356af,bf8d6127-2f74-4e89-8f48-ecf877e64f13,WAIVER,FAILED_INVALIDPLAYERSOURCE,6,15,ADD,4372019.0,Jerome Ford,0.0,6.0,2023-09-20
2023,3,a67c2d7e-d29b-4c88-8263-4081dbc356af,bf8d6127-2f74-4e89-8f48-ecf877e64f13,WAIVER,FAILED_INVALIDPLAYERSOURCE,6,15,DROP,4360635.0,Chigoziem Okonkwo,6.0,0.0,2023-09-20
2023,3,3015e31f-88bc-4e9a-a227-bc8c70895ad1,1cfb01a1-cd32-4abf-b33e-62816de180a4,WAIVER,FAILED_INVALIDPLAYERSOURCE,2,15,ADD,4372019.0,Jerome Ford,0.0,2.0,2023-09-20
2023,3,3015e31f-88bc-4e9a-a227-bc8c70895ad1,1cfb01a1-cd32-4abf-b33e-62816de180a4,WAIVER,FAILED_INVALIDPLAYERSOURCE,2,15,DROP,4040761.0,Devin Singletary,2.0,0.0,2023-09-20
2023,3,b65cce46-09f1-4c1e-9429-dd1de9ac0728,,FREEAGENT,EXECUTED,4,0,ADD,3123075.0,Braxton Berrios,0.0,4.0,2023-09-24
2023,3,d0ad5ad6-3037-4195-804c-01bc2cb5b2cc,2bcadd28-5876-43e9-b54f-d642f3ee659c,WAIVER,FAILED_INVALIDPLAYERSOURCE,5,11,ADD,4372019.0,Jerome Ford,0.0,5.0,2023-09-20
2023,3,c59ed3a7-4625-4796-8728-4cbe5a56eddc,ae5b8d40-1dac-467d-abae-5078a95990a9,WAIVER,FAILED_INVALIDPLAYERSOURCE,10,46,ADD,4372019.0,Jerome Ford,0.0,10.0,2023-09-20
2023,3,c59ed3a7-4625-4796-8728-4cbe5a56eddc,ae5b8d40-1dac-467d-abae-5078a95990a9,WAIVER,FAILED_INVALIDPLAYERSOURCE,10,46,DROP,3125116.0,D'Onta Foreman,10.0,0.0,2023-09-20
2023,3,7d33a01c-6c31-42bb-ae84-2a8464a9b188,598fe937-b569-4ef0-b3a1-00fd2bff4f4a,WAIVER,FAILED_ROSTERLIMIT,3,7,ADD,4686472.0,Marvin Mims Jr.,0.0,3.0,2023-09-20
2023,3,37138fef-8cfe-4d09-a560-7a7bb81a80cf,0eeb20ed-8137-4abc-b8e1-1bb6422a5b0d,WAIVER,EXECUTED,5,1,ADD,-16012.0,Chiefs D/ST,0.0,5.0,2023-09-20
2023,3,37138fef-8cfe-4d09-a560-7a7bb81a80cf,0eeb20ed-8137-4abc-b8e1-1bb6422a5b0d,WAIVER,EXECUTED,5,1,DROP,-16019.0,Giants D/ST,5.0,0.0,2023-09-20
2023,3,2dae9aad-295a-4ec1-9e04-837643e1e551,0f398a5c-9e18-4fbb-8b3f-0b45e0c92805,WAIVER,EXECUTED,3,46,ADD,4372019.0,Jerome Ford,0.0,3.0,2023-09-20
2023,3,affa73b4-2ad7-4bc7-a920-53c470de1665,,FREEAGENT,EXECUTED,12,0,ADD,4241416.0,Chuba Hubbard,0.0,12.0,2023-09-24
2023,3,affa73b4-2ad7-4bc7-a920-53c470de1665,,FREEAGENT,EXECUTED,12,0,DROP,3051738.0,Marquez Valdes-Scantling,12.0,0.0,2023-09-24
2023,3,ee1cfe19-c9a8-4c5e-a112-24e148d0800b,83ce542f-8cb4-472c-81cc-04798de7d2e0,WAIVER,EXECUTED,1,7,ADD,4366031.0,Tank Dell,0.0,1.0,2023-09-20
2023,3,ee1cfe19-c9a8-4c5e-a112-24e148d0800b,83ce542f-8cb4-472c-81cc-04798de7d2e0,WAIVER,EXECUTED,1,7,DROP,3116389.0,Samaje Perine,1.0,0.0,2023-09-20
2023,3,6807b614-0b0d-4653-929c-17fddfddb512,29897fdd-3c2a-4c69-b909-c1e34784f33b,WAIVER,CANCELED,12,0,ADD,4372019.0,Jerome Ford,0.0,12.0,2023-09-19
2023,3,6807b614-0b0d-4653-929c-17fddfddb512,29897fdd-3c2a-4c69-b909-c1e34784f33b,WAIVER,CANCELED,12,0,DROP,4241416.0,Chuba Hubbard,12.0,0.0,2023-09-19
2023,3,c70a244f-2900-42dd-9523-7d063e679e4b,c8d1514f-6b7f-4189-8b57-c5c2189ab1bb,WAIVER,FAILED_INVALIDPLAYERSOURCE,1,19,ADD,4372019.0,Jerome Ford,0.0,1.0,2023-09-20
2023,3,c70a244f-2900-42dd-9523-7d063e679e4b,c8d1514f-6b7f-4189-8b57-c5c2189ab1bb,WAIVER,FAILED_INVALIDPLAYERSOURCE,1,19,DROP,4360939.0,Rashod Bateman,1.0,0.0,2023-09-20
2023,3,16ba131d-f7f6-4b64-99c2-508ae6f59701,,FREEAGENT,EXECUTED,4,0,ADD,-16017.0,Patriots D/ST,0.0,4.0,2023-09-21
2023,3,16ba131d-f7f6-4b64-99c2-508ae6f59701,,FREEAGENT,EXECUTED,4,0,DROP,-16011.0,Colts D/ST,4.0,0.0,2023-09-21
2023,3,fb59c9fa-c932-4537-a339-e90aa81500e2,,FREEAGENT,EXECUTED,10,0,ADD,4599739.0,Kendre Miller,0.0,10.0,2023-09-20
2023,3,fb59c9fa-c932-4537-a339-e90aa81500e2,,FREEAGENT,EXECUTED,10,0,DROP,3125116.0,D'Onta Foreman,10.0,0.0,2023-09-20
2023,3,ccb92e9f-57da-4e59-87e0-35db83fe587a,,FREEAGENT,EXECUTED,14,0,ADD,4428085.0,Luke Musgrave,0.0,14.0,2023-09-21
2023,3,ccb92e9f-57da-4e59-87e0-35db83fe587a,,FREEAGENT,EXECUTED,14,0,DROP,2573401.0,Tyler Higbee,14.0,0.0,2023-09-21
2023,3,ae5b8d40-1dac-467d-abae-5078a95990a9,,WAIVER,PENDING,10,41,ADD,4372019.0,Jerome Ford,0.0,10.0,2023-09-19
2023,3,ae5b8d40-1dac-467d-abae-5078a95990a9,,WAIVER,PENDING,10,41,DROP,3125116.0,D'Onta Foreman,10.0,0.0,2023-09-19
2023,3,3a97dc18-115b-4a42-89b6-398649bbf5b1,44063d94-ef3d-414c-80cb-40d50abd272f,WAIVER,FAILED_INVALIDPLAYERSOURCE,12,40,ADD,4372019.0,Jerome Ford,0.0,12.0,2023-09-20
2023,3,3a97dc18-115b-4a42-89b6-398649bbf5b1,44063d94-ef3d-414c-80cb-40d50abd272f,WAIVER,FAILED_INVALIDPLAYERSOURCE,12,40,DROP,3051738.0,Marquez Valdes-Scantling,12.0,0.0,2023-09-20
2023,3,014b319d-cceb-4352-9c8a-6f0a435f4a18,0f7f31e5-75d3-4942-9fb6-0e2ee861a60d,TRADE_DECLINE,EXECUTED,14,0,,,,,,2023-09-19
2023,3,50eeb823-ea0e-4f64-9872-70da5c3e1056,f8ef8de5-ba74-4341-8ce7-76e803215a10,WAIVER,EXECUTED,1,7,ADD,3049916.0,Matt Breida,0.0,1.0,2023-09-20
2023,3,50eeb823-ea0e-4f64-9872-70da5c3e1056,f8ef8de5-ba74-4341-8ce7-76e803215a10,WAIVER,EXECUTED,1,7,DROP,4360939.0,Rashod Bateman,1.0,0.0,2023-09-20
2023,3,574fcc2d-0af0-4cd7-9f69-b063f95cfe6b,,ROSTER,EXECUTED,5,0,DROP,4258195.0,Donovan Peoples-Jones,5.0,0.0,2023-09-19
2023,3,2b54f95d-a451-4832-811a-3cf8d6bbe942,,FREEAGENT,EXECUTED,3,0,ADD,2468609.0,Taysom Hill,0.0,3.0,2023-09-23
2023,3,c9c355c5-b5bb-4fcb-abf8-dbb3f7921fba,e54b8a36-28eb-49b9-a78f-45730a14e049,WAIVER,FAILED_INVALIDPLAYERSOURCE,7,6,ADD,3115306.0,Josh Reynolds,0.0,7.0,2023-09-20
2023,3,c9c355c5-b5bb-4fcb-abf8-dbb3f7921fba,e54b8a36-28eb-49b9-a78f-45730a14e049,WAIVER,FAILED_INVALIDPLAYERSOURCE,7,6,DROP,4361432.0,Romeo Doubs,7.0,0.0,2023-09-20
2023,3,8b5cb235-cb74-4754-b083-46c86afc9f6a,2178f0f0-1d39-4ffb-984e-76f1331940ac,WAIVER,FAILED_INVALIDPLAYERSOURCE,14,40,ADD,4372019.0,Jerome Ford,0.0,14.0,2023-09-20
2023,3,8b5cb235-cb74-4754-b083-46c86afc9f6a,2178f0f0-1d39-4ffb-984e-76f1331940ac,WAIVER,FAILED_INVALIDPLAYERSOURCE,14,40,DROP,2573401.0,Tyler Higbee,14.0,0.0,2023-09-20
2023,3,dab4961a-4607-40e2-a4fc-33c946fef77d,,ROSTER,EXECUTED,6,5,DROP,3139925.0,Rashaad Penny,6.0,0.0,2023-09-19
2023,3,5bf2cdf7-5d61-421a-8a6f-c4b4725fb742,,FREEAGENT,EXECUTED,13,0,ADD,4242355.0,Jake Ferguson,0.0,13.0,2023-09-20
2023,3,5bf2cdf7-5d61-421a-8a6f-c4b4725fb742,,FREEAGENT,EXECUTED,13,0,DROP,4385690.0,Dalton Kincaid,13.0,0.0,2023-09-20
2023,3,ba8603ea-2892-4674-9633-e925e74efe53,9b797ebf-7436-4b07-96f7-6065e2a10102,WAIVER,EXECUTED,4,8,ADD,3115306.0,Josh Reynolds,0.0,4.0,2023-09-20
2023,3,ba8603ea-2892-4674-9633-e925e74efe53,9b797ebf-7436-4b07-96f7-6065e2a10102,WAIVER,EXECUTED,4,8,DROP,3128390.0,Allen Lazard,4.0,0.0,2023-09-20
2023,3,38e8859e-f389-467a-85ca-09002babe31b,,FREEAGENT,EXECUTED,7,0,ADD,4032473.0,Rashid Shaheed,0.0,7.0,2023-09-23
2023,3,2e737037-1849-43e0-ae05-2886ea48cc5c,,FREEAGENT,EXECUTED,5,0,ADD,4046676.0,Tony Jones Jr.,0.0,5.0,2023-09-20
2023,3,9a244d84-e346-4a50-9172-0cfa5a740533,,ROSTER,EXECUTED,3,0,DROP,3128720.0,Nick Chubb,3.0,0.0,2023-09-19
2023,3,b21ab7ee-42a2-41a3-8656-3e1d38c7f3f9,,FREEAGENT,EXECUTED,14,0,ADD,2576623.0,DeVante Parker,0.0,14.0,2023-09-20
2023,3,b21ab7ee-42a2-41a3-8656-3e1d38c7f3f9,,FREEAGENT,EXECUTED,14,0,DROP,4032473.0,Rashid Shaheed,14.0,0.0,2023-09-20
2023,3,3af082b5-4f78-4ac9-b6d1-53f738e7eeda,524661d5-5a1e-4cb3-b7cc-2d8aa4946664,WAIVER,FAILED_INVALIDPLAYERSOURCE,14,5,ADD,3115306.0,Josh Reynolds,0.0,14.0,2023-09-20
2023,3,3af082b5-4f78-4ac9-b6d1-53f738e7eeda,524661d5-5a1e-4cb3-b7cc-2d8aa4946664,WAIVER,FAILED_INVALIDPLAYERSOURCE,14,5,DROP,4032473.0,Rashid Shaheed,14.0,0.0,2023-09-20
2023,3,e3b5e1e3-4cf8-45b7-9439-8809823bff5c,,ROSTER,EXECUTED,12,0,DROP,4240455.0,Deon Jackson,12.0,0.0,2023-09-19
2023,3,0e40bd89-b3c3-4d31-b3b7-74764febac7f,8f34eac4-15ed-4a6d-8650-ab61f1f8ee38,WAIVER,FAILED_INVALIDPLAYERSOURCE,3,5,ADD,3049916.0,Matt Breida,0.0,3.0,2023-09-20
2023,3,2d9cf0e8-5f86-4c86-bfe0-7d9bfcb2320b,53b0728a-906f-4bbd-b08f-486f90a68631,WAIVER,EXECUTED,1,1,ADD,3046779.0,Jared Goff,0.0,1.0,2023-09-20
2023,3,2d9cf0e8-5f86-4c86-bfe0-7d9bfcb2320b,53b0728a-906f-4bbd-b08f-486f90a68631,WAIVER,EXECUTED,1,1,DROP,4361411.0,Pat Freiermuth,1.0,0.0,2023-09-20
2023,3,284edc6c-87ea-4a25-918f-f5b7025d54ea,,FREEAGENT,EXECUTED,2,0,ADD,3924365.0,Hayden Hurst,0.0,2.0,2023-09-21
2023,3,284edc6c-87ea-4a25-918f-f5b7025d54ea,,FREEAGENT,EXECUTED,2,0,DROP,3123076.0,David Njoku,2.0,0.0,2023-09-21
2023,4,238fea1b-1858-40fa-8807-fbcb7ed2c5a4,753f18a5-e23d-4568-91f7-d09f253f80ae,WAIVER,EXECUTED,14,1,ADD,-16026.0,Seahawks D/ST,0.0,14.0,2023-09-27
2023,4,238fea1b-1858-40fa-8807-fbcb7ed2c5a4,753f18a5-e23d-4568-91f7-d09f253f80ae,WAIVER,EXECUTED,14,1,DROP,-16033.0,Ravens D/ST,14.0,0.0,2023-09-27
2023,4,8524dda2-cc6f-4610-b066-d069e0dd365f,,FREEAGENT,EXECUTED,6,0,ADD,14881.0,Russell Wilson,0.0,6.0,2023-09-28
2023,4,e59063c0-e6f1-4551-9eb9-2fa1b3a6f84d,,FREEAGENT,EXECUTED,5,0,ADD,4432577.0,C.J. Stroud,0.0,5.0,2023-09-30
2023,4,e59063c0-e6f1-4551-9eb9-2fa1b3a6f84d,,FREEAGENT,EXECUTED,5,0,DROP,2573401.0,Tyler Higbee,5.0,0.0,2023-09-30
2023,4,887612e3-9be0-4a9a-82b8-c41f45890b52,2bf42c81-2274-490e-93f4-8c19895e4c3d,WAIVER,EXECUTED,12,18,ADD,4361432.0,Romeo Doubs,0.0,12.0,2023-09-27
2023,4,887612e3-9be0-4a9a-82b8-c41f45890b52,2bf42c81-2274-490e-93f4-8c19895e4c3d,WAIVER,EXECUTED,12,18,DROP,4421446.0,Craig Reynolds,12.0,0.0,2023-09-27
2023,4,ddae22cf-18cc-444c-b245-d87e896ca12d,,FREEAGENT,EXECUTED,5,0,ADD,2573401.0,Tyler Higbee,0.0,5.0,2023-09-27
2023,4,ddae22cf-18cc-444c-b245-d87e896ca12d,,FREEAGENT,EXECUTED,5,0,DROP,4046676.0,Tony Jones Jr.,5.0,0.0,2023-09-27
2023,4,5738ae92-41cf-487b-b27b-db282fe3d1aa,cad2df5c-1741-4e99-b22f-de71a5bddada,TRADE_DECLINE,EXECUTED,14,0,,,,,,2023-09-27
2023,4,ac2195b3-0c46-4348-aef1-08d4f463bddf,,TRADE_PROPOSAL,PENDING,10,0,TRADE,3916148.0,Tony Pollard,5.0,10.0,2023-10-02
2023,4,ac2195b3-0c46-4348-aef1-08d4f463bddf,,TRADE_PROPOSAL,PENDING,10,0,TRADE,4569173.0,Rhamondre Stevenson,10.0,5.0,2023-10-02
2023,4,ac2195b3-0c46-4348-aef1-08d4f463bddf,,TRADE_PROPOSAL,PENDING,10,0,TRADE,15835.0,Zach Ertz,10.0,5.0,2023-10-02
2023,4,626e03b0-af3b-4686-80a7-8c07d3ba566e,,ROSTER,EXECUTED,3,0,DROP,2468609.0,Taysom Hill,3.0,0.0,2023-09-26
2023,4,2aaa58e0-ad63-49cd-b1ef-0cb5fb5c9268,af4544c4-e6a2-4ed7-80ec-4505cb2fe8b1,WAIVER,EXECUTED,4,2,ADD,-16004.0,Bengals D/ST,0.0,4.0,2023-09-27
2023,4,2aaa58e0-ad63-49cd-b1ef-0cb5fb5c9268,af4544c4-e6a2-4ed7-80ec-4505cb2fe8b1,WAIVER,EXECUTED,4,2,DROP,-16017.0,Patriots D/ST,4.0,0.0,2023-09-27
2023,4,47ba9500-2993-46d4-ad8c-c6e98e05db31,02bcf85c-c7fb-49c4-8713-519a6d07bee0,TRADE_DECLINE,EXECUTED,3,0,,,,,,2023-09-27
2023,4,32adf8fe-0784-4cbf-a4d9-0c4fe476d1a1,24c6f85a-d96f-441e-af92-d385b191e24e,TRADE_DECLINE,EXECUTED,4,0,,,,,,2023-10-01
2023,4,87deccda-d4ad-4d87-86e5-205d527489d2,f8da8487-4166-4418-9072-143807dd239d,WAIVER,FAILED_INVALIDPLAYERSOURCE,12,15,ADD,4242433.0,Joshua Palmer,0.0,12.0,2023-09-27
2023,4,87deccda-d4ad-4d87-86e5-205d527489d2,f8da8487-4166-4418-9072-143807dd239d,WAIVER,FAILED_INVALIDPLAYERSOURCE,12,15,DROP,4241416.0,Chuba Hubbard,12.0,0.0,2023-09-27
2023,4,3234d8f9-d7ad-40e9-b71e-ee518d2fc8db,889df238-96e2-40c0-ad28-48f7433c4534,WAIVER,FAILED_INVALIDPLAYERSOURCE,4,15,ADD,4429160.0,De'Von Achane,0.0,4.0,2023-09-27
2023,4,3234d8f9-d7ad-40e9-b71e-ee518d2fc8db,889df238-96e2-40c0-ad28-48f7433c4534,WAIVER,FAILED_INVALIDPLAYERSOURCE,4,15,DROP,3123075.0,Braxton Berrios,4.0,0.0,2023-09-27
2023,4,b4871682-c0fb-40c6-898b-d75e8dbfbc71,,FREEAGENT,EXECUTED,14,0,ADD,4361411.0,Pat Freiermuth,0.0,14.0,2023-09-27
2023,4,b4871682-c0fb-40c6-898b-d75e8dbfbc71,,FREEAGENT,EXECUTED,14,0,DROP,4258595.0,Cole Kmet,14.0,0.0,2023-09-27
2023,4,5610b394-e3b8-41d3-8faa-4c99dfcad932,6eef5b13-7595-40b5-969f-1cede3206d02,WAIVER,EXECUTED,13,61,ADD,4429160.0,De'Von Achane,0.0,13.0,2023-09-27
2023,4,5610b394-e3b8-41d3-8faa-4c99dfcad932,6eef5b13-7595-40b5-969f-1cede3206d02,WAIVER,EXECUTED,13,61,DROP,4429013.0,Tank Bigsby,13.0,0.0,2023-09-27
2023,4,f4aba894-c953-494c-8068-2670c717c690,,FREEAGENT,EXECUTED,3,0,ADD,3045144.0,Tyler Boyd,0.0,3.0,2023-09-27
2023,4,24c6f85a-d96f-441e-af92-d385b191e24e,,TRADE_PROPOSAL,PENDING,10,0,TRADE,4599739.0,Kendre Miller,10.0,4.0,2023-10-01
2023,4,24c6f85a-d96f-441e-af92-d385b191e24e,,TRADE_PROPOSAL,PENDING,10,0,TRADE,3051392.0,Ezekiel Elliott,4.0,10.0,2023-10-01
2023,4,92bd97ba-6a55-46d2-9922-fd7f5150f4d7,7af50dc1-5511-46b5-8616-a8f9f0bc0d19,WAIVER,FAILED_INVALIDPLAYERSOURCE,7,7,ADD,4361432.0,Romeo Doubs,0.0,7.0,2023-09-27
2023,4,92bd97ba-6a55-46d2-9922-fd7f5150f4d7,7af50dc1-5511-46b5-8616-a8f9f0bc0d19,WAIVER,FAILED_INVALIDPLAYERSOURCE,7,7,DROP,3116389.0,Samaje Perine,7.0,0.0,2023-09-27
2023,4,425341f9-2951-408a-a228-0bcc0008cda3,96319a1b-9119-4f64-b628-997e89dd9d90,WAIVER,FAILED_INVALIDPLAYERSOURCE,7,33,ADD,4429160.0,De'Von Achane,0.0,7.0,2023-09-27
2023,4,425341f9-2951-408a-a228-0bcc0008cda3,96319a1b-9119-4f64-b628-997e89dd9d90,WAIVER,FAILED_INVALIDPLAYERSOURCE,7,33,DROP,3116389.0,Samaje Perine,7.0,0.0,2023-09-27
2023,4,ecbb61cf-74bc-4ceb-a8e2-0a614976ba6e,ac2195b3-0c46-4348-aef1-08d4f463bddf,TRADE_PROPOSAL,CANCELED,10,0,TRADE,3916148.0,Tony Pollard,5.0,10.0,2023-10-03
2023,4,ecbb61cf-74bc-4ceb-a8e2-0a614976ba6e,ac2195b3-0c46-4348-aef1-08d4f463bddf,TRADE_PROPOSAL,CANCELED,10,0,TRADE,4569173.0,Rhamondre Stevenson,10.0,5.0,2023-10-03
2023,4,ecbb61cf-74bc-4ceb-a8e2-0a614976ba6e,ac2195b3-0c46-4348-aef1-08d4f463bddf,TRADE_PROPOSAL,CANCELED,10,0,TRADE,15835.0,Zach Ertz,10.0,5.0,2023-10-03
2023,4,486e2e50-4d7c-4601-a9dd-281f26bc851e,0aece754-1a0b-4c58-99c4-af7ae39cc648,WAIVER,FAILED_INVALIDPLAYERSOURCE,14,5,ADD,4242433.0,Joshua Palmer,0.0,14.0,2023-09-27
2023,4,486e2e50-4d7c-4601-a9dd-281f26bc851e,0aece754-1a0b-4c58-99c4-af7ae39cc648,WAIVER,FAILED_INVALIDPLAYERSOURCE,14,5,DROP,2576623.0,DeVante Parker,14.0,0.0,2023-09-27
2023,4,cfc20411-df48-4a3b-bc1f-8073ba51e5a7,26615c2c-1356-4e92-8b52-07337660ee6e,WAIVER,CANCELED,7,0,ADD,4361432.0,Romeo Doubs,0.0,7.0,2023-09-27
2023,4,cfc20411-df48-4a3b-bc1f-8073ba51e5a7,26615c2c-1356-4e92-8b52-07337660ee6e,WAIVER,CANCELED,7,0,DROP,4032473.0,Rashid Shaheed,7.0,0.0,2023-09-27
2023,4,c3aee5e7-055f-437f-b44d-fe86264b5344,,FREEAGENT,EXECUTED,5,0,ADD,4686472.0,Marvin Mims Jr.,0.0,5.0,2023-09-27
2023,4,c3aee5e7-055f-437f-b44d-fe86264b5344,,FREEAGENT,EXECUTED,5,0,DROP,3045523.0,Kendrick Bourne,5.0,0.0,2023-09-27
2023,4,aeeed2b8-8809-4f04-88e8-948c85db18ca,,WAIVER,PENDING,10,50,ADD,4429160.0,De'Von Achane,0.0,10.0,2023-09-27
2023,4,aeeed2b8-8809-4f04-88e8-948c85db18ca,,WAIVER,PENDING,10,50,DROP,4360294.0,Antonio Gibson,10.0,0.0,2023-09-27
2023,4,39edb2eb-ea9e-42a9-bef1-b3bd5a12fa46,6f643888-0ddd-40a9-b0cd-a32fa972f364,WAIVER,EXECUTED,7,21,ADD,4242433.0,Joshua Palmer,0.0,7.0,2023-09-27
2023,4,39edb2eb-ea9e-42a9-bef1-b3bd5a12fa46,6f643888-0ddd-40a9-b0cd-a32fa972f364,WAIVER,EXECUTED,7,21,DROP,4032473.0,Rashid Shaheed,7.0,0.0,2023-09-27
2023,4,9874aa0c-51c9-4b9d-a0af-ffd25f2db249,94d94796-b4bf-4968-b216-35a2828fa142,WAIVER,FAILED_INVALIDPLAYERSOURCE,3,5,ADD,4361432.0,Romeo Doubs,0.0,3.0,2023-09-27
2023,4,43c36a7b-0389-4707-a939-0a7be86eeb60,bdb7e4ea-32fe-46fb-b90f-3ecb305b0ecb,TRADE_DECLINE,EXECUTED,5,0,,,,,,2023-09-28
2023,4,661e0967-cf02-47d4-8b9c-c952b97595de,059d7307-8b77-4f8f-ab83-f740d72e700e,WAIVER,CANCELED,12,0,ADD,4429160.0,De'Von Achane,0.0,12.0,2023-09-26
2023,4,661e0967-cf02-47d4-8b9c-c952b97595de,059d7307-8b77-4f8f-ab83-f740d72e700e,WAIVER,CANCELED,12,0,DROP,4421446.0,Craig Reynolds,12.0,0.0,2023-09-26
2023,4,0a0f4801-63a2-426a-8999-f57382c8b3d1,f613b4cc-99e8-4ce8-8061-412496b2f2b2,WAIVER,CANCELED,7,0,ADD,4429160.0,De'Von Achane,0.0,7.0,2023-09-27
2023,4,0a0f4801-63a2-426a-8999-f57382c8b3d1,f613b4cc-99e8-4ce8-8061-412496b2f2b2,WAIVER,CANCELED,7,0,DROP,4032473.0,Rashid Shaheed,7.0,0.0,2023-09-27
2023,4,e98090f7-25e6-4671-8bb7-c2af842904ee,,FREEAGENT,EXECUTED,14,0,ADD,4688813.0,Josh Downs,0.0,14.0,2023-09-27
2023,4,e98090f7-25e6-4671-8bb7-c2af842904ee,,FREEAGENT,EXECUTED,14,0,DROP,2576623.0,DeVante Parker,14.0,0.0,2023-09-27
2023,4,b611e02e-7126-4f82-adb5-4037d0a25c6b,a88c9603-8c2e-4754-aab5-7b39821b6ba2,TRADE_DECLINE,EXECUTED,3,0,,,,,,2023-09-27
2023,4,149b5e7d-2135-4e28-8a39-a9dde733f1f3,619372a1-072f-4e6a-b8d3-a48fd88e648d,WAIVER,FAILED_INVALIDPLAYERSOURCE,12,40,ADD,4429160.0,De'Von Achane,0.0,12.0,2023-09-27
2023,4,149b5e7d-2135-4e28-8a39-a9dde733f1f3,619372a1-072f-4e6a-b8d3-a48fd88e648d,WAIVER,FAILED_INVALIDPLAYERSOURCE,12,40,DROP,4426385.0,Zach Charbonnet,12.0,0.0,2023-09-27
2023,4,b0826583-8ffa-4fda-a448-0efba5e86db5,ddb26e18-d5b4-45aa-94fe-be5efa7d4d09,TRADE_DECLINE,EXECUTED,5,0,,,,,,2023-09-29
2023,4,da2cb417-5da7-444f-ad65-4658762aac9b,d508d18e-91bd-44b2-bf29-e193da7fe7df,WAIVER,FAILED_INVALIDPLAYERSOURCE,1,8,ADD,4242433.0,Joshua Palmer,0.0,1.0,2023-09-27
2023,4,da2cb417-5da7-444f-ad65-4658762aac9b,d508d18e-91bd-44b2-bf29-e193da7fe7df,WAIVER,FAILED_INVALIDPLAYERSOURCE,1,8,DROP,3046779.0,Jared Goff,1.0,0.0,2023-09-27
2023,4,8ff089a5-0d4a-438e-bc43-e9d11088744e,,ROSTER,EXECUTED,3,0,DROP,3117256.0,Dalton Schultz,3.0,0.0,2023-09-26
2023,4,63c981a0-7d38-4ad2-80a8-150c35ef618b,818fb744-5af9-4b4b-b9ec-90acf519c413,WAIVER,EXECUTED,6,5,ADD,3045523.0,Kendrick Bourne,0.0,6.0,2023-09-29
2023,4,63c981a0-7d38-4ad2-80a8-150c35ef618b,818fb744-5af9-4b4b-b9ec-90acf519c413,WAIVER,EXECUTED,6,5,DROP,2577417.0,Dak Prescott,6.0,0.0,2023-09-29
2023,4,7c4e4c0c-c628-4c1d-b8e1-4d923ffc4033,24c6f85a-d96f-441e-af92-d385b191e24e,TRADE_PROPOSAL,CANCELED,10,0,TRADE,4599739.0,Kendre Miller,10.0,4.0,2023-10-01
2023,4,7c4e4c0c-c628-4c1d-b8e1-4d923ffc4033,24c6f85a-d96f-441e-af92-d385b191e24e,TRADE_PROPOSAL,CANCELED,10,0,TRADE,3051392.0,Ezekiel Elliott,4.0,10.0,2023-10-01
2023,4,a90afe1b-670b-43c5-9939-d4d8191ba881,,FREEAGENT,EXECUTED,3,0,ADD,3916566.0,K.J. Osborn,0.0,3.0,2023-09-29
2023,4,333777fb-2c1d-461d-80c2-48e070bb01b8,,WAIVER,PENDING,10,1,ADD,-16033.0,Ravens D/ST,0.0,10.0,2023-09-27
2023,4,333777fb-2c1d-461d-80c2-48e070bb01b8,,WAIVER,PENDING,10,1,DROP,-16020.0,Jets D/ST,10.0,0.0,2023-09-27
2023,4,715e00fe-63a1-453b-90f3-d72b8678e872,333777fb-2c1d-461d-80c2-48e070bb01b8,WAIVER,EXECUTED,10,1,ADD,-16033.0,Ravens D/ST,0.0,10.0,2023-09-28
2023,4,715e00fe-63a1-453b-90f3-d72b8678e872,333777fb-2c1d-461d-80c2-48e070bb01b8,WAIVER,EXECUTED,10,1,DROP,-16020.0,Jets D/ST,10.0,0.0,2023-09-28
2023,4,2d264bc8-7470-4613-aa15-695d3e630dd4,b11b3728-8bda-4d51-8741-9eca9dfbcc86,WAIVER,CANCELED,12,0,ADD,4361432.0,Romeo Doubs,0.0,12.0,2023-09-26
2023,4,2d264bc8-7470-4613-aa15-695d3e630dd4,b11b3728-8bda-4d51-8741-9eca9dfbcc86,WAIVER,CANCELED,12,0,DROP,4426385.0,Zach Charbonnet,12.0,0.0,2023-09-26
2023,4,4dbe10c2-fcca-4bdd-af5c-23cb78b8aa56,a4505048-ea9c-47e3-a2dc-3d605b6e040f,WAIVER,CANCELED,7,0,ADD,4242433.0,Joshua Palmer,0.0,7.0,2023-09-27
2023,4,4dbe10c2-fcca-4bdd-af5c-23cb78b8aa56,a4505048-ea9c-47e3-a2dc-3d605b6e040f,WAIVER,CANCELED,7,0,DROP,4032473.0,Rashid Shaheed,7.0,0.0,2023-09-27
2023,4,001b0d15-cd67-464e-bf5c-aebe6dffd5a4,2222dfe0-57ad-4c9e-a5e3-423fda7c0a6e,WAIVER,FAILED_INVALIDPLAYERSOURCE,3,5,ADD,4242433.0,Joshua Palmer,0.0,3.0,2023-09-27
2023,4,04a29044-e0b4-449b-ab13-93d9d1b4bf6c,bc2dba11-b56f-4973-a8f7-8065d91649ed,WAIVER,FAILED_INVALIDPLAYERSOURCE,8,22,ADD,4429160.0,De'Von Achane,0.0,8.0,2023-09-27
2023,4,04a29044-e0b4-449b-ab13-93d9d1b4bf6c,bc2dba11-b56f-4973-a8f7-8065d91649ed,WAIVER,FAILED_INVALIDPLAYERSOURCE,8,22,DROP,4240600.0,Kadarius Toney,8.0,0.0,2023-09-27
2023,4,d362f212-c8f7-4365-b2e6-065e083fec94,aeeed2b8-8809-4f04-88e8-948c85db18ca,WAIVER,FAILED_INVALIDPLAYERSOURCE,10,50,ADD,4429160.0,De'Von Achane,0.0,10.0,2023-09-27
2023,4,d362f212-c8f7-4365-b2e6-065e083fec94,aeeed2b8-8809-4f04-88e8-948c85db18ca,WAIVER,FAILED_INVALIDPLAYERSOURCE,10,50,DROP,4360294.0,Antonio Gibson,10.0,0.0,2023-09-27
2023,5,59f619e9-79b5-4bdd-beff-08d55eeeafba,,WAIVER,PENDING,10,1,ADD,3122976.0,Jeff Wilson Jr.,0.0,10.0,2023-10-04
2023,5,59f619e9-79b5-4bdd-beff-08d55eeeafba,,WAIVER,PENDING,10,1,DROP,4599739.0,Kendre Miller,10.0,0.0,2023-10-04
2023,5,e6ec480d-b095-45ae-b97b-439728b1548f,,FREEAGENT,EXECUTED,10,0,ADD,4428331.0,Rashee Rice,0.0,10.0,2023-10-05
2023,5,e6ec480d-b095-45ae-b97b-439728b1548f,,FREEAGENT,EXECUTED,10,0,DROP,3122976.0,Jeff Wilson Jr.,10.0,0.0,2023-10-05
2023,5,bb1dc63b-3447-4a67-8ef5-b7955c803cbe,,FREEAGENT,EXECUTED,14,0,ADD,-16034.0,Texans D/ST,0.0,14.0,2023-10-04
2023,5,bb1dc63b-3447-4a67-8ef5-b7955c803cbe,,FREEAGENT,EXECUTED,14,0,DROP,-16026.0,Seahawks D/ST,14.0,0.0,2023-10-04
2023,5,e48afb94-acb8-4931-80cc-a0930b77d96e,01574dad-f9b3-4495-bca3-499cf5504b5a,WAIVER,FAILED_PLAYERALREADYDROPPED,12,7,ADD,4360761.0,Michael Wilson,0.0,12.0,2023-10-04
2023,5,e48afb94-acb8-4931-80cc-a0930b77d96e,01574dad-f9b3-4495-bca3-499cf5504b5a,WAIVER,FAILED_PLAYERALREADYDROPPED,12,7,DROP,4241416.0,Chuba Hubbard,12.0,0.0,2023-10-04
2023,5,ce5dc78b-4c1b-46b8-9489-46bea9f7cd44,,FREEAGENT,EXECUTED,13,0,ADD,4596334.0,Keaton Mitchell,0.0,13.0,2023-10-04
2023,5,ce5dc78b-4c1b-46b8-9489-46bea9f7cd44,,FREEAGENT,EXECUTED,13,0,DROP,3122840.0,Deshaun Watson,13.0,0.0,2023-10-04
2023,5,31cdfeb3-d0c3-43e0-a5ce-8c80e9a90f2a,,FREEAGENT,EXECUTED,14,0,ADD,3135321.0,Hunter Renfrow,0.0,14.0,2023-10-09
2023,5,f6af30ce-a260-4a5f-a007-883cbf901b07,09e799e7-d001-4ae8-a1c2-d4d1a54e1764,TRADE_DECLINE,EXECUTED,1,0,,,,,,2023-10-03
2023,5,7a590a9e-95bf-426e-a662-ad36bcac9368,,FREEAGENT,EXECUTED,6,0,ADD,-16017.0,Patriots D/ST,0.0,6.0,2023-10-08
2023,5,7a590a9e-95bf-426e-a662-ad36bcac9368,,FREEAGENT,EXECUTED,6,0,DROP,4239934.0,AJ Dillon,6.0,0.0,2023-10-08
2023,5,89ae3052-133e-47c8-9e7f-a99be5716121,a1de9ab9-d51e-432b-9318-62900481087c,TRADE_DECLINE,EXECUTED,3,0,,,,,,2023-10-03
2023,5,c0600ce1-a543-406a-91b8-050c49ef3784,59f619e9-79b5-4bdd-beff-08d55eeeafba,WAIVER,EXECUTED,10,1,ADD,3122976.0,Jeff Wilson Jr.,0.0,10.0,2023-10-04
2023,5,c0600ce1-a543-406a-91b8-050c49ef3784,59f619e9-79b5-4bdd-beff-08d55eeeafba,WAIVER,EXECUTED,10,1,DROP,4599739.0,Kendre Miller,10.0,0.0,2023-10-04
2023,5,c9eaa65d-1a07-458b-baf0-f47b8d0f570a,,FREEAGENT,EXECUTED,8,0,ADD,-16028.0,Commanders D/ST,0.0,8.0,2023-10-04
2023,5,c9eaa65d-1a07-458b-baf0-f47b8d0f570a,,FREEAGENT,EXECUTED,8,0,DROP,-16023.0,Steelers D/ST,8.0,0.0,2023-10-04
2023,5,e0bf9f2c-c461-4f9d-a1ab-c72d9efa4010,,FREEAGENT,EXECUTED,13,0,ADD,4243003.0,Ronnie Rivers,0.0,13.0,2023-10-04
2023,5,78c97449-d108-462f-b57d-b6d47d8da438,9110ce19-9a8f-472c-98c5-0aea325d0a02,WAIVER,EXECUTED,3,6,ADD,4258595.0,Cole Kmet,0.0,3.0,2023-10-04
2023,5,78c97449-d108-462f-b57d-b6d47d8da438,9110ce19-9a8f-472c-98c5-0aea325d0a02,WAIVER,EXECUTED,3,6,DROP,3120348.0,JuJu Smith-Schuster,3.0,0.0,2023-10-04
2023,5,7bcab61a-5901-4d97-8b1d-7b02e1b175cd,,FREEAGENT,EXECUTED,2,0,ADD,2573401.0,Tyler Higbee,0.0,2.0,2023-10-04
2023,5,7bcab61a-5901-4d97-8b1d-7b02e1b175cd,,FREEAGENT,EXECUTED,2,0,DROP,3924365.0,Hayden Hurst,2.0,0.0,2023-10-04
2023,5,25b15aab-34a7-47c6-b0dd-d4dc9bc94cea,0b2b59ca-96fa-44af-baee-18aa98f19ed1,WAIVER,FAILED_INVALIDPLAYERSOURCE,14,1,ADD,-16008.0,Lions D/ST,0.0,14.0,2023-10-04
2023,5,25b15aab-34a7-47c6-b0dd-d4dc9bc94cea,0b2b59ca-96fa-44af-baee-18aa98f19ed1,WAIVER,FAILED_INVALIDPLAYERSOURCE,14,1,DROP,-16026.0,Seahawks D/ST,14.0,0.0,2023-10-04
2023,5,90abb617-4db3-4119-bba2-3ad04e60b50a,,FREEAGENT,EXECUTED,5,0,ADD,4385690.0,Dalton Kincaid,0.0,5.0,2023-10-07
2023,5,2ae0c05b-c0cd-454f-aa85-ac87b0916b66,86834ccd-8bf5-454f-8bd3-a1f0d1ba923d,WAIVER,FAILED_INVALIDPLAYERSOURCE,2,5,ADD,4258595.0,Cole Kmet,0.0,2.0,2023-10-04
2023,5,2ae0c05b-c0cd-454f-aa85-ac87b0916b66,86834ccd-8bf5-454f-8bd3-a1f0d1ba923d,WAIVER,FAILED_INVALIDPLAYERSOURCE,2,5,DROP,3924365.0,Hayden Hurst,2.0,0.0,2023-10-04
2023,5,d7791bdf-8a24-4656-a6c2-3dafd80c9474,ac2195b3-0c46-4348-aef1-08d4f463bddf,TRADE_DECLINE,EXECUTED,5,0,,,,,,2023-10-03
2023,5,c3d3f5ee-ee0b-42d6-adc3-e0faa8d581a1,d53aea84-6447-4d2c-ad5f-2ee499e39c59,WAIVER,FAILED_INVALIDPLAYERSOURCE,14,3,ADD,4258595.0,Cole Kmet,0.0,14.0,2023-10-04
2023,5,c3d3f5ee-ee0b-42d6-adc3-e0faa8d581a1,d53aea84-6447-4d2c-ad5f-2ee499e39c59,WAIVER,FAILED_INVALIDPLAYERSOURCE,14,3,DROP,4361411.0,Pat Freiermuth,14.0,0.0,2023-10-04
2023,5,75e8c778-1dd5-4443-831b-545ef9ddf98b,8ee97a68-97b6-40d8-b76a-425de8d3ed23,WAIVER,EXECUTED,14,3,ADD,4360761.0,Michael Wilson,0.0,14.0,2023-10-04
2023,5,75e8c778-1dd5-4443-831b-545ef9ddf98b,8ee97a68-97b6-40d8-b76a-425de8d3ed23,WAIVER,EXECUTED,14,3,DROP,4688813.0,Josh Downs,14.0,0.0,2023-10-04
2023,5,b0d4ae08-12ec-4fcd-89e4-6a9ff2f9b91d,84e784de-3225-4e1f-8802-191bfcbad5ee,WAIVER,FAILED_INVALIDPLAYERSOURCE,8,1,ADD,-16008.0,Lions D/ST,0.0,8.0,2023-10-04
2023,5,b0d4ae08-12ec-4fcd-89e4-6a9ff2f9b91d,84e784de-3225-4e1f-8802-191bfcbad5ee,WAIVER,FAILED_INVALIDPLAYERSOURCE,8,1,DROP,-16023.0,Steelers D/ST,8.0,0.0,2023-10-04
2023,5,c8b19ee6-608e-4f2a-b26c-869fc5632ca6,ff1c86b3-d415-4ee1-8f8e-3dbc91bd362b,TRADE_DECLINE,EXECUTED,5,0,,,,,,2023-10-05
2023,5,80c4ad5e-fe0d-4366-8132-72c7cef91d55,cba2c020-1a1b-40ca-ba98-65bdf1d4d10b,WAIVER,FAILED_INVALIDPLAYERSOURCE,3,5,ADD,4722893.0,Jaleel McLaughlin,0.0,3.0,2023-10-04
2023,5,80c4ad5e-fe0d-4366-8132-72c7cef91d55,cba2c020-1a1b-40ca-ba98-65bdf1d4d10b,WAIVER,FAILED_INVALIDPLAYERSOURCE,3,5,DROP,3916566.0,K.J. Osborn,3.0,0.0,2023-10-04
2023,5,cd6c4cf9-7a73-4b12-8c36-2fbee9b0df07,,FREEAGENT,EXECUTED,12,0,ADD,4426875.0,Sam Howell,0.0,12.0,2023-10-04
2023,5,cd6c4cf9-7a73-4b12-8c36-2fbee9b0df07,,FREEAGENT,EXECUTED,12,0,DROP,4426385.0,Zach Charbonnet,12.0,0.0,2023-10-04
2023,5,35d77e81-be15-428d-9114-fb5365a8a9fa,ac44406c-6b98-4415-bc9c-26b0081d78bf,WAIVER,FAILED_INVALIDPLAYERSOURCE,5,2,ADD,4426388.0,Jameson Williams,0.0,5.0,2023-10-04
2023,5,35d77e81-be15-428d-9114-fb5365a8a9fa,ac44406c-6b98-4415-bc9c-26b0081d78bf,WAIVER,FAILED_INVALIDPLAYERSOURCE,5,2,DROP,4241555.0,Elijah Mitchell,5.0,0.0,2023-10-04
2023,5,f59aae95-5ea6-4bc0-93ee-4f0226931826,e60cba4c-42ef-4685-bfd3-3bb581ac4dbd,WAIVER,EXECUTED,8,26,ADD,4426388.0,Jameson Williams,0.0,8.0,2023-10-04
2023,5,f59aae95-5ea6-4bc0-93ee-4f0226931826,e60cba4c-42ef-4685-bfd3-3bb581ac4dbd,WAIVER,EXECUTED,8,26,DROP,4240600.0,Kadarius Toney,8.0,0.0,2023-10-04
2023,5,9d4fb0e3-18a6-4009-b4d3-a2ed8a9c714b,879de748-49f1-4d6e-8c95-303fb3fec9fa,WAIVER,EXECUTED,14,1,ADD,4569587.0,Wan'Dale Robinson,0.0,14.0,2023-10-04
2023,5,9d4fb0e3-18a6-4009-b4d3-a2ed8a9c714b,879de748-49f1-4d6e-8c95-303fb3fec9fa,WAIVER,EXECUTED,14,1,DROP,15880.0,Robert Woods,14.0,0.0,2023-10-04
2023,5,e43b46b8-196c-4b99-a30a-7b4b8a7906a4,bfd4b862-4a39-4d9e-b765-57f9fb65f646,WAIVER,EXECUTED,12,1,ADD,-16015.0,Dolphins D/ST,0.0,12.0,2023-10-04
2023,5,e43b46b8-196c-4b99-a30a-7b4b8a7906a4,bfd4b862-4a39-4d9e-b765-57f9fb65f646,WAIVER,EXECUTED,12,1,DROP,-16021.0,Eagles D/ST,12.0,0.0,2023-10-04
2023,5,9cae01db-94e1-45f7-8bbf-074b0c740d9e,574cc8e2-e164-40e3-b867-54726027b939,WAIVER,CANCELED,12,0,ADD,4239934.0,AJ Dillon,0.0,12.0,2023-10-08
2023,5,9cae01db-94e1-45f7-8bbf-074b0c740d9e,574cc8e2-e164-40e3-b867-54726027b939,WAIVER,CANCELED,12,0,DROP,4722893.0,Jaleel McLaughlin,12.0,0.0,2023-10-08
2023,5,9e7161e3-b208-499d-95ce-934c3970fe8a,819b52fb-64ad-4881-b3ce-ce71aae51372,WAIVER,EXECUTED,4,3,ADD,-16008.0,Lions D/ST,0.0,4.0,2023-10-04
2023,5,9e7161e3-b208-499d-95ce-934c3970fe8a,819b52fb-64ad-4881-b3ce-ce71aae51372,WAIVER,EXECUTED,4,3,DROP,-16004.0,Bengals D/ST,4.0,0.0,2023-10-04
2023,5,40035cbe-d729-4442-a866-63b2cbbb7d69,ea2dab0e-c85a-4a86-8c99-949c1285dbdb,WAIVER,FAILED_INVALIDPLAYERSOURCE,7,3,ADD,4258595.0,Cole Kmet,0.0,7.0,2023-10-04
2023,5,40035cbe-d729-4442-a866-63b2cbbb7d69,ea2dab0e-c85a-4a86-8c99-949c1285dbdb,WAIVER,FAILED_INVALIDPLAYERSOURCE,7,3,DROP,3116593.0,Dalvin Cook,7.0,0.0,2023-10-04
2023,5,84956d06-1e57-427f-9c85-d2c793dc8248,d480f958-1a02-414e-b7eb-ba8fdf50f5c6,WAIVER,CANCELED,12,0,ADD,4258595.0,Cole Kmet,0.0,12.0,2023-10-04
2023,5,84956d06-1e57-427f-9c85-d2c793dc8248,d480f958-1a02-414e-b7eb-ba8fdf50f5c6,WAIVER,CANCELED,12,0,DROP,4241416.0,Chuba Hubbard,12.0,0.0,2023-10-04
2023,5,bf52f895-db38-4d30-9e52-7439f789d8d7,7a89ff94-fe1a-4619-b0b2-03850b91dcbd,WAIVER,CANCELED,7,0,ADD,4426388.0,Jameson Williams,0.0,7.0,2023-10-03
2023,5,bf52f895-db38-4d30-9e52-7439f789d8d7,7a89ff94-fe1a-4619-b0b2-03850b91dcbd,WAIVER,CANCELED,7,0,DROP,3116389.0,Samaje Perine,7.0,0.0,2023-10-03
2023,5,f6058b12-f8af-42ce-a8a6-c12fcac0aa77,,ROSTER,EXECUTED,1,0,DROP,3059915.0,Kareem Hunt,1.0,0.0,2023-10-07
2023,5,29b52e68-36f1-4f46-8b6f-4924dfc3bee0,,FREEAGENT,EXECUTED,5,0,ADD,-16011.0,Colts D/ST,0.0,5.0,2023-10-08
2023,5,29b52e68-36f1-4f46-8b6f-4924dfc3bee0,,FREEAGENT,EXECUTED,5,0,DROP,-16012.0,Chiefs D/ST,5.0,0.0,2023-10-08
2023,5,57dbf162-1e56-4477-a4aa-a3f656272de5,fd3a5332-3a23-471b-84ac-96b1c2383317,WAIVER,FAILED_INVALIDPLAYERSOURCE,7,9,ADD,4426388.0,Jameson Williams,0.0,7.0,2023-10-04
2023,5,57dbf162-1e56-4477-a4aa-a3f656272de5,fd3a5332-3a23-471b-84ac-96b1c2383317,WAIVER,FAILED_INVALIDPLAYERSOURCE,7,9,DROP,3116593.0,Dalvin Cook,7.0,0.0,2023-10-04
2023,5,845a376a-f781-4a73-8ae0-6d8665d855b5,e76fd331-73c5-4ea4-82f8-6ecb6305ef41,WAIVER,EXECUTED,12,12,ADD,4722893.0,Jaleel McLaughlin,0.0,12.0,2023-10-04
2023,5,845a376a-f781-4a73-8ae0-6d8665d855b5,e76fd331-73c5-4ea4-82f8-6ecb6305ef41,WAIVER,EXECUTED,12,12,DROP,4241416.0,Chuba Hubbard,12.0,0.0,2023-10-04
2023,5,043cd4a5-f3fd-4e2a-89de-fd2bb8cc9093,,FREEAGENT,EXECUTED,2,0,ADD,15880.0,Robert Woods,0.0,2.0,2023-10-06
2023,5,043cd4a5-f3fd-4e2a-89de-fd2bb8cc9093,,FREEAGENT,EXECUTED,2,0,DROP,4567156.0,Treylon Burks,2.0,0.0,2023-10-06
2023,6,95f69039-8582-4b98-adc9-48667822b16e,,FREEAGENT,EXECUTED,5,0,ADD,4036348.0,Michael Gallup,0.0,5.0,2023-10-13
2023,6,95f69039-8582-4b98-adc9-48667822b16e,,FREEAGENT,EXECUTED,5,0,DROP,4038815.0,Rico Dowdle,5.0,0.0,2023-10-13
2023,6,09904ead-fd33-4e59-b3ad-8599c618a6f0,01f10f45-7813-42fa-a5d8-828db94eedae,WAIVER,EXECUTED,7,8,ADD,16813.0,Logan Thomas,0.0,7.0,2023-10-11
2023,6,09904ead-fd33-4e59-b3ad-8599c618a6f0,01f10f45-7813-42fa-a5d8-828db94eedae,WAIVER,EXECUTED,7,8,DROP,3116593.0,Dalvin Cook,7.0,0.0,2023-10-11
2023,6,8bcaaaa3-819b-4797-8d85-3117d39a1e75,5ed6c4d9-981c-46d5-8dae-b690fbb2cf65,WAIVER,FAILED_PLAYERALREADYDROPPED,7,4,ADD,3125116.0,D'Onta Foreman,0.0,7.0,2023-10-11
2023,6,8bcaaaa3-819b-4797-8d85-3117d39a1e75,5ed6c4d9-981c-46d5-8dae-b690fbb2cf65,WAIVER,FAILED_PLAYERALREADYDROPPED,7,4,DROP,3116593.0,Dalvin Cook,7.0,0.0,2023-10-11
2023,6,f209e081-38b0-454f-a071-5aab1a6b325f,5405eecb-32a1-4707-a69c-657143a996e3,WAIVER,FAILED_INVALIDPLAYERSOURCE,14,4,ADD,-16021.0,Eagles D/ST,0.0,14.0,2023-10-11
2023,6,f209e081-38b0-454f-a071-5aab1a6b325f,5405eecb-32a1-4707-a69c-657143a996e3,WAIVER,FAILED_INVALIDPLAYERSOURCE,14,4,DROP,-16034.0,Texans D/ST,14.0,0.0,2023-10-11
2023,6,6c88ca3b-df1e-422b-a53f-fb8d6e8f5c2b,b6814b0b-c921-402c-a833-65c5e4fa27dd,WAIVER,CANCELED,1,0,ADD,3122976.0,Jeff Wilson Jr.,0.0,1.0,2023-10-10
2023,6,6c88ca3b-df1e-422b-a53f-fb8d6e8f5c2b,b6814b0b-c921-402c-a833-65c5e4fa27dd,WAIVER,CANCELED,1,0,DROP,3049916.0,Matt Breida,1.0,0.0,2023-10-10
2023,6,3d677bdd-5ce1-4aa8-8f91-99d0ae7fdf26,a5e8df71-9d1a-4aec-a3e5-d890352a2542,WAIVER,EXECUTED,8,9,ADD,-16021.0,Eagles D/ST,0.0,8.0,2023-10-11
2023,6,3d677bdd-5ce1-4aa8-8f91-99d0ae7fdf26,a5e8df71-9d1a-4aec-a3e5-d890352a2542,WAIVER,EXECUTED,8,9,DROP,-16028.0,Commanders D/ST,8.0,0.0,2023-10-11
2023,6,fe5c9b4b-3065-4ce1-a826-aff6b0eaa82c,,FREEAGENT,EXECUTED,14,0,ADD,3117256.0,Dalton Schultz,0.0,14.0,2023-10-11
2023,6,08f2c86b-6cbe-42c2-b58c-641e0675b89b,,ROSTER,EXECUTED,5,0,DROP,4241555.0,Elijah Mitchell,5.0,0.0,2023-10-10
2023,6,3f1f06da-c167-48f3-a27e-1e7dcefd922c,,TRADE_PROPOSAL,PENDING,14,0,TRADE,4239934.0,AJ Dillon,14.0,10.0,2023-10-14
2023,6,3f1f06da-c167-48f3-a27e-1e7dcefd922c,,TRADE_PROPOSAL,PENDING,14,0,TRADE,3042519.0,Aaron Jones,14.0,10.0,2023-10-14
2023,6,3f1f06da-c167-48f3-a27e-1e7dcefd922c,,TRADE_PROPOSAL,PENDING,14,0,TRADE,4374302.0,Amon-Ra St. Brown,10.0,14.0,2023-10-14
2023,6,6a44dcef-4eab-4584-9902-b05de07c0ea0,,FREEAGENT,EXECUTED,14,0,ADD,3054212.0,Jonnu Smith,0.0,14.0,2023-10-14
2023,6,6a44dcef-4eab-4584-9902-b05de07c0ea0,,FREEAGENT,EXECUTED,14,0,DROP,4428085.0,Luke Musgrave,14.0,0.0,2023-10-14
2023,6,8e0d3362-6ecd-4d65-bccd-2f1411ef6c10,,TRADE_PROPOSAL,PENDING,10,0,TRADE,3932905.0,Diontae Johnson,10.0,6.0,2023-10-11
2023,6,8e0d3362-6ecd-4d65-bccd-2f1411ef6c10,,TRADE_PROPOSAL,PENDING,10,0,TRADE,4569173.0,Rhamondre Stevenson,10.0,6.0,2023-10-11
2023,6,8e0d3362-6ecd-4d65-bccd-2f1411ef6c10,,TRADE_PROPOSAL,PENDING,10,0,TRADE,4239996.0,Travis Etienne Jr.,6.0,10.0,2023-10-11
2023,6,c318ccde-b64d-4df5-a249-6a769cb1d666,,FREEAGENT,EXECUTED,10,0,ADD,4362087.0,Keaontay Ingram,0.0,10.0,2023-10-11
2023,6,c318ccde-b64d-4df5-a249-6a769cb1d666,,FREEAGENT,EXECUTED,10,0,DROP,4360294.0,Antonio Gibson,10.0,0.0,2023-10-11
2023,6,1a27a748-8f36-4a85-87aa-10c994d05d7b,1d852514-9a88-47b7-a578-c8712e59b369,WAIVER,EXECUTED,1,48,ADD,4362478.0,Emari Demercado,0.0,1.0,2023-10-11
2023,6,1a27a748-8f36-4a85-87aa-10c994d05d7b,1d852514-9a88-47b7-a578-c8712e59b369,WAIVER,EXECUTED,1,48,DROP,4362249.0,Jayden Reed,1.0,0.0,2023-10-11
2023,6,ae10ddeb-3b17-447e-adad-58bf69f34cae,d99fc513-363b-47e6-a1e9-5a88a919d96a,WAIVER,FAILED_INVALIDPLAYERSOURCE,5,3,ADD,4688813.0,Josh Downs,0.0,5.0,2023-10-11
2023,6,ae10ddeb-3b17-447e-adad-58bf69f34cae,d99fc513-363b-47e6-a1e9-5a88a919d96a,WAIVER,FAILED_INVALIDPLAYERSOURCE,5,3,DROP,4385690.0,Dalton Kincaid,5.0,0.0,2023-10-11
2023,6,96d589a0-8ef3-46a4-b542-68a2755ae781,b8756b9b-8765-4399-b46e-6f4028948732,WAIVER,FAILED_INVALIDPLAYERSOURCE,7,9,ADD,4362478.0,Emari Demercado,0.0,7.0,2023-10-11
2023,6,96d589a0-8ef3-46a4-b542-68a2755ae781,b8756b9b-8765-4399-b46e-6f4028948732,WAIVER,FAILED_INVALIDPLAYERSOURCE,7,9,DROP,3116593.0,Dalvin Cook,7.0,0.0,2023-10-11
2023,6,c6622ac9-44d3-43c3-8255-cb7492e3ffd3,,ROSTER,EXECUTED,13,0,DROP,4243003.0,Ronnie Rivers,13.0,0.0,2023-10-10
2023,6,6f0af417-1cea-4f05-a776-3d5b94e362a1,,ROSTER,EXECUTED,6,0,DROP,3045138.0,Mike Williams,6.0,0.0,2023-10-15
2023,6,f80cdb62-3501-4dd5-810b-b8ae16195cd8,bb58444f-334b-4eb0-8354-4f09b13203d2,WAIVER,EXECUTED,14,1,ADD,4372414.0,Elijah Moore,0.0,14.0,2023-10-13
2023,6,f80cdb62-3501-4dd5-810b-b8ae16195cd8,bb58444f-334b-4eb0-8354-4f09b13203d2,WAIVER,EXECUTED,14,1,DROP,16731.0,Brandin Cooks,14.0,0.0,2023-10-13
2023,6,71c00389-70c5-48bf-a01c-c8689ee33082,,FREEAGENT,EXECUTED,14,0,ADD,4239934.0,AJ Dillon,0.0,14.0,2023-10-11
2023,6,71c00389-70c5-48bf-a01c-c8689ee33082,,FREEAGENT,EXECUTED,14,0,DROP,4361411.0,Pat Freiermuth,14.0,0.0,2023-10-11
2023,6,fbc41345-91c5-490b-9f43-3b35510afe95,caea6b33-57a2-41b9-8ba0-1c0f39ae18f4,WAIVER,CANCELED,1,0,ADD,4362478.0,Emari Demercado,0.0,1.0,2023-10-10
2023,6,fbc41345-91c5-490b-9f43-3b35510afe95,caea6b33-57a2-41b9-8ba0-1c0f39ae18f4,WAIVER,CANCELED,1,0,DROP,3049916.0,Matt Breida,1.0,0.0,2023-10-10
2023,6,2d57b41f-1680-478d-bf3e-54b45ecd3484,800a6f0c-b03a-4f31-ac55-5f1123c21955,TRADE_DECLINE,EXECUTED,1,0,,,,,,2023-10-10
2023,6,cae8ee13-4c91-412d-b983-d523a3ff9021,,ROSTER,EXECUTED,13,0,DROP,-16001.0,Falcons D/ST,13.0,0.0,2023-10-11
2023,6,b4f9a7af-6d31-4ff8-9c6e-23cde032e0b6,8e0d3362-6ecd-4d65-bccd-2f1411ef6c10,TRADE_PROPOSAL,CANCELED,10,0,TRADE,3932905.0,Diontae Johnson,10.0,6.0,2023-10-13
2023,6,b4f9a7af-6d31-4ff8-9c6e-23cde032e0b6,8e0d3362-6ecd-4d65-bccd-2f1411ef6c10,TRADE_PROPOSAL,CANCELED,10,0,TRADE,4569173.0,Rhamondre Stevenson,10.0,6.0,2023-10-13
2023,6,b4f9a7af-6d31-4ff8-9c6e-23cde032e0b6,8e0d3362-6ecd-4d65-bccd-2f1411ef6c10,TRADE_PROPOSAL,CANCELED,10,0,TRADE,4239996.0,Travis Etienne Jr.,6.0,10.0,2023-10-13
2023,6,92eb1a87-05b0-45f7-9380-5f6204a97bc2,2a48fc72-c3dc-422a-a66f-711ecc2ca8c9,TRADE_PROPOSAL,CANCELED,13,0,TRADE,4361370.0,Chris Olave,13.0,3.0,2023-10-11
2023,6,92eb1a87-05b0-45f7-9380-5f6204a97bc2,2a48fc72-c3dc-422a-a66f-711ecc2ca8c9,TRADE_PROPOSAL,CANCELED,13,0,TRADE,4241479.0,Tua Tagovailoa,3.0,13.0,2023-10-11
2023,6,3c418719-ab46-47b7-9665-9063bc7b9be3,0e63db68-288c-486e-b9ff-45d7965d1377,WAIVER,EXECUTED,13,3,ADD,4596334.0,Keaton Mitchell,0.0,13.0,2023-10-12
2023,6,692301f5-5e30-4ef4-b7cd-f35a3ebbd132,,ROSTER,EXECUTED,12,0,DROP,4426875.0,Sam Howell,12.0,0.0,2023-10-11
2023,6,6ee0598b-1e02-4767-bf48-f01a9e6d3571,,ROSTER,EXECUTED,4,0,LINEUP,16733.0,Odell Beckham Jr.,0.0,0.0,2023-10-11
2023,6,6ee0598b-1e02-4767-bf48-f01a9e6d3571,,ROSTER,EXECUTED,4,0,DROP,4040655.0,Darnell Mooney,4.0,0.0,2023-10-11
2023,6,8e494639-7166-45dc-a200-2cd6c41c91a4,4d945b19-dc35-4274-a07d-a640a5d6902d,WAIVER,EXECUTED,13,6,ADD,12483.0,Matthew Stafford,0.0,13.0,2023-10-11
2023,6,e7424717-4b1a-4173-9b59-9e6da280ff45,,FREEAGENT,EXECUTED,13,0,ADD,-16001.0,Falcons D/ST,0.0,13.0,2023-10-11
2023,6,2f0e87b5-7127-4199-8eb6-f49a63e1b1f0,9f454acd-6745-4d2d-a657-5ef016cfa187,TRADE_DECLINE,EXECUTED,14,0,,,,,,2023-10-12
2023,6,71f0247d-7b0c-473f-90f6-8939056e0dd6,1b8a2448-fd51-4960-9e3a-b9890951367d,WAIVER,FAILED_INVALIDPLAYERSOURCE,14,7,ADD,16813.0,Logan Thomas,0.0,14.0,2023-10-11
2023,6,71f0247d-7b0c-473f-90f6-8939056e0dd6,1b8a2448-fd51-4960-9e3a-b9890951367d,WAIVER,FAILED_INVALIDPLAYERSOURCE,14,7,DROP,4361411.0,Pat Freiermuth,14.0,0.0,2023-10-11
2023,6,41f9a016-ada1-493f-9ab9-85cbe6ac73f0,,FREEAGENT,EXECUTED,14,0,ADD,3121427.0,Curtis Samuel,0.0,14.0,2023-10-11
2023,6,41f9a016-ada1-493f-9ab9-85cbe6ac73f0,,FREEAGENT,EXECUTED,14,0,DROP,4360761.0,Michael Wilson,14.0,0.0,2023-10-11
2023,6,3c7e9772-896a-4d03-b570-af5376645af4,828bf6c5-48ea-48c6-8b47-6896e4a65eab,WAIVER,FAILED_INVALIDPLAYERSOURCE,5,3,ADD,-16021.0,Eagles D/ST,0.0,5.0,2023-10-11
2023,6,3c7e9772-896a-4d03-b570-af5376645af4,828bf6c5-48ea-48c6-8b47-6896e4a65eab,WAIVER,FAILED_INVALIDPLAYERSOURCE,5,3,DROP,-16011.0,Colts D/ST,5.0,0.0,2023-10-11
2023,6,58376b25-7d05-40c8-b9e9-9b1506fe668d,,ROSTER,EXECUTED,13,0,DROP,4596334.0,Keaton Mitchell,13.0,0.0,2023-10-10
2023,6,6179cae8-8d44-4b9a-a733-67f523a9f305,5b7f3309-6da7-46be-b10f-d41b6b9634d0,WAIVER,FAILED_INVALIDPLAYERSOURCE,8,8,ADD,3122976.0,Jeff Wilson Jr.,0.0,8.0,2023-10-11
2023,6,6179cae8-8d44-4b9a-a733-67f523a9f305,5b7f3309-6da7-46be-b10f-d41b6b9634d0,WAIVER,FAILED_INVALIDPLAYERSOURCE,8,8,DROP,16782.0,Jerick McKinnon,8.0,0.0,2023-10-11
2023,6,c14e9635-f863-4578-a7c6-5faff6747119,a80ded0f-a88c-460e-b1c0-588405be4930,TRADE_PROPOSAL,CANCELED,10,0,TRADE,4241389.0,CeeDee Lamb,10.0,5.0,2023-10-14
2023,6,c14e9635-f863-4578-a7c6-5faff6747119,a80ded0f-a88c-460e-b1c0-588405be4930,TRADE_PROPOSAL,CANCELED,10,0,TRADE,3916148.0,Tony Pollard,5.0,10.0,2023-10-14
2023,6,5a98c19d-17af-4cd5-96f2-cbaa6d2bb6a8,,FREEAGENT,EXECUTED,7,0,ADD,4426385.0,Zach Charbonnet,0.0,7.0,2023-10-13
2023,6,8ae0fa76-74fd-472d-8be0-9ebb39c84c92,,FREEAGENT,EXECUTED,5,0,ADD,-16009.0,Packers D/ST,0.0,5.0,2023-10-16
2023,6,8ae0fa76-74fd-472d-8be0-9ebb39c84c92,,FREEAGENT,EXECUTED,5,0,DROP,4036348.0,Michael Gallup,5.0,0.0,2023-10-16
2023,6,aa2fd2bd-7c4c-4605-9107-4893642a208c,179b3be0-422b-4d30-9002-71afd4091804,WAIVER,FAILED_INVALIDPLAYERSOURCE,12,15,ADD,3122976.0,Jeff Wilson Jr.,0.0,12.0,2023-10-11
2023,6,a80ded0f-a88c-460e-b1c0-588405be4930,,TRADE_PROPOSAL,PENDING,10,0,TRADE,4241389.0,CeeDee Lamb,10.0,5.0,2023-10-14
2023,6,a80ded0f-a88c-460e-b1c0-588405be4930,,TRADE_PROPOSAL,PENDING,10,0,TRADE,3916148.0,Tony Pollard,5.0,10.0,2023-10-14
2023,6,3f117a20-815b-4e48-aae6-47710c3c694c,a74be199-fb79-4f8d-8903-0b05825b9423,WAIVER,FAILED_INVALIDPLAYERSOURCE,12,12,ADD,4362478.0,Emari Demercado,0.0,12.0,2023-10-11
2023,6,9f3e746d-31c8-43e9-8f9c-5bfed0b430f5,,FREEAGENT,EXECUTED,5,0,ADD,4038815.0,Rico Dowdle,0.0,5.0,2023-10-12
2023,6,9f3e746d-31c8-43e9-8f9c-5bfed0b430f5,,FREEAGENT,EXECUTED,5,0,DROP,4385690.0,Dalton Kincaid,5.0,0.0,2023-10-12
2023,6,f3eec4f8-da17-436c-99ee-849145666d33,,FREEAGENT,EXECUTED,6,0,ADD,4421446.0,Craig Reynolds,0.0,6.0,2023-10-15
2023,6,767af91c-ba73-4e64-aa28-33417ae4d21d,8cb30600-c4a2-4a3c-b690-f1fd8f4a2dfd,TRADE_DECLINE,EXECUTED,13,0,,,,,,2023-10-11
2023,6,9b4235c7-baa8-40c4-ab4f-eb427dc877fa,,FREEAGENT,EXECUTED,14,0,ADD,-16001.0,Falcons D/ST,0.0,14.0,2023-10-11
2023,6,9b4235c7-baa8-40c4-ab4f-eb427dc877fa,,FREEAGENT,EXECUTED,14,0,DROP,-16034.0,Texans D/ST,14.0,0.0,2023-10-11
2023,6,03088d1b-b831-4492-b545-67940bf4b76e,6fe4ef31-8b00-4d95-b256-fa3f379c31da,WAIVER,FAILED_INVALIDPLAYERSOURCE,7,8,ADD,3122976.0,Jeff Wilson Jr.,0.0,7.0,2023-10-11
2023,6,03088d1b-b831-4492-b545-67940bf4b76e,6fe4ef31-8b00-4d95-b256-fa3f379c31da,WAIVER,FAILED_INVALIDPLAYERSOURCE,7,8,DROP,3116593.0,Dalvin Cook,7.0,0.0,2023-10-11
2023,6,4e96f7de-7cae-4317-9fd8-125f5f2cf321,1244f0d5-38ee-4b5d-9471-e7f92b9e34ef,WAIVER,EXECUTED,14,4,ADD,4688813.0,Josh Downs,0.0,14.0,2023-10-11
2023,6,4e96f7de-7cae-4317-9fd8-125f5f2cf321,1244f0d5-38ee-4b5d-9471-e7f92b9e34ef,WAIVER,EXECUTED,14,4,DROP,4569587.0,Wan'Dale Robinson,14.0,0.0,2023-10-11
2023,6,70b57a3e-f91f-43a7-8ebf-78c1f3517be8,,FREEAGENT,EXECUTED,10,0,ADD,3917315.0,Kyler Murray,0.0,10.0,2023-10-11
2023,6,70b57a3e-f91f-43a7-8ebf-78c1f3517be8,,FREEAGENT,EXECUTED,10,0,DROP,3054212.0,Jonnu Smith,10.0,0.0,2023-10-11
2023,6,7d437e21-73c4-4243-a3cb-2c19504ed597,,FREEAGENT,EXECUTED,12,0,ADD,4241416.0,Chuba Hubbard,0.0,12.0,2023-10-11
2023,6,cb665f69-214b-4245-af87-44912c390e3f,42fc1ce5-4661-4d27-a392-975c0fe75ece,WAIVER,FAILED_INVALIDPLAYERSOURCE,2,1,ADD,4362478.0,Emari Demercado,0.0,2.0,2023-10-11
2023,6,cb665f69-214b-4245-af87-44912c390e3f,42fc1ce5-4661-4d27-a392-975c0fe75ece,WAIVER,FAILED_INVALIDPLAYERSOURCE,2,1,DROP,4040761.0,Devin Singletary,2.0,0.0,2023-10-11
2023,6,3b2bd940-d1cd-4fd5-a7ad-feffe582955d,d1594c1b-0b2b-4864-a0aa-68ba5fbd0926,WAIVER,FAILED_INVALIDPLAYERSOURCE,13,14,ADD,4362478.0,Emari Demercado,0.0,13.0,2023-10-11
2023,6,229638ab-ad70-4800-89d8-d641843af887,,ROSTER,EXECUTED,14,0,DROP,3135321.0,Hunter Renfrow,14.0,0.0,2023-10-10
2023,6,4956c6e2-4c18-4a8e-b946-e71c2b2ef1a8,3f1f06da-c167-48f3-a27e-1e7dcefd922c,TRADE_PROPOSAL,CANCELED,14,0,TRADE,4239934.0,AJ Dillon,14.0,10.0,2023-10-16
2023,6,4956c6e2-4c18-4a8e-b946-e71c2b2ef1a8,3f1f06da-c167-48f3-a27e-1e7dcefd922c,TRADE_PROPOSAL,CANCELED,14,0,TRADE,3042519.0,Aaron Jones,14.0,10.0,2023-10-16
2023,6,4956c6e2-4c18-4a8e-b946-e71c2b2ef1a8,3f1f06da-c167-48f3-a27e-1e7dcefd922c,TRADE_PROPOSAL,CANCELED,14,0,TRADE,4374302.0,Amon-Ra St. Brown,10.0,14.0,2023-10-16
2023,6,9c161992-e92a-46f2-9f02-c98925154a22,a80ded0f-a88c-460e-b1c0-588405be4930,TRADE_DECLINE,EXECUTED,5,0,,,,,,2023-10-14
2023,6,784e2330-1c04-4b03-9136-8e385013b521,,FREEAGENT,EXECUTED,5,0,ADD,-16012.0,Chiefs D/ST,0.0,5.0,2023-10-11
2023,6,784e2330-1c04-4b03-9136-8e385013b521,,FREEAGENT,EXECUTED,5,0,DROP,-16011.0,Colts D/ST,5.0,0.0,2023-10-11
2023,6,cdf78e4e-59ad-442f-8f1c-2c5a29ae869e,,ROSTER,EXECUTED,7,0,DROP,2980453.0,Jamaal Williams,7.0,0.0,2023-10-10
2023,6,b5526361-e094-4b03-ad9e-0ecccb812d19,f4c40e09-96ee-4c9a-92ae-cf6de50a55ab,WAIVER,EXECUTED,1,30,ADD,3122976.0,Jeff Wilson Jr.,0.0,1.0,2023-10-11
2023,6,43e03bfa-4722-4492-8588-8e070d6baf8e,a1892baf-2e6b-4c21-bc47-e3f8ddf2a5f1,WAIVER,FAILED_PLAYERALREADYDROPPED,8,2,ADD,-16012.0,Chiefs D/ST,0.0,8.0,2023-10-11
2023,6,43e03bfa-4722-4492-8588-8e070d6baf8e,a1892baf-2e6b-4c21-bc47-e3f8ddf2a5f1,WAIVER,FAILED_PLAYERALREADYDROPPED,8,2,DROP,-16028.0,Commanders D/ST,8.0,0.0,2023-10-11
2023,6,75e66ba6-a0be-472a-9988-d8ca60d0ffc4,,FREEAGENT,EXECUTED,7,0,ADD,3125116.0,D'Onta Foreman,0.0,7.0,2023-10-11
2023,6,75e66ba6-a0be-472a-9988-d8ca60d0ffc4,,FREEAGENT,EXECUTED,7,0,DROP,3116389.0,Samaje Perine,7.0,0.0,2023-10-11
2023,6,a4e4abf3-0fae-421e-bf0e-c95abbcc6d48,,FREEAGENT,EXECUTED,10,0,ADD,3054212.0,Jonnu Smith,0.0,10.0,2023-10-11
2023,6,a4e4abf3-0fae-421e-bf0e-c95abbcc6d48,,FREEAGENT,EXECUTED,10,0,DROP,4372414.0,Elijah Moore,10.0,0.0,2023-10-11
2023,7,e4ac3944-d2f8-4e11-a939-b530e7117a62,688c93fe-3b62-4f52-a5f4-4426b4c32467,WAIVER,EXECUTED,14,1,ADD,-16026.0,Seahawks D/ST,0.0,14.0,2023-10-18
2023,7,4ef1a500-b285-4dfd-bc88-c443f2a23e56,effda712-c2df-422f-be64-cb18041d9a0b,TRADE_PROPOSAL,CANCELED,3,0,TRADE,4242335.0,Jonathan Taylor,10.0,3.0,2023-10-19
2023,7,4ef1a500-b285-4dfd-bc88-c443f2a23e56,effda712-c2df-422f-be64-cb18041d9a0b,TRADE_PROPOSAL,CANCELED,3,0,TRADE,3916387.0,Lamar Jackson,3.0,10.0,2023-10-19
2023,7,7118782f-a7bb-46bd-94f6-6ebe791396e1,04f00017-2cf5-4964-bbde-042f098b8214,WAIVER,FAILED_INVALIDPLAYERSOURCE,8,2,ADD,4239934.0,AJ Dillon,0.0,8.0,2023-10-19
2023,7,1677e5e3-ab3b-411c-9d81-76d56765789d,0ea89ea8-93d5-41ae-a4ae-b5478756ddc6,WAIVER,EXECUTED,7,1,ADD,4429086.0,Michael Mayer,0.0,7.0,2023-10-18
2023,7,1677e5e3-ab3b-411c-9d81-76d56765789d,0ea89ea8-93d5-41ae-a4ae-b5478756ddc6,WAIVER,EXECUTED,7,1,DROP,4360797.0,Tutu Atwell,7.0,0.0,2023-10-18
2023,7,af32e372-e101-41b4-bac6-741bd3aa2db9,30f702db-dc07-4acb-8b8b-fb44e8ec5efc,WAIVER,CANCELED,7,0,ADD,3122672.0,Royce Freeman,0.0,7.0,2023-10-18
2023,7,af32e372-e101-41b4-bac6-741bd3aa2db9,30f702db-dc07-4acb-8b8b-fb44e8ec5efc,WAIVER,CANCELED,7,0,DROP,3046439.0,Hunter Henry,7.0,0.0,2023-10-18
2023,7,7131ba7a-c85d-4493-8cb3-0b8f083d5316,,FREEAGENT,EXECUTED,7,0,ADD,3122672.0,Royce Freeman,0.0,7.0,2023-10-21
2023,7,7131ba7a-c85d-4493-8cb3-0b8f083d5316,,FREEAGENT,EXECUTED,7,0,DROP,4426385.0,Zach Charbonnet,7.0,0.0,2023-10-21
2023,7,1d511acd-9d28-401b-9a2c-1124837b3a43,b34f845e-ddc8-4fad-a614-f53c9f71cfad,TRADE_DECLINE,EXECUTED,14,0,,,,,,2023-10-18
2023,7,fcb8de39-94fc-44e8-b10c-7df0671d2549,d2f99596-be67-4b0b-b6ff-7422842d8521,WAIVER,CANCELED,14,0,ADD,4426875.0,Sam Howell,0.0,14.0,2023-10-18
2023,7,fcb8de39-94fc-44e8-b10c-7df0671d2549,d2f99596-be67-4b0b-b6ff-7422842d8521,WAIVER,CANCELED,14,0,DROP,4036378.0,Jordan Love,14.0,0.0,2023-10-18
2023,7,b940119f-f5e0-425e-9f4a-0957bf7c00b1,c91d6d9d-349d-4bd1-abe7-687ea071b0f5,WAIVER,CANCELED,7,0,ADD,4429086.0,Michael Mayer,0.0,7.0,2023-10-18
2023,7,b940119f-f5e0-425e-9f4a-0957bf7c00b1,c91d6d9d-349d-4bd1-abe7-687ea071b0f5,WAIVER,CANCELED,7,0,DROP,3046439.0,Hunter Henry,7.0,0.0,2023-10-18
2023,7,11216215-47c3-473a-8f06-f6c15130ae04,,FREEAGENT,EXECUTED,8,0,ADD,-16027.0,Buccaneers D/ST,0.0,8.0,2023-10-18
2023,7,11216215-47c3-473a-8f06-f6c15130ae04,,FREEAGENT,EXECUTED,8,0,DROP,4361409.0,Jahan Dotson,8.0,0.0,2023-10-18
2023,7,b24665b0-ccd9-402e-88a7-84f93cc5d89c,289ba238-d5fb-4f54-8369-318d6df4e183,TRADE_DECLINE,EXECUTED,14,0,,,,,,2023-10-19
2023,7,0a963aff-9d8c-4280-a3fc-99986cdbf450,,FREEAGENT,EXECUTED,2,0,ADD,-16014.0,Rams D/ST,0.0,2.0,2023-10-18
2023,7,0a963aff-9d8c-4280-a3fc-99986cdbf450,,FREEAGENT,EXECUTED,2,0,DROP,3910544.0,Joshua Kelley,2.0,0.0,2023-10-18
2023,7,c993b759-6d06-46ba-9fbf-1ab0e416806a,dd44387d-1843-4d1b-b8cb-10d4ef2baeda,TRADE_DECLINE,EXECUTED,1,0,,,,,,2023-10-23
2023,7,e3f34e38-7689-452f-9545-3ba7af8e081e,a8bba1e1-fd75-4717-81ff-326d30a9ef7c,WAIVER,CANCELED,5,0,ADD,4036378.0,Jordan Love,0.0,5.0,2023-10-22
2023,7,e3f34e38-7689-452f-9545-3ba7af8e081e,a8bba1e1-fd75-4717-81ff-326d30a9ef7c,WAIVER,CANCELED,5,0,DROP,4428085.0,Luke Musgrave,5.0,0.0,2023-10-22
2023,7,6151ed0c-2e34-4704-aa8f-df73d039dbb0,7063ad37-a011-4386-b66a-c763ee49430b,WAIVER,FAILED_INVALIDPLAYERSOURCE,2,1,ADD,-16028.0,Commanders D/ST,0.0,2.0,2023-10-18
2023,7,6151ed0c-2e34-4704-aa8f-df73d039dbb0,7063ad37-a011-4386-b66a-c763ee49430b,WAIVER,FAILED_INVALIDPLAYERSOURCE,2,1,DROP,3910544.0,Joshua Kelley,2.0,0.0,2023-10-18
2023,7,8ac133b8-3f7c-4065-bb91-8442a88a2822,,FREEAGENT,EXECUTED,4,0,ADD,4360569.0,Jordan Mason,0.0,4.0,2023-10-22
2023,7,8ac133b8-3f7c-4065-bb91-8442a88a2822,,FREEAGENT,EXECUTED,4,0,DROP,3123075.0,Braxton Berrios,4.0,0.0,2023-10-22
2023,7,b0f2f894-00a6-45f6-bdd8-15445c37c71e,,FREEAGENT,EXECUTED,12,0,ADD,-16019.0,Giants D/ST,0.0,12.0,2023-10-21
2023,7,b0f2f894-00a6-45f6-bdd8-15445c37c71e,,FREEAGENT,EXECUTED,12,0,DROP,-16028.0,Commanders D/ST,12.0,0.0,2023-10-21
2023,7,c00b13ab-6b77-4c35-954f-3dd746060767,f540840c-0d65-4438-9147-ab2356a5a56e,WAIVER,EXECUTED,8,1,ADD,4722893.0,Jaleel McLaughlin,0.0,8.0,2023-10-19
2023,7,fb417f6e-25e4-4406-90b9-3d9098afcf4e,,FREEAGENT,EXECUTED,10,0,ADD,4360569.0,Jordan Mason,0.0,10.0,2023-10-18
2023,7,fb417f6e-25e4-4406-90b9-3d9098afcf4e,,FREEAGENT,EXECUTED,10,0,DROP,15835.0,Zach Ertz,10.0,0.0,2023-10-18
2023,7,1bbc1a33-c064-4434-8e34-a04ae6c517f6,,FREEAGENT,EXECUTED,4,0,ADD,-16011.0,Colts D/ST,0.0,4.0,2023-10-19
2023,7,1bbc1a33-c064-4434-8e34-a04ae6c517f6,,FREEAGENT,EXECUTED,4,0,DROP,-16008.0,Lions D/ST,4.0,0.0,2023-10-19
2023,7,a6660ee4-5d86-4bd2-8bbd-31be94d74113,9db04c05-ccb6-44f0-965d-1f00ed6c634a,WAIVER,FAILED_INVALIDPLAYERSOURCE,8,5,ADD,3059915.0,Kareem Hunt,0.0,8.0,2023-10-18
2023,7,a6660ee4-5d86-4bd2-8bbd-31be94d74113,9db04c05-ccb6-44f0-965d-1f00ed6c634a,WAIVER,FAILED_INVALIDPLAYERSOURCE,8,5,DROP,4361409.0,Jahan Dotson,8.0,0.0,2023-10-18
2023,7,10901cc0-91e4-4b02-a849-9e51e8dabb94,d06fe26b-6ede-4409-8301-ac38138d0bb5,WAIVER,EXECUTED,5,16,ADD,4426875.0,Sam Howell,0.0,5.0,2023-10-18
2023,7,cadf184f-2bcb-4503-8e11-dc5a71c0f275,23a68b92-893f-4d27-be7d-d04a948f1f7e,WAIVER,FAILED_INVALIDPLAYERSOURCE,7,7,ADD,4685035.0,Zach Evans,0.0,7.0,2023-10-18
2023,7,cadf184f-2bcb-4503-8e11-dc5a71c0f275,23a68b92-893f-4d27-be7d-d04a948f1f7e,WAIVER,FAILED_INVALIDPLAYERSOURCE,7,7,DROP,3046439.0,Hunter Henry,7.0,0.0,2023-10-18
2023,7,56cfb87a-5412-42c9-93d5-a9ae807d09eb,497877be-2dde-48b9-ac41-9e7dac9e8560,WAIVER,FAILED_INVALIDPLAYERSOURCE,1,1,ADD,4239934.0,AJ Dillon,0.0,1.0,2023-10-19
2023,7,56cfb87a-5412-42c9-93d5-a9ae807d09eb,497877be-2dde-48b9-ac41-9e7dac9e8560,WAIVER,FAILED_INVALIDPLAYERSOURCE,1,1,DROP,3049916.0,Matt Breida,1.0,0.0,2023-10-19
2023,7,a88ff872-d8bf-4b28-a0ca-7a02510148b7,4815eb96-e030-4e77-a479-4fe93026a63a,TRADE_DECLINE,EXECUTED,5,0,,,,,,2023-10-17
2023,7,5d9da0b5-719f-4c93-a96c-2c99bcaa3a50,,FREEAGENT,EXECUTED,5,0,ADD,-16013.0,Raiders D/ST,0.0,5.0,2023-10-18
2023,7,5d9da0b5-719f-4c93-a96c-2c99bcaa3a50,,FREEAGENT,EXECUTED,5,0,DROP,-16009.0,Packers D/ST,5.0,0.0,2023-10-18
2023,7,3281f5b7-8bbf-40d7-98e3-eba4ebcea905,,FREEAGENT,EXECUTED,5,0,ADD,4428085.0,Luke Musgrave,0.0,5.0,2023-10-21
2023,7,4da17b7b-ff40-402c-acba-cd52da2762da,7568760b-9c89-4916-a67d-62de81b3c868,WAIVER,CANCELED,5,0,ADD,4426875.0,Sam Howell,0.0,5.0,2023-10-17
2023,7,4da17b7b-ff40-402c-acba-cd52da2762da,7568760b-9c89-4916-a67d-62de81b3c868,WAIVER,CANCELED,5,0,DROP,4429025.0,Quentin Johnston,5.0,0.0,2023-10-17
2023,7,2c87bdad-f484-4847-857a-c2155ee26842,2f1de3c9-a832-4e27-b306-11b10f361572,WAIVER,EXECUTED,14,8,ADD,3059915.0,Kareem Hunt,0.0,14.0,2023-10-18
2023,7,2c87bdad-f484-4847-857a-c2155ee26842,2f1de3c9-a832-4e27-b306-11b10f361572,WAIVER,EXECUTED,14,8,DROP,4239934.0,AJ Dillon,14.0,0.0,2023-10-18
2023,7,a3af8130-c1b5-4108-a66a-109ecf5725b2,f7277d97-36e8-4942-bf36-69e5d0505609,WAIVER,EXECUTED,12,1,ADD,-16028.0,Commanders D/ST,0.0,12.0,2023-10-18
2023,7,a3af8130-c1b5-4108-a66a-109ecf5725b2,f7277d97-36e8-4942-bf36-69e5d0505609,WAIVER,EXECUTED,12,1,DROP,-16015.0,Dolphins D/ST,12.0,0.0,2023-10-18
2023,7,bc05995f-33d6-4a85-a59b-71bdd29f6f64,,FREEAGENT,EXECUTED,6,0,ADD,4372485.0,Rondale Moore,0.0,6.0,2023-10-22
2023,7,bc05995f-33d6-4a85-a59b-71bdd29f6f64,,FREEAGENT,EXECUTED,6,0,DROP,-16017.0,Patriots D/ST,6.0,0.0,2023-10-22
2023,7,b1fa91a7-e72e-49ff-8fad-a4cd35420401,145c8b9d-a495-426b-89cc-fb121682916f,WAIVER,EXECUTED,5,6,ADD,4240600.0,Kadarius Toney,0.0,5.0,2023-10-18
2023,7,a56dc2f0-68a4-48af-aa72-feb1e2c0e337,41e2b5bc-effa-43c9-8152-4c340dcb12d4,WAIVER,CANCELED,5,0,ADD,4036378.0,Jordan Love,0.0,5.0,2023-10-22
2023,7,a56dc2f0-68a4-48af-aa72-feb1e2c0e337,41e2b5bc-effa-43c9-8152-4c340dcb12d4,WAIVER,CANCELED,5,0,DROP,4428085.0,Luke Musgrave,5.0,0.0,2023-10-22
2023,7,c96f572c-dd2f-4b5a-91a7-63ed70c33f07,,FREEAGENT,EXECUTED,2,0,ADD,4372414.0,Elijah Moore,0.0,2.0,2023-10-20
2023,7,c96f572c-dd2f-4b5a-91a7-63ed70c33f07,,FREEAGENT,EXECUTED,2,0,DROP,3116389.0,Samaje Perine,2.0,0.0,2023-10-20
2023,7,cc0e8def-62f7-4b4f-8031-e1da5b4872b8,b88f9b19-602e-4b33-bb02-555144357f0a,TRADE_DECLINE,EXECUTED,8,0,,,,,,2023-10-23
2023,7,04603bb7-a9ad-48b8-bef5-39c44211d5d7,,TRADE_PROPOSAL,PENDING,10,0,TRADE,4241389.0,CeeDee Lamb,10.0,2.0,2023-10-18
2023,7,04603bb7-a9ad-48b8-bef5-39c44211d5d7,,TRADE_PROPOSAL,PENDING,10,0,TRADE,4569173.0,Rhamondre Stevenson,10.0,2.0,2023-10-18
2023,7,04603bb7-a9ad-48b8-bef5-39c44211d5d7,,TRADE_PROPOSAL,PENDING,10,0,TRADE,4360310.0,Trevor Lawrence,10.0,2.0,2023-10-18
2023,7,04603bb7-a9ad-48b8-bef5-39c44211d5d7,,TRADE_PROPOSAL,PENDING,10,0,TRADE,3068267.0,Austin Ekeler,2.0,10.0,2023-10-18
2023,7,04603bb7-a9ad-48b8-bef5-39c44211d5d7,,TRADE_PROPOSAL,PENDING,10,0,TRADE,3918298.0,Josh Allen,2.0,10.0,2023-10-18
2023,7,7ef3f8d4-a41b-4d97-a634-ba76be715daa,,ROSTER,EXECUTED,5,0,DROP,4686472.0,Marvin Mims Jr.,5.0,0.0,2023-10-17
2023,7,a69e9cca-85f9-49a1-8027-e4576d5f1b0d,9cfa030e-3d4d-4313-8c4a-da164f417b27,WAIVER,FAILED_INVALIDPLAYERSOURCE,13,16,ADD,4685035.0,Zach Evans,0.0,13.0,2023-10-18
2023,7,fa8042a4-b83f-4907-94d8-b45e3be5e635,,ROSTER,EXECUTED,14,0,LINEUP,3042519.0,Aaron Jones,0.0,0.0,2023-10-17
2023,7,fa8042a4-b83f-4907-94d8-b45e3be5e635,,ROSTER,EXECUTED,14,0,DROP,-16001.0,Falcons D/ST,14.0,0.0,2023-10-17
2023,7,fa8042a4-b83f-4907-94d8-b45e3be5e635,,ROSTER,EXECUTED,14,0,DROP,4372414.0,Elijah Moore,14.0,0.0,2023-10-17
2023,7,854ac9b5-b1c0-4e48-83e6-78c108393320,e1ac7abd-aa79-4e7e-94f6-fadf0254a8f3,WAIVER,FAILED_ROSTERLIMIT,5,5,ADD,4569587.0,Wan'Dale Robinson,0.0,5.0,2023-10-18
2023,7,872fd554-9177-4fad-b9df-c2253dc3fb51,12080ac5-1b42-42e8-a23e-d6852b9b0c20,WAIVER,FAILED_INVALIDPLAYERSOURCE,13,3,ADD,3059915.0,Kareem Hunt,0.0,13.0,2023-10-18
2023,7,872fd554-9177-4fad-b9df-c2253dc3fb51,12080ac5-1b42-42e8-a23e-d6852b9b0c20,WAIVER,FAILED_INVALIDPLAYERSOURCE,13,3,DROP,4242355.0,Jake Ferguson,13.0,0.0,2023-10-18
2023,7,fdcd9c0c-8109-4281-bd16-36eebd14dae8,6811ef07-b9e7-4418-98e1-db47f6d07df7,TRADE_PROPOSAL,CANCELED,10,0,TRADE,4361370.0,Chris Olave,13.0,10.0,2023-10-20
2023,7,fdcd9c0c-8109-4281-bd16-36eebd14dae8,6811ef07-b9e7-4418-98e1-db47f6d07df7,TRADE_PROPOSAL,CANCELED,10,0,TRADE,4569173.0,Rhamondre Stevenson,10.0,13.0,2023-10-20
2023,7,32c0f198-4efc-4f94-a9ad-38e3a31744a3,,FREEAGENT,EXECUTED,3,0,ADD,4360294.0,Antonio Gibson,0.0,3.0,2023-10-21
2023,7,32c0f198-4efc-4f94-a9ad-38e3a31744a3,,FREEAGENT,EXECUTED,3,0,DROP,4360569.0,Jordan Mason,3.0,0.0,2023-10-21
2023,7,9b6f6dc8-b264-484d-95f2-7b430346b644,04603bb7-a9ad-48b8-bef5-39c44211d5d7,TRADE_PROPOSAL,CANCELED,10,0,TRADE,4241389.0,CeeDee Lamb,10.0,2.0,2023-10-19
2023,7,9b6f6dc8-b264-484d-95f2-7b430346b644,04603bb7-a9ad-48b8-bef5-39c44211d5d7,TRADE_PROPOSAL,CANCELED,10,0,TRADE,4569173.0,Rhamondre Stevenson,10.0,2.0,2023-10-19
2023,7,9b6f6dc8-b264-484d-95f2-7b430346b644,04603bb7-a9ad-48b8-bef5-39c44211d5d7,TRADE_PROPOSAL,CANCELED,10,0,TRADE,4360310.0,Trevor Lawrence,10.0,2.0,2023-10-19
2023,7,9b6f6dc8-b264-484d-95f2-7b430346b644,04603bb7-a9ad-48b8-bef5-39c44211d5d7,TRADE_PROPOSAL,CANCELED,10,0,TRADE,3068267.0,Austin Ekeler,2.0,10.0,2023-10-19
2023,7,9b6f6dc8-b264-484d-95f2-7b430346b644,04603bb7-a9ad-48b8-bef5-39c44211d5d7,TRADE_PROPOSAL,CANCELED,10,0,TRADE,3918298.0,Josh Allen,2.0,10.0,2023-10-19
2023,7,3979c428-61c8-4d4d-87a7-e475d59bf6c0,1bd76e12-46bc-46e2-80ac-4639ff93d961,WAIVER,EXECUTED,3,4,ADD,4239934.0,AJ Dillon,0.0,3.0,2023-10-19
2023,7,3979c428-61c8-4d4d-87a7-e475d59bf6c0,1bd76e12-46bc-46e2-80ac-4639ff93d961,WAIVER,EXECUTED,3,4,DROP,3045144.0,Tyler Boyd,3.0,0.0,2023-10-19
2023,7,1ba3e1b7-1d3d-43ad-9127-01452aeae7f6,a1009c77-0ba4-48e2-b2e0-5a575b598c14,TRADE_DECLINE,EXECUTED,14,0,,,,,,2023-10-24
2023,7,5fb9b2fe-aab6-4985-8fdb-d2ecc1725ce1,37de6ab2-6035-4ddd-b63f-236dc7edb7e1,WAIVER,EXECUTED,12,17,ADD,4685035.0,Zach Evans,0.0,12.0,2023-10-18
2023,7,5fb9b2fe-aab6-4985-8fdb-d2ecc1725ce1,37de6ab2-6035-4ddd-b63f-236dc7edb7e1,WAIVER,EXECUTED,12,17,DROP,4722893.0,Jaleel McLaughlin,12.0,0.0,2023-10-18
2023,7,6ebedff9-409c-4759-83c8-4d2ed0701a5b,,ROSTER,EXECUTED,5,0,DROP,4429025.0,Quentin Johnston,5.0,0.0,2023-10-17
2023,7,df6cf7e7-df27-4214-b281-e22f08dfb810,,ROSTER,EXECUTED,13,0,DROP,4429084.0,Anthony Richardson,13.0,0.0,2023-10-17
2023,7,0d540aca-e077-4123-a5fd-1b614c3fc837,,FREEAGENT,EXECUTED,10,0,ADD,16757.0,Derek Carr,0.0,10.0,2023-10-20
2023,7,0d540aca-e077-4123-a5fd-1b614c3fc837,,FREEAGENT,EXECUTED,10,0,DROP,4360569.0,Jordan Mason,10.0,0.0,2023-10-20
2023,7,ebd2a911-f75d-46fe-97ce-97f03b594e47,,FREEAGENT,EXECUTED,14,0,ADD,4039359.0,Darrell Henderson Jr.,0.0,14.0,2023-10-22
2023,7,ebd2a911-f75d-46fe-97ce-97f03b594e47,,FREEAGENT,EXECUTED,14,0,DROP,4036378.0,Jordan Love,14.0,0.0,2023-10-22
2023,7,7be68075-3d8e-4b75-96ac-df46e2df7e0b,1ba07861-05de-4e91-9def-3e3bd5895002,WAIVER,FAILED_INVALIDPLAYERSOURCE,3,5,ADD,4685035.0,Zach Evans,0.0,3.0,2023-10-18
2023,7,7be68075-3d8e-4b75-96ac-df46e2df7e0b,1ba07861-05de-4e91-9def-3e3bd5895002,WAIVER,FAILED_INVALIDPLAYERSOURCE,3,5,DROP,3045144.0,Tyler Boyd,3.0,0.0,2023-10-18
2023,7,c9dfae54-e9f2-4e21-b96e-db3aae858467,,FREEAGENT,EXECUTED,8,1,ADD,3122840.0,Deshaun Watson,0.0,8.0,2023-10-18
2023,7,c9dfae54-e9f2-4e21-b96e-db3aae858467,,FREEAGENT,EXECUTED,8,1,DROP,16782.0,Jerick McKinnon,8.0,0.0,2023-10-18
2023,7,7671aa06-99fe-47ac-adab-76165d62690e,32c47923-1395-4abd-8090-38b4455ba6a8,TRADE_PROPOSAL,CANCELED,10,0,TRADE,4035676.0,Zack Moss,10.0,13.0,2023-10-22
2023,7,7671aa06-99fe-47ac-adab-76165d62690e,32c47923-1395-4abd-8090-38b4455ba6a8,TRADE_PROPOSAL,CANCELED,10,0,TRADE,4429160.0,De'Von Achane,13.0,10.0,2023-10-22
2023,7,c260595b-6e73-40cd-a011-033e8c39194b,f00768b4-5115-4806-b2f1-8de4793cbe01,WAIVER,EXECUTED,2,1,ADD,3116389.0,Samaje Perine,0.0,2.0,2023-10-18
2023,7,c260595b-6e73-40cd-a011-033e8c39194b,f00768b4-5115-4806-b2f1-8de4793cbe01,WAIVER,EXECUTED,2,1,DROP,4040761.0,Devin Singletary,2.0,0.0,2023-10-18
2023,7,6811ef07-b9e7-4418-98e1-db47f6d07df7,,TRADE_PROPOSAL,PENDING,10,0,TRADE,4361370.0,Chris Olave,13.0,10.0,2023-10-19
2023,7,6811ef07-b9e7-4418-98e1-db47f6d07df7,,TRADE_PROPOSAL,PENDING,10,0,TRADE,4569173.0,Rhamondre Stevenson,10.0,13.0,2023-10-19
2023,7,48f0b485-79fd-441c-a9f2-71453e5c250c,,FREEAGENT,EXECUTED,3,0,ADD,4360569.0,Jordan Mason,0.0,3.0,2023-10-21
2023,7,b3591ade-48c2-40e5-b15d-b071f94946b9,,ROSTER,EXECUTED,3,0,DROP,3059722.0,Zay Jones,3.0,0.0,2023-10-19
2023,7,eb92fe56-dd22-44e4-9fdd-ff9c83c2a17c,a9e150f8-92a5-47d5-98eb-8290fe576d4f,WAIVER,EXECUTED,13,2,ADD,4241555.0,Elijah Mitchell,0.0,13.0,2023-10-18
2023,7,32c47923-1395-4abd-8090-38b4455ba6a8,,TRADE_PROPOSAL,PENDING,10,0,TRADE,4035676.0,Zack Moss,10.0,13.0,2023-10-20
2023,7,32c47923-1395-4abd-8090-38b4455ba6a8,,TRADE_PROPOSAL,PENDING,10,0,TRADE,4429160.0,De'Von Achane,13.0,10.0,2023-10-20
2023,7,9af1ad64-120a-44a8-bad7-074402d35014,8b9b757e-7294-4c5e-80a9-d310b1203384,WAIVER,FAILED_INVALIDPLAYERSOURCE,5,7,ADD,3059915.0,Kareem Hunt,0.0,5.0,2023-10-18
2023,7,29fcf698-ee1d-49bc-b3c0-031266695af3,,FREEAGENT,EXECUTED,5,0,ADD,4569587.0,Wan'Dale Robinson,0.0,5.0,2023-10-18
2023,7,29fcf698-ee1d-49bc-b3c0-031266695af3,,FREEAGENT,EXECUTED,5,0,DROP,4432577.0,C.J. Stroud,5.0,0.0,2023-10-18
2023,7,f276cc77-1d04-4470-892a-a6faaafafa9c,087328bb-55e4-44f3-a770-2567df5f1935,WAIVER,EXECUTED,7,4,ADD,15920.0,Latavius Murray,0.0,7.0,2023-10-18
2023,7,f276cc77-1d04-4470-892a-a6faaafafa9c,087328bb-55e4-44f3-a770-2567df5f1935,WAIVER,EXECUTED,7,4,DROP,3046439.0,Hunter Henry,7.0,0.0,2023-10-18
2023,7,e7c400e3-e8aa-40b4-90b1-52418b468ae1,5ee7f69f-7321-48c1-92c7-a5612bc5056d,WAIVER,CANCELED,5,0,ADD,4240600.0,Kadarius Toney,0.0,5.0,2023-10-17
2023,7,e7c400e3-e8aa-40b4-90b1-52418b468ae1,5ee7f69f-7321-48c1-92c7-a5612bc5056d,WAIVER,CANCELED,5,0,DROP,4686472.0,Marvin Mims Jr.,5.0,0.0,2023-10-17
2023,7,ca1fc70e-9731-4a9e-9e71-f49394934abc,,FREEAGENT,EXECUTED,8,0,ADD,2980453.0,Jamaal Williams,0.0,8.0,2023-10-18
2023,7,ca1fc70e-9731-4a9e-9e71-f49394934abc,,FREEAGENT,EXECUTED,8,0,DROP,-16021.0,Eagles D/ST,8.0,0.0,2023-10-18
2023,7,effda712-c2df-422f-be64-cb18041d9a0b,,TRADE_PROPOSAL,PENDING,3,0,TRADE,4242335.0,Jonathan Taylor,10.0,3.0,2023-10-17
2023,7,effda712-c2df-422f-be64-cb18041d9a0b,,TRADE_PROPOSAL,PENDING,3,0,TRADE,3916387.0,Lamar Jackson,3.0,10.0,2023-10-17
2023,8,8c8176f8-86c3-4442-b175-53c0cb998fc3,,FREEAGENT,EXECUTED,5,0,ADD,4032473.0,Rashid Shaheed,0.0,5.0,2023-10-29
2023,8,8c8176f8-86c3-4442-b175-53c0cb998fc3,,FREEAGENT,EXECUTED,5,0,DROP,4036335.0,Cedrick Wilson Jr.,5.0,0.0,2023-10-29
2023,8,af12ad2f-6f28-4949-aa9a-17219ffa7824,b7ffb39c-9283-4c1e-92ff-ce6c85720ab0,TRADE_PROPOSAL,CANCELED,1,0,TRADE,3915511.0,Joe Burrow,1.0,10.0,2023-10-25
2023,8,af12ad2f-6f28-4949-aa9a-17219ffa7824,b7ffb39c-9283-4c1e-92ff-ce6c85720ab0,TRADE_PROPOSAL,CANCELED,1,0,TRADE,4360438.0,Brandon Aiyuk,10.0,1.0,2023-10-25
2023,8,893a24f7-c449-44c1-b0f8-d79006a7829c,,ROSTER,EXECUTED,5,0,DROP,4240600.0,Kadarius Toney,5.0,0.0,2023-10-24
2023,8,2ff5c315-1bb6-4c2d-929b-8cd1ef79aad9,,TRADE_PROPOSAL,PENDING,10,0,TRADE,4038941.0,Justin Herbert,12.0,10.0,2023-10-30
2023,8,2ff5c315-1bb6-4c2d-929b-8cd1ef79aad9,,TRADE_PROPOSAL,PENDING,10,0,TRADE,3116385.0,Joe Mixon,12.0,10.0,2023-10-30
2023,8,2ff5c315-1bb6-4c2d-929b-8cd1ef79aad9,,TRADE_PROPOSAL,PENDING,10,0,TRADE,4426515.0,Puka Nacua,10.0,12.0,2023-10-30
2023,8,2ff5c315-1bb6-4c2d-929b-8cd1ef79aad9,,TRADE_PROPOSAL,PENDING,10,0,TRADE,16757.0,Derek Carr,10.0,12.0,2023-10-30
2023,8,a6fddf23-c7a5-4c22-986b-a6d4c29f77e0,a031f91b-ae28-4a69-b981-9214dd633557,WAIVER,FAILED_INVALIDPLAYERSOURCE,7,4,ADD,4040761.0,Devin Singletary,0.0,7.0,2023-10-25
2023,8,0d6c1706-b9f8-42b7-a3eb-04f35b65e66a,,FREEAGENT,EXECUTED,7,0,ADD,4426385.0,Zach Charbonnet,0.0,7.0,2023-10-27
2023,8,0d6c1706-b9f8-42b7-a3eb-04f35b65e66a,,FREEAGENT,EXECUTED,7,0,DROP,3122672.0,Royce Freeman,7.0,0.0,2023-10-27
2023,8,66804ba2-7300-4ffe-a986-a536da92f64d,95fd4132-89fe-4cae-b4a3-8f6c8990b83d,TRADE_DECLINE,EXECUTED,12,0,,,,,,2023-10-25
2023,8,3d071f18-68bd-4454-a353-90ef4868ac35,,TRADE_PROPOSAL,PENDING,10,0,TRADE,4428557.0,Tyjae Spears,13.0,10.0,2023-10-24
2023,8,3d071f18-68bd-4454-a353-90ef4868ac35,,TRADE_PROPOSAL,PENDING,10,0,TRADE,4429160.0,De'Von Achane,13.0,10.0,2023-10-24
2023,8,3d071f18-68bd-4454-a353-90ef4868ac35,,TRADE_PROPOSAL,PENDING,10,0,TRADE,3932905.0,Diontae Johnson,10.0,13.0,2023-10-24
2023,8,3d071f18-68bd-4454-a353-90ef4868ac35,,TRADE_PROPOSAL,PENDING,10,0,TRADE,4035676.0,Zack Moss,10.0,13.0,2023-10-24
2023,8,6602ac90-9cec-4041-90a0-2ef0c20233f3,97ac6949-ce56-46ac-8317-3f9f6ceeaf06,TRADE_DECLINE,EXECUTED,14,0,,,,,,2023-10-24
2023,8,db8123c1-9211-46c4-951b-6100c2b848c6,,FREEAGENT,EXECUTED,8,0,ADD,16731.0,Brandin Cooks,0.0,8.0,2023-10-26
2023,8,db8123c1-9211-46c4-951b-6100c2b848c6,,FREEAGENT,EXECUTED,8,0,DROP,4371733.0,Kenneth Gainwell,8.0,0.0,2023-10-26
2023,8,27c233ed-68e3-46ff-b3c3-7f8c1b8660ed,,FREEAGENT,EXECUTED,13,0,ADD,4692590.0,Jalin Hyatt,0.0,13.0,2023-10-29
2023,8,27c233ed-68e3-46ff-b3c3-7f8c1b8660ed,,FREEAGENT,EXECUTED,13,0,DROP,12483.0,Matthew Stafford,13.0,0.0,2023-10-29
2023,8,46072750-d452-4737-be02-3aa9a95eaf41,a5f2c293-d88a-4937-9f89-deb572d16078,TRADE_DECLINE,EXECUTED,1,0,,,,,,2023-10-25
2023,8,826b7166-af4f-49fb-9ad9-747f888bf4e4,fb2ad1eb-0592-47ba-b50b-cbbf23ff3b49,TRADE_UPHOLD,EXECUTED,1,0,,,,,,2023-10-24
2023,8,0b400098-ba72-45f8-ab3e-30a712b35bfb,cbb56939-2cc6-49d8-af7c-f3c23cdce74c,TRADE_DECLINE,EXECUTED,3,0,,,,,,2023-10-24
2023,8,bf3eaca9-12a8-4d6c-94f0-39c4b8afbed0,,TRADE_PROPOSAL,PENDING,10,0,TRADE,3918298.0,Josh Allen,2.0,10.0,2023-10-30
2023,8,bf3eaca9-12a8-4d6c-94f0-39c4b8afbed0,,TRADE_PROPOSAL,PENDING,10,0,TRADE,4426515.0,Puka Nacua,10.0,2.0,2023-10-30
2023,8,bf3eaca9-12a8-4d6c-94f0-39c4b8afbed0,,TRADE_PROPOSAL,PENDING,10,0,TRADE,16757.0,Derek Carr,10.0,2.0,2023-10-30
2023,8,ad527baf-86e0-47ce-ac95-f9049f7eae36,70fb9b0e-2c61-4783-8ad0-f8cd8b3a4f92,WAIVER,EXECUTED,7,3,ADD,-16026.0,Seahawks D/ST,0.0,7.0,2023-10-26
2023,8,ad527baf-86e0-47ce-ac95-f9049f7eae36,70fb9b0e-2c61-4783-8ad0-f8cd8b3a4f92,WAIVER,EXECUTED,7,3,DROP,-16018.0,Saints D/ST,7.0,0.0,2023-10-26
2023,8,e64353bf-4c63-4961-ae1e-fbba7aebd335,,FREEAGENT,EXECUTED,10,0,ADD,3115364.0,Leonard Fournette,0.0,10.0,2023-10-30
2023,8,2bf54bb5-bafc-4b66-8a8f-f8190a28d602,08c71228-7491-4bd7-9bad-717bbb15d3c6,TRADE_UPHOLD,EXECUTED,1,0,,,,,,2023-10-24
2023,8,aba10b92-27d8-4229-98a8-b8b910ca4898,,FREEAGENT,EXECUTED,14,0,ADD,2577417.0,Dak Prescott,0.0,14.0,2023-10-26
2023,8,fdb790c5-3927-4e32-8654-c7f7a81c4f57,97b930db-ec89-462b-8d83-82fe561f4539,TRADE_PROPOSAL,CANCELED,8,0,TRADE,3046779.0,Jared Goff,1.0,8.0,2023-10-30
2023,8,fdb790c5-3927-4e32-8654-c7f7a81c4f57,97b930db-ec89-462b-8d83-82fe561f4539,TRADE_PROPOSAL,CANCELED,8,0,TRADE,4385690.0,Dalton Kincaid,8.0,1.0,2023-10-30
2023,8,b14cbd46-586e-441c-a699-1d7efd3c3838,690ffb74-35dd-436a-8bb5-d50c144b3993,TRADE_DECLINE,EXECUTED,2,0,,,,,,2023-10-30
2023,8,ec3871b2-bdac-47aa-95a0-fe8d34d196e8,,TRADE_PROPOSAL,PENDING,10,0,TRADE,4239996.0,Travis Etienne Jr.,6.0,10.0,2023-10-30
2023,8,ec3871b2-bdac-47aa-95a0-fe8d34d196e8,,TRADE_PROPOSAL,PENDING,10,0,TRADE,4426515.0,Puka Nacua,10.0,6.0,2023-10-30
2023,8,e5662b4a-8de5-4432-9b57-939b7148096c,ee14978d-6285-4284-960e-6d1c7cc6d8f7,TRADE_DECLINE,EXECUTED,2,0,,,,,,2023-10-25
2023,8,a440a5cc-588e-4b48-8763-90af9016cd06,d294147d-8493-4c19-a8a8-90947cb5bb7c,TRADE_PROPOSAL,CANCELED,8,0,TRADE,4385690.0,Dalton Kincaid,8.0,14.0,2023-10-27
2023,8,a440a5cc-588e-4b48-8763-90af9016cd06,d294147d-8493-4c19-a8a8-90947cb5bb7c,TRADE_PROPOSAL,CANCELED,8,0,TRADE,3059915.0,Kareem Hunt,14.0,8.0,2023-10-27
2023,8,9ba71890-8bf4-4bca-82b7-846985cadc8f,dd7cfe7f-7007-4c3a-b614-f912206a9be8,TRADE_PROPOSAL,CANCELED,14,0,TRADE,4039359.0,Darrell Henderson Jr.,14.0,10.0,2023-10-24
2023,8,9ba71890-8bf4-4bca-82b7-846985cadc8f,dd7cfe7f-7007-4c3a-b614-f912206a9be8,TRADE_PROPOSAL,CANCELED,14,0,TRADE,4047365.0,Josh Jacobs,14.0,10.0,2023-10-24
2023,8,9ba71890-8bf4-4bca-82b7-846985cadc8f,dd7cfe7f-7007-4c3a-b614-f912206a9be8,TRADE_PROPOSAL,CANCELED,14,0,TRADE,4426515.0,Puka Nacua,10.0,14.0,2023-10-24
2023,8,a08d44dd-8aae-4bda-837d-11ebf96c5c77,3d071f18-68bd-4454-a353-90ef4868ac35,TRADE_PROPOSAL,CANCELED,10,0,TRADE,4428557.0,Tyjae Spears,13.0,10.0,2023-10-24
2023,8,a08d44dd-8aae-4bda-837d-11ebf96c5c77,3d071f18-68bd-4454-a353-90ef4868ac35,TRADE_PROPOSAL,CANCELED,10,0,TRADE,4429160.0,De'Von Achane,13.0,10.0,2023-10-24
2023,8,a08d44dd-8aae-4bda-837d-11ebf96c5c77,3d071f18-68bd-4454-a353-90ef4868ac35,TRADE_PROPOSAL,CANCELED,10,0,TRADE,3932905.0,Diontae Johnson,10.0,13.0,2023-10-24
2023,8,a08d44dd-8aae-4bda-837d-11ebf96c5c77,3d071f18-68bd-4454-a353-90ef4868ac35,TRADE_PROPOSAL,CANCELED,10,0,TRADE,4035676.0,Zack Moss,10.0,13.0,2023-10-24
2023,8,b7ffb39c-9283-4c1e-92ff-ce6c85720ab0,,TRADE_PROPOSAL,PENDING,1,0,TRADE,3915511.0,Joe Burrow,1.0,10.0,2023-10-24
2023,8,b7ffb39c-9283-4c1e-92ff-ce6c85720ab0,,TRADE_PROPOSAL,PENDING,1,0,TRADE,4360438.0,Brandon Aiyuk,10.0,1.0,2023-10-24
2023,8,13e7930d-4ae0-4298-9baf-6a5d42a76fff,fac6cc88-e4f9-4c3d-b433-6daa13085b29,WAIVER,EXECUTED,14,8,ADD,-16021.0,Eagles D/ST,0.0,14.0,2023-10-25
2023,8,13e7930d-4ae0-4298-9baf-6a5d42a76fff,fac6cc88-e4f9-4c3d-b433-6daa13085b29,WAIVER,EXECUTED,14,8,DROP,-16026.0,Seahawks D/ST,14.0,0.0,2023-10-25
2023,8,5cbf8174-dc4b-40bd-9893-b418ff39cc59,2189e9b5-b53b-46b4-83d6-35d6aded94a3,TRADE_PROPOSAL,CANCELED,10,0,TRADE,4360438.0,Brandon Aiyuk,10.0,3.0,2023-10-25
2023,8,5cbf8174-dc4b-40bd-9893-b418ff39cc59,2189e9b5-b53b-46b4-83d6-35d6aded94a3,TRADE_PROPOSAL,CANCELED,10,0,TRADE,3916387.0,Lamar Jackson,3.0,10.0,2023-10-25
2023,8,acf9e917-8fa1-441f-a8ff-a47315f26780,c86a509b-293b-4143-b67a-bceb1c66583f,WAIVER,EXECUTED,8,15,ADD,4385690.0,Dalton Kincaid,0.0,8.0,2023-10-25
2023,8,d028e05f-3aad-43c3-bc66-b2625b62e8ca,28c4e863-bb42-4776-b7fd-4cb45a73848c,WAIVER,FAILED_INVALIDPLAYERSOURCE,7,4,ADD,-16021.0,Eagles D/ST,0.0,7.0,2023-10-25
2023,8,856fece9-ed3d-48a4-b48f-2bf7c0deb109,,ROSTER,EXECUTED,3,0,DROP,4360294.0,Antonio Gibson,3.0,0.0,2023-10-24
2023,8,3211479e-4bf9-472b-ac5d-88d6ae5531b5,,FREEAGENT,EXECUTED,7,0,ADD,4429025.0,Quentin Johnston,0.0,7.0,2023-10-28
2023,8,3211479e-4bf9-472b-ac5d-88d6ae5531b5,,FREEAGENT,EXECUTED,7,0,DROP,4249836.0,Pierre Strong Jr.,7.0,0.0,2023-10-28
2023,8,8c16a1d0-fa65-4c56-8ff7-0cc6dbe9ea11,,ROSTER,EXECUTED,10,0,DROP,4362087.0,Keaontay Ingram,10.0,0.0,2023-10-24
2023,8,90e9dabb-1c88-46a9-bd3d-324770241337,7b90dbd8-5e44-4254-96f1-9bd54b5bd617,WAIVER,FAILED_INVALIDPLAYERSOURCE,7,4,ADD,-16020.0,Jets D/ST,0.0,7.0,2023-10-25
2023,8,1c409cf7-69bf-416f-a381-d3ef54645ec1,19efcc93-a550-4f56-88a2-f582ee49668d,TRADE_DECLINE,EXECUTED,14,0,,,,,,2023-10-24
2023,8,dd7cfe7f-7007-4c3a-b614-f912206a9be8,,TRADE_PROPOSAL,PENDING,14,0,TRADE,4039359.0,Darrell Henderson Jr.,14.0,10.0,2023-10-24
2023,8,dd7cfe7f-7007-4c3a-b614-f912206a9be8,,TRADE_PROPOSAL,PENDING,14,0,TRADE,4047365.0,Josh Jacobs,14.0,10.0,2023-10-24
2023,8,dd7cfe7f-7007-4c3a-b614-f912206a9be8,,TRADE_PROPOSAL,PENDING,14,0,TRADE,4426515.0,Puka Nacua,10.0,14.0,2023-10-24
2023,8,9030aadd-a3e4-4e43-9b84-9bfae1391782,,FREEAGENT,EXECUTED,4,0,ADD,-16034.0,Texans D/ST,0.0,4.0,2023-10-26
2023,8,9030aadd-a3e4-4e43-9b84-9bfae1391782,,FREEAGENT,EXECUTED,4,0,DROP,-16011.0,Colts D/ST,4.0,0.0,2023-10-26
2023,8,f482db27-303f-4eb3-93bb-b347aaa5f3cf,,ROSTER,EXECUTED,5,0,DROP,-16013.0,Raiders D/ST,5.0,0.0,2023-10-24
2023,8,a80e902f-8b31-48f0-81ca-3b6286f9a177,cd219c4c-4f6c-40c5-be66-9f24f7ab20af,TRADE_UPHOLD,EXECUTED,1,0,,,,,,2023-10-25
2023,8,b5ca30a4-8875-4103-9f11-2eade251615d,ec724b78-aa77-47f4-911a-cafa6a3273f5,WAIVER,FAILED_INVALIDPLAYERSOURCE,13,3,ADD,4249836.0,Pierre Strong Jr.,0.0,13.0,2023-10-25
2023,8,b5ca30a4-8875-4103-9f11-2eade251615d,ec724b78-aa77-47f4-911a-cafa6a3273f5,WAIVER,FAILED_INVALIDPLAYERSOURCE,13,3,DROP,4596334.0,Keaton Mitchell,13.0,0.0,2023-10-25
2023,8,8981c9a2-056e-4c59-b44e-a3f0014674d5,,FREEAGENT,EXECUTED,5,0,ADD,3059722.0,Zay Jones,0.0,5.0,2023-10-25
2023,8,e1c4e3d6-ed20-4928-9469-b81a6f010b21,3bbd944b-88d3-4077-8eff-a9cdb8af7f8f,TRADE_PROPOSAL,CANCELED,1,0,TRADE,3915511.0,Joe Burrow,1.0,10.0,2023-10-24
2023,8,e1c4e3d6-ed20-4928-9469-b81a6f010b21,3bbd944b-88d3-4077-8eff-a9cdb8af7f8f,TRADE_PROPOSAL,CANCELED,1,0,TRADE,4360438.0,Brandon Aiyuk,10.0,1.0,2023-10-24
2023,8,401bb541-8cb4-4836-87aa-4c57f0d0975a,,FREEAGENT,EXECUTED,12,0,ADD,-16001.0,Falcons D/ST,0.0,12.0,2023-10-26
2023,8,401bb541-8cb4-4836-87aa-4c57f0d0975a,,FREEAGENT,EXECUTED,12,0,DROP,-16019.0,Giants D/ST,12.0,0.0,2023-10-26
2023,8,79f4bb36-15b6-455a-a90a-244b65c3b8e7,061caff0-d3ac-4664-9be7-6bdce23dee22,WAIVER,EXECUTED,13,2,ADD,4036378.0,Jordan Love,0.0,13.0,2023-10-25
2023,8,79f4bb36-15b6-455a-a90a-244b65c3b8e7,061caff0-d3ac-4664-9be7-6bdce23dee22,WAIVER,EXECUTED,13,2,DROP,4241555.0,Elijah Mitchell,13.0,0.0,2023-10-25
2023,8,86d8bec1-48cd-423a-8d1d-588ee578d32f,dd8e5c83-970d-457f-bde9-3f4e2343ec98,TRADE_DECLINE,EXECUTED,3,0,,,,,,2023-10-24
2023,8,ff28815c-574e-4ccc-91dc-c9baaa535899,7d042951-217b-4432-9381-7bf468e3d4f8,TRADE_DECLINE,EXECUTED,5,0,,,,,,2023-10-26
2023,8,3e5f89f5-68e9-4561-ac4f-abe6e89d0743,,ROSTER,EXECUTED,7,0,DROP,4429086.0,Michael Mayer,7.0,0.0,2023-10-24
2023,8,e00abea6-4c1b-44b3-b7c2-5b0f4db6b32b,3d071f18-68bd-4454-a353-90ef4868ac35,TRADE_DECLINE,EXECUTED,13,0,,,,,,2023-10-24
2023,8,2f32a058-a55c-4491-9c49-4db3eaaff022,a9435813-9c2c-47e5-bc28-8407af1813b9,TRADE_DECLINE,EXECUTED,7,0,,,,,,2023-10-24
2023,8,57d66ee0-87ea-4450-8fc7-431713e22540,3f0dd54c-28d8-4e89-b8b4-1ab8274f5dd3,WAIVER,EXECUTED,8,14,ADD,-16020.0,Jets D/ST,0.0,8.0,2023-10-25
2023,8,57d66ee0-87ea-4450-8fc7-431713e22540,3f0dd54c-28d8-4e89-b8b4-1ab8274f5dd3,WAIVER,EXECUTED,8,14,DROP,-16027.0,Buccaneers D/ST,8.0,0.0,2023-10-25
2023,8,5418101c-eb17-4c83-a441-474702b9c165,dc0a8bc8-09d9-4d0b-bd88-11317a0a0caf,TRADE_DECLINE,EXECUTED,2,0,,,,,,2023-10-24
2023,8,c19ab6dc-f8bc-49fc-b279-3d1e82873997,e900edea-507c-431b-93e3-2dd2b876894a,TRADE_PROPOSAL,CANCELED,1,0,TRADE,3915511.0,Joe Burrow,1.0,6.0,2023-10-24
2023,8,c19ab6dc-f8bc-49fc-b279-3d1e82873997,e900edea-507c-431b-93e3-2dd2b876894a,TRADE_PROPOSAL,CANCELED,1,0,TRADE,4429615.0,Zay Flowers,6.0,1.0,2023-10-24
2023,8,cf1cd59f-8cd4-469f-9a23-1490026f405d,8d3a55ed-7f29-4cf1-bfed-4d809aa8c10b,WAIVER,FAILED_ROSTERLIMIT,7,2,ADD,-16015.0,Dolphins D/ST,0.0,7.0,2023-10-25
2023,8,1e130c59-d930-47ab-b750-30016b4046f5,,FREEAGENT,EXECUTED,12,0,ADD,3045144.0,Tyler Boyd,0.0,12.0,2023-10-25
2023,8,1e130c59-d930-47ab-b750-30016b4046f5,,FREEAGENT,EXECUTED,12,0,DROP,4685035.0,Zach Evans,12.0,0.0,2023-10-25
2023,8,60be3a6e-29c8-48a9-9eba-4aa1fb092bfe,ec3871b2-bdac-47aa-95a0-fe8d34d196e8,TRADE_PROPOSAL,CANCELED,10,0,TRADE,4239996.0,Travis Etienne Jr.,6.0,10.0,2023-10-31
2023,8,60be3a6e-29c8-48a9-9eba-4aa1fb092bfe,ec3871b2-bdac-47aa-95a0-fe8d34d196e8,TRADE_PROPOSAL,CANCELED,10,0,TRADE,4426515.0,Puka Nacua,10.0,6.0,2023-10-31
2023,8,21e951a0-38df-46e2-ae0b-785091529156,95fd4132-89fe-4cae-b4a3-8f6c8990b83d,TRADE_PROPOSAL,CANCELED,10,0,TRADE,4427366.0,Breece Hall,12.0,10.0,2023-10-25
2023,8,21e951a0-38df-46e2-ae0b-785091529156,95fd4132-89fe-4cae-b4a3-8f6c8990b83d,TRADE_PROPOSAL,CANCELED,10,0,TRADE,4239993.0,Tee Higgins,12.0,10.0,2023-10-25
2023,8,21e951a0-38df-46e2-ae0b-785091529156,95fd4132-89fe-4cae-b4a3-8f6c8990b83d,TRADE_PROPOSAL,CANCELED,10,0,TRADE,4241389.0,CeeDee Lamb,10.0,12.0,2023-10-25
2023,8,3bbd944b-88d3-4077-8eff-a9cdb8af7f8f,,TRADE_PROPOSAL,PENDING,1,0,TRADE,3915511.0,Joe Burrow,1.0,10.0,2023-10-24
2023,8,3bbd944b-88d3-4077-8eff-a9cdb8af7f8f,,TRADE_PROPOSAL,PENDING,1,0,TRADE,4360438.0,Brandon Aiyuk,10.0,1.0,2023-10-24
2023,8,c6a74d43-0ade-4337-8a28-0ed7b0dec2ef,,TRADE_PROPOSAL,PENDING,10,0,TRADE,4428557.0,Tyjae Spears,13.0,10.0,2023-10-26
2023,8,c6a74d43-0ade-4337-8a28-0ed7b0dec2ef,,TRADE_PROPOSAL,PENDING,10,0,TRADE,3925357.0,Calvin Ridley,13.0,10.0,2023-10-26
2023,8,c6a74d43-0ade-4337-8a28-0ed7b0dec2ef,,TRADE_PROPOSAL,PENDING,10,0,TRADE,3932905.0,Diontae Johnson,10.0,13.0,2023-10-26
2023,8,86c02f47-8a5a-42d1-88f7-bb6bc3e8cf2b,,FREEAGENT,EXECUTED,3,0,ADD,16782.0,Jerick McKinnon,0.0,3.0,2023-10-29
2023,8,56110f88-e687-49d3-951b-3bd8b1fc5eae,ea18473f-283d-443b-8ccd-94d9417e2bd3,WAIVER,CANCELED,8,0,ADD,4040761.0,Devin Singletary,0.0,8.0,2023-10-24
2023,8,a8419627-e12a-4c9a-8fb9-08dcd1c8663b,b4b6dd93-2724-40b9-87da-46fa52bdb095,WAIVER,EXECUTED,8,11,ADD,4040761.0,Devin Singletary,0.0,8.0,2023-10-25
2023,8,a8419627-e12a-4c9a-8fb9-08dcd1c8663b,b4b6dd93-2724-40b9-87da-46fa52bdb095,WAIVER,EXECUTED,8,11,DROP,15864.0,Geno Smith,8.0,0.0,2023-10-25
2023,8,bb13720b-bdd3-41f5-94ab-28270ca4847b,0b0142b1-014f-44d4-b52e-ad9370ac3727,WAIVER,FAILED_INVALIDPLAYERSOURCE,13,6,ADD,4385690.0,Dalton Kincaid,0.0,13.0,2023-10-25
2023,8,bb13720b-bdd3-41f5-94ab-28270ca4847b,0b0142b1-014f-44d4-b52e-ad9370ac3727,WAIVER,FAILED_INVALIDPLAYERSOURCE,13,6,DROP,4242355.0,Jake Ferguson,13.0,0.0,2023-10-25
2023,8,098f386c-1781-47ad-ba1c-098ebc739d87,c6a74d43-0ade-4337-8a28-0ed7b0dec2ef,TRADE_PROPOSAL,CANCELED,10,0,TRADE,4428557.0,Tyjae Spears,13.0,10.0,2023-10-27
2023,8,098f386c-1781-47ad-ba1c-098ebc739d87,c6a74d43-0ade-4337-8a28-0ed7b0dec2ef,TRADE_PROPOSAL,CANCELED,10,0,TRADE,3925357.0,Calvin Ridley,13.0,10.0,2023-10-27
2023,8,098f386c-1781-47ad-ba1c-098ebc739d87,c6a74d43-0ade-4337-8a28-0ed7b0dec2ef,TRADE_PROPOSAL,CANCELED,10,0,TRADE,3932905.0,Diontae Johnson,10.0,13.0,2023-10-27
2023,8,70c70df0-d2fa-404f-93a1-4ab8b405b5d7,fb2ad1eb-0592-47ba-b50b-cbbf23ff3b49,TRADE_ACCEPT,,3,0,,,,,,2023-10-24
2023,8,4f14a720-5d63-412f-949f-79a6f525f8b7,,ROSTER,EXECUTED,8,0,DROP,3122840.0,Deshaun Watson,8.0,0.0,2023-10-24
2023,8,2189e9b5-b53b-46b4-83d6-35d6aded94a3,,TRADE_PROPOSAL,PENDING,10,0,TRADE,4360438.0,Brandon Aiyuk,10.0,3.0,2023-10-25
2023,8,2189e9b5-b53b-46b4-83d6-35d6aded94a3,,TRADE_PROPOSAL,PENDING,10,0,TRADE,3916387.0,Lamar Jackson,3.0,10.0,2023-10-25
2023,8,0c777d5d-609e-423f-aaed-2878214d7aa9,8ed6da96-c96b-455c-893f-157b91f3aa22,TRADE_PROPOSAL,CANCELED,13,0,TRADE,3915511.0,Joe Burrow,1.0,13.0,2023-10-24
2023,8,0c777d5d-609e-423f-aaed-2878214d7aa9,8ed6da96-c96b-455c-893f-157b91f3aa22,TRADE_PROPOSAL,CANCELED,13,0,TRADE,4361370.0,Chris Olave,13.0,1.0,2023-10-24
2023,8,e7536f9e-0d3c-4dd6-916d-1480097bec6b,08c71228-7491-4bd7-9bad-717bbb15d3c6,TRADE_ACCEPT,,14,0,,,,,,2023-10-24
2023,8,8aaf7e73-9e9c-4f4c-a771-36e3e0ac4bcb,aa785ae8-21ec-44eb-b781-7bd24fd529ac,WAIVER,FAILED_ROSTERLIMIT,8,4,ADD,16731.0,Brandin Cooks,0.0,8.0,2023-10-25
2023,8,2ec74be8-e21f-49d0-ba80-c2eb6d0bb996,e3e29aa5-1e18-44ee-b838-2a6aedaaab35,WAIVER,EXECUTED,5,4,ADD,4432577.0,C.J. Stroud,0.0,5.0,2023-10-25
2023,8,4b996a13-ede5-4ac6-b633-36d41df65ddc,bf3eaca9-12a8-4d6c-94f0-39c4b8afbed0,TRADE_PROPOSAL,CANCELED,10,0,TRADE,3918298.0,Josh Allen,2.0,10.0,2023-10-31
2023,8,4b996a13-ede5-4ac6-b633-36d41df65ddc,bf3eaca9-12a8-4d6c-94f0-39c4b8afbed0,TRADE_PROPOSAL,CANCELED,10,0,TRADE,4426515.0,Puka Nacua,10.0,2.0,2023-10-31
2023,8,4b996a13-ede5-4ac6-b633-36d41df65ddc,bf3eaca9-12a8-4d6c-94f0-39c4b8afbed0,TRADE_PROPOSAL,CANCELED,10,0,TRADE,16757.0,Derek Carr,10.0,2.0,2023-10-31
2023,8,852d6816-cda7-47e2-83a6-6a8e099c7690,,FREEAGENT,EXECUTED,5,0,ADD,4361409.0,Jahan Dotson,0.0,5.0,2023-10-27
2023,8,852d6816-cda7-47e2-83a6-6a8e099c7690,,FREEAGENT,EXECUTED,5,0,DROP,3059722.0,Zay Jones,5.0,0.0,2023-10-27
2023,8,9fac83b9-a863-4171-b030-3ccda9c89dd7,a2b35436-a771-492b-a663-64e9e7dc0159,WAIVER,FAILED_INVALIDPLAYERSOURCE,12,1,ADD,4385690.0,Dalton Kincaid,0.0,12.0,2023-10-25
2023,8,9fac83b9-a863-4171-b030-3ccda9c89dd7,a2b35436-a771-492b-a663-64e9e7dc0159,WAIVER,FAILED_INVALIDPLAYERSOURCE,12,1,DROP,4685035.0,Zach Evans,12.0,0.0,2023-10-25
2023,8,921c8765-3f96-4e67-8ce6-d3608ae51861,de7b2b26-f58e-4ab4-9d38-a2a5834599b0,WAIVER,FAILED_PLAYERALREADYDROPPED,8,9,ADD,-16021.0,Eagles D/ST,0.0,8.0,2023-10-25
2023,8,921c8765-3f96-4e67-8ce6-d3608ae51861,de7b2b26-f58e-4ab4-9d38-a2a5834599b0,WAIVER,FAILED_PLAYERALREADYDROPPED,8,9,DROP,-16027.0,Buccaneers D/ST,8.0,0.0,2023-10-25
2023,8,95fd4132-89fe-4cae-b4a3-8f6c8990b83d,,TRADE_PROPOSAL,PENDING,10,0,TRADE,4427366.0,Breece Hall,12.0,10.0,2023-10-24
2023,8,95fd4132-89fe-4cae-b4a3-8f6c8990b83d,,TRADE_PROPOSAL,PENDING,10,0,TRADE,4239993.0,Tee Higgins,12.0,10.0,2023-10-24
2023,8,95fd4132-89fe-4cae-b4a3-8f6c8990b83d,,TRADE_PROPOSAL,PENDING,10,0,TRADE,4241389.0,CeeDee Lamb,10.0,12.0,2023-10-24
2023,8,3a923a4e-54f1-4624-ab4b-c446c31074e7,cd219c4c-4f6c-40c5-be66-9f24f7ab20af,TRADE_ACCEPT,,1,0,,,,,,2023-10-25
2023,8,76f234c0-f35b-4ef3-8f63-1002dbe6ce50,2ff5c315-1bb6-4c2d-929b-8cd1ef79aad9,TRADE_PROPOSAL,CANCELED,10,0,TRADE,4038941.0,Justin Herbert,12.0,10.0,2023-10-31
2023,8,76f234c0-f35b-4ef3-8f63-1002dbe6ce50,2ff5c315-1bb6-4c2d-929b-8cd1ef79aad9,TRADE_PROPOSAL,CANCELED,10,0,TRADE,3116385.0,Joe Mixon,12.0,10.0,2023-10-31
2023,8,76f234c0-f35b-4ef3-8f63-1002dbe6ce50,2ff5c315-1bb6-4c2d-929b-8cd1ef79aad9,TRADE_PROPOSAL,CANCELED,10,0,TRADE,4426515.0,Puka Nacua,10.0,12.0,2023-10-31
2023,8,76f234c0-f35b-4ef3-8f63-1002dbe6ce50,2ff5c315-1bb6-4c2d-929b-8cd1ef79aad9,TRADE_PROPOSAL,CANCELED,10,0,TRADE,16757.0,Derek Carr,10.0,12.0,2023-10-31
2023,8,bdd83f70-f7a6-4fdd-838c-87836c52bc48,,FREEAGENT,EXECUTED,5,0,ADD,4036335.0,Cedrick Wilson Jr.,0.0,5.0,2023-10-27
2023,8,bdd83f70-f7a6-4fdd-838c-87836c52bc48,,FREEAGENT,EXECUTED,5,0,DROP,4428085.0,Luke Musgrave,5.0,0.0,2023-10-27
2023,8,a7b893b5-282b-4e65-a79e-e0ded0595bba,6302dd00-b3d0-429c-bef2-8bc4259aecfd,WAIVER,EXECUTED,7,4,ADD,4249836.0,Pierre Strong Jr.,0.0,7.0,2023-10-25
2023,8,93542950-0750-4309-9c44-d2fb839e290c,bafe1ca0-4d61-47f5-9b2f-853213b1b00a,WAIVER,FAILED_INVALIDPLAYERSOURCE,14,8,ADD,4385690.0,Dalton Kincaid,0.0,14.0,2023-10-25
2023,8,93542950-0750-4309-9c44-d2fb839e290c,bafe1ca0-4d61-47f5-9b2f-853213b1b00a,WAIVER,FAILED_INVALIDPLAYERSOURCE,14,8,DROP,3054212.0,Jonnu Smith,14.0,0.0,2023-10-25
2023,9,448e19b6-0641-4f3b-a7a8-c23d4d326252,,FREEAGENT,EXECUTED,8,0,ADD,-16024.0,Chargers D/ST,0.0,8.0,2023-11-01
2023,9,448e19b6-0641-4f3b-a7a8-c23d4d326252,,FREEAGENT,EXECUTED,8,0,DROP,2980453.0,Jamaal Williams,8.0,0.0,2023-11-01
2023,9,211b747a-a565-49ba-b824-7e7f1690c2e6,080b7fab-4313-449c-aa00-9eb747d56845,WAIVER,CANCELED,3,0,ADD,3916566.0,K.J. Osborn,0.0,3.0,2023-11-03
2023,9,1ebe73ca-dc93-4048-81c5-30af3391f251,,FREEAGENT,EXECUTED,14,0,ADD,2468609.0,Taysom Hill,0.0,14.0,2023-11-02
2023,9,1ebe73ca-dc93-4048-81c5-30af3391f251,,FREEAGENT,EXECUTED,14,0,DROP,3121427.0,Curtis Samuel,14.0,0.0,2023-11-02
2023,9,77441113-10f7-4301-a330-c72bcdd00b5c,,FREEAGENT,EXECUTED,4,0,ADD,-16021.0,Eagles D/ST,0.0,4.0,2023-11-03
2023,9,77441113-10f7-4301-a330-c72bcdd00b5c,,FREEAGENT,EXECUTED,4,0,DROP,-16034.0,Texans D/ST,4.0,0.0,2023-11-03
2023,9,e269aed4-1c57-4cc5-9d96-cd8e7a52e761,,FREEAGENT,EXECUTED,8,0,ADD,4429025.0,Quentin Johnston,0.0,8.0,2023-11-05
2023,9,e269aed4-1c57-4cc5-9d96-cd8e7a52e761,,FREEAGENT,EXECUTED,8,0,DROP,4722893.0,Jaleel McLaughlin,8.0,0.0,2023-11-05
2023,9,25ee3adf-eb8d-4f78-b157-4b31570e01ad,,FREEAGENT,EXECUTED,5,0,ADD,4427095.0,DeMario Douglas,0.0,5.0,2023-11-01
2023,9,25ee3adf-eb8d-4f78-b157-4b31570e01ad,,FREEAGENT,EXECUTED,5,0,DROP,4569587.0,Wan'Dale Robinson,5.0,0.0,2023-11-01
2023,9,562fc46e-5bfe-4d3b-859e-fcf9775a3f8f,,WAIVER,PENDING,10,7,ADD,3123076.0,David Njoku,0.0,10.0,2023-10-31
2023,9,562fc46e-5bfe-4d3b-859e-fcf9775a3f8f,,WAIVER,PENDING,10,7,DROP,3115364.0,Leonard Fournette,10.0,0.0,2023-10-31
2023,9,93db0baa-7d8c-422b-ac8c-d7b7a6093151,,TRADE_PROPOSAL,PENDING,10,0,TRADE,4360438.0,Brandon Aiyuk,10.0,5.0,2023-11-01
2023,9,93db0baa-7d8c-422b-ac8c-d7b7a6093151,,TRADE_PROPOSAL,PENDING,10,0,TRADE,4361529.0,Isiah Pacheco,5.0,10.0,2023-11-01
2023,9,20b338cc-d3bd-48b8-b029-4e0cc9d13809,0e0b1478-ebc0-4a35-aaec-a8ded8014421,WAIVER,EXECUTED,3,2,ADD,2468609.0,Taysom Hill,0.0,3.0,2023-11-05
2023,9,ea72671a-0f2a-45ae-a659-4cbcab931505,3eb4e449-9859-46cd-af59-15eb638670ef,TRADE_PROPOSAL,CANCELED,10,0,TRADE,3932905.0,Diontae Johnson,10.0,8.0,2023-11-07
2023,9,ea72671a-0f2a-45ae-a659-4cbcab931505,3eb4e449-9859-46cd-af59-15eb638670ef,TRADE_PROPOSAL,CANCELED,10,0,TRADE,4569173.0,Rhamondre Stevenson,10.0,8.0,2023-11-07
2023,9,ea72671a-0f2a-45ae-a659-4cbcab931505,3eb4e449-9859-46cd-af59-15eb638670ef,TRADE_PROPOSAL,CANCELED,10,0,TRADE,2976212.0,Stefon Diggs,8.0,10.0,2023-11-07
2023,9,5b8af3bb-8ec9-4c31-8d2d-d1b792598e8c,9c349854-4b1c-491c-8042-2a6670ac3efb,WAIVER,CANCELED,3,0,ADD,3916566.0,K.J. Osborn,0.0,3.0,2023-11-03
2023,9,5b8af3bb-8ec9-4c31-8d2d-d1b792598e8c,9c349854-4b1c-491c-8042-2a6670ac3efb,WAIVER,CANCELED,3,0,DROP,4426485.0,Jonathan Mingo,3.0,0.0,2023-11-03
2023,9,ae08898f-8dd0-48be-8803-245ead227299,d01c0db1-e585-4c40-a7a5-aa4cc0a946b9,TRADE_ACCEPT,,3,0,DROP,3916566.0,K.J. Osborn,3.0,0.0,2023-11-02
2023,9,a8ef7f7a-9f83-4ffd-83aa-a1989786b07b,,FREEAGENT,EXECUTED,6,0,ADD,4360294.0,Antonio Gibson,0.0,6.0,2023-11-02
2023,9,a8ef7f7a-9f83-4ffd-83aa-a1989786b07b,,FREEAGENT,EXECUTED,6,0,DROP,16799.0,Allen Robinson II,6.0,0.0,2023-11-02
2023,9,c9736dbf-9505-4956-9892-04495e241bc5,8a3ac6bb-40d4-4ca9-a2ef-03b078529f1f,TRADE_UPHOLD,EXECUTED,1,0,,,,,,2023-11-03
2023,9,5b3b06e0-5ca3-4ef1-b480-d845e00836c2,,FREEAGENT,EXECUTED,7,0,ADD,3115364.0,Leonard Fournette,0.0,7.0,2023-11-05
2023,9,5b3b06e0-5ca3-4ef1-b480-d845e00836c2,,FREEAGENT,EXECUTED,7,0,DROP,4242433.0,Joshua Palmer,7.0,0.0,2023-11-05
2023,9,61c1b309-1042-4602-ba8e-718810881caa,53dc9cda-f5f2-48f3-8c4e-e43dd7c535c1,WAIVER,EXECUTED,5,3,ADD,-16018.0,Saints D/ST,0.0,5.0,2023-11-01
2023,9,61c1b309-1042-4602-ba8e-718810881caa,53dc9cda-f5f2-48f3-8c4e-e43dd7c535c1,WAIVER,EXECUTED,5,3,DROP,-16012.0,Chiefs D/ST,5.0,0.0,2023-11-01
2023,9,d3ddfb16-b756-4414-a306-6162a5f6d38b,2c45e41f-3b2d-4bb9-aa8f-28acd343ca70,WAIVER,EXECUTED,4,1,ADD,3916566.0,K.J. Osborn,0.0,4.0,2023-11-04
2023,9,d3ddfb16-b756-4414-a306-6162a5f6d38b,2c45e41f-3b2d-4bb9-aa8f-28acd343ca70,WAIVER,EXECUTED,4,1,DROP,4430191.0,Skyy Moore,4.0,0.0,2023-11-04
2023,9,b6c43df9-d4b0-46d4-b521-b44812c93cf7,,FREEAGENT,EXECUTED,7,0,ADD,3123076.0,David Njoku,0.0,7.0,2023-11-01
2023,9,b6c43df9-d4b0-46d4-b521-b44812c93cf7,,FREEAGENT,EXECUTED,7,0,DROP,4427095.0,DeMario Douglas,7.0,0.0,2023-11-01
2023,9,c03773fa-07cb-4e83-bfa8-36f838b49d08,5d36211b-20e3-4922-b2f4-89cd24ac5bc8,WAIVER,FAILED_INVALIDPLAYERSOURCE,1,2,ADD,-16018.0,Saints D/ST,0.0,1.0,2023-11-01
2023,9,c03773fa-07cb-4e83-bfa8-36f838b49d08,5d36211b-20e3-4922-b2f4-89cd24ac5bc8,WAIVER,FAILED_INVALIDPLAYERSOURCE,1,2,DROP,3122976.0,Jeff Wilson Jr.,1.0,0.0,2023-11-01
2023,9,647af7bb-93a0-4f5f-8192-91b100d2df90,4508deaf-6fc1-4f19-8302-86c35acb16b7,TRADE_PROPOSAL,CANCELED,3,0,TRADE,-16033.0,Ravens D/ST,10.0,3.0,2023-11-05
2023,9,647af7bb-93a0-4f5f-8192-91b100d2df90,4508deaf-6fc1-4f19-8302-86c35acb16b7,TRADE_PROPOSAL,CANCELED,3,0,TRADE,-16002.0,Bills D/ST,3.0,10.0,2023-11-05
2023,9,f1cdf222-3e1d-452d-8ae3-25649e069cc9,3bb7bfd3-3cd9-4e78-bae8-d3b61568f04f,TRADE_DECLINE,EXECUTED,10,0,,,,,,2023-11-03
2023,9,533821ea-9cf2-4b41-9092-0043427a9867,e10d17d1-153a-479d-b877-06bb6f9dfc86,WAIVER,EXECUTED,3,2,ADD,2468609.0,Taysom Hill,0.0,3.0,2023-11-01
2023,9,533821ea-9cf2-4b41-9092-0043427a9867,e10d17d1-153a-479d-b877-06bb6f9dfc86,WAIVER,EXECUTED,3,2,DROP,16782.0,Jerick McKinnon,3.0,0.0,2023-11-01
2023,9,f3a2d31b-41ff-46f7-9236-db6cf010955e,,FREEAGENT,EXECUTED,14,0,ADD,-16030.0,Jaguars D/ST,0.0,14.0,2023-11-03
2023,9,f3a2d31b-41ff-46f7-9236-db6cf010955e,,FREEAGENT,EXECUTED,14,0,DROP,2468609.0,Taysom Hill,14.0,0.0,2023-11-03
2023,9,ebd368d6-cc23-4f28-9283-c6f20b23858f,,FREEAGENT,EXECUTED,2,0,ADD,4038524.0,Gardner Minshew,0.0,2.0,2023-11-02
2023,9,ebd368d6-cc23-4f28-9283-c6f20b23858f,,FREEAGENT,EXECUTED,2,0,DROP,-16014.0,Rams D/ST,2.0,0.0,2023-11-02
2023,9,3bb7bfd3-3cd9-4e78-bae8-d3b61568f04f,,TRADE_PROPOSAL,PENDING,6,0,TRADE,3051876.0,Evan Engram,10.0,6.0,2023-11-02
2023,9,3bb7bfd3-3cd9-4e78-bae8-d3b61568f04f,,TRADE_PROPOSAL,PENDING,6,0,TRADE,4241389.0,CeeDee Lamb,10.0,6.0,2023-11-02
2023,9,3bb7bfd3-3cd9-4e78-bae8-d3b61568f04f,,TRADE_PROPOSAL,PENDING,6,0,TRADE,4429795.0,Jahmyr Gibbs,6.0,10.0,2023-11-02
2023,9,3bb7bfd3-3cd9-4e78-bae8-d3b61568f04f,,TRADE_PROPOSAL,PENDING,6,0,TRADE,2576925.0,Darren Waller,6.0,10.0,2023-11-02
2023,9,b2b73892-e2af-41fa-b2ca-62b6e641519a,,FREEAGENT,EXECUTED,7,0,ADD,-16019.0,Giants D/ST,0.0,7.0,2023-11-01
2023,9,b2b73892-e2af-41fa-b2ca-62b6e641519a,,FREEAGENT,EXECUTED,7,0,DROP,-16026.0,Seahawks D/ST,7.0,0.0,2023-11-01
2023,9,0a48fcd6-0fb5-493d-9232-9d190f22623f,,FREEAGENT,EXECUTED,13,0,ADD,-16013.0,Raiders D/ST,0.0,13.0,2023-11-01
2023,9,0a48fcd6-0fb5-493d-9232-9d190f22623f,,FREEAGENT,EXECUTED,13,0,DROP,-16030.0,Jaguars D/ST,13.0,0.0,2023-11-01
2023,9,6db13564-e136-4cb4-832e-77e00907ccbc,5b51121a-0d5d-4fe8-86a5-b4398b5141dd,WAIVER,EXECUTED,8,7,ADD,3052587.0,Baker Mayfield,0.0,8.0,2023-11-01
2023,9,3084743d-8ee9-40e8-a578-9efdf0fefb4e,c0bd15a0-8eba-45f5-9886-0b73c4426c4c,WAIVER,CANCELED,14,0,ADD,4361307.0,Trey McBride,0.0,14.0,2023-10-31
2023,9,3084743d-8ee9-40e8-a578-9efdf0fefb4e,c0bd15a0-8eba-45f5-9886-0b73c4426c4c,WAIVER,CANCELED,14,0,DROP,3054212.0,Jonnu Smith,14.0,0.0,2023-10-31
2023,9,1a2151bb-77bf-4b92-a860-6988212c51cf,6a551247-b81a-4178-b9bb-bb258c637eb6,TRADE_DECLINE,EXECUTED,12,0,,,,,,2023-11-07
2023,9,ba230d0e-1be6-49ba-b86a-bc5912ba3041,cfa5844b-53d9-49aa-87b7-443b0766b385,WAIVER,EXECUTED,10,23,ADD,4361307.0,Trey McBride,0.0,10.0,2023-11-01
2023,9,ba230d0e-1be6-49ba-b86a-bc5912ba3041,cfa5844b-53d9-49aa-87b7-443b0766b385,WAIVER,EXECUTED,10,23,DROP,3115364.0,Leonard Fournette,10.0,0.0,2023-11-01
2023,9,4508deaf-6fc1-4f19-8302-86c35acb16b7,,TRADE_PROPOSAL,PENDING,3,0,TRADE,-16033.0,Ravens D/ST,10.0,3.0,2023-11-03
2023,9,4508deaf-6fc1-4f19-8302-86c35acb16b7,,TRADE_PROPOSAL,PENDING,3,0,TRADE,-16002.0,Bills D/ST,3.0,10.0,2023-11-03
2023,9,3bab2e23-4a2f-4765-8629-816369224c67,,FREEAGENT,EXECUTED,7,0,ADD,4427095.0,DeMario Douglas,0.0,7.0,2023-11-01
2023,9,3bab2e23-4a2f-4765-8629-816369224c67,,FREEAGENT,EXECUTED,7,0,DROP,4429025.0,Quentin Johnston,7.0,0.0,2023-11-01
2023,9,0724e8d6-0178-4abc-b266-6bdce3de3c51,,FREEAGENT,EXECUTED,14,0,ADD,4361418.0,Will Levis,0.0,14.0,2023-11-01
2023,9,0724e8d6-0178-4abc-b266-6bdce3de3c51,,FREEAGENT,EXECUTED,14,0,DROP,3054212.0,Jonnu Smith,14.0,0.0,2023-11-01
2023,9,680e370a-9ca6-496a-b855-5c95e3267907,,FREEAGENT,EXECUTED,6,0,ADD,12483.0,Matthew Stafford,0.0,6.0,2023-11-02
2023,9,680e370a-9ca6-496a-b855-5c95e3267907,,FREEAGENT,EXECUTED,6,0,DROP,3045523.0,Kendrick Bourne,6.0,0.0,2023-11-02
2023,9,d5fd6d7f-4cee-43e4-8ac5-bf0179230ccc,5bb5d17e-dfed-486b-8805-3b4df2ec1864,WAIVER,FAILED_PLAYERALREADYDROPPED,3,2,ADD,4361418.0,Will Levis,0.0,3.0,2023-11-01
2023,9,d5fd6d7f-4cee-43e4-8ac5-bf0179230ccc,5bb5d17e-dfed-486b-8805-3b4df2ec1864,WAIVER,FAILED_PLAYERALREADYDROPPED,3,2,DROP,16782.0,Jerick McKinnon,3.0,0.0,2023-11-01
2023,9,1276f58d-8f9c-4f39-bab9-9bbc23dfab51,,FREEAGENT,EXECUTED,14,0,ADD,-16016.0,Vikings D/ST,0.0,14.0,2023-11-01
2023,9,1276f58d-8f9c-4f39-bab9-9bbc23dfab51,,FREEAGENT,EXECUTED,14,0,DROP,-16021.0,Eagles D/ST,14.0,0.0,2023-11-01
2023,9,89f87d0a-3a18-470b-b5d4-ce8f62515125,,FREEAGENT,EXECUTED,1,0,ADD,-16023.0,Steelers D/ST,0.0,1.0,2023-11-01
2023,9,89f87d0a-3a18-470b-b5d4-ce8f62515125,,FREEAGENT,EXECUTED,1,0,DROP,3122976.0,Jeff Wilson Jr.,1.0,0.0,2023-11-01
2023,9,3eb4e449-9859-46cd-af59-15eb638670ef,,TRADE_PROPOSAL,PENDING,10,0,TRADE,3932905.0,Diontae Johnson,10.0,8.0,2023-11-07
2023,9,3eb4e449-9859-46cd-af59-15eb638670ef,,TRADE_PROPOSAL,PENDING,10,0,TRADE,4569173.0,Rhamondre Stevenson,10.0,8.0,2023-11-07
2023,9,3eb4e449-9859-46cd-af59-15eb638670ef,,TRADE_PROPOSAL,PENDING,10,0,TRADE,2976212.0,Stefon Diggs,8.0,10.0,2023-11-07
2023,9,409bb09f-8ba0-4b3b-a5f3-d8663727a26d,,FREEAGENT,EXECUTED,4,0,ADD,3918639.0,Gerald Everett,0.0,4.0,2023-11-03
2023,9,409bb09f-8ba0-4b3b-a5f3-d8663727a26d,,FREEAGENT,EXECUTED,4,0,DROP,4360569.0,Jordan Mason,4.0,0.0,2023-11-03
2023,9,8728d45b-a152-4a9a-87fc-06ac7c35ab67,5a5d1f18-ef46-4bc5-9e9c-7a94a442febb,WAIVER,FAILED_ROSTERLIMIT,8,5,ADD,4361418.0,Will Levis,0.0,8.0,2023-11-01
2023,9,fe869711-4e18-48ea-97ef-f0e42a0c86a7,,FREEAGENT,EXECUTED,8,0,ADD,4362087.0,Keaontay Ingram,0.0,8.0,2023-11-03
2023,9,fe869711-4e18-48ea-97ef-f0e42a0c86a7,,FREEAGENT,EXECUTED,8,0,DROP,4426388.0,Jameson Williams,8.0,0.0,2023-11-03
2023,9,2862415c-c612-4cd7-901c-e9a3e6f5dffb,,FREEAGENT,EXECUTED,3,0,ADD,-16017.0,Patriots D/ST,0.0,3.0,2023-11-02
2023,9,2862415c-c612-4cd7-901c-e9a3e6f5dffb,,FREEAGENT,EXECUTED,3,0,DROP,2468609.0,Taysom Hill,3.0,0.0,2023-11-02
2023,9,c896585e-7da6-4a3d-af69-bc2b1db1180d,,FREEAGENT,EXECUTED,14,0,ADD,3930066.0,Van Jefferson,0.0,14.0,2023-11-03
2023,9,c896585e-7da6-4a3d-af69-bc2b1db1180d,,FREEAGENT,EXECUTED,14,0,DROP,-16030.0,Jaguars D/ST,14.0,0.0,2023-11-03
2023,9,2713355d-5a14-4fe2-85d6-7a14755fdb4c,27378b8c-3dc0-4670-86aa-f953ab0596da,TRADE_ACCEPT,,8,0,,,,,,2023-10-31
2023,9,dc124afc-d045-4f49-a6e1-bdfe1a07b7a6,50667f7c-9564-4b17-a4a7-04b5859e8d45,WAIVER,FAILED_INVALIDPLAYERSOURCE,2,1,ADD,3122672.0,Royce Freeman,0.0,2.0,2023-11-01
2023,9,dc124afc-d045-4f49-a6e1-bdfe1a07b7a6,50667f7c-9564-4b17-a4a7-04b5859e8d45,WAIVER,FAILED_INVALIDPLAYERSOURCE,2,1,DROP,-16014.0,Rams D/ST,2.0,0.0,2023-11-01
2023,9,58538fb6-1693-43bf-aee9-e4c4d30e54b0,27378b8c-3dc0-4670-86aa-f953ab0596da,TRADE_UPHOLD,EXECUTED,1,0,,,,,,2023-10-31
2023,9,d17bfb67-4460-403a-854a-890ca7929174,98d2d7be-79eb-4927-8bbc-a9cbebabbd1c,TRADE_DECLINE,EXECUTED,13,0,,,,,,2023-11-01
2023,9,b20d9a99-1053-4f64-b24d-aef3a944fc96,d01c0db1-e585-4c40-a7a5-aa4cc0a946b9,TRADE_ACCEPT,EXECUTED,10,0,TRADE,4035538.0,David Montgomery,3.0,10.0,2023-11-02
2023,9,b20d9a99-1053-4f64-b24d-aef3a944fc96,d01c0db1-e585-4c40-a7a5-aa4cc0a946b9,TRADE_ACCEPT,EXECUTED,10,0,TRADE,4360438.0,Brandon Aiyuk,10.0,3.0,2023-11-02
2023,9,b20d9a99-1053-4f64-b24d-aef3a944fc96,d01c0db1-e585-4c40-a7a5-aa4cc0a946b9,TRADE_ACCEPT,EXECUTED,10,0,DROP,3916566.0,K.J. Osborn,3.0,0.0,2023-11-02
2023,9,48865279-43b1-4e34-9f4c-22d5abb6b384,a6b6338f-891d-432e-ac99-21f4dc711e6c,TRADE_DECLINE,EXECUTED,4,0,,,,,,2023-11-03
2023,9,1b1ef98a-ffa3-4588-a1a5-dcc55118502c,,ROSTER,EXECUTED,8,0,DROP,14880.0,Kirk Cousins,8.0,0.0,2023-10-31
2023,9,a2a8435a-748b-4655-85bb-e5c753069c4a,ae439a4c-4213-4d6d-85c9-1cc842aed264,WAIVER,EXECUTED,7,3,ADD,3122672.0,Royce Freeman,0.0,7.0,2023-11-01
2023,9,a2a8435a-748b-4655-85bb-e5c753069c4a,ae439a4c-4213-4d6d-85c9-1cc842aed264,WAIVER,EXECUTED,7,3,DROP,15920.0,Latavius Murray,7.0,0.0,2023-11-01
2023,9,715e1c06-d0e7-4b69-945e-7ef652c87fc8,90d0c22a-e45f-4821-a530-1e18977471e4,WAIVER,FAILED_PLAYERALREADYDROPPED,7,2,ADD,3044720.0,Joshua Dobbs,0.0,7.0,2023-11-01
2023,9,715e1c06-d0e7-4b69-945e-7ef652c87fc8,90d0c22a-e45f-4821-a530-1e18977471e4,WAIVER,FAILED_PLAYERALREADYDROPPED,7,2,DROP,15920.0,Latavius Murray,7.0,0.0,2023-11-01
2023,9,7ce4952f-01c3-4d57-b89e-36e0bbefa5dd,98d2d7be-79eb-4927-8bbc-a9cbebabbd1c,TRADE_PROPOSAL,CANCELED,10,0,TRADE,4429160.0,De'Von Achane,13.0,10.0,2023-11-01
2023,9,7ce4952f-01c3-4d57-b89e-36e0bbefa5dd,98d2d7be-79eb-4927-8bbc-a9cbebabbd1c,TRADE_PROPOSAL,CANCELED,10,0,TRADE,4361579.0,Javonte Williams,13.0,10.0,2023-11-01
2023,9,7ce4952f-01c3-4d57-b89e-36e0bbefa5dd,98d2d7be-79eb-4927-8bbc-a9cbebabbd1c,TRADE_PROPOSAL,CANCELED,10,0,TRADE,4569173.0,Rhamondre Stevenson,10.0,13.0,2023-11-01
2023,9,7ce4952f-01c3-4d57-b89e-36e0bbefa5dd,98d2d7be-79eb-4927-8bbc-a9cbebabbd1c,TRADE_PROPOSAL,CANCELED,10,0,TRADE,4428331.0,Rashee Rice,10.0,13.0,2023-11-01
2023,9,d01c0db1-e585-4c40-a7a5-aa4cc0a946b9,,TRADE_PROPOSAL,PENDING,10,0,TRADE,4035538.0,David Montgomery,3.0,10.0,2023-11-02
2023,9,d01c0db1-e585-4c40-a7a5-aa4cc0a946b9,,TRADE_PROPOSAL,PENDING,10,0,TRADE,4360438.0,Brandon Aiyuk,10.0,3.0,2023-11-02
2023,9,f6a5a6bb-9f21-415e-8fa3-61120e729ab3,99766c14-34ba-4d7d-baf0-d5c498ded48f,TRADE_DECLINE,EXECUTED,6,0,,,,,,2023-11-02
2023,9,0d999ca2-a4c6-4a16-8d4f-514f4bb4262f,562fc46e-5bfe-4d3b-859e-fcf9775a3f8f,WAIVER,FAILED_PLAYERALREADYDROPPED,10,7,ADD,3123076.0,David Njoku,0.0,10.0,2023-11-01
2023,9,0d999ca2-a4c6-4a16-8d4f-514f4bb4262f,562fc46e-5bfe-4d3b-859e-fcf9775a3f8f,WAIVER,FAILED_PLAYERALREADYDROPPED,10,7,DROP,3115364.0,Leonard Fournette,10.0,0.0,2023-11-01
2023,9,98d2d7be-79eb-4927-8bbc-a9cbebabbd1c,,TRADE_PROPOSAL,PENDING,10,0,TRADE,4429160.0,De'Von Achane,13.0,10.0,2023-11-01
2023,9,98d2d7be-79eb-4927-8bbc-a9cbebabbd1c,,TRADE_PROPOSAL,PENDING,10,0,TRADE,4361579.0,Javonte Williams,13.0,10.0,2023-11-01
2023,9,98d2d7be-79eb-4927-8bbc-a9cbebabbd1c,,TRADE_PROPOSAL,PENDING,10,0,TRADE,4569173.0,Rhamondre Stevenson,10.0,13.0,2023-11-01
2023,9,98d2d7be-79eb-4927-8bbc-a9cbebabbd1c,,TRADE_PROPOSAL,PENDING,10,0,TRADE,4428331.0,Rashee Rice,10.0,13.0,2023-11-01
2023,9,7f59a82e-7f88-4b74-8eb3-50dbd26ce188,,FREEAGENT,EXECUTED,3,0,ADD,4426485.0,Jonathan Mingo,0.0,3.0,2023-11-03
2023,9,69bc96a8-a235-435d-92b5-058d7bb9a278,93db0baa-7d8c-422b-ac8c-d7b7a6093151,TRADE_PROPOSAL,CANCELED,10,0,TRADE,4360438.0,Brandon Aiyuk,10.0,5.0,2023-11-02
2023,9,69bc96a8-a235-435d-92b5-058d7bb9a278,93db0baa-7d8c-422b-ac8c-d7b7a6093151,TRADE_PROPOSAL,CANCELED,10,0,TRADE,4361529.0,Isiah Pacheco,5.0,10.0,2023-11-02
2023,9,7daa180f-8f79-4c1c-a823-30afe44f8a64,8a3ac6bb-40d4-4ca9-a2ef-03b078529f1f,TRADE_ACCEPT,,6,0,DROP,3115394.0,DJ Chark Jr.,6.0,0.0,2023-11-03
2023,9,7daa180f-8f79-4c1c-a823-30afe44f8a64,8a3ac6bb-40d4-4ca9-a2ef-03b078529f1f,TRADE_ACCEPT,,6,0,DROP,4421446.0,Craig Reynolds,6.0,0.0,2023-11-03
2023,9,f69873a8-74e6-4dd5-bc13-e2935a9fd3ff,1a1962ac-a28b-4767-bc28-ba5b3c412d3e,TRADE_DECLINE,EXECUTED,6,0,,,,,,2023-11-03
2023,9,70d7209c-7831-4898-9007-3daedc1882bd,f3be0611-9510-473f-bd6b-b015ed2b4132,WAIVER,FAILED_PLAYERALREADYDROPPED,7,3,ADD,4427095.0,DeMario Douglas,0.0,7.0,2023-11-01
2023,9,70d7209c-7831-4898-9007-3daedc1882bd,f3be0611-9510-473f-bd6b-b015ed2b4132,WAIVER,FAILED_PLAYERALREADYDROPPED,7,3,DROP,15920.0,Latavius Murray,7.0,0.0,2023-11-01
2023,9,6ca3f8f7-882f-4fed-b33b-9c80e9cfdd82,d01c0db1-e585-4c40-a7a5-aa4cc0a946b9,TRADE_UPHOLD,EXECUTED,1,0,,,,,,2023-11-02
2023,9,df359e36-4563-427e-b4ce-79b36ebb211d,3bb7bfd3-3cd9-4e78-bae8-d3b61568f04f,TRADE_PROPOSAL,CANCELED,6,0,TRADE,3051876.0,Evan Engram,10.0,6.0,2023-11-03
2023,9,df359e36-4563-427e-b4ce-79b36ebb211d,3bb7bfd3-3cd9-4e78-bae8-d3b61568f04f,TRADE_PROPOSAL,CANCELED,6,0,TRADE,4241389.0,CeeDee Lamb,10.0,6.0,2023-11-03
2023,9,df359e36-4563-427e-b4ce-79b36ebb211d,3bb7bfd3-3cd9-4e78-bae8-d3b61568f04f,TRADE_PROPOSAL,CANCELED,6,0,TRADE,4429795.0,Jahmyr Gibbs,6.0,10.0,2023-11-03
2023,9,df359e36-4563-427e-b4ce-79b36ebb211d,3bb7bfd3-3cd9-4e78-bae8-d3b61568f04f,TRADE_PROPOSAL,CANCELED,6,0,TRADE,2576925.0,Darren Waller,6.0,10.0,2023-11-03
2023,9,15c95dd4-b5d6-4ecf-a6c9-f5de8750894f,,FREEAGENT,EXECUTED,6,0,ADD,2565969.0,Taylor Heinicke,0.0,6.0,2023-11-05
2023,9,15c95dd4-b5d6-4ecf-a6c9-f5de8750894f,,FREEAGENT,EXECUTED,6,0,DROP,12483.0,Matthew Stafford,6.0,0.0,2023-11-05
2023,9,cfa5844b-53d9-49aa-87b7-443b0766b385,,WAIVER,PENDING,10,16,ADD,4361307.0,Trey McBride,0.0,10.0,2023-10-31
2023,9,cfa5844b-53d9-49aa-87b7-443b0766b385,,WAIVER,PENDING,10,16,DROP,3115364.0,Leonard Fournette,10.0,0.0,2023-10-31
2023,9,0ecc77c8-4d1d-4d96-96f8-46379b34a19b,b0fa6b0b-fa9c-4f95-8643-62cc5be43ebe,WAIVER,FAILED_INVALIDPLAYERSOURCE,14,2,ADD,-16018.0,Saints D/ST,0.0,14.0,2023-11-01
2023,9,0ecc77c8-4d1d-4d96-96f8-46379b34a19b,b0fa6b0b-fa9c-4f95-8643-62cc5be43ebe,WAIVER,FAILED_INVALIDPLAYERSOURCE,14,2,DROP,-16021.0,Eagles D/ST,14.0,0.0,2023-11-01
2023,10,821f030e-6c1f-4a92-b64d-bdb67b31e1ad,57cb5ce5-80d9-49d4-a555-ac6bdfa9c66a,WAIVER,EXECUTED,6,20,ADD,3044720.0,Joshua Dobbs,0.0,6.0,2023-11-08
2023,10,821f030e-6c1f-4a92-b64d-bdb67b31e1ad,57cb5ce5-80d9-49d4-a555-ac6bdfa9c66a,WAIVER,EXECUTED,6,20,DROP,2565969.0,Taylor Heinicke,6.0,0.0,2023-11-08
2023,10,be9f990f-bb98-45ba-a39f-8d7f2280206e,,FREEAGENT,EXECUTED,12,0,ADD,4242431.0,Ty Chandler,0.0,12.0,2023-11-11
2023,10,2e6c4168-0bb3-490e-a420-d231568e702c,972ae005-dcfb-4ac9-b427-abb0327dae34,TRADE_ACCEPT,,1,0,DROP,4362478.0,Emari Demercado,1.0,0.0,2023-11-12
2023,10,ec7958a7-ce99-4a60-a0b1-bc31e61f4c21,,FREEAGENT,EXECUTED,7,0,ADD,-16024.0,Chargers D/ST,0.0,7.0,2023-11-10
2023,10,ec7958a7-ce99-4a60-a0b1-bc31e61f4c21,,FREEAGENT,EXECUTED,7,0,DROP,3115364.0,Leonard Fournette,7.0,0.0,2023-11-10
2023,10,be5c4a27-e5e1-420d-853b-5918302ed787,,FREEAGENT,EXECUTED,7,1,ADD,3059722.0,Zay Jones,0.0,7.0,2023-11-08
2023,10,30341e9a-47af-4604-9be6-68e15fb740a6,47a4d9f9-afb3-4e5e-a7e2-5a53b198e8ea,WAIVER,FAILED_INVALIDPLAYERSOURCE,1,1,ADD,3123076.0,David Njoku,0.0,1.0,2023-11-09
2023,10,30341e9a-47af-4604-9be6-68e15fb740a6,47a4d9f9-afb3-4e5e-a7e2-5a53b198e8ea,WAIVER,FAILED_INVALIDPLAYERSOURCE,1,1,DROP,4360248.0,Kyle Pitts,1.0,0.0,2023-11-09
2023,10,25bc46fd-025c-464f-8d82-30718ca3b28c,,FREEAGENT,EXECUTED,5,0,ADD,15920.0,Latavius Murray,0.0,5.0,2023-11-10
2023,10,25bc46fd-025c-464f-8d82-30718ca3b28c,,FREEAGENT,EXECUTED,5,0,DROP,4032473.0,Rashid Shaheed,5.0,0.0,2023-11-10
2023,10,87f15b8e-e4aa-4b26-8ced-3e0095bbe03d,348c8feb-6675-4d36-973a-942be14e6a4b,WAIVER,FAILED_INVALIDPLAYERSOURCE,13,18,ADD,3044720.0,Joshua Dobbs,0.0,13.0,2023-11-08
2023,10,87f15b8e-e4aa-4b26-8ced-3e0095bbe03d,348c8feb-6675-4d36-973a-942be14e6a4b,WAIVER,FAILED_INVALIDPLAYERSOURCE,13,18,DROP,4036378.0,Jordan Love,13.0,0.0,2023-11-08
2023,10,c36c4fb8-bd8a-43f9-b782-cd1df535243d,,ROSTER,EXECUTED,7,0,DROP,-16019.0,Giants D/ST,7.0,0.0,2023-11-07
2023,10,72f8c22e-7f72-4b35-b16e-ef006c601083,,ROSTER,EXECUTED,8,0,DROP,4362087.0,Keaontay Ingram,8.0,0.0,2023-11-07
2023,10,0024d6f4-194f-4d1e-8a0b-b14ee54d7296,ab4f960e-e50f-4e5c-984a-601ab2aad2df,TRADE_PROPOSAL,CANCELED,10,0,TRADE,4428331.0,Rashee Rice,10.0,13.0,2023-11-09
2023,10,0024d6f4-194f-4d1e-8a0b-b14ee54d7296,ab4f960e-e50f-4e5c-984a-601ab2aad2df,TRADE_PROPOSAL,CANCELED,10,0,TRADE,4596334.0,Keaton Mitchell,13.0,10.0,2023-11-09
2023,10,42fd2d0a-8e12-45f6-bebc-42bfa3c1d5ea,5a4d7b20-b68d-4162-a5f0-9150d843b5b2,TRADE_PROPOSAL,CANCELED,12,0,TRADE,3929630.0,Saquon Barkley,1.0,12.0,2023-11-08
2023,10,42fd2d0a-8e12-45f6-bebc-42bfa3c1d5ea,5a4d7b20-b68d-4162-a5f0-9150d843b5b2,TRADE_PROPOSAL,CANCELED,12,0,DROP,4361432.0,Romeo Doubs,12.0,0.0,2023-11-08
2023,10,089cb340-e928-4793-a6f9-c08ed5178e82,b80fdc47-67fa-44fa-b88e-44b1fc11316c,TRADE_DECLINE,EXECUTED,1,0,,,,,,2023-11-10
2023,10,e2a750b7-0f00-450a-a88c-2c2ccb001c3e,0076cd2c-dff7-4651-ab2a-4237bc146a9e,WAIVER,EXECUTED,12,4,ADD,3123076.0,David Njoku,0.0,12.0,2023-11-09
2023,10,e2a750b7-0f00-450a-a88c-2c2ccb001c3e,0076cd2c-dff7-4651-ab2a-4237bc146a9e,WAIVER,EXECUTED,12,4,DROP,4361432.0,Romeo Doubs,12.0,0.0,2023-11-09
2023,10,5f9477b5-35a5-46d5-89b8-a13c24ead9a2,3a900dec-edd0-45ff-937c-735a49f561fb,WAIVER,FAILED_INVALIDPLAYERSOURCE,2,5,ADD,4427095.0,DeMario Douglas,0.0,2.0,2023-11-09
2023,10,5f9477b5-35a5-46d5-89b8-a13c24ead9a2,3a900dec-edd0-45ff-937c-735a49f561fb,WAIVER,FAILED_INVALIDPLAYERSOURCE,2,5,DROP,4038441.0,Justice Hill,2.0,0.0,2023-11-09
2023,10,ade6419b-589c-4d79-85f8-a930405a6c86,6d3594a5-7c44-4921-ab18-0e42e027bb4f,WAIVER,EXECUTED,2,11,ADD,4243331.0,Cade Otton,0.0,2.0,2023-11-08
2023,10,ade6419b-589c-4d79-85f8-a930405a6c86,6d3594a5-7c44-4921-ab18-0e42e027bb4f,WAIVER,EXECUTED,2,11,DROP,2573401.0,Tyler Higbee,2.0,0.0,2023-11-08
2023,10,59758731-d962-4b7a-a756-d6d961d0239c,c25c6eea-a45e-4835-82cf-4c0e28aa1657,TRADE_ACCEPT,,5,0,,,,,,2023-11-10
2023,10,d0218689-1962-41f2-ac33-c2ba222b7399,,FREEAGENT,EXECUTED,7,0,ADD,2565969.0,Taylor Heinicke,0.0,7.0,2023-11-09
2023,10,d0218689-1962-41f2-ac33-c2ba222b7399,,FREEAGENT,EXECUTED,7,0,DROP,3059722.0,Zay Jones,7.0,0.0,2023-11-09
2023,10,e9cfe2fc-e1ef-4151-aeb5-b627d429e83c,ea6f7aab-95ef-4d6c-b869-dbb33acddce8,WAIVER,EXECUTED,4,11,ADD,15864.0,Geno Smith,0.0,4.0,2023-11-08
2023,10,e9cfe2fc-e1ef-4151-aeb5-b627d429e83c,ea6f7aab-95ef-4d6c-b869-dbb33acddce8,WAIVER,EXECUTED,4,11,DROP,3918639.0,Gerald Everett,4.0,0.0,2023-11-08
2023,10,ccc0c7ef-3229-4041-aa55-3dbac2e852c3,77c7f6f9-5c95-49e5-b70d-de42e94cf404,TRADE_DECLINE,EXECUTED,8,0,,,,,,2023-11-08
2023,10,b8d060e9-6070-48de-901b-23404a72e7aa,,FREEAGENT,EXECUTED,10,0,ADD,-16015.0,Dolphins D/ST,0.0,10.0,2023-11-10
2023,10,c25c6eea-a45e-4835-82cf-4c0e28aa1657,,TRADE_PROPOSAL,PENDING,10,0,TRADE,4428331.0,Rashee Rice,10.0,5.0,2023-11-09
2023,10,c25c6eea-a45e-4835-82cf-4c0e28aa1657,,TRADE_PROPOSAL,PENDING,10,0,TRADE,3051876.0,Evan Engram,10.0,5.0,2023-11-09
2023,10,c25c6eea-a45e-4835-82cf-4c0e28aa1657,,TRADE_PROPOSAL,PENDING,10,0,TRADE,4361529.0,Isiah Pacheco,5.0,10.0,2023-11-09
2023,10,d4f883a9-4f26-491d-802b-857b003e3c2e,,FREEAGENT,EXECUTED,3,0,ADD,3929645.0,Juwan Johnson,0.0,3.0,2023-11-12
2023,10,1eb7a248-c034-442d-a2d7-c0a806a5ee2d,06fc7f1d-3b86-438a-959d-eb79fb1e7c41,WAIVER,FAILED_INVALIDPLAYERSOURCE,12,4,ADD,-16026.0,Seahawks D/ST,0.0,12.0,2023-11-08
2023,10,1eb7a248-c034-442d-a2d7-c0a806a5ee2d,06fc7f1d-3b86-438a-959d-eb79fb1e7c41,WAIVER,FAILED_INVALIDPLAYERSOURCE,12,4,DROP,-16001.0,Falcons D/ST,12.0,0.0,2023-11-08
2023,10,ff8e1e26-09a3-46f5-bf1e-36394dcef70e,a4f3e20c-3db5-477b-8e43-d82943a708c9,WAIVER,EXECUTED,13,2,ADD,4722893.0,Jaleel McLaughlin,0.0,13.0,2023-11-08
2023,10,ff8e1e26-09a3-46f5-bf1e-36394dcef70e,a4f3e20c-3db5-477b-8e43-d82943a708c9,WAIVER,EXECUTED,13,2,DROP,4692590.0,Jalin Hyatt,13.0,0.0,2023-11-08
2023,10,d0b0a062-ba3a-43bd-9587-e777c48ba883,337aeb19-0508-47c8-8810-9e7689f6c525,WAIVER,EXECUTED,3,3,ADD,16757.0,Derek Carr,0.0,3.0,2023-11-09
2023,10,d0b0a062-ba3a-43bd-9587-e777c48ba883,337aeb19-0508-47c8-8810-9e7689f6c525,WAIVER,EXECUTED,3,3,DROP,4426485.0,Jonathan Mingo,3.0,0.0,2023-11-09
2023,10,084a2371-26c2-4749-b8cc-7d6095f522fc,,FREEAGENT,EXECUTED,13,0,ADD,4429013.0,Tank Bigsby,0.0,13.0,2023-11-08
2023,10,084a2371-26c2-4749-b8cc-7d6095f522fc,,FREEAGENT,EXECUTED,13,0,DROP,4240021.0,Cam Akers,13.0,0.0,2023-11-08
2023,10,e10a8cd8-a48b-4924-b507-2d32434f0a25,50e5372f-a222-45e9-be6d-9e22f4557384,TRADE_DECLINE,EXECUTED,14,0,,,,,,2023-11-09
2023,10,5e7bacd0-317f-4002-bd88-d1a9381e113f,0d4657f3-b90d-4eaa-8595-1586ac5af9b1,WAIVER,FAILED_INVALIDPLAYERSOURCE,3,1,ADD,4722893.0,Jaleel McLaughlin,0.0,3.0,2023-11-08
2023,10,5e7bacd0-317f-4002-bd88-d1a9381e113f,0d4657f3-b90d-4eaa-8595-1586ac5af9b1,WAIVER,FAILED_INVALIDPLAYERSOURCE,3,1,DROP,4426485.0,Jonathan Mingo,3.0,0.0,2023-11-08
2023,10,5f30bdfd-fb1b-421e-888e-2d1e92081971,4cf95a96-d5ff-4cf4-9bfe-64d7931fc860,TRADE_DECLINE,EXECUTED,3,0,,,,,,2023-11-08
2023,10,ab4f960e-e50f-4e5c-984a-601ab2aad2df,,TRADE_PROPOSAL,PENDING,10,0,TRADE,4428331.0,Rashee Rice,10.0,13.0,2023-11-09
2023,10,ab4f960e-e50f-4e5c-984a-601ab2aad2df,,TRADE_PROPOSAL,PENDING,10,0,TRADE,4596334.0,Keaton Mitchell,13.0,10.0,2023-11-09
2023,10,4cf95a96-d5ff-4cf4-9bfe-64d7931fc860,,TRADE_PROPOSAL,PENDING,10,0,TRADE,4372019.0,Jerome Ford,3.0,10.0,2023-11-08
2023,10,4cf95a96-d5ff-4cf4-9bfe-64d7931fc860,,TRADE_PROPOSAL,PENDING,10,0,TRADE,4428331.0,Rashee Rice,10.0,3.0,2023-11-08
2023,10,fc3b23c1-dd9a-43db-aded-12d66d3824a8,f509ebaa-9128-4608-b80e-4c557358d261,WAIVER,EXECUTED,7,2,ADD,3121427.0,Curtis Samuel,0.0,7.0,2023-11-08
2023,10,fc3b23c1-dd9a-43db-aded-12d66d3824a8,f509ebaa-9128-4608-b80e-4c557358d261,WAIVER,EXECUTED,7,2,DROP,3123076.0,David Njoku,7.0,0.0,2023-11-08
2023,10,95577c0b-f02c-46d4-838d-e7dfae730f36,537609ee-6af9-4dd2-9349-6226f33571d0,WAIVER,EXECUTED,6,15,ADD,3121409.0,Noah Brown,0.0,6.0,2023-11-08
2023,10,95577c0b-f02c-46d4-838d-e7dfae730f36,537609ee-6af9-4dd2-9349-6226f33571d0,WAIVER,EXECUTED,6,15,DROP,4360635.0,Chigoziem Okonkwo,6.0,0.0,2023-11-08
2023,10,9a2073cc-5925-4bb4-aa24-0836fda48e8c,,ROSTER,EXECUTED,14,0,DROP,3930066.0,Van Jefferson,14.0,0.0,2023-11-07
2023,10,54927ec7-b03b-469e-afed-a0867dfc2cc9,38aae639-5623-4a0d-ab88-16d7d70f61da,TRADE_DECLINE,EXECUTED,2,0,,4426354.0,George Pickens,0.0,0.0,2023-11-08
2023,10,335a7489-d8e9-4480-8cb4-f52e77e322c5,,FREEAGENT,EXECUTED,12,0,ADD,-16011.0,Colts D/ST,0.0,12.0,2023-11-08
2023,10,335a7489-d8e9-4480-8cb4-f52e77e322c5,,FREEAGENT,EXECUTED,12,0,DROP,-16001.0,Falcons D/ST,12.0,0.0,2023-11-08
2023,10,cb048c21-20fb-4f06-8def-ffa170b4611b,,ROSTER,EXECUTED,5,0,DROP,4427095.0,DeMario Douglas,5.0,0.0,2023-11-07
2023,10,2b15fe9e-432d-4a5f-88f9-b104267a934b,d6962938-4d33-4494-968a-d6d6b4851d11,WAIVER,CANCELED,14,0,ADD,2980453.0,Jamaal Williams,0.0,14.0,2023-11-08
2023,10,cbef730b-f892-46b3-993b-f3047b1708c8,94975f6d-d309-4188-9bd2-8f1c5dae75bb,WAIVER,EXECUTED,14,1,ADD,-16009.0,Packers D/ST,0.0,14.0,2023-11-08
2023,10,cbef730b-f892-46b3-993b-f3047b1708c8,94975f6d-d309-4188-9bd2-8f1c5dae75bb,WAIVER,EXECUTED,14,1,DROP,-16016.0,Vikings D/ST,14.0,0.0,2023-11-08
2023,10,e5582b5e-117a-41fa-bc75-209579f165c0,,FREEAGENT,EXECUTED,4,0,ADD,3931391.0,Trenton Irwin,0.0,4.0,2023-11-12
2023,10,5a24beff-83c6-4125-b899-a8427be4a4f1,e0a66e22-f58a-4ead-bb9a-73ec5227c28f,WAIVER,FAILED_INVALIDPLAYERSOURCE,13,3,ADD,3121409.0,Noah Brown,0.0,13.0,2023-11-08
2023,10,5a24beff-83c6-4125-b899-a8427be4a4f1,e0a66e22-f58a-4ead-bb9a-73ec5227c28f,WAIVER,FAILED_INVALIDPLAYERSOURCE,13,3,DROP,4240021.0,Cam Akers,13.0,0.0,2023-11-08
2023,10,7cc7f7e8-fe3c-487c-8d68-5b3ceeb63d59,e7ff960c-1454-482b-bd11-cf7902cda905,TRADE_DECLINE,EXECUTED,5,0,,,,,,2023-11-10
2023,10,d297662d-a7ea-45df-9eb0-f05bb16aa4c7,e7ba35f4-9500-4f16-9e99-cf070649dc82,WAIVER,FAILED_INVALIDPLAYERSOURCE,7,4,ADD,-16026.0,Seahawks D/ST,0.0,7.0,2023-11-08
2023,10,96dca706-ee0a-4008-85e2-d1e4d548b0a9,8bd4d691-d2b7-497d-859b-0820375de626,WAIVER,CANCELED,7,0,ADD,-16003.0,Bears D/ST,0.0,7.0,2023-11-08
2023,10,73f5d596-a11b-467e-b6c1-9c44fbdc1bec,,ROSTER,EXECUTED,10,0,DROP,16757.0,Derek Carr,10.0,0.0,2023-11-08
2023,10,21c2ebe2-f07b-49b1-b164-91ce64ae26d8,18f2dce2-dd89-43a2-8d10-bdc2d9966d14,WAIVER,EXECUTED,13,13,ADD,3122840.0,Deshaun Watson,0.0,13.0,2023-11-08
2023,10,21c2ebe2-f07b-49b1-b164-91ce64ae26d8,18f2dce2-dd89-43a2-8d10-bdc2d9966d14,WAIVER,EXECUTED,13,13,DROP,4036378.0,Jordan Love,13.0,0.0,2023-11-08
2023,10,ff938501-cba2-472e-86f8-06f92a6d54af,c25c6eea-a45e-4835-82cf-4c0e28aa1657,TRADE_ACCEPT,EXECUTED,10,0,TRADE,4428331.0,Rashee Rice,10.0,5.0,2023-11-10
2023,10,ff938501-cba2-472e-86f8-06f92a6d54af,c25c6eea-a45e-4835-82cf-4c0e28aa1657,TRADE_ACCEPT,EXECUTED,10,0,TRADE,3051876.0,Evan Engram,10.0,5.0,2023-11-10
2023,10,ff938501-cba2-472e-86f8-06f92a6d54af,c25c6eea-a45e-4835-82cf-4c0e28aa1657,TRADE_ACCEPT,EXECUTED,10,0,TRADE,4361529.0,Isiah Pacheco,5.0,10.0,2023-11-10
2023,10,1b28383a-d543-4406-96a3-584f06aee1c0,4cf95a96-d5ff-4cf4-9bfe-64d7931fc860,TRADE_PROPOSAL,CANCELED,10,0,TRADE,4372019.0,Jerome Ford,3.0,10.0,2023-11-08
2023,10,1b28383a-d543-4406-96a3-584f06aee1c0,4cf95a96-d5ff-4cf4-9bfe-64d7931fc860,TRADE_PROPOSAL,CANCELED,10,0,TRADE,4428331.0,Rashee Rice,10.0,3.0,2023-11-08
2023,10,89f53aa4-30fc-465b-baf4-27903aefdc88,f20b284b-f4d3-4c6e-8ef2-c6f73e7593aa,WAIVER,FAILED_INVALIDPLAYERSOURCE,12,7,ADD,4243331.0,Cade Otton,0.0,12.0,2023-11-08
2023,10,89f53aa4-30fc-465b-baf4-27903aefdc88,f20b284b-f4d3-4c6e-8ef2-c6f73e7593aa,WAIVER,FAILED_INVALIDPLAYERSOURCE,12,7,DROP,4361432.0,Romeo Doubs,12.0,0.0,2023-11-08
2023,10,4c36ae23-75f7-4e35-aebe-a1efda0dacb1,bbe55a49-7bd9-461b-bac9-b91a923515b8,TRADE_DECLINE,EXECUTED,12,0,,,,,,2023-11-08
2023,10,2128f80c-19d5-49f9-9932-1f99a2edd291,,FREEAGENT,EXECUTED,8,0,ADD,3054212.0,Jonnu Smith,0.0,8.0,2023-11-08
2023,10,2128f80c-19d5-49f9-9932-1f99a2edd291,,FREEAGENT,EXECUTED,8,0,DROP,-16024.0,Chargers D/ST,8.0,0.0,2023-11-08
2023,10,7f092b64-7d29-4555-8bcc-71f900a865d5,6ad881fd-a51c-4c5a-b239-789659edb916,TRADE_PROPOSAL,CANCELED,3,0,TRADE,2468609.0,Taysom Hill,3.0,5.0,2023-11-08
2023,10,7f092b64-7d29-4555-8bcc-71f900a865d5,6ad881fd-a51c-4c5a-b239-789659edb916,TRADE_PROPOSAL,CANCELED,3,0,TRADE,4372019.0,Jerome Ford,3.0,5.0,2023-11-08
2023,10,7f092b64-7d29-4555-8bcc-71f900a865d5,6ad881fd-a51c-4c5a-b239-789659edb916,TRADE_PROPOSAL,CANCELED,3,0,TRADE,2976499.0,Amari Cooper,5.0,3.0,2023-11-08
2023,10,573b78b3-5459-4ab4-b3f5-79514ccc1ad8,77d55abe-638d-479e-b120-76a83e8c1735,WAIVER,EXECUTED,3,5,ADD,-16012.0,Chiefs D/ST,0.0,3.0,2023-11-08
2023,10,573b78b3-5459-4ab4-b3f5-79514ccc1ad8,77d55abe-638d-479e-b120-76a83e8c1735,WAIVER,EXECUTED,3,5,DROP,-16017.0,Patriots D/ST,3.0,0.0,2023-11-08
2023,10,fc604044-23bf-4c94-8ed3-5b90cc2cd944,3eb4e449-9859-46cd-af59-15eb638670ef,TRADE_DECLINE,EXECUTED,8,0,,,,,,2023-11-07
2023,10,4a2aa370-565d-456b-8e70-de9146ab7488,c25c6eea-a45e-4835-82cf-4c0e28aa1657,TRADE_UPHOLD,EXECUTED,1,0,,,,,,2023-11-10
2023,10,c4854b47-7846-45bd-b921-2136f91bb664,be0505e1-a7fa-4850-a2bf-f807b039faf5,WAIVER,CANCELED,12,0,ADD,4243331.0,Cade Otton,0.0,12.0,2023-11-07
2023,10,c4854b47-7846-45bd-b921-2136f91bb664,be0505e1-a7fa-4850-a2bf-f807b039faf5,WAIVER,CANCELED,12,0,DROP,3045144.0,Tyler Boyd,12.0,0.0,2023-11-07
2023,10,73c3e02d-cae5-4705-82d4-6f70ceb76876,8930ea7a-c27a-4dd8-95c1-d13356046952,WAIVER,FAILED_INVALIDPLAYERSOURCE,14,5,ADD,3044720.0,Joshua Dobbs,0.0,14.0,2023-11-08
2023,10,73c3e02d-cae5-4705-82d4-6f70ceb76876,8930ea7a-c27a-4dd8-95c1-d13356046952,WAIVER,FAILED_INVALIDPLAYERSOURCE,14,5,DROP,4361418.0,Will Levis,14.0,0.0,2023-11-08
2023,10,2bd1e876-42d1-4f5c-81a6-dc452da49e99,972ae005-dcfb-4ac9-b427-abb0327dae34,TRADE_UPHOLD,EXECUTED,1,0,,,,,,2023-11-12
2023,10,4ad55276-652c-4113-b5dd-37e413e5f8b7,ab4f960e-e50f-4e5c-984a-601ab2aad2df,TRADE_DECLINE,EXECUTED,13,0,,,,,,2023-11-09
2023,10,b70081d2-b3f1-4c74-9bc4-1eda489e77ad,d5ef61a1-6371-4273-901a-cf6a0db2d077,WAIVER,EXECUTED,4,5,ADD,-16026.0,Seahawks D/ST,0.0,4.0,2023-11-08
2023,10,b70081d2-b3f1-4c74-9bc4-1eda489e77ad,d5ef61a1-6371-4273-901a-cf6a0db2d077,WAIVER,EXECUTED,4,5,DROP,-16021.0,Eagles D/ST,4.0,0.0,2023-11-08
2023,10,9264e8fd-42dd-40d3-9c4c-e1f5eeb854f5,,FREEAGENT,EXECUTED,7,0,ADD,-16003.0,Bears D/ST,0.0,7.0,2023-11-08
2023,10,e195f022-dc49-44b0-8b4f-07141127d256,cee7a8b6-ab1d-4893-95fa-b009182d8b52,WAIVER,FAILED_INVALIDPLAYERSOURCE,7,3,ADD,15864.0,Geno Smith,0.0,7.0,2023-11-08
2023,10,9398bfed-f20b-4081-84c8-cfcc88fa5efd,d4802d25-b8c9-4ebc-8b99-f54585b4873b,WAIVER,CANCELED,7,0,ADD,4427095.0,DeMario Douglas,0.0,7.0,2023-11-08
2023,10,9398bfed-f20b-4081-84c8-cfcc88fa5efd,d4802d25-b8c9-4ebc-8b99-f54585b4873b,WAIVER,CANCELED,7,0,DROP,3123076.0,David Njoku,7.0,0.0,2023-11-08
2023,10,37b23f2e-1065-49a2-802b-6481a0fce30e,,FREEAGENT,EXECUTED,14,0,ADD,-16016.0,Vikings D/ST,0.0,14.0,2023-11-10
2023,10,57a6dc7e-6a25-4612-a3a5-d45896d66f22,,FREEAGENT,EXECUTED,7,0,ADD,4032473.0,Rashid Shaheed,0.0,7.0,2023-11-12
2023,10,57a6dc7e-6a25-4612-a3a5-d45896d66f22,,FREEAGENT,EXECUTED,7,0,DROP,3121427.0,Curtis Samuel,7.0,0.0,2023-11-12
2023,10,a2f87b97-ee12-4143-97e8-13e58d78dd3d,9f462599-251b-40ba-b554-94a6668a9aa7,WAIVER,EXECUTED,8,17,ADD,4427095.0,DeMario Douglas,0.0,8.0,2023-11-09
2023,10,a2f87b97-ee12-4143-97e8-13e58d78dd3d,9f462599-251b-40ba-b554-94a6668a9aa7,WAIVER,EXECUTED,8,17,DROP,4429025.0,Quentin Johnston,8.0,0.0,2023-11-09
2023,10,c58abe46-a64e-4095-bf0e-b325820d2231,,ROSTER,EXECUTED,7,0,DROP,3122672.0,Royce Freeman,7.0,0.0,2023-11-07
2023,11,948423a8-c533-433b-ba57-e1dd1d843021,5116b012-629f-4e4c-897a-21ae8a866ec2,TRADE_PROPOSAL,CANCELED,7,0,TRADE,3125116.0,D'Onta Foreman,7.0,2.0,2023-11-15
2023,11,948423a8-c533-433b-ba57-e1dd1d843021,5116b012-629f-4e4c-897a-21ae8a866ec2,TRADE_PROPOSAL,CANCELED,7,0,TRADE,-16006.0,Cowboys D/ST,2.0,7.0,2023-11-15
2023,11,b5240862-8092-4805-a609-47c0dfc269a0,,FREEAGENT,EXECUTED,7,0,ADD,-16008.0,Lions D/ST,0.0,7.0,2023-11-15
2023,11,b5240862-8092-4805-a609-47c0dfc269a0,,FREEAGENT,EXECUTED,7,0,DROP,-16024.0,Chargers D/ST,7.0,0.0,2023-11-15
2023,11,a5bcfb4f-ccc0-4365-8013-9477016cb64f,b8174d0b-d9c1-42a6-975c-28095555e3ae,WAIVER,FAILED_INVALIDPLAYERSOURCE,12,1,ADD,4360248.0,Kyle Pitts,0.0,12.0,2023-11-17
2023,11,a5bcfb4f-ccc0-4365-8013-9477016cb64f,b8174d0b-d9c1-42a6-975c-28095555e3ae,WAIVER,FAILED_INVALIDPLAYERSOURCE,12,1,DROP,4429025.0,Quentin Johnston,12.0,0.0,2023-11-17
2023,11,d841cbad-9658-4a41-aec6-f990d38ea41c,18ec35b0-e5f6-412e-8cd9-3c317cf40b98,WAIVER,EXECUTED,3,4,ADD,4036378.0,Jordan Love,0.0,3.0,2023-11-15
2023,11,d841cbad-9658-4a41-aec6-f990d38ea41c,18ec35b0-e5f6-412e-8cd9-3c317cf40b98,WAIVER,EXECUTED,3,4,DROP,3929645.0,Juwan Johnson,3.0,0.0,2023-11-15
2023,11,e6e50c85-cc90-4ce3-a8c7-c56934b6b498,,FREEAGENT,EXECUTED,3,0,ADD,4428085.0,Luke Musgrave,0.0,3.0,2023-11-16
2023,11,44c2a3e2-046f-452e-a2b5-0c8d1393344d,190762c0-7c26-4132-a19a-5a62083a7e7e,TRADE_PROPOSAL,CANCELED,3,0,TRADE,4241389.0,CeeDee Lamb,10.0,3.0,2023-11-17
2023,11,44c2a3e2-046f-452e-a2b5-0c8d1393344d,190762c0-7c26-4132-a19a-5a62083a7e7e,TRADE_PROPOSAL,CANCELED,3,0,TRADE,4241372.0,Marquise Brown,3.0,10.0,2023-11-17
2023,11,44c2a3e2-046f-452e-a2b5-0c8d1393344d,190762c0-7c26-4132-a19a-5a62083a7e7e,TRADE_PROPOSAL,CANCELED,3,0,TRADE,3051926.0,Gus Edwards,3.0,10.0,2023-11-17
2023,11,44c2a3e2-046f-452e-a2b5-0c8d1393344d,190762c0-7c26-4132-a19a-5a62083a7e7e,TRADE_PROPOSAL,CANCELED,3,0,TRADE,4372019.0,Jerome Ford,3.0,10.0,2023-11-17
2023,11,e3d210d8-736d-4434-bb22-d61d8ad25ebf,950d433c-4cdd-403f-94a9-c09b6f1d1891,WAIVER,CANCELED,2,0,ADD,4361050.0,Isaiah Likely,0.0,2.0,2023-11-20
2023,11,e3d210d8-736d-4434-bb22-d61d8ad25ebf,950d433c-4cdd-403f-94a9-c09b6f1d1891,WAIVER,CANCELED,2,0,DROP,4038524.0,Gardner Minshew,2.0,0.0,2023-11-20
2023,11,e55f1522-3662-4590-a1f7-f57a319d55ad,,FREEAGENT,EXECUTED,12,0,ADD,4360310.0,Trevor Lawrence,0.0,12.0,2023-11-17
2023,11,e55f1522-3662-4590-a1f7-f57a319d55ad,,FREEAGENT,EXECUTED,12,0,DROP,4429025.0,Quentin Johnston,12.0,0.0,2023-11-17
2023,11,23d6c2c4-0f50-4b4c-9d25-5cee476a8c82,1aa3388f-9934-4fea-9b25-d7ef9ec91fad,TRADE_DECLINE,EXECUTED,7,0,,,,,,2023-11-16
2023,11,a6009d9d-0a8b-42c4-995e-0176ef3f972b,,FREEAGENT,EXECUTED,14,0,ADD,-16018.0,Saints D/ST,0.0,14.0,2023-11-18
2023,11,a6009d9d-0a8b-42c4-995e-0176ef3f972b,,FREEAGENT,EXECUTED,14,0,DROP,3932430.0,Jalen Guyton,14.0,0.0,2023-11-18
2023,11,b6c73b9d-0dc1-4e09-968f-23c27d154040,,FREEAGENT,EXECUTED,12,0,ADD,-16019.0,Giants D/ST,0.0,12.0,2023-11-16
2023,11,b6c73b9d-0dc1-4e09-968f-23c27d154040,,FREEAGENT,EXECUTED,12,0,DROP,-16034.0,Texans D/ST,12.0,0.0,2023-11-16
2023,11,c15ded38-480c-4ee7-8a30-99620bdd5c0f,,FREEAGENT,EXECUTED,7,0,ADD,16782.0,Jerick McKinnon,0.0,7.0,2023-11-19
2023,11,c15ded38-480c-4ee7-8a30-99620bdd5c0f,,FREEAGENT,EXECUTED,7,0,DROP,3122672.0,Royce Freeman,7.0,0.0,2023-11-19
2023,11,e8021166-08ec-4dc9-91ba-1ffeb0c4e748,bd5ad37c-3c48-426b-b2d7-8ea3f2891720,WAIVER,EXECUTED,13,8,ADD,3046779.0,Jared Goff,0.0,13.0,2023-11-18
2023,11,e8021166-08ec-4dc9-91ba-1ffeb0c4e748,bd5ad37c-3c48-426b-b2d7-8ea3f2891720,WAIVER,EXECUTED,13,8,DROP,4429013.0,Tank Bigsby,13.0,0.0,2023-11-18
2023,11,affeb96e-17db-4080-b3ca-eccc3663d6bc,,FREEAGENT,EXECUTED,12,0,ADD,-16034.0,Texans D/ST,0.0,12.0,2023-11-15
2023,11,ac213c06-fb80-4396-9725-01479903d166,329dcce4-2579-4ac8-b5f6-3ca6a67bd278,WAIVER,FAILED_INVALIDPLAYERSOURCE,7,4,ADD,-16028.0,Commanders D/ST,0.0,7.0,2023-11-15
2023,11,ac213c06-fb80-4396-9725-01479903d166,329dcce4-2579-4ac8-b5f6-3ca6a67bd278,WAIVER,FAILED_INVALIDPLAYERSOURCE,7,4,DROP,-16024.0,Chargers D/ST,7.0,0.0,2023-11-15
2023,11,1a661d5d-bff1-4660-8dd1-cb86cfff0891,a3ec1d7c-c920-4fcf-a529-6b268a61b3d9,WAIVER,EXECUTED,10,25,ADD,3123076.0,David Njoku,0.0,10.0,2023-11-16
2023,11,4aca7291-5489-4310-a269-b306aff46284,2fcef3ad-96f1-4116-9d66-330cffe78e8e,WAIVER,EXECUTED,12,1,ADD,4360310.0,Trevor Lawrence,0.0,12.0,2023-11-16
2023,11,8b5ba69c-ef3d-44da-b135-be197e1e6faf,e9bc56ca-831e-44e9-ab1e-46524a67788e,TRADE_PROPOSAL,CANCELED,14,0,TRADE,3059915.0,Kareem Hunt,14.0,2.0,2023-11-15
2023,11,8b5ba69c-ef3d-44da-b135-be197e1e6faf,e9bc56ca-831e-44e9-ab1e-46524a67788e,TRADE_PROPOSAL,CANCELED,14,0,TRADE,3117256.0,Dalton Schultz,14.0,2.0,2023-11-15
2023,11,8b5ba69c-ef3d-44da-b135-be197e1e6faf,e9bc56ca-831e-44e9-ab1e-46524a67788e,TRADE_PROPOSAL,CANCELED,14,0,TRADE,16460.0,Adam Thielen,2.0,14.0,2023-11-15
2023,11,63b9ed33-b583-4a63-b503-a7c1c90af234,de53cf7f-6547-46ee-84d4-cae482276c00,TRADE_DECLINE,EXECUTED,13,0,,,,,,2023-11-18
2023,11,fa310fee-ad52-4cc2-9b96-b2d8eab96786,,ROSTER,EXECUTED,7,0,DROP,2565969.0,Taylor Heinicke,7.0,0.0,2023-11-14
2023,11,b859c021-9524-47dd-8040-4be87d4902f1,,ROSTER,EXECUTED,12,0,DROP,3123076.0,David Njoku,12.0,0.0,2023-11-14
2023,11,6270edee-e569-4dfe-9ec0-852b86b569d1,,FREEAGENT,EXECUTED,7,0,ADD,3122672.0,Royce Freeman,0.0,7.0,2023-11-15
2023,11,6270edee-e569-4dfe-9ec0-852b86b569d1,,FREEAGENT,EXECUTED,7,0,DROP,4032473.0,Rashid Shaheed,7.0,0.0,2023-11-15
2023,11,e57aba90-9554-459a-b64c-9a4ba7bfadb8,,ROSTER,EXECUTED,7,0,DROP,-16003.0,Bears D/ST,7.0,0.0,2023-11-14
2023,11,0d5a0190-678a-44e6-bf3a-e66ae08aa17c,0b4856bf-e948-491c-87aa-65cc6a10de78,WAIVER,EXECUTED,3,5,ADD,4360248.0,Kyle Pitts,0.0,3.0,2023-11-17
2023,11,0d5a0190-678a-44e6-bf3a-e66ae08aa17c,0b4856bf-e948-491c-87aa-65cc6a10de78,WAIVER,EXECUTED,3,5,DROP,4428085.0,Luke Musgrave,3.0,0.0,2023-11-17
2023,11,d856983a-086e-47b7-9495-35dff3c1ca37,92d9b0c8-32e7-4b94-ab26-713d70c519a6,WAIVER,CANCELED,7,0,ADD,3046779.0,Jared Goff,0.0,7.0,2023-11-17
2023,11,d856983a-086e-47b7-9495-35dff3c1ca37,92d9b0c8-32e7-4b94-ab26-713d70c519a6,WAIVER,CANCELED,7,0,DROP,3122672.0,Royce Freeman,7.0,0.0,2023-11-17
2023,11,4d54e08a-0e46-414b-b7f6-067a7661de7c,,ROSTER,EXECUTED,5,0,DROP,15920.0,Latavius Murray,5.0,0.0,2023-11-19
2023,11,b759541e-8a2d-4614-b82a-94a7b51794d3,54c0d1e2-c108-4fdf-8820-d5efa32ea8db,WAIVER,EXECUTED,5,5,ADD,-16028.0,Commanders D/ST,0.0,5.0,2023-11-15
2023,11,b759541e-8a2d-4614-b82a-94a7b51794d3,54c0d1e2-c108-4fdf-8820-d5efa32ea8db,WAIVER,EXECUTED,5,5,DROP,-16018.0,Saints D/ST,5.0,0.0,2023-11-15
2023,11,e962b80f-1e3a-4119-9b62-489cb13217ca,,FREEAGENT,EXECUTED,3,0,ADD,4361411.0,Pat Freiermuth,0.0,3.0,2023-11-16
2023,11,e962b80f-1e3a-4119-9b62-489cb13217ca,,FREEAGENT,EXECUTED,3,0,DROP,16757.0,Derek Carr,3.0,0.0,2023-11-16
2023,11,3439996e-a0b3-4c7f-b27c-eca27bf8de0f,6817f50e-38e0-455a-822d-19c93fff0591,WAIVER,EXECUTED,14,6,ADD,3932430.0,Jalen Guyton,0.0,14.0,2023-11-15
2023,11,3439996e-a0b3-4c7f-b27c-eca27bf8de0f,6817f50e-38e0-455a-822d-19c93fff0591,WAIVER,EXECUTED,14,6,DROP,4361418.0,Will Levis,14.0,0.0,2023-11-15
2023,11,80cd1807-913b-47bb-8ef7-2225b5ed3dae,4c3b5911-3747-448f-95e6-497217803353,WAIVER,EXECUTED,4,1,ADD,-16024.0,Chargers D/ST,0.0,4.0,2023-11-17
2023,11,80cd1807-913b-47bb-8ef7-2225b5ed3dae,4c3b5911-3747-448f-95e6-497217803353,WAIVER,EXECUTED,4,1,DROP,-16026.0,Seahawks D/ST,4.0,0.0,2023-11-17
2023,11,b49c265e-6e7f-49cb-81db-e569b91bdc92,,FREEAGENT,EXECUTED,1,0,ADD,3915486.0,Tyler Conklin,0.0,1.0,2023-11-16
2023,11,b49c265e-6e7f-49cb-81db-e569b91bdc92,,FREEAGENT,EXECUTED,1,0,DROP,3046779.0,Jared Goff,1.0,0.0,2023-11-16
2023,11,a3ec1d7c-c920-4fcf-a529-6b268a61b3d9,,WAIVER,PENDING,10,25,ADD,3123076.0,David Njoku,0.0,10.0,2023-11-14
2023,11,181642a0-8e62-450c-beb4-0cabd91b00a7,7e84a5d5-36ab-454f-9a0e-68aa0df4782f,WAIVER,EXECUTED,7,2,ADD,4360761.0,Michael Wilson,0.0,7.0,2023-11-15
2023,11,764f0b38-7938-49ae-9bef-105acb9fbd12,1152ece9-42e4-420d-8b62-0dee3cce6b46,TRADE_ACCEPT,,8,0,,,,,,2023-11-16
2023,11,e07d1a93-c8e1-498f-bd98-39a77b209346,cb9b0644-cc22-4061-a94a-3cc3e4499f1a,TRADE_DECLINE,EXECUTED,1,0,,,,,,2023-11-16
2023,11,38435efc-fd32-46d2-8271-5ea52c26e40c,,FREEAGENT,EXECUTED,12,0,ADD,4429025.0,Quentin Johnston,0.0,12.0,2023-11-16
2023,11,38435efc-fd32-46d2-8271-5ea52c26e40c,,FREEAGENT,EXECUTED,12,0,DROP,4360310.0,Trevor Lawrence,12.0,0.0,2023-11-16
2023,11,61975adb-67ee-4ae1-b8dd-a8b7a304dbc1,8c1762fc-edc5-40d2-8dee-1b4b5c5d3669,TRADE_PROPOSAL,CANCELED,12,0,TRADE,4241416.0,Chuba Hubbard,12.0,7.0,2023-11-16
2023,11,61975adb-67ee-4ae1-b8dd-a8b7a304dbc1,8c1762fc-edc5-40d2-8dee-1b4b5c5d3669,TRADE_PROPOSAL,CANCELED,12,0,TRADE,3916433.0,Jakobi Meyers,12.0,7.0,2023-11-16
2023,11,61975adb-67ee-4ae1-b8dd-a8b7a304dbc1,8c1762fc-edc5-40d2-8dee-1b4b5c5d3669,TRADE_PROPOSAL,CANCELED,12,0,TRADE,4426385.0,Zach Charbonnet,7.0,12.0,2023-11-16
2023,11,61975adb-67ee-4ae1-b8dd-a8b7a304dbc1,8c1762fc-edc5-40d2-8dee-1b4b5c5d3669,TRADE_PROPOSAL,CANCELED,12,0,TRADE,3915416.0,DJ Moore,7.0,12.0,2023-11-16
2023,11,190762c0-7c26-4132-a19a-5a62083a7e7e,,TRADE_PROPOSAL,PENDING,3,0,TRADE,4241389.0,CeeDee Lamb,10.0,3.0,2023-11-16
2023,11,190762c0-7c26-4132-a19a-5a62083a7e7e,,TRADE_PROPOSAL,PENDING,3,0,TRADE,4241372.0,Marquise Brown,3.0,10.0,2023-11-16
2023,11,190762c0-7c26-4132-a19a-5a62083a7e7e,,TRADE_PROPOSAL,PENDING,3,0,TRADE,3051926.0,Gus Edwards,3.0,10.0,2023-11-16
2023,11,190762c0-7c26-4132-a19a-5a62083a7e7e,,TRADE_PROPOSAL,PENDING,3,0,TRADE,4372019.0,Jerome Ford,3.0,10.0,2023-11-16
2023,11,2acf7d7e-f01c-44a5-9f57-67faa44d2c97,,ROSTER,EXECUTED,10,0,DROP,4360310.0,Trevor Lawrence,10.0,0.0,2023-11-14
2023,11,9b2db4e9-cb48-4d8b-857f-2a2904389000,,ROSTER,EXECUTED,1,1,DROP,4360248.0,Kyle Pitts,1.0,0.0,2023-11-15
2023,11,f8979397-91c0-4c5d-903d-d95785c01e44,53c10ee7-dc22-4009-afec-017981ad28f3,WAIVER,CANCELED,3,0,ADD,3123076.0,David Njoku,0.0,3.0,2023-11-15
2023,11,f8979397-91c0-4c5d-903d-d95785c01e44,53c10ee7-dc22-4009-afec-017981ad28f3,WAIVER,CANCELED,3,0,DROP,3929645.0,Juwan Johnson,3.0,0.0,2023-11-15
2023,11,63811f47-2c69-405e-9c1b-266b6118686b,950d433c-4cdd-403f-94a9-c09b6f1d1891,WAIVER,CANCELED,2,0,ADD,4361050.0,Isaiah Likely,0.0,2.0,2023-11-20
2023,11,63811f47-2c69-405e-9c1b-266b6118686b,950d433c-4cdd-403f-94a9-c09b6f1d1891,WAIVER,CANCELED,2,0,DROP,4038524.0,Gardner Minshew,2.0,0.0,2023-11-20
2023,11,f18537bd-4d96-4e8c-b9c0-4ec0479c4542,dedb5038-7a54-48d6-9cfd-a79583181f2b,WAIVER,FAILED_INVALIDPLAYERSOURCE,3,4,ADD,3123076.0,David Njoku,0.0,3.0,2023-11-16
2023,11,f18537bd-4d96-4e8c-b9c0-4ec0479c4542,dedb5038-7a54-48d6-9cfd-a79583181f2b,WAIVER,FAILED_INVALIDPLAYERSOURCE,3,4,DROP,16757.0,Derek Carr,3.0,0.0,2023-11-16
2023,11,f4a5ba88-8c38-4143-a682-e3206582766b,,ROSTER,EXECUTED,12,0,DROP,-16011.0,Colts D/ST,12.0,0.0,2023-11-15
2023,11,390d3fa5-bd11-42ef-ba7f-18791ba65f84,,FREEAGENT,EXECUTED,13,0,ADD,-16030.0,Jaguars D/ST,0.0,13.0,2023-11-15
2023,11,390d3fa5-bd11-42ef-ba7f-18791ba65f84,,FREEAGENT,EXECUTED,13,0,DROP,-16013.0,Raiders D/ST,13.0,0.0,2023-11-15
2023,11,a38ac3bf-f28f-4c59-9676-254c6d2d7ae8,f4448cab-5134-4473-8434-7b8c59e909e9,WAIVER,EXECUTED,7,1,ADD,4038815.0,Rico Dowdle,0.0,7.0,2023-11-15
2023,11,090e4425-ad96-49f7-a64c-1af4e731a532,7f73241b-cb12-4bef-9f9a-ba99e4f9e6a6,WAIVER,FAILED_INVALIDPLAYERSOURCE,1,3,ADD,3123076.0,David Njoku,0.0,1.0,2023-11-16
2023,11,090e4425-ad96-49f7-a64c-1af4e731a532,7f73241b-cb12-4bef-9f9a-ba99e4f9e6a6,WAIVER,FAILED_INVALIDPLAYERSOURCE,1,3,DROP,-16023.0,Steelers D/ST,1.0,0.0,2023-11-16
2023,11,3f97583b-3150-4227-9c9f-a596f0c1ebf5,6f886f4b-ddc7-4ed0-a4ed-baa09dd4dd1b,WAIVER,FAILED_INVALIDPLAYERSOURCE,12,1,ADD,-16028.0,Commanders D/ST,0.0,12.0,2023-11-15
2023,11,3f97583b-3150-4227-9c9f-a596f0c1ebf5,6f886f4b-ddc7-4ed0-a4ed-baa09dd4dd1b,WAIVER,FAILED_INVALIDPLAYERSOURCE,12,1,DROP,-16011.0,Colts D/ST,12.0,0.0,2023-11-15
2023,11,0452a9d2-d544-4bcb-b787-b16304956e0e,20712051-0e81-4102-b538-c6e3b9f88d5f,WAIVER,EXECUTED,5,5,ADD,4361432.0,Romeo Doubs,0.0,5.0,2023-11-15
2023,11,0452a9d2-d544-4bcb-b787-b16304956e0e,20712051-0e81-4102-b538-c6e3b9f88d5f,WAIVER,EXECUTED,5,5,DROP,2976316.0,Michael Thomas,5.0,0.0,2023-11-15
2023,11,0e2c66b6-adc5-4053-94be-5654696eece5,0fca2716-35ee-4d14-b0cd-ff8d44182d80,WAIVER,FAILED_ROSTERLIMIT,7,1,ADD,4035537.0,Kene Nwangwu,0.0,7.0,2023-11-15
2023,11,de4ece27-b278-49b3-b982-aa091f2ea56e,9ee2a787-b502-4afe-8065-0178bb6ed780,TRADE_DECLINE,EXECUTED,13,0,,,,,,2023-11-18
2023,11,4c91850e-c076-4058-8a18-4c46adcb57c2,38a23e10-2063-4477-92f8-a4c8cbe69633,TRADE_DECLINE,EXECUTED,8,0,,,,,,2023-11-16
2023,11,022d70dc-187a-4884-a042-ce37748aee19,1152ece9-42e4-420d-8b62-0dee3cce6b46,TRADE_UPHOLD,EXECUTED,1,0,,,,,,2023-11-16
2023,11,c2f6e557-144d-4b78-9307-e4ed35b2a7c7,c4e91098-9aec-4cd1-a075-a01cfb942235,WAIVER,EXECUTED,14,6,ADD,4362249.0,Jayden Reed,0.0,14.0,2023-11-15
2023,11,c2f6e557-144d-4b78-9307-e4ed35b2a7c7,c4e91098-9aec-4cd1-a075-a01cfb942235,WAIVER,EXECUTED,14,6,DROP,-16009.0,Packers D/ST,14.0,0.0,2023-11-15
2023,11,662f708b-fecc-4d50-8216-7f9172a5eefa,,ROSTER,EXECUTED,4,0,LINEUP,4258173.0,Nico Collins,0.0,0.0,2023-11-16
2023,11,662f708b-fecc-4d50-8216-7f9172a5eefa,,ROSTER,EXECUTED,4,0,DROP,3115306.0,Josh Reynolds,4.0,0.0,2023-11-16
2023,11,f0650a6f-f3d5-4cbb-9309-ef44491af5f6,,ROSTER,EXECUTED,13,0,DROP,3122840.0,Deshaun Watson,13.0,0.0,2023-11-15
2023,11,df25d6bd-6032-4227-ab3c-c7bfed8d9942,1152ece9-42e4-420d-8b62-0dee3cce6b46,TRADE_UPHOLD,EXECUTED,14,0,,,,,,2023-11-16
2023,12,798b1d0a-c4bc-4f00-bfb5-81a93bc225b3,,FREEAGENT,EXECUTED,2,0,ADD,4361418.0,Will Levis,0.0,2.0,2023-11-22
2023,12,798b1d0a-c4bc-4f00-bfb5-81a93bc225b3,,FREEAGENT,EXECUTED,2,0,DROP,4038524.0,Gardner Minshew,2.0,0.0,2023-11-22
2023,12,c45145ce-c04b-4b77-bd1c-0ef836e62271,7094bbc0-2689-44d8-9cc2-4796ad73744b,WAIVER,EXECUTED,7,11,ADD,4361050.0,Isaiah Likely,0.0,7.0,2023-11-22
2023,12,c45145ce-c04b-4b77-bd1c-0ef836e62271,7094bbc0-2689-44d8-9cc2-4796ad73744b,WAIVER,EXECUTED,7,11,DROP,4038815.0,Rico Dowdle,7.0,0.0,2023-11-22
2023,12,b2cc4ca9-21ef-4ec2-93ba-b61236b5864f,b26ff29e-ec6c-4080-bdaf-0a0bd58f9217,WAIVER,FAILED_INVALIDPLAYERSOURCE,3,10,ADD,4361050.0,Isaiah Likely,0.0,3.0,2023-11-22
2023,12,b2cc4ca9-21ef-4ec2-93ba-b61236b5864f,b26ff29e-ec6c-4080-bdaf-0a0bd58f9217,WAIVER,FAILED_INVALIDPLAYERSOURCE,3,10,DROP,4361411.0,Pat Freiermuth,3.0,0.0,2023-11-22
2023,12,97f308c8-eaa0-4644-b56f-74a273605b73,,FREEAGENT,EXECUTED,5,0,ADD,4426485.0,Jonathan Mingo,0.0,5.0,2023-11-23
2023,12,97f308c8-eaa0-4644-b56f-74a273605b73,,FREEAGENT,EXECUTED,5,0,DROP,4426875.0,Sam Howell,5.0,0.0,2023-11-23
2023,12,58b5435a-9de2-4abd-b2f9-68b12d5dc5fa,d61758af-1a5e-4acc-a6fe-0710a0218120,WAIVER,FAILED_INVALIDPLAYERSOURCE,7,2,ADD,-16007.0,Broncos D/ST,0.0,7.0,2023-11-22
2023,12,58b5435a-9de2-4abd-b2f9-68b12d5dc5fa,d61758af-1a5e-4acc-a6fe-0710a0218120,WAIVER,FAILED_INVALIDPLAYERSOURCE,7,2,DROP,-16008.0,Lions D/ST,7.0,0.0,2023-11-22
2023,12,263bcbba-91ec-4265-9807-5166e07b9d7a,,FREEAGENT,EXECUTED,4,0,ADD,3118892.0,Justin Watson,0.0,4.0,2023-11-23
2023,12,263bcbba-91ec-4265-9807-5166e07b9d7a,,FREEAGENT,EXECUTED,4,0,DROP,15864.0,Geno Smith,4.0,0.0,2023-11-23
2023,12,a5886c97-c488-4ac0-8790-cb67301bcb9a,,FREEAGENT,EXECUTED,13,0,ADD,-16010.0,Titans D/ST,0.0,13.0,2023-11-22
2023,12,a5886c97-c488-4ac0-8790-cb67301bcb9a,,FREEAGENT,EXECUTED,13,0,DROP,3915511.0,Joe Burrow,13.0,0.0,2023-11-22
2023,12,a1d6fa10-934b-4a7d-9578-209541742daa,,FREEAGENT,EXECUTED,7,0,ADD,-16024.0,Chargers D/ST,0.0,7.0,2023-11-26
2023,12,a1d6fa10-934b-4a7d-9578-209541742daa,,FREEAGENT,EXECUTED,7,0,DROP,4360761.0,Michael Wilson,7.0,0.0,2023-11-26
2023,12,f1f388cf-af8c-4a8b-bbe5-8778fbe09617,,FREEAGENT,EXECUTED,5,0,ADD,3122976.0,Jeff Wilson Jr.,0.0,5.0,2023-11-22
2023,12,f1f388cf-af8c-4a8b-bbe5-8778fbe09617,,FREEAGENT,EXECUTED,5,0,DROP,4361409.0,Jahan Dotson,5.0,0.0,2023-11-22
2023,12,84c60215-6aec-4c94-b5f3-7d5fb82ca52d,,FREEAGENT,EXECUTED,2,0,ADD,3121427.0,Curtis Samuel,0.0,2.0,2023-11-22
2023,12,84c60215-6aec-4c94-b5f3-7d5fb82ca52d,,FREEAGENT,EXECUTED,2,0,DROP,4038441.0,Justice Hill,2.0,0.0,2023-11-22
2023,12,c4daf6ae-d6f9-4e91-8e06-f2c485a1175e,6d913ed6-caab-4872-87b9-b622292210c8,WAIVER,EXECUTED,7,2,ADD,-16017.0,Patriots D/ST,0.0,7.0,2023-11-22
2023,12,c4daf6ae-d6f9-4e91-8e06-f2c485a1175e,6d913ed6-caab-4872-87b9-b622292210c8,WAIVER,EXECUTED,7,2,DROP,-16008.0,Lions D/ST,7.0,0.0,2023-11-22
2023,12,dd15e328-5df3-4822-89ac-e1d6284c187f,,FREEAGENT,EXECUTED,14,0,ADD,3119195.0,Chase Edmonds,0.0,14.0,2023-11-25
2023,12,dd15e328-5df3-4822-89ac-e1d6284c187f,,FREEAGENT,EXECUTED,14,0,DROP,3122672.0,Royce Freeman,14.0,0.0,2023-11-25
2023,12,b99f6d81-96c1-421e-882d-c5cd84739a3d,,FREEAGENT,EXECUTED,5,0,ADD,4032473.0,Rashid Shaheed,0.0,5.0,2023-11-22
2023,12,76a0521f-0495-47bd-9d31-d13b7aa74a09,,FREEAGENT,EXECUTED,14,0,ADD,3122672.0,Royce Freeman,0.0,14.0,2023-11-24
2023,12,80d2f4e7-32fc-4e6c-90b5-3f4633a5a36e,f9c3e073-90c4-4510-a70b-0991da8bd56f,WAIVER,FAILED_INVALIDPLAYERSOURCE,4,4,ADD,4361050.0,Isaiah Likely,0.0,4.0,2023-11-22
2023,12,80d2f4e7-32fc-4e6c-90b5-3f4633a5a36e,f9c3e073-90c4-4510-a70b-0991da8bd56f,WAIVER,FAILED_INVALIDPLAYERSOURCE,4,4,DROP,15864.0,Geno Smith,4.0,0.0,2023-11-22
2023,12,b941fe94-4526-46ab-b2ad-e918ead70da5,,FREEAGENT,EXECUTED,4,0,ADD,4360939.0,Rashod Bateman,0.0,4.0,2023-11-26
2023,12,b941fe94-4526-46ab-b2ad-e918ead70da5,,FREEAGENT,EXECUTED,4,0,DROP,3916566.0,K.J. Osborn,4.0,0.0,2023-11-26
2023,12,1ab185eb-b52a-4295-a67e-e05b6e7eed96,,FREEAGENT,EXECUTED,5,0,ADD,-16004.0,Bengals D/ST,0.0,5.0,2023-11-22
2023,12,011640e6-aa99-4331-bd3f-093cf1b64cd5,19573238-fdfc-4e59-9c5f-617ee94ad722,TRADE_DECLINE,EXECUTED,4,0,,,,,,2023-11-22
2023,12,7514884e-2718-4d19-8779-c9f38ba17bd3,,ROSTER,EXECUTED,3,0,DROP,3116365.0,Mark Andrews,3.0,0.0,2023-11-21
2023,12,3127ad3f-0489-40f1-9bdf-b4ec833cd9a3,,ROSTER,EXECUTED,5,0,DROP,-16028.0,Commanders D/ST,5.0,0.0,2023-11-22
2023,12,0ff8ade7-5332-466d-a551-c7c40e3aa1a6,,FREEAGENT,EXECUTED,8,0,ADD,-16011.0,Colts D/ST,0.0,8.0,2023-11-22
2023,12,0ff8ade7-5332-466d-a551-c7c40e3aa1a6,,FREEAGENT,EXECUTED,8,0,DROP,3054212.0,Jonnu Smith,8.0,0.0,2023-11-22
2023,12,ab06726c-43cf-4d20-8139-23dfcfd95af3,,ROSTER,EXECUTED,7,0,DROP,16782.0,Jerick McKinnon,7.0,0.0,2023-11-21
2023,12,fb504065-36d5-407e-8e20-79c97e0e888d,2e9c4e3b-f774-4e52-8703-9faf036f5bdf,WAIVER,EXECUTED,4,4,ADD,-16007.0,Broncos D/ST,0.0,4.0,2023-11-22
2023,12,fb504065-36d5-407e-8e20-79c97e0e888d,2e9c4e3b-f774-4e52-8703-9faf036f5bdf,WAIVER,EXECUTED,4,4,DROP,-16024.0,Chargers D/ST,4.0,0.0,2023-11-22
2023,13,273dc805-c674-472f-9e20-a19e03a1087a,0891bad4-8da2-40a8-b62c-5aa3f4b08762,WAIVER,EXECUTED,14,1,ADD,4243331.0,Cade Otton,0.0,14.0,2023-12-02
2023,13,a04a41f5-c2d9-4100-8e58-6972ad872fd5,08ae033b-d37e-45f9-9a5f-281e759444ba,WAIVER,EXECUTED,4,1,ADD,4361409.0,Jahan Dotson,0.0,4.0,2023-11-29
2023,13,a04a41f5-c2d9-4100-8e58-6972ad872fd5,08ae033b-d37e-45f9-9a5f-281e759444ba,WAIVER,EXECUTED,4,1,DROP,3931391.0,Trenton Irwin,4.0,0.0,2023-11-29
2023,13,f7f13f6f-a610-40d8-8576-62a56807da3b,,TRADE_PROPOSAL,PENDING,1,0,TRADE,4243537.0,Gabe Davis,1.0,10.0,2023-11-29
2023,13,f7f13f6f-a610-40d8-8576-62a56807da3b,,TRADE_PROPOSAL,PENDING,1,0,TRADE,4035676.0,Zack Moss,10.0,1.0,2023-11-29
2023,13,4e5ba021-5e13-496b-bcdc-1533e46d0a8f,c9a1fe01-9297-4d65-a31c-ba31c8cc1c84,WAIVER,FAILED_INVALIDPLAYERSOURCE,12,7,ADD,-16001.0,Falcons D/ST,0.0,12.0,2023-11-29
2023,13,b58b4958-b669-46f6-88d2-7e85d0167296,,ROSTER,EXECUTED,5,0,DROP,-16004.0,Bengals D/ST,5.0,0.0,2023-11-29
2023,13,8419b6f6-824a-49e4-9ac8-541905210a31,,FREEAGENT,EXECUTED,4,0,ADD,-16034.0,Texans D/ST,0.0,4.0,2023-11-29
2023,13,8419b6f6-824a-49e4-9ac8-541905210a31,,FREEAGENT,EXECUTED,4,0,DROP,-16007.0,Broncos D/ST,4.0,0.0,2023-11-29
2023,13,6b5c1b9d-7e8e-4dfd-8b7a-c7552e20cfae,e8fb04e2-955f-4ee6-8988-63cf2c6362f6,WAIVER,EXECUTED,1,5,ADD,3116389.0,Samaje Perine,0.0,1.0,2023-11-29
2023,13,6b5c1b9d-7e8e-4dfd-8b7a-c7552e20cfae,e8fb04e2-955f-4ee6-8988-63cf2c6362f6,WAIVER,EXECUTED,1,5,DROP,3915486.0,Tyler Conklin,1.0,0.0,2023-11-29
2023,13,f89c6fba-1440-4ec5-ac7a-0bf03076addb,bcf63cdb-3ede-42ef-9415-0ce1d5349f73,TRADE_PROPOSAL,CANCELED,12,0,TRADE,2977187.0,Cooper Kupp,1.0,12.0,2023-11-29
2023,13,f89c6fba-1440-4ec5-ac7a-0bf03076addb,bcf63cdb-3ede-42ef-9415-0ce1d5349f73,TRADE_PROPOSAL,CANCELED,12,0,TRADE,4241416.0,Chuba Hubbard,12.0,1.0,2023-11-29
2023,13,f89c6fba-1440-4ec5-ac7a-0bf03076addb,bcf63cdb-3ede-42ef-9415-0ce1d5349f73,TRADE_PROPOSAL,CANCELED,12,0,TRADE,3916433.0,Jakobi Meyers,12.0,1.0,2023-11-29
2023,13,30de4259-a94e-41ff-a1eb-8a6e45bef3ab,e742cf90-d028-4ab9-8b5e-7ed3a3559c6d,TRADE_DECLINE,EXECUTED,3,0,,,,,,2023-11-29
2023,13,b411dd25-3e53-450f-8da4-0ccc235151c6,c6522d08-c324-4749-8340-dfd1600a15f5,TRADE_PROPOSAL,CANCELED,10,0,TRADE,2577417.0,Dak Prescott,14.0,10.0,2023-11-29
2023,13,b411dd25-3e53-450f-8da4-0ccc235151c6,c6522d08-c324-4749-8340-dfd1600a15f5,TRADE_PROPOSAL,CANCELED,10,0,TRADE,15818.0,Keenan Allen,14.0,10.0,2023-11-29
2023,13,b411dd25-3e53-450f-8da4-0ccc235151c6,c6522d08-c324-4749-8340-dfd1600a15f5,TRADE_PROPOSAL,CANCELED,10,0,TRADE,4569173.0,Rhamondre Stevenson,10.0,14.0,2023-11-29
2023,13,b411dd25-3e53-450f-8da4-0ccc235151c6,c6522d08-c324-4749-8340-dfd1600a15f5,TRADE_PROPOSAL,CANCELED,10,0,TRADE,3917315.0,Kyler Murray,10.0,14.0,2023-11-29
2023,13,b411dd25-3e53-450f-8da4-0ccc235151c6,c6522d08-c324-4749-8340-dfd1600a15f5,TRADE_PROPOSAL,CANCELED,10,0,TRADE,4426515.0,Puka Nacua,10.0,14.0,2023-11-29
2023,13,e34ab40f-c739-4d5a-90b7-9220904c3842,,FREEAGENT,EXECUTED,4,0,ADD,4241401.0,Trey Sermon,0.0,4.0,2023-11-30
2023,13,e34ab40f-c739-4d5a-90b7-9220904c3842,,FREEAGENT,EXECUTED,4,0,DROP,4361409.0,Jahan Dotson,4.0,0.0,2023-11-30
2023,13,ee34192e-0167-42fe-8b94-400b711f23dc,9bd8e3bd-3280-4236-8a19-ab53b8e62bf8,TRADE_UPHOLD,EXECUTED,1,0,,,,,,2023-12-01
2023,13,66a71694-8785-4e23-aa15-fe78f5a8ebf1,872d8a33-ba75-41bf-affe-916877792e4c,TRADE_ACCEPT,EXECUTED,10,0,TRADE,3918298.0,Josh Allen,2.0,10.0,2023-12-01
2023,13,66a71694-8785-4e23-aa15-fe78f5a8ebf1,872d8a33-ba75-41bf-affe-916877792e4c,TRADE_ACCEPT,EXECUTED,10,0,TRADE,4569173.0,Rhamondre Stevenson,10.0,2.0,2023-12-01
2023,13,e4e50847-bceb-45e4-8a11-23dd09b4a858,11c7bc30-74ad-42df-88a2-404408f9fe5c,WAIVER,EXECUTED,7,1,ADD,4361409.0,Jahan Dotson,0.0,7.0,2023-12-02
2023,13,e4e50847-bceb-45e4-8a11-23dd09b4a858,11c7bc30-74ad-42df-88a2-404408f9fe5c,WAIVER,EXECUTED,7,1,DROP,4037235.0,Greg Dortch,7.0,0.0,2023-12-02
2023,13,f38dcf43-c185-4a9f-9947-c53776d1c6de,,FREEAGENT,EXECUTED,5,0,ADD,-16014.0,Rams D/ST,0.0,5.0,2023-11-29
2023,13,ee62da16-917f-4d4d-b3b4-2d0d8cf0bd21,61c80d77-ed97-478d-b2bd-eefa8e3e09b7,TRADE_DECLINE,EXECUTED,1,0,,,,,,2023-11-29
2023,13,5d95cdf3-2b1d-4915-a15a-e01a5fbbeb21,ce1b6075-7a1c-4e88-8761-6b565245a83e,TRADE_PROPOSAL,CANCELED,12,0,TRADE,3916433.0,Jakobi Meyers,12.0,6.0,2023-11-29
2023,13,5d95cdf3-2b1d-4915-a15a-e01a5fbbeb21,ce1b6075-7a1c-4e88-8761-6b565245a83e,TRADE_PROPOSAL,CANCELED,12,0,TRADE,4361741.0,Brock Purdy,12.0,6.0,2023-11-29
2023,13,5d95cdf3-2b1d-4915-a15a-e01a5fbbeb21,ce1b6075-7a1c-4e88-8761-6b565245a83e,TRADE_PROPOSAL,CANCELED,12,0,TRADE,4262921.0,Justin Jefferson,6.0,12.0,2023-11-29
2023,13,5d95cdf3-2b1d-4915-a15a-e01a5fbbeb21,ce1b6075-7a1c-4e88-8761-6b565245a83e,TRADE_PROPOSAL,CANCELED,12,0,TRADE,4242431.0,Ty Chandler,12.0,6.0,2023-11-29
2023,13,ad6993b1-4959-41c7-a5b2-2c5241190e0b,872d8a33-ba75-41bf-affe-916877792e4c,TRADE_UPHOLD,EXECUTED,8,0,,,,,,2023-11-30
2023,13,170696b3-4025-491e-b764-f0cda4387ea9,,FREEAGENT,EXECUTED,10,0,ADD,-16025.0,49ers D/ST,0.0,10.0,2023-12-02
2023,13,7655458b-49a0-4d82-9ceb-6a78995636e5,f7f13f6f-a610-40d8-8576-62a56807da3b,TRADE_PROPOSAL,CANCELED,1,0,TRADE,4243537.0,Gabe Davis,1.0,10.0,2023-11-29
2023,13,7655458b-49a0-4d82-9ceb-6a78995636e5,f7f13f6f-a610-40d8-8576-62a56807da3b,TRADE_PROPOSAL,CANCELED,1,0,TRADE,4035676.0,Zack Moss,10.0,1.0,2023-11-29
2023,13,872d8a33-ba75-41bf-affe-916877792e4c,,TRADE_PROPOSAL,PENDING,10,0,TRADE,3918298.0,Josh Allen,2.0,10.0,2023-11-29
2023,13,872d8a33-ba75-41bf-affe-916877792e4c,,TRADE_PROPOSAL,PENDING,10,0,TRADE,4569173.0,Rhamondre Stevenson,10.0,2.0,2023-11-29
2023,13,621a8ab0-9169-423b-8818-2322abd1fd20,,FREEAGENT,EXECUTED,7,0,ADD,4037235.0,Greg Dortch,0.0,7.0,2023-11-29
2023,13,621a8ab0-9169-423b-8818-2322abd1fd20,,FREEAGENT,EXECUTED,7,0,DROP,3125116.0,D'Onta Foreman,7.0,0.0,2023-11-29
2023,13,2e864ce9-ea19-4d96-a0a5-baf5e6e2f3a3,c73bb362-953e-4bcd-970c-2053091b1690,WAIVER,FAILED_INVALIDPLAYERSOURCE,1,1,ADD,-16001.0,Falcons D/ST,0.0,1.0,2023-11-29
2023,13,2e864ce9-ea19-4d96-a0a5-baf5e6e2f3a3,c73bb362-953e-4bcd-970c-2053091b1690,WAIVER,FAILED_INVALIDPLAYERSOURCE,1,1,DROP,4039359.0,Darrell Henderson Jr.,1.0,0.0,2023-11-29
2023,13,04116915-c051-456d-baaa-205af5435fce,4d4d1cd9-49fa-4882-b83b-7b2272d1729e,WAIVER,EXECUTED,3,12,ADD,4426875.0,Sam Howell,0.0,3.0,2023-11-29
2023,13,04116915-c051-456d-baaa-205af5435fce,4d4d1cd9-49fa-4882-b83b-7b2272d1729e,WAIVER,EXECUTED,3,12,DROP,4360248.0,Kyle Pitts,3.0,0.0,2023-11-29
2023,13,ecbadcb6-9a89-435f-888e-d514fab36caf,623cadab-afb1-4490-8aa3-7eefab4186d2,WAIVER,FAILED_INVALIDPLAYERSOURCE,2,1,ADD,4426875.0,Sam Howell,0.0,2.0,2023-11-29
2023,13,ecbadcb6-9a89-435f-888e-d514fab36caf,623cadab-afb1-4490-8aa3-7eefab4186d2,WAIVER,FAILED_INVALIDPLAYERSOURCE,2,1,DROP,4361418.0,Will Levis,2.0,0.0,2023-11-29
2023,13,67df52a2-e30c-49ec-b852-2cebd92388d6,,FREEAGENT,EXECUTED,8,0,ADD,4360635.0,Chigoziem Okonkwo,0.0,8.0,2023-12-02
2023,13,97a91115-f3cd-486f-8e20-b827d44e7f3b,c303a592-2d60-4582-bdc8-413f875ffc9a,TRADE_PROPOSAL,CANCELED,12,0,TRADE,4362628.0,Ja'Marr Chase,13.0,12.0,2023-11-29
2023,13,97a91115-f3cd-486f-8e20-b827d44e7f3b,c303a592-2d60-4582-bdc8-413f875ffc9a,TRADE_PROPOSAL,CANCELED,12,0,TRADE,4361741.0,Brock Purdy,12.0,13.0,2023-11-29
2023,13,97a91115-f3cd-486f-8e20-b827d44e7f3b,c303a592-2d60-4582-bdc8-413f875ffc9a,TRADE_PROPOSAL,CANCELED,12,0,TRADE,4241416.0,Chuba Hubbard,12.0,13.0,2023-11-29
2023,13,97a91115-f3cd-486f-8e20-b827d44e7f3b,c303a592-2d60-4582-bdc8-413f875ffc9a,TRADE_PROPOSAL,CANCELED,12,0,TRADE,3916433.0,Jakobi Meyers,12.0,13.0,2023-11-29
2023,13,0c4bc2d9-8a47-435c-918a-4974a2794246,722b026a-cbba-4abf-9074-b24fa7c76473,TRADE_DECLINE,EXECUTED,10,0,,,,,,2023-11-29
2023,13,8172c292-d331-4410-8f97-875d6319ebfb,,ROSTER,EXECUTED,14,0,DROP,3119195.0,Chase Edmonds,14.0,0.0,2023-11-29
2023,13,44aac069-55ff-4ba4-8381-908acbd7c018,c38b9688-d963-415d-9b6e-aa13c62564b2,WAIVER,EXECUTED,7,1,ADD,-16027.0,Buccaneers D/ST,0.0,7.0,2023-11-29
2023,13,44aac069-55ff-4ba4-8381-908acbd7c018,c38b9688-d963-415d-9b6e-aa13c62564b2,WAIVER,EXECUTED,7,1,DROP,-16017.0,Patriots D/ST,7.0,0.0,2023-11-29
2023,13,e0266615-16d6-4c57-a64d-d7772b49f702,,ROSTER,EXECUTED,12,0,DROP,-16019.0,Giants D/ST,12.0,0.0,2023-11-28
2023,13,3820ce7b-1fb8-474a-b52e-f50aaf6f1a30,62615967-fa16-4431-9066-aed98bbc2d5d,WAIVER,EXECUTED,12,6,ADD,3929645.0,Juwan Johnson,0.0,12.0,2023-11-29
2023,13,3820ce7b-1fb8-474a-b52e-f50aaf6f1a30,62615967-fa16-4431-9066-aed98bbc2d5d,WAIVER,EXECUTED,12,6,DROP,3045144.0,Tyler Boyd,12.0,0.0,2023-11-29
2023,13,ede18a60-316a-4413-8311-de1be036c5e8,7d7fd2b7-ade2-4f25-9248-d5b83060c438,WAIVER,FAILED_INVALIDPLAYERSOURCE,5,5,ADD,-16001.0,Falcons D/ST,0.0,5.0,2023-11-29
2023,13,ede18a60-316a-4413-8311-de1be036c5e8,7d7fd2b7-ade2-4f25-9248-d5b83060c438,WAIVER,FAILED_INVALIDPLAYERSOURCE,5,5,DROP,-16004.0,Bengals D/ST,5.0,0.0,2023-11-29
2023,13,f674c559-1d2e-4de6-b154-8c56a41565a4,688fc601-3701-46b5-aac8-59d4b7572899,WAIVER,EXECUTED,12,1,ADD,-16024.0,Chargers D/ST,0.0,12.0,2023-12-02
2023,13,f674c559-1d2e-4de6-b154-8c56a41565a4,688fc601-3701-46b5-aac8-59d4b7572899,WAIVER,EXECUTED,12,1,DROP,-16021.0,Eagles D/ST,12.0,0.0,2023-12-02
2023,13,bd6938c1-c22c-4454-aace-61bebf242b55,,FREEAGENT,EXECUTED,2,0,ADD,3915486.0,Tyler Conklin,0.0,2.0,2023-12-01
2023,13,bd6938c1-c22c-4454-aace-61bebf242b55,,FREEAGENT,EXECUTED,2,0,DROP,4243331.0,Cade Otton,2.0,0.0,2023-12-01
2023,13,67d568b6-5a39-4528-aa8c-90fc9b102edb,fd5fdda7-0efc-44e7-84ec-2c314553deed,WAIVER,CANCELED,3,0,ADD,4426875.0,Sam Howell,0.0,3.0,2023-11-28
2023,13,67d568b6-5a39-4528-aa8c-90fc9b102edb,fd5fdda7-0efc-44e7-84ec-2c314553deed,WAIVER,CANCELED,3,0,DROP,4036378.0,Jordan Love,3.0,0.0,2023-11-28
2023,13,cfa4f028-8f9a-47d3-826c-69ba328d63ca,3a5c1b11-4381-4155-b37d-efd222a762b6,WAIVER,EXECUTED,1,1,ADD,3122672.0,Royce Freeman,0.0,1.0,2023-11-29
2023,13,cfa4f028-8f9a-47d3-826c-69ba328d63ca,3a5c1b11-4381-4155-b37d-efd222a762b6,WAIVER,EXECUTED,1,1,DROP,4039359.0,Darrell Henderson Jr.,1.0,0.0,2023-11-29
2023,13,bd5eac05-f41c-498b-b994-f2e4d4ae23ce,9bd8e3bd-3280-4236-8a19-ab53b8e62bf8,TRADE_ACCEPT,,1,0,DROP,-16025.0,49ers D/ST,1.0,0.0,2023-12-01
2023,13,14870973-90e7-46dd-abb4-141d92c8083a,11339ad7-284e-4510-b539-4eb3e17e39ab,WAIVER,EXECUTED,14,9,ADD,-16001.0,Falcons D/ST,0.0,14.0,2023-11-29
2023,13,14870973-90e7-46dd-abb4-141d92c8083a,11339ad7-284e-4510-b539-4eb3e17e39ab,WAIVER,EXECUTED,14,9,DROP,-16018.0,Saints D/ST,14.0,0.0,2023-11-29
2023,13,aa913a9f-8550-4a2d-8f3c-4a1bfa9777ba,,WAIVER,PENDING,10,15,ADD,-16011.0,Colts D/ST,0.0,10.0,2023-12-04
2023,13,aa913a9f-8550-4a2d-8f3c-4a1bfa9777ba,,WAIVER,PENDING,10,15,DROP,-16033.0,Ravens D/ST,10.0,0.0,2023-12-04
2023,13,fa5e08eb-0fdc-4e18-bb0f-870e25988efc,,FREEAGENT,EXECUTED,6,0,ADD,3046439.0,Hunter Henry,0.0,6.0,2023-12-03
2023,13,fa5e08eb-0fdc-4e18-bb0f-870e25988efc,,FREEAGENT,EXECUTED,6,0,DROP,2576925.0,Darren Waller,6.0,0.0,2023-12-03
2023,13,ea0ce34f-b6aa-4b59-ab06-695dca70c774,872d8a33-ba75-41bf-affe-916877792e4c,TRADE_UPHOLD,EXECUTED,1,0,,,,,,2023-12-01
2023,13,237555ef-a0fb-486a-9f33-647146f2e8c2,f7f13f6f-a610-40d8-8576-62a56807da3b,TRADE_DECLINE,EXECUTED,10,0,,,,,,2023-11-29
2023,13,0b57c105-1936-4399-8f93-e05465815668,,FREEAGENT,EXECUTED,13,0,ADD,15835.0,Zach Ertz,0.0,13.0,2023-11-30
2023,13,0b57c105-1936-4399-8f93-e05465815668,,FREEAGENT,EXECUTED,13,0,DROP,-16010.0,Titans D/ST,13.0,0.0,2023-11-30
2023,13,2404f569-f0de-459f-90d1-2e7e3bf6feae,9aa680c0-c783-46f6-8d7e-309858ab2f67,WAIVER,FAILED_INVALIDPLAYERSOURCE,7,1,ADD,3929645.0,Juwan Johnson,0.0,7.0,2023-11-29
2023,13,2404f569-f0de-459f-90d1-2e7e3bf6feae,9aa680c0-c783-46f6-8d7e-309858ab2f67,WAIVER,FAILED_INVALIDPLAYERSOURCE,7,1,DROP,3125116.0,D'Onta Foreman,7.0,0.0,2023-11-29
2023,13,c6522d08-c324-4749-8340-dfd1600a15f5,,TRADE_PROPOSAL,PENDING,10,0,TRADE,2577417.0,Dak Prescott,14.0,10.0,2023-11-28
2023,13,c6522d08-c324-4749-8340-dfd1600a15f5,,TRADE_PROPOSAL,PENDING,10,0,TRADE,15818.0,Keenan Allen,14.0,10.0,2023-11-28
2023,13,c6522d08-c324-4749-8340-dfd1600a15f5,,TRADE_PROPOSAL,PENDING,10,0,TRADE,4569173.0,Rhamondre Stevenson,10.0,14.0,2023-11-28
2023,13,c6522d08-c324-4749-8340-dfd1600a15f5,,TRADE_PROPOSAL,PENDING,10,0,TRADE,3917315.0,Kyler Murray,10.0,14.0,2023-11-28
2023,13,c6522d08-c324-4749-8340-dfd1600a15f5,,TRADE_PROPOSAL,PENDING,10,0,TRADE,4426515.0,Puka Nacua,10.0,14.0,2023-11-28
2023,13,d18bcdc0-0a5e-4311-bfe3-55f4c98dbec2,,FREEAGENT,EXECUTED,12,0,ADD,-16021.0,Eagles D/ST,0.0,12.0,2023-11-29
2023,13,484292b3-5ca3-486f-8a0e-f11968f813cf,c6522d08-c324-4749-8340-dfd1600a15f5,TRADE_DECLINE,EXECUTED,14,0,,,,,,2023-11-29
2023,13,635e2192-bcac-4794-ab4d-7a8882c1352e,,FREEAGENT,EXECUTED,5,0,ADD,4360248.0,Kyle Pitts,0.0,5.0,2023-12-01
2023,13,fa8aed83-20cc-4786-a9c1-dc2a3f640035,9ab2f99c-6a85-4180-a0bd-65fd1fdcd4de,WAIVER,FAILED_INVALIDPLAYERSOURCE,7,2,ADD,-16001.0,Falcons D/ST,0.0,7.0,2023-11-29
2023,13,fa8aed83-20cc-4786-a9c1-dc2a3f640035,9ab2f99c-6a85-4180-a0bd-65fd1fdcd4de,WAIVER,FAILED_INVALIDPLAYERSOURCE,7,2,DROP,-16017.0,Patriots D/ST,7.0,0.0,2023-11-29
2023,13,365ca6ba-87b4-48e1-af85-48f96fe242cf,,FREEAGENT,EXECUTED,7,0,ADD,-16009.0,Packers D/ST,0.0,7.0,2023-11-30
2023,13,365ca6ba-87b4-48e1-af85-48f96fe242cf,,FREEAGENT,EXECUTED,7,0,DROP,-16024.0,Chargers D/ST,7.0,0.0,2023-11-30
2023,13,73cc413a-cf59-4773-862f-0a989c0ff39e,18baf350-dc83-4ca5-9456-47f1f7936932,WAIVER,CANCELED,12,0,ADD,-16011.0,Colts D/ST,0.0,12.0,2023-12-01
2023,13,73cc413a-cf59-4773-862f-0a989c0ff39e,18baf350-dc83-4ca5-9456-47f1f7936932,WAIVER,CANCELED,12,0,DROP,-16021.0,Eagles D/ST,12.0,0.0,2023-12-01
2023,13,bd665cf7-0e4e-4f6f-87ab-7c7a15a8b806,,ROSTER,EXECUTED,5,0,DROP,4032473.0,Rashid Shaheed,5.0,0.0,2023-11-28
2023,13,8cabdfaa-0d35-4fac-8c47-f774efaa1563,872d8a33-ba75-41bf-affe-916877792e4c,TRADE_VETO,EXECUTED,7,0,,,,,,2023-11-29
2023,13,ef2c2264-0bae-4c4b-b318-d66e511966c1,,FREEAGENT,EXECUTED,2,0,ADD,16757.0,Derek Carr,0.0,2.0,2023-11-29
2023,13,ef2c2264-0bae-4c4b-b318-d66e511966c1,,FREEAGENT,EXECUTED,2,0,DROP,4361418.0,Will Levis,2.0,0.0,2023-11-29
2023,13,a093441a-30a3-472d-8b63-0a9d0c1f4fea,,FREEAGENT,EXECUTED,8,0,ADD,4038815.0,Rico Dowdle,0.0,8.0,2023-11-30
2023,13,a093441a-30a3-472d-8b63-0a9d0c1f4fea,,FREEAGENT,EXECUTED,8,0,DROP,-16011.0,Colts D/ST,8.0,0.0,2023-11-30
2023,13,722b026a-cbba-4abf-9074-b24fa7c76473,,TRADE_PROPOSAL,PENDING,12,3,TRADE,4361529.0,Isiah Pacheco,10.0,12.0,2023-11-29
2023,13,722b026a-cbba-4abf-9074-b24fa7c76473,,TRADE_PROPOSAL,PENDING,12,3,TRADE,4241416.0,Chuba Hubbard,12.0,10.0,2023-11-29
2023,13,722b026a-cbba-4abf-9074-b24fa7c76473,,TRADE_PROPOSAL,PENDING,12,3,TRADE,4361741.0,Brock Purdy,12.0,10.0,2023-11-29
2023,13,1575e8e2-2a8d-4d19-b1e9-77f525a914df,872d8a33-ba75-41bf-affe-916877792e4c,TRADE_ACCEPT,,2,0,,,,,,2023-11-29
2023,13,4b44aec3-3bbe-411b-9ec1-e487d8144d84,872d8a33-ba75-41bf-affe-916877792e4c,TRADE_UPHOLD,EXECUTED,12,0,,,,,,2023-11-30
2023,13,9296e234-da65-428b-b548-b64a34ac9806,722b026a-cbba-4abf-9074-b24fa7c76473,TRADE_PROPOSAL,CANCELED,12,3,TRADE,4361529.0,Isiah Pacheco,10.0,12.0,2023-11-29
2023,13,9296e234-da65-428b-b548-b64a34ac9806,722b026a-cbba-4abf-9074-b24fa7c76473,TRADE_PROPOSAL,CANCELED,12,3,TRADE,4241416.0,Chuba Hubbard,12.0,10.0,2023-11-29
2023,13,9296e234-da65-428b-b548-b64a34ac9806,722b026a-cbba-4abf-9074-b24fa7c76473,TRADE_PROPOSAL,CANCELED,12,3,TRADE,4361741.0,Brock Purdy,12.0,10.0,2023-11-29
2023,14,1206193d-8505-4af2-84e6-73d32e23b8cd,1b740d9a-d054-4dbb-b713-967977c5b523,WAIVER,EXECUTED,7,2,ADD,4241555.0,Elijah Mitchell,0.0,7.0,2023-12-06
2023,14,1206193d-8505-4af2-84e6-73d32e23b8cd,1b740d9a-d054-4dbb-b713-967977c5b523,WAIVER,EXECUTED,7,2,DROP,4361409.0,Jahan Dotson,7.0,0.0,2023-12-06
2023,14,ea416b0c-a79a-49b9-8cef-7aca78e412a3,2a684ae4-86ae-4687-8363-799a41e01019,WAIVER,EXECUTED,3,5,ADD,4429025.0,Quentin Johnston,0.0,3.0,2023-12-06
2023,14,ea416b0c-a79a-49b9-8cef-7aca78e412a3,2a684ae4-86ae-4687-8363-799a41e01019,WAIVER,EXECUTED,3,5,DROP,4426875.0,Sam Howell,3.0,0.0,2023-12-06
2023,14,40d2efd6-ad5a-474b-9987-5a6e3a16b759,ac6d414a-c02b-46f1-9e7a-e35416ca758a,WAIVER,FAILED_INVALIDPLAYERSOURCE,14,2,ADD,-16018.0,Saints D/ST,0.0,14.0,2023-12-06
2023,14,40d2efd6-ad5a-474b-9987-5a6e3a16b759,ac6d414a-c02b-46f1-9e7a-e35416ca758a,WAIVER,FAILED_INVALIDPLAYERSOURCE,14,2,DROP,3059915.0,Kareem Hunt,14.0,0.0,2023-12-06
2023,14,aee47af3-3228-49d0-b350-8aafadeda60d,,ROSTER,EXECUTED,12,0,DROP,3929645.0,Juwan Johnson,12.0,0.0,2023-12-06
2023,14,27edf211-bd92-49fd-aabb-d67e07a5ace6,a17ecd6f-f2a1-4220-8444-ca5561090ef5,WAIVER,FAILED_INVALIDPLAYERSOURCE,14,10,ADD,-16033.0,Ravens D/ST,0.0,14.0,2023-12-07
2023,14,27edf211-bd92-49fd-aabb-d67e07a5ace6,a17ecd6f-f2a1-4220-8444-ca5561090ef5,WAIVER,FAILED_INVALIDPLAYERSOURCE,14,10,DROP,-16018.0,Saints D/ST,14.0,0.0,2023-12-07
2023,14,982b618f-1fff-415d-8acc-69f087cecbc6,c3106bde-d365-4f66-bbdf-e88e6f6db0cc,WAIVER,FAILED_INVALIDPLAYERSOURCE,12,7,ADD,-16033.0,Ravens D/ST,0.0,12.0,2023-12-07
2023,14,982b618f-1fff-415d-8acc-69f087cecbc6,c3106bde-d365-4f66-bbdf-e88e6f6db0cc,WAIVER,FAILED_INVALIDPLAYERSOURCE,12,7,DROP,-16024.0,Chargers D/ST,12.0,0.0,2023-12-07
2023,14,d5beb84f-60bf-4207-9c49-3f55e190057f,7e56bcbb-2c2d-4d16-bc67-b9181cea6545,WAIVER,CANCELED,7,0,ADD,4241555.0,Elijah Mitchell,0.0,7.0,2023-12-06
2023,14,d5beb84f-60bf-4207-9c49-3f55e190057f,7e56bcbb-2c2d-4d16-bc67-b9181cea6545,WAIVER,CANCELED,7,0,DROP,4361409.0,Jahan Dotson,7.0,0.0,2023-12-06
2023,14,f356e2d4-946f-4770-a02c-745880d32414,,ROSTER,EXECUTED,5,0,DROP,3122976.0,Jeff Wilson Jr.,5.0,0.0,2023-12-06
2023,14,d36b5f0e-8ede-4aa6-b8e4-63d9280e58bc,,FREEAGENT,EXECUTED,7,0,ADD,3116593.0,Dalvin Cook,0.0,7.0,2023-12-08
2023,14,d36b5f0e-8ede-4aa6-b8e4-63d9280e58bc,,FREEAGENT,EXECUTED,7,0,DROP,4241555.0,Elijah Mitchell,7.0,0.0,2023-12-08
2023,14,da73d6a8-a5e7-4390-8e46-08d928bba860,9436430a-af12-4708-941e-13fa3c1611a2,WAIVER,EXECUTED,2,1,ADD,15864.0,Geno Smith,0.0,2.0,2023-12-06
2023,14,da73d6a8-a5e7-4390-8e46-08d928bba860,9436430a-af12-4708-941e-13fa3c1611a2,WAIVER,EXECUTED,2,1,DROP,4045163.0,Miles Sanders,2.0,0.0,2023-12-06
2023,14,b0dc969e-f3f0-44dc-b839-6698ea1108f1,ee6349b1-7a03-44e2-aaca-4b50efb11d83,WAIVER,EXECUTED,14,6,ADD,-16018.0,Saints D/ST,0.0,14.0,2023-12-06
2023,14,b0dc969e-f3f0-44dc-b839-6698ea1108f1,ee6349b1-7a03-44e2-aaca-4b50efb11d83,WAIVER,EXECUTED,14,6,DROP,4243331.0,Cade Otton,14.0,0.0,2023-12-06
2023,14,3f53c790-97d1-45dc-9a2d-c6bbb7ddea12,,FREEAGENT,EXECUTED,8,0,ADD,-16001.0,Falcons D/ST,0.0,8.0,2023-12-07
2023,14,3f53c790-97d1-45dc-9a2d-c6bbb7ddea12,,FREEAGENT,EXECUTED,8,0,DROP,3052587.0,Baker Mayfield,8.0,0.0,2023-12-07
2023,14,9e46e890-5915-40d5-a018-60db94a1964c,,FREEAGENT,EXECUTED,7,0,ADD,4242214.0,Clyde Edwards-Helaire,0.0,7.0,2023-12-07
2023,14,9e46e890-5915-40d5-a018-60db94a1964c,,FREEAGENT,EXECUTED,7,0,DROP,16813.0,Logan Thomas,7.0,0.0,2023-12-07
2023,14,3a94da49-e2e9-48f4-ac02-71f07a8d3d00,,FREEAGENT,EXECUTED,4,0,ADD,2980453.0,Jamaal Williams,0.0,4.0,2023-12-10
2023,14,3a94da49-e2e9-48f4-ac02-71f07a8d3d00,,FREEAGENT,EXECUTED,4,0,DROP,4241401.0,Trey Sermon,4.0,0.0,2023-12-10
2023,14,52c31291-bbb7-44f8-9ece-aeb28ec57b81,,FREEAGENT,EXECUTED,1,0,ADD,3918639.0,Gerald Everett,0.0,1.0,2023-12-06
2023,14,6a596339-a00a-484d-aca1-87b8f32a703a,23f3458a-3f55-4b1c-a27f-ab9468e85642,WAIVER,CANCELED,14,0,ADD,3930086.0,Dawson Knox,0.0,14.0,2023-12-06
2023,14,6a596339-a00a-484d-aca1-87b8f32a703a,23f3458a-3f55-4b1c-a27f-ab9468e85642,WAIVER,CANCELED,14,0,DROP,4243331.0,Cade Otton,14.0,0.0,2023-12-06
2023,14,6a596339-a00a-484d-aca1-87b8f32a703a,23f3458a-3f55-4b1c-a27f-ab9468e85642,WAIVER,CANCELED,14,0,DROP,-16001.0,Falcons D/ST,14.0,0.0,2023-12-06
2023,14,aa0c18c9-4d27-4c36-b085-808f76d333a0,d16a1ee7-512e-47f8-a06c-96478d519016,WAIVER,EXECUTED,2,5,ADD,3886812.0,Jake Browning,0.0,2.0,2023-12-06
2023,14,aa0c18c9-4d27-4c36-b085-808f76d333a0,d16a1ee7-512e-47f8-a06c-96478d519016,WAIVER,EXECUTED,2,5,DROP,16757.0,Derek Carr,2.0,0.0,2023-12-06
2023,14,7ba3156a-fde4-45e3-abc3-7bf0456ffa25,,FREEAGENT,EXECUTED,10,0,ADD,16782.0,Jerick McKinnon,0.0,10.0,2023-12-07
2023,14,7ba3156a-fde4-45e3-abc3-7bf0456ffa25,,FREEAGENT,EXECUTED,10,0,DROP,-16025.0,49ers D/ST,10.0,0.0,2023-12-07
2023,14,41ef1930-a5cd-494c-9a1e-729bb858d183,a6850591-6d1f-482b-a3f2-616c490bfdf2,WAIVER,FAILED_INVALIDPLAYERSOURCE,12,1,ADD,2576925.0,Darren Waller,0.0,12.0,2023-12-06
2023,14,41ef1930-a5cd-494c-9a1e-729bb858d183,a6850591-6d1f-482b-a3f2-616c490bfdf2,WAIVER,FAILED_INVALIDPLAYERSOURCE,12,1,DROP,3929645.0,Juwan Johnson,12.0,0.0,2023-12-06
2023,14,6b13e9f7-0de4-4593-85d6-5306569294fb,5ddb87dd-6c1c-4911-9dc7-ae9e010d3ace,WAIVER,FAILED_INVALIDPLAYERSOURCE,1,1,ADD,-16033.0,Ravens D/ST,0.0,1.0,2023-12-07
2023,14,6b13e9f7-0de4-4593-85d6-5306569294fb,5ddb87dd-6c1c-4911-9dc7-ae9e010d3ace,WAIVER,FAILED_INVALIDPLAYERSOURCE,1,1,DROP,3122672.0,Royce Freeman,1.0,0.0,2023-12-07
2023,14,c43cd603-2957-457f-923a-4f882d1f546d,fea090b4-a5a3-4846-8667-ee5bf5b7bb42,WAIVER,EXECUTED,7,6,ADD,2576925.0,Darren Waller,0.0,7.0,2023-12-06
2023,14,c43cd603-2957-457f-923a-4f882d1f546d,fea090b4-a5a3-4846-8667-ee5bf5b7bb42,WAIVER,EXECUTED,7,6,DROP,-16027.0,Buccaneers D/ST,7.0,0.0,2023-12-06
2023,14,10b4a4a2-17ed-4f16-84ce-b1ee3804df86,,FREEAGENT,EXECUTED,4,0,ADD,4428850.0,Dontayvion Wicks,0.0,4.0,2023-12-08
2023,14,62ec9bd6-7f5b-4f3d-b1da-33f79f95ca54,dabbcfa5-eea4-41ed-8e90-9be1d08553b3,WAIVER,EXECUTED,3,6,ADD,15920.0,Latavius Murray,0.0,3.0,2023-12-06
2023,14,62ec9bd6-7f5b-4f3d-b1da-33f79f95ca54,dabbcfa5-eea4-41ed-8e90-9be1d08553b3,WAIVER,EXECUTED,3,6,DROP,-16002.0,Bills D/ST,3.0,0.0,2023-12-06
2023,14,deec3f18-766c-4acd-97af-d65c0aee2698,e75c3416-93d9-45bf-b170-674644c77169,WAIVER,CANCELED,14,0,ADD,-16033.0,Ravens D/ST,0.0,14.0,2023-12-06
2023,14,deec3f18-766c-4acd-97af-d65c0aee2698,e75c3416-93d9-45bf-b170-674644c77169,WAIVER,CANCELED,14,0,DROP,3059915.0,Kareem Hunt,14.0,0.0,2023-12-06
2023,14,07f6bac0-801c-4897-b55e-99865a404be9,62cfb4c8-20ce-42b1-b82f-22be16c7e72e,WAIVER,FAILED_INVALIDPLAYERSOURCE,12,1,ADD,-16018.0,Saints D/ST,0.0,12.0,2023-12-06
2023,14,07f6bac0-801c-4897-b55e-99865a404be9,62cfb4c8-20ce-42b1-b82f-22be16c7e72e,WAIVER,FAILED_INVALIDPLAYERSOURCE,12,1,DROP,-16024.0,Chargers D/ST,12.0,0.0,2023-12-06
2023,14,247b4bc2-8d04-49a1-9121-06fd6e4a3ec7,,FREEAGENT,EXECUTED,12,0,ADD,3059722.0,Zay Jones,0.0,12.0,2023-12-06
2023,14,247b4bc2-8d04-49a1-9121-06fd6e4a3ec7,,FREEAGENT,EXECUTED,12,0,DROP,4371733.0,Kenneth Gainwell,12.0,0.0,2023-12-06
2023,14,9e8c3e36-1a90-428b-b288-346cf6d37093,,FREEAGENT,EXECUTED,12,0,ADD,4371733.0,Kenneth Gainwell,0.0,12.0,2023-12-06
2023,14,272cb55c-4f42-4650-a57c-0192c34e1d26,6135a8ed-308b-413a-aae2-86b1007fa9b2,WAIVER,FAILED_AUCTIONBUDGETEXCEEDED,3,5,ADD,3059722.0,Zay Jones,0.0,3.0,2023-12-06
2023,14,272cb55c-4f42-4650-a57c-0192c34e1d26,6135a8ed-308b-413a-aae2-86b1007fa9b2,WAIVER,FAILED_AUCTIONBUDGETEXCEEDED,3,5,DROP,4426875.0,Sam Howell,3.0,0.0,2023-12-06
2023,14,ff364b47-29ac-4fee-b5a2-bbbb43198b4f,c3dc9d9e-b206-48b8-8f0f-af374ccfe0cd,WAIVER,EXECUTED,5,11,ADD,-16033.0,Ravens D/ST,0.0,5.0,2023-12-07
2023,14,ff364b47-29ac-4fee-b5a2-bbbb43198b4f,c3dc9d9e-b206-48b8-8f0f-af374ccfe0cd,WAIVER,EXECUTED,5,11,DROP,-16014.0,Rams D/ST,5.0,0.0,2023-12-07
2023,14,52ed4572-d9c4-4f3b-bf64-37199e59e2aa,,ROSTER,EXECUTED,14,0,DROP,-16001.0,Falcons D/ST,14.0,0.0,2023-12-06
2023,14,c1309a4b-88d5-4255-85aa-f6c697fcdd8b,aa913a9f-8550-4a2d-8f3c-4a1bfa9777ba,WAIVER,EXECUTED,10,15,ADD,-16011.0,Colts D/ST,0.0,10.0,2023-12-06
2023,14,c1309a4b-88d5-4255-85aa-f6c697fcdd8b,aa913a9f-8550-4a2d-8f3c-4a1bfa9777ba,WAIVER,EXECUTED,10,15,DROP,-16033.0,Ravens D/ST,10.0,0.0,2023-12-06
2023,14,a642fe66-9f62-4526-8221-984c157f6381,f6130712-f903-4ef7-8228-585c89cf9244,WAIVER,FAILED_INVALIDPLAYERSOURCE,5,10,ADD,-16011.0,Colts D/ST,0.0,5.0,2023-12-06
2023,14,a642fe66-9f62-4526-8221-984c157f6381,f6130712-f903-4ef7-8228-585c89cf9244,WAIVER,FAILED_INVALIDPLAYERSOURCE,5,10,DROP,-16014.0,Rams D/ST,5.0,0.0,2023-12-06
2023,14,85503295-ae00-4ff1-9f02-3d9144683c3a,,FREEAGENT,EXECUTED,7,0,ADD,-16007.0,Broncos D/ST,0.0,7.0,2023-12-06
2023,15,53eb0c64-ef44-481e-85b3-9f8c78801111,,FREEAGENT,EXECUTED,8,0,ADD,3052587.0,Baker Mayfield,0.0,8.0,2023-12-13
2023,15,53eb0c64-ef44-481e-85b3-9f8c78801111,,FREEAGENT,EXECUTED,8,0,DROP,4360635.0,Chigoziem Okonkwo,8.0,0.0,2023-12-13
2023,15,daecd8c6-45cd-4877-ad0d-e8f11e0c32cb,,ROSTER,EXECUTED,7,0,DROP,4242214.0,Clyde Edwards-Helaire,7.0,0.0,2023-12-13
2023,15,f34ff498-2346-4af9-b2c9-f2e839b156d7,0061d19c-10a8-435a-a699-35cd4bb0ea8f,WAIVER,FAILED_INVALIDPLAYERSOURCE,14,5,ADD,-16015.0,Dolphins D/ST,0.0,14.0,2023-12-14
2023,15,d5f15b4f-ac80-4f56-a255-be3d004481b4,,FREEAGENT,EXECUTED,7,0,ADD,4361777.0,Zamir White,0.0,7.0,2023-12-14
2023,15,d5f15b4f-ac80-4f56-a255-be3d004481b4,,FREEAGENT,EXECUTED,7,0,DROP,-16009.0,Packers D/ST,7.0,0.0,2023-12-14
2023,15,ae67c7cc-16d5-4d77-93d6-ed8771609cf2,,FREEAGENT,EXECUTED,7,0,ADD,3125116.0,D'Onta Foreman,0.0,7.0,2023-12-13
2023,15,ae67c7cc-16d5-4d77-93d6-ed8771609cf2,,FREEAGENT,EXECUTED,7,0,DROP,3116593.0,Dalvin Cook,7.0,0.0,2023-12-13
2023,15,9ed44daa-d47a-49c5-b2bc-d910ff290682,006f2882-6fe8-4cb0-8c2e-0f7d469ac884,WAIVER,EXECUTED,4,3,ADD,12483.0,Matthew Stafford,0.0,4.0,2023-12-13
2023,15,9ed44daa-d47a-49c5-b2bc-d910ff290682,006f2882-6fe8-4cb0-8c2e-0f7d469ac884,WAIVER,EXECUTED,4,3,DROP,3118892.0,Justin Watson,4.0,0.0,2023-12-13
2023,15,198e4892-f619-4d49-a01b-25bc04bc8802,1ca5aded-0285-4ee5-acc5-4588f281414f,WAIVER,EXECUTED,4,3,ADD,4032473.0,Rashid Shaheed,0.0,4.0,2023-12-13
2023,15,198e4892-f619-4d49-a01b-25bc04bc8802,1ca5aded-0285-4ee5-acc5-4588f281414f,WAIVER,EXECUTED,4,3,DROP,4360939.0,Rashod Bateman,4.0,0.0,2023-12-13
2023,15,253088b9-7ee0-4761-8947-84f2e630b25d,,FREEAGENT,EXECUTED,7,0,ADD,-16025.0,49ers D/ST,0.0,7.0,2023-12-13
2023,15,34ad8629-ebd5-48ea-9da7-d941f9474c5c,,ROSTER,EXECUTED,10,0,DROP,-16015.0,Dolphins D/ST,10.0,0.0,2023-12-13
2023,15,75fe4e01-c2eb-4d0b-a429-056c9e08afa2,,ROSTER,EXECUTED,14,0,DROP,-16016.0,Vikings D/ST,14.0,0.0,2023-12-12
2023,15,a5564b88-7577-4ce6-abe7-9828f3129509,1c705023-b3c7-4e6b-8e92-d11745d68767,WAIVER,EXECUTED,4,1,ADD,4426875.0,Sam Howell,0.0,4.0,2023-12-13
2023,15,a5564b88-7577-4ce6-abe7-9828f3129509,1c705023-b3c7-4e6b-8e92-d11745d68767,WAIVER,EXECUTED,4,1,DROP,2980453.0,Jamaal Williams,4.0,0.0,2023-12-13
2023,15,5ade7473-e0af-4f8e-9186-a490499b82ae,5a29abf5-7f9d-4229-832e-959f141c582b,WAIVER,EXECUTED,14,3,ADD,3930086.0,Dawson Knox,0.0,14.0,2023-12-13
2023,15,41a75d9d-de48-46fe-b07f-48d9446c552e,,FREEAGENT,EXECUTED,8,0,ADD,4242214.0,Clyde Edwards-Helaire,0.0,8.0,2023-12-16
2023,15,41a75d9d-de48-46fe-b07f-48d9446c552e,,FREEAGENT,EXECUTED,8,0,DROP,4038815.0,Rico Dowdle,8.0,0.0,2023-12-16
2023,15,89eb9612-3f7c-49c2-a82a-9e05d77dd353,,FREEAGENT,EXECUTED,14,0,ADD,-16014.0,Rams D/ST,0.0,14.0,2023-12-14
2023,15,cd538a96-cd9f-425d-91fb-ab90b3c9f04b,a671b235-92bb-4567-8e02-46e54d89f7a7,WAIVER,EXECUTED,4,25,ADD,-16015.0,Dolphins D/ST,0.0,4.0,2023-12-14
2023,15,cd538a96-cd9f-425d-91fb-ab90b3c9f04b,a671b235-92bb-4567-8e02-46e54d89f7a7,WAIVER,EXECUTED,4,25,DROP,-16034.0,Texans D/ST,4.0,0.0,2023-12-14
2023,16,902242f2-cff2-4b64-ad96-2f16db7c61c6,5e60df4e-90b0-43ef-897c-89b0e3795c96,WAIVER,EXECUTED,4,5,ADD,3045144.0,Tyler Boyd,0.0,4.0,2023-12-20
2023,16,902242f2-cff2-4b64-ad96-2f16db7c61c6,5e60df4e-90b0-43ef-897c-89b0e3795c96,WAIVER,EXECUTED,4,5,DROP,4426875.0,Sam Howell,4.0,0.0,2023-12-20
2023,16,fa01300e-8906-4d8d-b4e9-cbe2d949aa6f,4502c8d9-9e16-424d-ab0b-23f93f082e96,WAIVER,EXECUTED,4,5,ADD,-16002.0,Bills D/ST,0.0,4.0,2023-12-20
2023,16,fa01300e-8906-4d8d-b4e9-cbe2d949aa6f,4502c8d9-9e16-424d-ab0b-23f93f082e96,WAIVER,EXECUTED,4,5,DROP,-16015.0,Dolphins D/ST,4.0,0.0,2023-12-20
2023,16,1b7ddec0-09c7-4ca5-bdfb-4bb9b2aaa131,6fa01d8d-0939-47cb-be27-aad912ab0a14,WAIVER,FAILED_INVALIDPLAYERSOURCE,7,1,ADD,-16002.0,Bills D/ST,0.0,7.0,2023-12-20
2023,16,1b7ddec0-09c7-4ca5-bdfb-4bb9b2aaa131,6fa01d8d-0939-47cb-be27-aad912ab0a14,WAIVER,FAILED_INVALIDPLAYERSOURCE,7,1,DROP,-16025.0,49ers D/ST,7.0,0.0,2023-12-20
2023,16,79901322-e13b-4142-b1d1-dcb36cf66443,,FREEAGENT,EXECUTED,14,0,ADD,-16021.0,Eagles D/ST,0.0,14.0,2023-12-20
2023,16,79901322-e13b-4142-b1d1-dcb36cf66443,,FREEAGENT,EXECUTED,14,0,DROP,-16014.0,Rams D/ST,14.0,0.0,2023-12-20
2023,16,6ca7d222-0ef5-4db8-92d2-9b4c56a8035a,,FREEAGENT,EXECUTED,14,0,ADD,4360761.0,Michael Wilson,0.0,14.0,2023-12-22
2023,16,6ca7d222-0ef5-4db8-92d2-9b4c56a8035a,,FREEAGENT,EXECUTED,14,0,DROP,4369863.0,Cedric Tillman,14.0,0.0,2023-12-22
2023,16,588d63b8-9fb8-40fa-ad58-9f9bdeb5408a,,FREEAGENT,EXECUTED,7,0,ADD,4242433.0,Joshua Palmer,0.0,7.0,2023-12-20
2023,16,588d63b8-9fb8-40fa-ad58-9f9bdeb5408a,,FREEAGENT,EXECUTED,7,0,DROP,-16025.0,49ers D/ST,7.0,0.0,2023-12-20
2023,16,326785ed-1722-495c-888b-e6d61604f984,,FREEAGENT,EXECUTED,7,0,ADD,-16025.0,49ers D/ST,0.0,7.0,2023-12-24
2023,16,326785ed-1722-495c-888b-e6d61604f984,,FREEAGENT,EXECUTED,7,0,DROP,4048244.0,Alexander Mattison,7.0,0.0,2023-12-24
2023,16,b743c1ca-c121-4135-b18b-a6fe39379890,,ROSTER,EXECUTED,7,1,DROP,4035886.0,Khalil Herbert,7.0,0.0,2023-12-20
2023,16,c3b6f180-d390-4c0f-9109-35b5e0f3f20b,f84d2463-a405-4a71-86ff-8808431e3dcf,WAIVER,EXECUTED,7,1,ADD,4038441.0,Justice Hill,0.0,7.0,2023-12-20
2023,16,c3b6f180-d390-4c0f-9109-35b5e0f3f20b,f84d2463-a405-4a71-86ff-8808431e3dcf,WAIVER,EXECUTED,7,1,DROP,4426385.0,Zach Charbonnet,7.0,0.0,2023-12-20
2023,16,357c0873-04e9-4cce-8c11-18529ac7bcec,,FREEAGENT,EXECUTED,14,0,ADD,4369863.0,Cedric Tillman,0.0,14.0,2023-12-22
2023,16,6d410ccf-eb29-447b-b2a3-b54c5fc1f9da,76ba7704-38f4-4be9-87c8-3318208d3029,WAIVER,FAILED_INVALIDPLAYERSOURCE,14,2,ADD,-16002.0,Bills D/ST,0.0,14.0,2023-12-20
2023,16,6d410ccf-eb29-447b-b2a3-b54c5fc1f9da,76ba7704-38f4-4be9-87c8-3318208d3029,WAIVER,FAILED_INVALIDPLAYERSOURCE,14,2,DROP,-16014.0,Rams D/ST,14.0,0.0,2023-12-20
2023,16,9658b930-7f7c-4558-b53e-544940ec7657,,ROSTER,EXECUTED,14,0,LINEUP,3042519.0,Aaron Jones,0.0,0.0,2023-12-19
2023,16,9658b930-7f7c-4558-b53e-544940ec7657,,ROSTER,EXECUTED,14,0,LINEUP,15818.0,Keenan Allen,0.0,0.0,2023-12-19
2023,16,9658b930-7f7c-4558-b53e-544940ec7657,,ROSTER,EXECUTED,14,0,DROP,3930086.0,Dawson Knox,14.0,0.0,2023-12-19
2023,17,b137437f-ad3f-4c1c-ae5e-129e42a9d3bf,,FREEAGENT,EXECUTED,10,0,ADD,-16034.0,Texans D/ST,0.0,10.0,2023-12-28
2023,17,b137437f-ad3f-4c1c-ae5e-129e42a9d3bf,,FREEAGENT,EXECUTED,10,0,DROP,-16011.0,Colts D/ST,10.0,0.0,2023-12-28
2023,17,00bc988a-6b1d-490f-86f3-6922e4fe062a,,FREEAGENT,EXECUTED,10,0,ADD,-16007.0,Broncos D/ST,0.0,10.0,2023-12-31
2023,17,00bc988a-6b1d-490f-86f3-6922e4fe062a,,FREEAGENT,EXECUTED,10,0,DROP,-16034.0,Texans D/ST,10.0,0.0,2023-12-31
2023,17,120c8582-5da8-4a86-9cf0-8729fdd5f6b1,,FREEAGENT,EXECUTED,7,0,ADD,3929645.0,Juwan Johnson,0.0,7.0,2023-12-30
2023,17,120c8582-5da8-4a86-9cf0-8729fdd5f6b1,,FREEAGENT,EXECUTED,7,0,DROP,4242433.0,Joshua Palmer,7.0,0.0,2023-12-30
2023,17,57833818-86b6-4754-908d-b131f35e40fc,9a884af0-d7a9-4bfd-9101-7bbbacdda24c,WAIVER,CANCELED,10,0,ADD,3929645.0,Juwan Johnson,0.0,10.0,2023-12-27
2023,17,57833818-86b6-4754-908d-b131f35e40fc,9a884af0-d7a9-4bfd-9101-7bbbacdda24c,WAIVER,CANCELED,10,0,DROP,3917315.0,Kyler Murray,10.0,0.0,2023-12-27
2023,17,9a884af0-d7a9-4bfd-9101-7bbbacdda24c,,WAIVER,PENDING,10,1,ADD,3929645.0,Juwan Johnson,0.0,10.0,2023-12-26
2023,17,9a884af0-d7a9-4bfd-9101-7bbbacdda24c,,WAIVER,PENDING,10,1,DROP,3917315.0,Kyler Murray,10.0,0.0,2023-12-26
2023,17,a0195a77-ac4b-4e65-bdd3-0823fb782887,,WAIVER,PENDING,10,1,ADD,4035886.0,Khalil Herbert,0.0,10.0,2023-12-27
2023,17,a0195a77-ac4b-4e65-bdd3-0823fb782887,,WAIVER,PENDING,10,1,DROP,3917315.0,Kyler Murray,10.0,0.0,2023-12-27
2023,17,eb937e11-3104-42d9-9331-f9ba91021a29,,FREEAGENT,EXECUTED,10,0,ADD,-16003.0,Bears D/ST,0.0,10.0,2023-12-31
2023,17,eb937e11-3104-42d9-9331-f9ba91021a29,,FREEAGENT,EXECUTED,10,0,DROP,4035676.0,Zack Moss,10.0,0.0,2023-12-31
2023,17,2fbce975-7f35-444e-9656-d4a282ae54ea,,FREEAGENT,EXECUTED,7,0,ADD,2330.0,Tom Brady,0.0,7.0,2023-12-27
2023,17,2fbce975-7f35-444e-9656-d4a282ae54ea,,FREEAGENT,EXECUTED,7,0,DROP,-16007.0,Broncos D/ST,7.0,0.0,2023-12-27
2023,17,3dcdd5b9-b806-4320-8dbc-1022668df88a,,WAIVER,PENDING,10,1,ADD,3043116.0,Demarcus Robinson,0.0,10.0,2023-12-26
2023,17,b4139274-b68b-4373-987d-97c50ce56c05,3dcdd5b9-b806-4320-8dbc-1022668df88a,WAIVER,EXECUTED,10,1,ADD,3043116.0,Demarcus Robinson,0.0,10.0,2023-12-27
2023,17,b93fb0d3-4ae7-4154-9f5b-27aa14b30a35,,ROSTER,EXECUTED,10,0,DROP,16782.0,Jerick McKinnon,10.0,0.0,2023-12-26
2023,17,84509fe7-3b27-4c0d-a103-80b59d780b81,a0195a77-ac4b-4e65-bdd3-0823fb782887,WAIVER,EXECUTED,10,1,ADD,4035886.0,Khalil Herbert,0.0,10.0,2023-12-27
2023,17,84509fe7-3b27-4c0d-a103-80b59d780b81,a0195a77-ac4b-4e65-bdd3-0823fb782887,WAIVER,EXECUTED,10,1,DROP,3917315.0,Kyler Murray,10.0,0.0,2023-12-27
2023,18,f714a7c6-b162-48ef-9377-941fdad6dc89,,ROSTER,EXECUTED,14,0,LINEUP,15818.0,Keenan Allen,0.0,0.0,2024-01-02
2023,18,f714a7c6-b162-48ef-9377-941fdad6dc89,,ROSTER,EXECUTED,14,0,DROP,-16018.0,Saints D/ST,14.0,0.0,2024-01-02
